interview__key,r_buyers__id,sl_amt
"15-76-60-42","Direct buyers /open-air market","21-40%"
"15-76-60-42","Brokers/ middleman","61-80%"
"31-41-38-46","Direct buyers /open-air market","61-80%"
"01-03-25-84","Direct buyers /open-air market","61-80%"
"49-33-75-72","Direct buyers /open-air market","More than 80%"
"86-17-23-69","Direct buyers /open-air market","less than 20%"
"35-55-11-33","Direct buyers /open-air market","less than 20%"
"74-41-75-97","Direct buyers /open-air market","less than 20%"
"29-06-99-56","Brokers/ middleman","More than 80%"
"86-92-94-72","Direct buyers /open-air market","21-40%"
"95-96-07-01","Direct buyers /open-air market","More than 80%"
"56-10-42-62","Brokers/ middleman","21-40%"
"39-85-42-75","Others ➡️ Specify","less than 20%"
"51-15-10-63","Direct buyers /open-air market","less than 20%"
"51-15-10-63","Brokers/ middleman","61-80%"
"81-75-45-31","Direct buyers /open-air market","More than 80%"
"57-29-61-37","Direct buyers /open-air market","61-80%"
"92-19-38-79","Brokers/ middleman","More than 80%"
"51-61-36-83","Brokers/ middleman","More than 80%"
"26-90-05-49","Brokers/ middleman","More than 80%"
"66-97-67-27","Brokers/ middleman","More than 80%"
"98-05-66-83","Brokers/ middleman","61-80%"
"78-17-71-31","Direct buyers /open-air market","41-60%"
"35-97-55-04","Brokers/ middleman","More than 80%"
"01-00-08-00","Direct buyers /open-air market","61-80%"
"01-00-08-00","Brokers/ middleman","More than 80%"
"23-16-40-98","Direct buyers /open-air market","More than 80%"
"23-16-40-98","Brokers/ middleman","21-40%"
"83-29-00-04","Brokers/ middleman","More than 80%"
"83-88-85-49","Brokers/ middleman","less than 20%"
"86-33-34-77","Direct buyers /open-air market","41-60%"
"85-40-54-06","Direct buyers /open-air market","41-60%"
"84-47-44-08","Brokers/ middleman","More than 80%"
"95-71-45-18","Direct buyers /open-air market","61-80%"
"95-71-45-18","Brokers/ middleman","21-40%"
"43-23-29-59","Direct buyers /open-air market","61-80%"
"43-23-29-59","Brokers/ middleman","21-40%"
"65-07-52-31","Direct buyers /open-air market","61-80%"
"65-07-52-31","Brokers/ middleman","21-40%"
"27-52-71-52","Brokers/ middleman","More than 80%"
"21-67-72-81","Direct buyers /open-air market","21-40%"
"21-67-72-81","Brokers/ middleman","61-80%"
"40-09-03-46","Direct buyers /open-air market","less than 20%"
"40-09-03-46","Brokers/ middleman","21-40%"
"07-13-49-69","Direct buyers /open-air market","61-80%"
"07-13-49-69","Brokers/ middleman","More than 80%"
"02-58-47-09","Brokers/ middleman","More than 80%"
"22-68-37-41","Direct buyers /open-air market","less than 20%"
"04-02-68-66","Brokers/ middleman","More than 80%"
"02-25-96-16","Brokers/ middleman","21-40%"
"48-71-75-24","Direct buyers /open-air market","More than 80%"
"81-80-02-23","Direct buyers /open-air market","More than 80%"
"42-14-73-23","Brokers/ middleman","More than 80%"
"95-12-78-81","Direct buyers /open-air market","More than 80%"
"20-49-21-26","Direct buyers /open-air market","21-40%"
"93-19-03-86","Direct buyers /open-air market","61-80%"
"93-19-03-86","Brokers/ middleman","61-80%"
"96-79-62-23","Brokers/ middleman","More than 80%"
"64-36-21-26","Brokers/ middleman","More than 80%"
"78-84-99-05","Direct buyers /open-air market","less than 20%"
"78-84-99-05","Brokers/ middleman","41-60%"
"52-54-55-08","Direct buyers /open-air market","61-80%"
"32-13-89-08","Brokers/ middleman","less than 20%"
"85-25-22-09","Direct buyers /open-air market","21-40%"
"36-18-65-12","Brokers/ middleman","41-60%"
"42-45-66-86","Brokers/ middleman","less than 20%"
"44-14-86-31","Direct buyers /open-air market","less than 20%"
"84-19-29-35","Brokers/ middleman","41-60%"
"39-19-67-67","Brokers/ middleman","More than 80%"
"43-82-97-85","Brokers/ middleman","More than 80%"
"91-14-48-53","Brokers/ middleman","More than 80%"
"23-89-23-81","Brokers/ middleman","More than 80%"
"52-40-25-11","Brokers/ middleman","61-80%"
"58-44-00-29","Direct buyers /open-air market","41-60%"
"58-44-00-29","Brokers/ middleman","21-40%"
"94-81-60-01","Brokers/ middleman","More than 80%"
"00-76-76-29","Direct buyers /open-air market","More than 80%"
"62-55-13-64","Brokers/ middleman","More than 80%"
"42-85-64-91","Brokers/ middleman","More than 80%"
"90-50-65-07","Direct buyers /open-air market","61-80%"
"90-50-65-07","Brokers/ middleman","less than 20%"
"54-70-24-21","Brokers/ middleman","More than 80%"
"38-66-21-90","Brokers/ middleman","More than 80%"
"32-53-90-85","Direct buyers /open-air market","less than 20%"
"67-43-43-96","Brokers/ middleman","More than 80%"
"30-12-86-30","Brokers/ middleman","less than 20%"
"18-64-04-51","Brokers/ middleman","More than 80%"
"49-30-59-44","Brokers/ middleman","21-40%"
"03-68-26-31","Brokers/ middleman","More than 80%"
"76-88-86-20","Direct buyers /open-air market","61-80%"
"76-88-86-20","Brokers/ middleman","less than 20%"
"41-48-09-97","Brokers/ middleman","41-60%"
"21-76-07-53","Brokers/ middleman","More than 80%"
"01-41-01-54","Brokers/ middleman","More than 80%"
"13-11-49-85","Brokers/ middleman","More than 80%"
"92-03-64-77","Direct buyers /open-air market","More than 80%"
"33-40-16-02","Brokers/ middleman","61-80%"
"55-06-75-57","Direct buyers /open-air market","61-80%"
"55-06-75-57","Brokers/ middleman","less than 20%"
"01-05-06-43","Direct buyers /open-air market","21-40%"
"01-05-06-43","Brokers/ middleman","less than 20%"
"12-46-80-99","Brokers/ middleman","More than 80%"
"34-76-42-19","Brokers/ middleman","More than 80%"
"62-44-56-00","Direct buyers /open-air market","More than 80%"
"35-05-05-79","Direct buyers /open-air market","21-40%"
"65-77-01-81","Brokers/ middleman","More than 80%"
"68-46-66-56","Brokers/ middleman","21-40%"
"30-46-23-21","Brokers/ middleman","less than 20%"
"13-17-41-36","Direct buyers /open-air market","More than 80%"
"49-18-02-61","Direct buyers /open-air market","More than 80%"
"58-97-08-64","Brokers/ middleman","More than 80%"
"61-93-54-26","Brokers/ middleman","More than 80%"
"51-95-58-91","Direct buyers /open-air market","less than 20%"
"32-49-75-13","Brokers/ middleman","More than 80%"
"71-91-68-16","Direct buyers /open-air market","21-40%"
"46-13-75-58","Direct buyers /open-air market","41-60%"
"40-78-00-02","Brokers/ middleman","less than 20%"
"20-96-52-92","Direct buyers /open-air market","More than 80%"
"37-33-23-29","Brokers/ middleman","21-40%"
"55-09-60-79","Brokers/ middleman","More than 80%"
"13-88-02-80","Direct buyers /open-air market","less than 20%"
"85-93-95-50","Direct buyers /open-air market","less than 20%"
"85-93-95-50","Brokers/ middleman","More than 80%"
"97-19-27-00","Direct buyers /open-air market","61-80%"
"29-52-09-79","Brokers/ middleman","less than 20%"
"07-76-06-35","Brokers/ middleman","41-60%"
"99-26-76-45","Brokers/ middleman","More than 80%"
"91-46-41-86","Direct buyers /open-air market","21-40%"
"98-64-51-77","Brokers/ middleman","More than 80%"
"47-32-93-31","Direct buyers /open-air market","61-80%"
"45-06-90-36","Brokers/ middleman","less than 20%"
"22-27-70-86","Direct buyers /open-air market","less than 20%"
"04-24-78-04","Direct buyers /open-air market","less than 20%"
"83-44-01-42","Brokers/ middleman","21-40%"
"55-32-62-10","Brokers/ middleman","61-80%"
"16-97-28-87","Direct buyers /open-air market","less than 20%"
"79-79-53-26","Brokers/ middleman","less than 20%"
"86-05-40-89","Direct buyers /open-air market","less than 20%"
"06-02-25-50","Direct buyers /open-air market","More than 80%"
"07-64-12-97","Direct buyers /open-air market","21-40%"
"67-73-53-75","Brokers/ middleman","less than 20%"
"96-07-74-28","Brokers/ middleman","More than 80%"
"13-42-68-56","Direct buyers /open-air market","less than 20%"
"13-42-68-56","Brokers/ middleman","More than 80%"
"78-89-03-74","Brokers/ middleman","less than 20%"
"29-15-86-87","Direct buyers /open-air market","41-60%"
"65-84-91-55","Brokers/ middleman","less than 20%"
"79-25-63-35","Brokers/ middleman","41-60%"
"80-29-04-22","Direct buyers /open-air market","less than 20%"
"28-29-76-59","Brokers/ middleman","41-60%"
"81-06-47-80","Direct buyers /open-air market","More than 80%"
"65-79-07-96","Direct buyers /open-air market","More than 80%"
"10-31-70-66","Brokers/ middleman","More than 80%"
"13-98-20-22","Brokers/ middleman","More than 80%"
"04-80-94-39","Direct buyers /open-air market","More than 80%"
"30-19-51-31","Brokers/ middleman","21-40%"
"26-43-59-91","Direct buyers /open-air market","41-60%"
"97-96-91-38","Direct buyers /open-air market","less than 20%"
"97-96-91-38","Brokers/ middleman","less than 20%"
"23-72-17-40","Direct buyers /open-air market","More than 80%"
"23-72-17-40","Brokers/ middleman","41-60%"
"97-79-33-71","Direct buyers /open-air market","less than 20%"
"89-99-48-67","Brokers/ middleman","More than 80%"
"70-19-76-68","Direct buyers /open-air market","More than 80%"
"46-78-87-50","Brokers/ middleman","More than 80%"
"18-43-40-98","Direct buyers /open-air market","61-80%"
"50-39-55-52","Brokers/ middleman","More than 80%"
"82-64-50-66","Direct buyers /open-air market","61-80%"
"46-02-32-25","Brokers/ middleman","less than 20%"
"33-22-63-71","Direct buyers /open-air market","41-60%"
"95-96-92-75","Brokers/ middleman","less than 20%"
"03-43-60-42","Direct buyers /open-air market","less than 20%"
"58-75-54-61","Direct buyers /open-air market","61-80%"
"76-49-10-53","Direct buyers /open-air market","More than 80%"
"83-91-87-26","Brokers/ middleman","61-80%"
"51-80-93-49","Direct buyers /open-air market","less than 20%"
"51-60-71-39","Brokers/ middleman","41-60%"
"36-41-17-07","Brokers/ middleman","More than 80%"
"32-96-32-91","Brokers/ middleman","61-80%"
"29-70-97-81","Brokers/ middleman","41-60%"
"16-38-85-69","Brokers/ middleman","41-60%"
"87-75-27-62","Direct buyers /open-air market","More than 80%"
"03-56-68-20","Direct buyers /open-air market","More than 80%"
"03-56-68-20","Brokers/ middleman","less than 20%"
"96-99-31-77","Brokers/ middleman","21-40%"
"47-55-12-39","Brokers/ middleman","41-60%"
"26-14-45-15","Direct buyers /open-air market","21-40%"
"26-14-45-15","Brokers/ middleman","More than 80%"
"92-21-19-80","Direct buyers /open-air market","21-40%"
"22-09-50-57","Direct buyers /open-air market","61-80%"
"88-99-86-73","Brokers/ middleman","More than 80%"
"71-42-32-14","Direct buyers /open-air market","More than 80%"
"32-10-01-18","Brokers/ middleman","41-60%"
"22-48-15-22","Direct buyers /open-air market","More than 80%"
"06-04-90-02","Direct buyers /open-air market","41-60%"
"89-93-26-33","Brokers/ middleman","61-80%"
"16-51-24-24","Brokers/ middleman","61-80%"
"85-00-63-86","Direct buyers /open-air market","21-40%"
"24-74-06-95","Brokers/ middleman","21-40%"
"76-24-30-21","Direct buyers /open-air market","41-60%"
"56-71-52-33","Direct buyers /open-air market","61-80%"
"98-24-74-63","Brokers/ middleman","61-80%"
"33-63-66-85","Brokers/ middleman","More than 80%"
"98-23-40-44","Brokers/ middleman","21-40%"
"00-67-21-61","Brokers/ middleman","41-60%"
"51-87-88-69","Brokers/ middleman","less than 20%"
"00-01-36-74","Direct buyers /open-air market","less than 20%"
"07-23-47-52","Direct buyers /open-air market","21-40%"
"07-42-94-81","Direct buyers /open-air market","More than 80%"
"23-53-17-58","Brokers/ middleman","More than 80%"
"36-44-48-22","Brokers/ middleman","More than 80%"
"66-23-65-75","Direct buyers /open-air market","41-60%"
"94-52-36-12","Brokers/ middleman","More than 80%"
"94-14-40-52","Brokers/ middleman","21-40%"
"85-43-64-12","Brokers/ middleman","More than 80%"
"95-30-04-02","Brokers/ middleman","21-40%"
"92-70-85-41","Brokers/ middleman","41-60%"
"48-49-97-86","Brokers/ middleman","less than 20%"
"84-79-52-42","Direct buyers /open-air market","21-40%"
"62-50-68-38","Direct buyers /open-air market","41-60%"
"27-08-48-72","Brokers/ middleman","More than 80%"
"77-27-65-41","Brokers/ middleman","More than 80%"
"70-31-22-22","Brokers/ middleman","More than 80%"
"94-42-67-72","Direct buyers /open-air market","More than 80%"
"94-42-67-72","Brokers/ middleman","less than 20%"
"02-54-15-71","Brokers/ middleman","21-40%"
"02-53-80-77","Brokers/ middleman","More than 80%"
"50-80-96-28","Brokers/ middleman","More than 80%"
"11-91-04-75","Brokers/ middleman","41-60%"
"68-47-48-14","Brokers/ middleman","More than 80%"
"64-84-94-47","Direct buyers /open-air market","More than 80%"
"89-64-71-91","Brokers/ middleman","More than 80%"
"32-24-09-18","Brokers/ middleman","21-40%"
"54-13-98-82","Direct buyers /open-air market","More than 80%"
"21-11-21-29","Direct buyers /open-air market","less than 20%"
"81-55-77-74","Brokers/ middleman","21-40%"
"89-73-28-02","Brokers/ middleman","less than 20%"
"60-36-21-40","Direct buyers /open-air market","More than 80%"
"60-36-21-40","Brokers/ middleman","More than 80%"
"80-36-08-51","Brokers/ middleman","61-80%"
"48-58-14-95","Direct buyers /open-air market","21-40%"
"45-96-62-88","Brokers/ middleman","21-40%"
"36-02-91-03","Brokers/ middleman","41-60%"
"29-24-40-33","Brokers/ middleman","61-80%"
"64-42-73-18","Brokers/ middleman","More than 80%"
"56-97-76-00","Direct buyers /open-air market","More than 80%"
"37-93-28-73","Brokers/ middleman","less than 20%"
"51-35-95-32","Brokers/ middleman","More than 80%"
"32-54-58-03","Direct buyers /open-air market","less than 20%"
"45-15-07-99","Brokers/ middleman","61-80%"
"78-92-27-80","Brokers/ middleman","21-40%"
"61-90-23-18","Brokers/ middleman","61-80%"
"36-41-14-75","Brokers/ middleman","21-40%"
"13-30-97-65","Brokers/ middleman","21-40%"
"62-39-49-91","Brokers/ middleman","More than 80%"
"37-93-31-47","Brokers/ middleman","More than 80%"
"41-29-34-43","Brokers/ middleman","More than 80%"
"24-91-36-31","Direct buyers /open-air market","41-60%"
"24-91-36-31","Brokers/ middleman","41-60%"
"85-94-51-81","Brokers/ middleman","41-60%"
"05-53-82-60","Direct buyers /open-air market","21-40%"
"36-62-86-65","Brokers/ middleman","More than 80%"
"64-59-07-31","Direct buyers /open-air market","less than 20%"
"64-59-07-31","Brokers/ middleman","61-80%"
"14-20-80-15","Brokers/ middleman","less than 20%"
"67-64-28-49","Brokers/ middleman","More than 80%"
"75-72-38-92","Direct buyers /open-air market","21-40%"
"37-95-25-26","Brokers/ middleman","More than 80%"
"61-27-42-98","Brokers/ middleman","More than 80%"
"47-23-15-41","Brokers/ middleman","More than 80%"
"68-18-94-35","Brokers/ middleman","41-60%"
"93-76-84-35","Brokers/ middleman","21-40%"
"44-86-19-68","Direct buyers /open-air market","41-60%"
"44-86-19-68","Brokers/ middleman","41-60%"
"18-82-63-90","Brokers/ middleman","61-80%"
"86-57-20-12","Brokers/ middleman","More than 80%"
"38-84-93-57","Brokers/ middleman","61-80%"
"27-07-91-33","Brokers/ middleman","less than 20%"
"78-04-92-62","Brokers/ middleman","More than 80%"
"52-85-47-82","Brokers/ middleman","More than 80%"
"19-35-88-74","Brokers/ middleman","More than 80%"
"75-11-11-88","Brokers/ middleman","More than 80%"
"56-29-47-60","Direct buyers /open-air market","less than 20%"
"56-29-47-60","Brokers/ middleman","More than 80%"
"82-22-01-30","Direct buyers /open-air market","More than 80%"
"15-47-66-05","Brokers/ middleman","21-40%"
"04-89-61-71","Brokers/ middleman","less than 20%"
"58-73-17-40","Brokers/ middleman","less than 20%"
"82-66-58-84","Direct buyers /open-air market","More than 80%"
"40-67-36-34","Brokers/ middleman","More than 80%"
"84-25-35-86","Brokers/ middleman","less than 20%"
"62-42-00-50","Brokers/ middleman","61-80%"
"94-15-10-76","Brokers/ middleman","More than 80%"
"84-84-86-66","Brokers/ middleman","More than 80%"
"53-27-67-24","Brokers/ middleman","More than 80%"
"10-89-66-70","Brokers/ middleman","More than 80%"
"89-15-58-91","Brokers/ middleman","21-40%"
"78-69-73-93","Direct buyers /open-air market","less than 20%"
"60-73-62-17","Brokers/ middleman","61-80%"
"86-17-31-91","Direct buyers /open-air market","21-40%"
"56-10-85-53","Brokers/ middleman","21-40%"
"65-86-13-71","Brokers/ middleman","61-80%"
"72-38-19-68","Direct buyers /open-air market","More than 80%"
"87-95-06-00","Direct buyers /open-air market","61-80%"
"27-03-96-63","Brokers/ middleman","less than 20%"
"43-65-32-18","Brokers/ middleman","less than 20%"
"93-65-33-33","Brokers/ middleman","21-40%"
"52-85-83-28","Brokers/ middleman","41-60%"
"83-02-65-23","Direct buyers /open-air market","61-80%"
"67-06-10-95","Brokers/ middleman","More than 80%"
"96-49-31-22","Brokers/ middleman","21-40%"
"10-07-11-91","Direct buyers /open-air market","More than 80%"
"37-48-11-93","Direct buyers /open-air market","41-60%"
"37-48-11-93","Brokers/ middleman","41-60%"
"67-06-61-48","Brokers/ middleman","41-60%"
"28-16-54-68","Brokers/ middleman","More than 80%"
"94-91-64-84","Brokers/ middleman","61-80%"
"58-84-03-84","Brokers/ middleman","21-40%"
"41-54-65-45","Brokers/ middleman","More than 80%"
"14-43-79-24","Brokers/ middleman","21-40%"
"06-98-04-04","Direct buyers /open-air market","21-40%"
"48-67-43-42","Brokers/ middleman","41-60%"
"97-29-47-65","Brokers/ middleman","41-60%"
"74-85-56-04","Brokers/ middleman","21-40%"
"37-89-69-52","Direct buyers /open-air market","41-60%"
"02-51-86-61","Direct buyers /open-air market","less than 20%"
"49-82-95-52","Direct buyers /open-air market","21-40%"
"30-40-96-29","Direct buyers /open-air market","21-40%"
"57-67-24-08","Direct buyers /open-air market","61-80%"
"51-50-93-36","Brokers/ middleman","21-40%"
"90-76-57-66","Direct buyers /open-air market","21-40%"
"69-63-24-75","Brokers/ middleman","less than 20%"
"98-67-98-63","Brokers/ middleman","21-40%"
"27-72-61-17","Others ➡️ Specify","41-60%"
"37-84-88-65","Brokers/ middleman","21-40%"
"53-19-96-03","Direct buyers /open-air market","More than 80%"
"83-97-00-24","Brokers/ middleman","less than 20%"
"46-19-90-07","Brokers/ middleman","21-40%"
"17-42-40-28","Brokers/ middleman","61-80%"
"45-79-64-22","Brokers/ middleman","21-40%"
"13-96-72-87","Brokers/ middleman","21-40%"
"13-96-72-87","Large-scale commercial farmers","More than 80%"
"35-00-29-50","Direct buyers /open-air market","41-60%"
"62-32-74-83","Brokers/ middleman","More than 80%"
"81-19-19-51","Brokers/ middleman","More than 80%"
"49-37-92-04","Brokers/ middleman","41-60%"
"21-55-58-12","Direct buyers /open-air market","21-40%"
"93-06-19-65","Brokers/ middleman","41-60%"
"11-66-34-17","Direct buyers /open-air market","21-40%"
"56-59-99-19","Direct buyers /open-air market","41-60%"
"10-22-42-13","Brokers/ middleman","More than 80%"
"46-31-75-02","Brokers/ middleman","More than 80%"
"44-58-66-87","Direct buyers /open-air market","21-40%"
"61-83-81-67","Brokers/ middleman","More than 80%"
"05-38-54-18","Brokers/ middleman","More than 80%"
"83-79-00-11","Direct buyers /open-air market","61-80%"
"01-37-46-42","Direct buyers /open-air market","More than 80%"
"91-17-37-47","Direct buyers /open-air market","less than 20%"
"78-30-57-92","Direct buyers /open-air market","41-60%"
"46-37-91-60","Direct buyers /open-air market","More than 80%"
"21-41-06-23","Brokers/ middleman","less than 20%"
"10-25-72-61","Brokers/ middleman","More than 80%"
"40-84-03-01","Brokers/ middleman","More than 80%"
"67-68-95-71","Brokers/ middleman","61-80%"
"40-87-67-76","Brokers/ middleman","More than 80%"
"53-06-55-30","Brokers/ middleman","More than 80%"
"27-68-03-52","Direct buyers /open-air market","41-60%"
"99-42-64-05","Direct buyers /open-air market","41-60%"
"50-99-25-24","Direct buyers /open-air market","More than 80%"
"39-49-23-24","Brokers/ middleman","More than 80%"
"01-07-36-19","Cooperatives / farmer association?","More than 80%"
"18-35-86-78","Brokers/ middleman","More than 80%"
"48-62-04-43","Brokers/ middleman","61-80%"
"23-98-09-79","Brokers/ middleman","More than 80%"
"10-94-03-72","Brokers/ middleman","More than 80%"
"99-02-51-45","Brokers/ middleman","21-40%"
"83-04-04-09","Direct buyers /open-air market","More than 80%"
"07-17-03-20","Brokers/ middleman","61-80%"
"83-78-16-55","Brokers/ middleman","41-60%"
"19-38-64-11","Brokers/ middleman","61-80%"
"16-36-46-03","Direct buyers /open-air market","More than 80%"
"29-33-47-98","Brokers/ middleman","less than 20%"
"53-26-25-13","Brokers/ middleman","41-60%"
"10-79-21-80","Direct buyers /open-air market","21-40%"
"42-55-71-95","Brokers/ middleman","More than 80%"
"71-15-20-71","Brokers/ middleman","61-80%"
"27-44-99-33","Brokers/ middleman","21-40%"
"36-68-49-71","Brokers/ middleman","less than 20%"
"68-16-01-33","Brokers/ middleman","More than 80%"
"61-84-87-27","Brokers/ middleman","21-40%"
"53-10-37-83","Brokers/ middleman","21-40%"
"20-43-08-03","Brokers/ middleman","less than 20%"
"82-59-96-75","Brokers/ middleman","21-40%"
"49-39-09-00","Brokers/ middleman","More than 80%"
"58-19-75-80","Direct buyers /open-air market","21-40%"
"75-69-40-10","Direct buyers /open-air market","less than 20%"
"75-69-40-10","Brokers/ middleman","21-40%"
"44-12-79-34","Direct buyers /open-air market","More than 80%"
"44-12-79-34","Brokers/ middleman","less than 20%"
"91-78-46-88","Direct buyers /open-air market","More than 80%"
"88-73-32-16","Direct buyers /open-air market","less than 20%"
"33-67-48-86","Brokers/ middleman","61-80%"
"94-42-36-98","Direct buyers /open-air market","less than 20%"
"28-69-62-69","Brokers/ middleman","More than 80%"
"49-95-19-41","Brokers/ middleman","61-80%"
"75-71-59-88","Direct buyers /open-air market","less than 20%"
"49-01-19-20","Brokers/ middleman","More than 80%"
"56-78-80-92","Brokers/ middleman","More than 80%"
"25-17-27-31","Direct buyers /open-air market","less than 20%"
"96-39-63-39","Direct buyers /open-air market","less than 20%"
"08-94-56-34","Brokers/ middleman","More than 80%"
"24-87-22-92","Brokers/ middleman","More than 80%"
"30-69-73-88","Brokers/ middleman","41-60%"
"72-71-89-86","Direct buyers /open-air market","21-40%"
"72-71-89-86","Brokers/ middleman","21-40%"
"69-48-65-88","Brokers/ middleman","61-80%"
"18-22-43-52","Brokers/ middleman","61-80%"
"06-32-94-30","Direct buyers /open-air market","21-40%"
"06-32-94-30","Brokers/ middleman","21-40%"
"30-41-77-21","Direct buyers /open-air market","More than 80%"
"13-48-51-56","Brokers/ middleman","More than 80%"
"47-32-69-47","Brokers/ middleman","less than 20%"
"77-95-12-00","Direct buyers /open-air market","21-40%"
"04-93-15-62","Brokers/ middleman","less than 20%"
"40-11-92-91","Brokers/ middleman","41-60%"
"75-26-65-92","Brokers/ middleman","More than 80%"
"76-79-59-51","Brokers/ middleman","21-40%"
"87-16-65-76","Brokers/ middleman","More than 80%"
"06-40-10-58","Direct buyers /open-air market","less than 20%"
"06-40-10-58","Brokers/ middleman","less than 20%"
"40-73-60-05","Brokers/ middleman","less than 20%"
"64-68-41-59","Direct buyers /open-air market","less than 20%"
"15-68-91-94","Brokers/ middleman","More than 80%"
"26-17-34-04","Brokers/ middleman","More than 80%"
"76-41-72-83","Direct buyers /open-air market","less than 20%"
"46-92-45-03","Brokers/ middleman","21-40%"
"77-97-94-83","Direct buyers /open-air market","More than 80%"
"44-20-73-48","Brokers/ middleman","More than 80%"
"74-52-06-68","Brokers/ middleman","More than 80%"
"39-90-60-06","Brokers/ middleman","41-60%"
"86-86-47-77","Direct buyers /open-air market","More than 80%"
"61-98-86-86","Brokers/ middleman","41-60%"
"61-87-19-25","Brokers/ middleman","61-80%"
"18-67-33-19","Direct buyers /open-air market","More than 80%"
"14-75-52-28","Direct buyers /open-air market","21-40%"
"14-75-52-28","Brokers/ middleman","61-80%"
"72-96-11-00","Direct buyers /open-air market","More than 80%"
"68-35-97-06","Direct buyers /open-air market","More than 80%"
"68-35-97-06","Cooperatives / farmer association?","less than 20%"
"00-22-25-11","Direct buyers /open-air market","less than 20%"
"03-51-85-17","Direct buyers /open-air market","less than 20%"
"03-51-85-17","Brokers/ middleman","less than 20%"
"26-31-55-52","Brokers/ middleman","61-80%"
"82-96-57-24","Brokers/ middleman","less than 20%"
"98-34-87-15","Direct buyers /open-air market","21-40%"
"20-44-39-67","Direct buyers /open-air market","21-40%"
"73-85-71-84","Brokers/ middleman","More than 80%"
"07-14-85-97","Direct buyers /open-air market","More than 80%"
"25-51-59-02","Brokers/ middleman","21-40%"
"98-34-54-09","Brokers/ middleman","less than 20%"
"85-72-34-53","Brokers/ middleman","21-40%"
"73-56-72-00","Brokers/ middleman","21-40%"
"39-00-66-90","Direct buyers /open-air market","less than 20%"
"52-72-83-96","Brokers/ middleman","More than 80%"
"27-89-15-08","Brokers/ middleman","61-80%"
"38-15-27-24","Brokers/ middleman","less than 20%"
"32-53-41-40","Brokers/ middleman","less than 20%"
"90-85-65-68","Brokers/ middleman","41-60%"
"07-04-06-31","Direct buyers /open-air market","More than 80%"
"00-51-21-96","Brokers/ middleman","More than 80%"
"18-57-30-30","Brokers/ middleman","More than 80%"
"06-67-52-73","Brokers/ middleman","less than 20%"
"95-39-48-28","Direct buyers /open-air market","41-60%"
"91-48-09-94","Direct buyers /open-air market","More than 80%"
"19-25-10-78","Brokers/ middleman","More than 80%"
"71-72-13-14","Brokers/ middleman","21-40%"
"03-15-75-14","Brokers/ middleman","More than 80%"
"44-83-75-40","Brokers/ middleman","21-40%"
"50-57-49-63","Brokers/ middleman","41-60%"
"62-41-43-18","Brokers/ middleman","21-40%"
"28-20-80-35","Direct buyers /open-air market","41-60%"
"28-20-80-35","Brokers/ middleman","61-80%"
"68-55-46-57","Brokers/ middleman","More than 80%"
"40-53-56-12","Brokers/ middleman","More than 80%"
"27-46-53-11","Brokers/ middleman","More than 80%"
"08-92-74-48","Brokers/ middleman","41-60%"
"59-22-70-12","Direct buyers /open-air market","More than 80%"
"02-60-78-89","Brokers/ middleman","More than 80%"
"16-17-09-10","Brokers/ middleman","less than 20%"
"37-69-53-39","Brokers/ middleman","More than 80%"
"86-69-42-68","Brokers/ middleman","More than 80%"
"20-42-84-32","Direct buyers /open-air market","less than 20%"
"20-42-84-32","Brokers/ middleman","61-80%"
"76-65-87-56","Brokers/ middleman","More than 80%"
"32-43-86-95","Brokers/ middleman","21-40%"
"88-70-65-41","Direct buyers /open-air market","less than 20%"
"11-14-22-98","Brokers/ middleman","21-40%"
"31-06-08-24","Brokers/ middleman","More than 80%"
"01-43-23-45","Brokers/ middleman","less than 20%"
"13-55-89-83","Brokers/ middleman","21-40%"
"34-71-86-92","Brokers/ middleman","41-60%"
"59-34-02-76","Brokers/ middleman","41-60%"
"28-05-35-45","Brokers/ middleman","61-80%"
"30-60-59-31","Brokers/ middleman","less than 20%"
"35-42-89-22","Brokers/ middleman","More than 80%"
"59-28-36-67","Direct buyers /open-air market","61-80%"
"59-28-36-67","Brokers/ middleman","41-60%"
"86-03-36-52","Brokers/ middleman","41-60%"
"23-49-64-16","Brokers/ middleman","61-80%"
"08-79-12-23","Brokers/ middleman","21-40%"
"26-41-89-58","Brokers/ middleman","41-60%"
"68-77-96-37","Brokers/ middleman","41-60%"
"52-83-38-94","Direct buyers /open-air market","61-80%"
"97-03-37-68","Brokers/ middleman","21-40%"
"26-04-46-11","Brokers/ middleman","More than 80%"
"64-89-33-44","Brokers/ middleman","More than 80%"
"09-37-28-22","Direct buyers /open-air market","less than 20%"
"21-48-73-26","Brokers/ middleman","41-60%"
"95-62-47-68","Brokers/ middleman","More than 80%"
"16-16-37-56","Direct buyers /open-air market","21-40%"
"86-61-37-71","Brokers/ middleman","More than 80%"
"51-98-81-10","Brokers/ middleman","More than 80%"
"61-70-60-57","Brokers/ middleman","More than 80%"
"36-72-98-05","Brokers/ middleman","61-80%"
"40-64-72-16","Brokers/ middleman","More than 80%"
"98-62-02-19","Direct buyers /open-air market","More than 80%"
"88-50-89-00","Direct buyers /open-air market","less than 20%"
"88-50-89-00","Brokers/ middleman","less than 20%"
"25-45-17-13","Direct buyers /open-air market","less than 20%"
"20-14-81-13","Direct buyers /open-air market","21-40%"
"97-46-80-41","Brokers/ middleman","61-80%"
"65-11-27-59","Brokers/ middleman","less than 20%"
"74-15-98-92","Direct buyers /open-air market","21-40%"
"79-94-33-31","Direct buyers /open-air market","More than 80%"
"79-94-33-31","Cooperatives / farmer association?","less than 20%"
"71-34-06-10","Brokers/ middleman","More than 80%"
"01-06-26-91","Brokers/ middleman","61-80%"
"58-64-10-38","Brokers/ middleman","More than 80%"
"11-11-66-21","Direct buyers /open-air market","61-80%"
"20-65-75-92","Brokers/ middleman","41-60%"
"12-80-86-60","Brokers/ middleman","less than 20%"
"79-49-70-48","Direct buyers /open-air market","21-40%"
"17-50-60-85","Brokers/ middleman","less than 20%"
"50-18-09-61","Brokers/ middleman","21-40%"
"92-88-71-89","Direct buyers /open-air market","41-60%"
"60-45-66-66","Brokers/ middleman","21-40%"
"74-33-74-42","Brokers/ middleman","More than 80%"
"62-89-56-95","Brokers/ middleman","less than 20%"
"12-39-62-46","Brokers/ middleman","61-80%"
"15-16-01-28","Brokers/ middleman","More than 80%"
"12-72-22-77","Brokers/ middleman","21-40%"
"32-65-79-67","Direct buyers /open-air market","61-80%"
"44-89-53-23","Brokers/ middleman","41-60%"
"18-93-14-98","Brokers/ middleman","More than 80%"
"55-94-46-33","Direct buyers /open-air market","More than 80%"
"34-96-75-45","Brokers/ middleman","More than 80%"
"81-41-37-07","Direct buyers /open-air market","More than 80%"
"81-41-37-07","Brokers/ middleman","More than 80%"
"39-99-71-22","Direct buyers /open-air market","21-40%"
"39-99-71-22","Brokers/ middleman","61-80%"
"48-80-14-71","Direct buyers /open-air market","More than 80%"
"66-80-39-89","Direct buyers /open-air market","41-60%"
"66-80-39-89","Brokers/ middleman","less than 20%"
"28-72-09-15","Brokers/ middleman","21-40%"
"86-74-30-03","Brokers/ middleman","More than 80%"
"42-16-79-97","Brokers/ middleman","More than 80%"
"40-03-97-68","Direct buyers /open-air market","21-40%"
"29-78-34-46","Brokers/ middleman","21-40%"
"39-18-34-69","Brokers/ middleman","More than 80%"
"96-59-50-58","Direct buyers /open-air market","41-60%"
"31-14-26-53","Brokers/ middleman","less than 20%"
