interview__key,r_otherincome__id,inc_oth_amt,int_oth_income,who_other_income__0,who_other_income__1,who_other_income__2,othinc_pr,othinc_pr_oth,othinc_provider,othinc_provider_oth,benefits,oth_benefits,oth_income_use__1,oth_income_use__2,oth_income_use__3,oth_income_use__4,oth_income_use__5,oth_income_use__6,oth_income_use__7,oth_income_use__96,otherinc_use_others
"15-76-60-42","Rental income, residential property (apartment, house)",120000,"Monthly",1,.a,.a,,"",,"",,"",0,2,3,0,1,0,0,0,""
"01-03-25-84","National remittances - cash transfers/gifts from individuals (relatives, friends) within the country",15000,"Lump sum (single payment)",1,.a,.a,,"",,"",,"",0,1,0,0,0,0,0,0,""
"31-13-18-39","Transfers (some kind of public/NGO transfer program (given money in daily/weekly/ monthly basis)",13500,"Every three months",1,.a,.a,"Others ➡️ Specify","received money from TASAF","NGO","","Cash","",0,1,0,2,0,0,0,0,""
"35-55-11-33","National remittances - cash transfers/gifts from individuals (relatives, friends) within the country",20000,"Lump sum (single payment)",1,.a,.a,,"",,"",,"",0,1,2,3,0,0,0,0,""
"74-41-75-97","Transfers (some kind of public/NGO transfer program (given money in daily/weekly/ monthly basis)",36000,"Every three months",1,.a,.a,"Older persons cash transfer","","Both national and local governments","","Cash","",0,2,0,0,1,0,0,0,""
"75-64-48-24","National remittances - cash transfers/gifts from individuals (relatives, friends) within the country",20000,"Lump sum (single payment)",2,.a,.a,,"",,"",,"",0,0,1,0,0,0,0,0,""
"75-64-48-24","Savings, interest or other investment income",250000,"Monthly",2,.a,.a,,"",,"",,"",0,1,2,0,0,0,0,0,""
"32-45-37-94","National remittances - cash transfers/gifts from individuals (relatives, friends) within the country",30000,"Monthly",1,.a,.a,,"",,"",,"",0,1,3,2,0,0,0,0,""
"86-92-94-72","National remittances - cash transfers/gifts from individuals (relatives, friends) within the country",50000,"Lump sum (single payment)",1,.a,.a,,"",,"",,"",0,1,4,3,2,0,0,0,""
"56-10-42-62","Savings, interest or other investment income",100000,"Monthly",1,2,.a,,"",,"",,"",0,1,2,3,0,0,0,0,""
"57-29-61-37","National remittances - cash transfers/gifts from individuals (relatives, friends) within the country",50000,"Lump sum (single payment)",2,.a,.a,,"",,"",,"",0,1,0,0,2,0,0,0,""
"92-19-38-79","National remittances - cash transfers/gifts from individuals (relatives, friends) within the country",30000,"Monthly",1,2,.a,,"",,"",,"",0,1,0,0,0,0,0,0,""
"51-61-36-83","National remittances - cash transfers/gifts from individuals (relatives, friends) within the country",10000,"Lump sum (single payment)",2,.a,.a,,"",,"",,"",0,1,0,0,0,0,0,0,""
"66-97-67-27","National remittances - cash transfers/gifts from individuals (relatives, friends) within the country",20000,"Monthly",2,.a,.a,,"",,"",,"",0,1,0,2,0,0,0,0,""
"78-48-49-89","National remittances - cash transfers/gifts from individuals (relatives, friends) within the country",30000,"Monthly",1,.a,.a,,"",,"",,"",0,2,1,0,0,0,0,0,""
"98-05-66-83","International remittances - cash transfers/gifts from individuals (relatives, friends) from abroad",20000,"Lump sum (single payment)",1,.a,.a,,"",,"",,"",0,1,0,0,0,0,0,0,""
"78-17-71-31","International remittances - cash transfers/gifts from individuals (relatives, friends) from abroad",80000,"Lump sum (single payment)",1,.a,.a,,"",,"",,"",0,0,0,0,0,0,0,1,"for buying seed"
"35-97-55-04","National remittances - cash transfers/gifts from individuals (relatives, friends) within the country",50000,"Lump sum (single payment)",2,.a,.a,,"",,"",,"",0,0,0,0,0,0,0,1,"purchasing seeds and chemical fertilizers"
"01-00-08-00","Savings, interest or other investment income",20000,"Monthly",1,.a,.a,,"",,"",,"",0,1,0,2,0,0,0,0,""
"39-46-43-34","Savings, interest or other investment income",30000,"Monthly",1,.a,.a,,"",,"",,"",0,1,2,3,0,0,0,0,""
"83-88-85-49","National remittances - cash transfers/gifts from individuals (relatives, friends) within the country",7500,"Lump sum (single payment)",1,.a,.a,,"",,"",,"",0,0,1,0,0,0,0,0,""
"85-40-54-06","National remittances - cash transfers/gifts from individuals (relatives, friends) within the country",30000,"Monthly",1,.a,.a,,"",,"",,"",0,1,0,0,0,0,0,0,""
"99-20-43-65","National remittances - cash transfers/gifts from individuals (relatives, friends) within the country",30000,"Lump sum (single payment)",1,.a,.a,"Others ➡️ Specify","Gift from relative","Other➡️specify","Enterprenureship","Cash","",0,1,0,0,0,0,0,0,""
"99-20-43-65","Transfers (some kind of public/NGO transfer program (given money in daily/weekly/ monthly basis)",54000,"Every three months",1,.a,.a,"Poverty reduction program","","Both national and local governments","","Cash","",0,2,1,0,0,0,0,0,""
"95-71-45-18","National remittances - cash transfers/gifts from individuals (relatives, friends) within the country",36000,"Every three months",1,3,4,,"",,"",,"",0,2,1,0,0,0,0,0,""
"43-23-29-59","International remittances - cash transfers/gifts from individuals (relatives, friends) from abroad",15000,"Lump sum (single payment)",1,.a,.a,,"",,"",,"",0,0,0,0,1,0,0,0,""
"65-07-52-31","National remittances - cash transfers/gifts from individuals (relatives, friends) within the country",50000,"Every three months",1,2,.a,,"",,"",,"",0,1,0,0,0,0,0,0,""
"65-07-52-31","Rental income, residential property (apartment, house)",50000,"Every 6 months",1,2,.a,,"",,"",,"",0,1,0,0,0,0,0,0,""
"24-72-94-40","National remittances - cash transfers/gifts from individuals (relatives, friends) within the country",15000,"Monthly",1,.a,.a,,"",,"",,"",0,1,0,0,0,0,0,0,""
"21-67-72-81","National remittances - cash transfers/gifts from individuals (relatives, friends) within the country",20000,"Every three months",7,.a,.a,,"",,"",,"",0,1,0,0,0,0,0,0,""
"40-08-15-69","Savings, interest or other investment income",50000,"Monthly",1,.a,.a,,"",,"",,"",0,1,0,0,0,2,0,0,""
"88-78-79-65","National remittances - cash transfers/gifts from individuals (relatives, friends) within the country",10000,"Lump sum (single payment)",2,.a,.a,,"",,"",,"",0,1,0,0,0,0,0,0,""
"07-13-49-69","National remittances - cash transfers/gifts from individuals (relatives, friends) within the country",20000,"Lump sum (single payment)",1,2,.a,,"",,"",,"",0,1,0,0,0,0,0,0,""
"07-13-49-69","Savings, interest or other investment income",50000,"Every year",1,.a,.a,,"",,"",,"",0,2,0,1,0,0,0,0,""
"02-58-47-09","National remittances - cash transfers/gifts from individuals (relatives, friends) within the country",150000,"Every year",1,.a,.a,,"",,"",,"",0,1,2,3,0,0,0,0,""
"22-68-37-41","International remittances - cash transfers/gifts from individuals (relatives, friends) from abroad",150000,"Lump sum (single payment)",1,.a,.a,,"",,"",,"",0,1,2,3,0,0,0,0,""
"75-57-77-41","International remittances - cash transfers/gifts from individuals (relatives, friends) from abroad",20000,"Lump sum (single payment)",2,.a,.a,,"",,"",,"",0,1,0,0,0,0,0,0,""
"76-93-41-01","National remittances - cash transfers/gifts from individuals (relatives, friends) within the country",10000,"Monthly",1,.a,.a,,"",,"",,"",0,1,0,0,0,0,0,0,""
"45-89-04-52","National remittances - cash transfers/gifts from individuals (relatives, friends) within the country",50000,"Lump sum (single payment)",1,.a,.a,,"",,"",,"",0,1,0,0,0,0,0,0,""
"45-89-04-52","Savings, interest or other investment income",300000,"Monthly",1,.a,.a,,"",,"",,"",0,1,2,3,0,0,0,0,""
"45-89-04-52","Rental income, commercial (shop, store)",200000,"Monthly",1,.a,.a,,"",,"",,"",0,1,0,0,0,0,0,0,""
"12-50-51-44","National remittances - cash transfers/gifts from individuals (relatives, friends) within the country",20000,"Monthly",1,.a,.a,,"",,"",,"",0,1,4,3,2,0,0,0,""
"37-66-37-12","Transfers (some kind of public/NGO transfer program (given money in daily/weekly/ monthly basis)",20000,"Monthly",1,.a,.a,"Poverty reduction program","","Both national and local governments","","Cash","",1,2,0,0,0,0,0,0,""
"52-54-55-08","Savings, interest or other investment income",15000,"Monthly",2,.a,.a,,"",,"",,"",1,2,0,0,0,0,0,0,""
"32-13-89-08","International remittances - cash transfers/gifts from individuals (relatives, friends) from abroad",100000,"Lump sum (single payment)",2,.a,.a,,"",,"",,"",0,1,2,3,0,0,0,0,""
"85-25-22-09","National remittances - cash transfers/gifts from individuals (relatives, friends) within the country",20000,"Monthly",1,.a,.a,,"",,"",,"",0,2,1,0,0,0,0,0,""
"85-25-22-09","Savings, interest or other investment income",10000,"Monthly",2,.a,.a,,"",,"",,"",0,1,3,2,0,0,0,0,""
"72-82-24-11","National remittances - cash transfers/gifts from individuals (relatives, friends) within the country",10000,"Every three months",1,2,.a,,"",,"",,"",0,2,3,4,1,0,0,0,""
"36-18-65-12","National remittances - cash transfers/gifts from individuals (relatives, friends) within the country",300000,"Lump sum (single payment)",1,.a,.a,,"",,"",,"",0,1,0,2,0,0,0,0,""
"39-19-67-67","National remittances - cash transfers/gifts from individuals (relatives, friends) within the country",250000,"Lump sum (single payment)",1,.a,.a,,"",,"",,"",0,0,2,1,0,0,0,0,""
"43-82-97-85","National remittances - cash transfers/gifts from individuals (relatives, friends) within the country",45000,"Every 6 months",1,2,.a,,"",,"",,"",0,0,0,1,0,0,0,0,""
"23-89-23-81","National remittances - cash transfers/gifts from individuals (relatives, friends) within the country",100000,"Every year",1,2,.a,,"",,"",,"",0,2,0,1,0,0,0,0,""
"23-89-23-81","Rental income, residential property (apartment, house)",300000,"Lump sum (single payment)",1,.a,.a,,"",,"",,"",0,2,0,1,0,0,0,0,""
"94-81-60-01","National remittances - cash transfers/gifts from individuals (relatives, friends) within the country",70000,"Monthly",1,.a,.a,,"",,"",,"",0,1,0,2,0,0,0,0,""
"23-53-41-46","National remittances - cash transfers/gifts from individuals (relatives, friends) within the country",70000,"Every year",1,.a,.a,,"",,"",,"",0,1,0,0,0,0,0,0,""
"62-55-13-64","National remittances - cash transfers/gifts from individuals (relatives, friends) within the country",40000,"Every three months",2,.a,.a,,"",,"",,"",0,3,1,2,0,0,0,0,""
"90-50-65-07","Transfers (some kind of public/NGO transfer program (given money in daily/weekly/ monthly basis)",70000,"Lump sum (single payment)",1,.a,.a,"Healthcare benefits","","NGO","","Food","",0,0,0,1,0,0,0,0,""
"38-66-21-90","National remittances - cash transfers/gifts from individuals (relatives, friends) within the country",50000,"Lump sum (single payment)",1,.a,.a,,"",,"",,"",0,1,0,0,0,0,0,0,""
"38-66-21-90","Savings, interest or other investment income",300000,"Monthly",1,.a,.a,,"",,"",,"",1,2,0,0,0,0,0,0,""
"44-00-42-23","National remittances - cash transfers/gifts from individuals (relatives, friends) within the country",100000,"Lump sum (single payment)",1,.a,.a,,"",,"",,"",0,1,0,0,0,0,0,0,""
"08-14-33-80","National remittances - cash transfers/gifts from individuals (relatives, friends) within the country",12000,"Lump sum (single payment)",2,.a,.a,,"",,"",,"",0,0,0,1,0,0,0,0,""
"13-11-49-85","National remittances - cash transfers/gifts from individuals (relatives, friends) within the country",90000,"Lump sum (single payment)",1,.a,.a,,"",,"",,"",0,1,4,3,2,0,0,0,""
"71-85-96-60","National remittances - cash transfers/gifts from individuals (relatives, friends) within the country",20000,"Lump sum (single payment)",1,.a,.a,,"",,"",,"",0,1,0,0,0,0,0,0,""
"62-44-56-00","National remittances - cash transfers/gifts from individuals (relatives, friends) within the country",30000,"Every three months",1,.a,.a,,"",,"",,"",0,1,0,3,2,0,0,0,""
"00-88-32-67","National remittances - cash transfers/gifts from individuals (relatives, friends) within the country",50000,"Every three months",1,.a,.a,,"",,"",,"",0,1,0,2,0,0,0,0,""
"13-17-41-36","National remittances - cash transfers/gifts from individuals (relatives, friends) within the country",40000,"Lump sum (single payment)",5,.a,.a,,"",,"",,"",0,0,1,0,0,0,0,0,""
"13-17-41-36","Rental income, residential property (apartment, house)",120000,"Lump sum (single payment)",1,.a,.a,,"",,"",,"",0,2,1,0,0,0,0,0,""
"99-55-34-47","Savings, interest or other investment income",36000,"Lump sum (single payment)",1,.a,.a,,"",,"",,"",1,0,0,0,0,0,0,0,""
"10-71-84-42","Transfers (some kind of public/NGO transfer program (given money in daily/weekly/ monthly basis)",38000,"Every three months",2,.a,.a,"Healthcare benefits","","Both national and local governments","","Cash","",0,0,0,1,0,0,0,0,""
"49-18-02-61","National remittances - cash transfers/gifts from individuals (relatives, friends) within the country",20000,"Every three months",1,.a,.a,,"",,"",,"",0,1,0,2,0,0,0,0,""
"58-97-08-64","National remittances - cash transfers/gifts from individuals (relatives, friends) within the country",15000,"Every three months",2,.a,.a,,"",,"",,"",0,1,0,2,0,0,0,0,""
"61-93-54-26","National remittances - cash transfers/gifts from individuals (relatives, friends) within the country",150000,"Lump sum (single payment)",1,.a,.a,,"",,"",,"",0,1,0,2,0,0,0,0,""
"51-95-58-91","Savings, interest or other investment income",720000,"Monthly",1,2,.a,,"",,"",,"",1,2,3,5,4,0,0,0,""
"68-39-51-63","Transfers (some kind of public/NGO transfer program (given money in daily/weekly/ monthly basis)",24000,"Every three months",1,.a,.a,"Older persons cash transfer","","Both national and local governments","","Cash","",0,1,0,0,0,0,0,0,""
"71-91-68-16","National remittances - cash transfers/gifts from individuals (relatives, friends) within the country",20000,"Lump sum (single payment)",3,.a,.a,,"",,"",,"",0,0,0,0,1,0,0,0,""
"46-13-75-58","National remittances - cash transfers/gifts from individuals (relatives, friends) within the country",150000,"Lump sum (single payment)",1,2,.a,,"",,"",,"",0,1,0,0,0,0,0,2,"agri inputs"
"69-63-50-52","National remittances - cash transfers/gifts from individuals (relatives, friends) within the country",50000,"Every three months",1,.a,.a,,"",,"",,"",0,1,2,3,0,0,0,0,""
"37-33-23-29","National remittances - cash transfers/gifts from individuals (relatives, friends) within the country",200000,"Monthly",2,.a,.a,,"",,"",,"",0,1,0,0,0,0,0,0,""
"37-33-23-29","Savings, interest or other investment income",100000,"Lump sum (single payment)",2,.a,.a,,"",,"",,"",0,0,0,0,0,0,0,1,"agricultural input"
"13-88-02-80","International remittances - cash transfers/gifts from individuals (relatives, friends) from abroad",10000,"Lump sum (single payment)",1,.a,.a,,"",,"",,"",0,1,0,2,0,0,0,0,""
"47-32-93-31","Transfers (some kind of public/NGO transfer program (given money in daily/weekly/ monthly basis)",40000,"Every three months",1,.a,.a,"Poverty reduction program","","NGO","","Cash","",0,1,0,0,0,0,0,0,""
"45-06-90-36","International remittances - cash transfers/gifts from individuals (relatives, friends) from abroad",50000,"Monthly",2,.a,.a,,"",,"",,"",0,1,2,3,0,0,0,0,""
"04-24-78-04","International remittances - cash transfers/gifts from individuals (relatives, friends) from abroad",70000,"Lump sum (single payment)",1,.a,.a,,"",,"",,"",0,0,0,0,0,0,0,1,"AGRICULTURE ACTIVITIES"
"16-97-28-87","National remittances - cash transfers/gifts from individuals (relatives, friends) within the country",24000,"Every three months",1,.a,.a,,"",,"",,"",0,1,0,2,0,0,0,0,""
"86-05-40-89","International remittances - cash transfers/gifts from individuals (relatives, friends) from abroad",15000,"Monthly",1,.a,.a,,"",,"",,"",0,1,3,2,0,0,0,0,""
"06-02-25-50","National remittances - cash transfers/gifts from individuals (relatives, friends) within the country",50000,"Lump sum (single payment)",1,.a,.a,,"",,"",,"",0,0,0,1,0,0,0,0,""
"07-64-12-97","Transfers (some kind of public/NGO transfer program (given money in daily/weekly/ monthly basis)",32000,"Every three months",1,.a,.a,"Older persons cash transfer","","Local county government","","Cash","",0,1,0,0,0,0,0,0,""
"78-89-03-74","International remittances - cash transfers/gifts from individuals (relatives, friends) from abroad",100000,"Lump sum (single payment)",1,.a,.a,,"",,"",,"",0,1,2,3,0,0,0,0,""
"29-15-86-87","Savings, interest or other investment income",30000,"Monthly",1,.a,.a,,"",,"",,"",2,1,0,0,0,0,0,0,""
"83-15-50-69","National remittances - cash transfers/gifts from individuals (relatives, friends) within the country",50000,"Monthly",1,.a,.a,,"",,"",,"",0,2,0,1,0,0,0,0,""
"83-15-50-69","Rental income, residential property (apartment, house)",500000,"Lump sum (single payment)",1,.a,.a,,"",,"",,"",0,2,0,1,0,0,0,0,""
"96-73-61-56","National remittances - cash transfers/gifts from individuals (relatives, friends) within the country",45000,"Every three months",1,.a,.a,,"",,"",,"",0,0,1,0,0,0,0,0,""
"68-46-53-43","National remittances - cash transfers/gifts from individuals (relatives, friends) within the country",50000,"Every year",1,2,.a,,"",,"",,"",4,1,3,2,0,0,0,0,""
"79-25-63-35","National remittances - cash transfers/gifts from individuals (relatives, friends) within the country",130000,"Every three months",1,2,.a,,"",,"",,"",0,2,1,0,0,0,0,0,""
"15-34-92-71","National remittances - cash transfers/gifts from individuals (relatives, friends) within the country",35000,"Lump sum (single payment)",1,.a,.a,"Older persons cash transfer","","Local county government","","Cash","",0,1,0,2,0,0,0,0,""
"15-34-92-71","Transfers (some kind of public/NGO transfer program (given money in daily/weekly/ monthly basis)",40000,"Every three months",1,.a,.a,"Poverty reduction program","","National government","","Cash","",0,1,0,2,0,0,0,0,""
"28-29-76-59","Savings, interest or other investment income",50000,"Monthly",1,.a,.a,,"",,"",,"",0,1,3,2,0,0,0,0,""
"29-37-06-51","National remittances - cash transfers/gifts from individuals (relatives, friends) within the country",20000,"Lump sum (single payment)",2,.a,.a,,"",,"",,"",0,1,0,0,0,0,0,0,""
"81-06-47-80","National remittances - cash transfers/gifts from individuals (relatives, friends) within the country",92000,"Every three months",1,.a,.a,,"",,"",,"",0,3,1,2,0,0,0,0,""
"81-06-47-80","Rental income, residential property (apartment, house)",35000,"Lump sum (single payment)",1,.a,.a,,"",,"",,"",0,2,1,3,0,0,0,0,""
"37-31-29-27","National remittances - cash transfers/gifts from individuals (relatives, friends) within the country",250000,"Every year",1,.a,.a,,"",,"",,"",1,2,0,3,0,0,0,0,""
"04-80-94-39","National remittances - cash transfers/gifts from individuals (relatives, friends) within the country",1500000,"Lump sum (single payment)",2,.a,.a,,"",,"",,"",0,2,0,1,0,0,0,0,""
"26-43-59-91","International remittances - cash transfers/gifts from individuals (relatives, friends) from abroad",60000,"Lump sum (single payment)",1,.a,.a,,"",,"",,"",0,1,2,3,0,0,0,0,""
"23-72-17-40","National remittances - cash transfers/gifts from individuals (relatives, friends) within the country",50000,"Lump sum (single payment)",1,.a,.a,,"",,"",,"",0,1,0,0,0,0,0,0,""
"39-58-22-39","Savings, interest or other investment income",50000,"Every three months",2,.a,.a,,"",,"",,"",0,1,0,0,0,0,0,0,""
"60-54-64-58","National remittances - cash transfers/gifts from individuals (relatives, friends) within the country",300000,"Lump sum (single payment)",1,.a,.a,,"",,"",,"",0,0,0,0,1,0,0,0,""
"89-99-48-67","National remittances - cash transfers/gifts from individuals (relatives, friends) within the country",20000,"Monthly",1,2,.a,,"",,"",,"",3,1,0,2,0,0,0,0,""
"44-61-50-65","National remittances - cash transfers/gifts from individuals (relatives, friends) within the country",5000,"Monthly",1,.a,.a,"Older persons cash transfer","","Other➡️specify","Relatives and her children","Cash","",0,1,0,2,0,0,0,0,""
"44-61-50-65","Transfers (some kind of public/NGO transfer program (given money in daily/weekly/ monthly basis)",24000,"Monthly",1,.a,.a,"Poverty reduction program","","National government","","Cash","",0,1,0,0,0,0,0,0,""
"12-80-78-48","National remittances - cash transfers/gifts from individuals (relatives, friends) within the country",50000,"Every three months",1,.a,.a,"Others ➡️ Specify","From my children","Local county government","","Cash","",1,2,0,3,0,0,0,0,""
"12-80-78-48","Rental income, residential property (apartment, house)",50000,"Lump sum (single payment)",1,.a,.a,"Others ➡️ Specify","From neighbours","Local county government","","Cash","",3,2,0,1,0,0,0,0,""
"12-80-78-48","Transfers (some kind of public/NGO transfer program (given money in daily/weekly/ monthly basis)",24000,"Monthly",1,.a,.a,"Poverty reduction program","","National government","","Cash","",0,2,0,1,0,0,0,0,""
"28-02-97-48","Savings, interest or other investment income",150000,"Monthly",1,.a,.a,,"",,"",,"",0,1,0,0,0,2,0,0,""
"70-19-76-68","National remittances - cash transfers/gifts from individuals (relatives, friends) within the country",50000,"Every year",1,.a,.a,,"",,"",,"",0,0,0,1,0,0,0,0,""
"18-43-40-98","National remittances - cash transfers/gifts from individuals (relatives, friends) within the country",20000,"Every three months",1,.a,.a,,"",,"",,"",0,1,0,0,0,0,0,0,""
"50-39-55-52","National remittances - cash transfers/gifts from individuals (relatives, friends) within the country",30000,"Lump sum (single payment)",1,.a,.a,,"",,"",,"",0,1,0,0,0,0,0,0,""
"82-64-50-66","National remittances - cash transfers/gifts from individuals (relatives, friends) within the country",100000,"Every three months",2,.a,.a,,"",,"",,"",0,1,0,0,0,0,0,0,""
"82-64-50-66","Rental income, residential property (apartment, house)",50000,"Lump sum (single payment)",2,.a,.a,,"",,"",,"",0,0,1,0,0,0,0,0,""
"46-02-32-25","National remittances - cash transfers/gifts from individuals (relatives, friends) within the country",50000,"Lump sum (single payment)",1,.a,.a,,"",,"",,"",0,1,0,0,0,0,0,0,""
"45-83-32-93","National remittances - cash transfers/gifts from individuals (relatives, friends) within the country",10000,"Lump sum (single payment)",1,2,.a,,"",,"",,"",0,1,0,0,0,0,0,0,""
"33-22-63-71","National remittances - cash transfers/gifts from individuals (relatives, friends) within the country",50000,"Lump sum (single payment)",2,.a,.a,,"",,"",,"",0,1,0,0,0,2,0,0,""
"33-22-63-71","Savings, interest or other investment income",20000,"Monthly",1,.a,.a,,"",,"",,"",0,1,2,3,0,0,0,0,""
"95-96-92-75","National remittances - cash transfers/gifts from individuals (relatives, friends) within the country",150000,"Every three months",1,.a,.a,,"",,"",,"",0,2,0,0,0,0,0,1,"agricultural input"
"48-48-94-57","National remittances - cash transfers/gifts from individuals (relatives, friends) within the country",20000,"Monthly",1,.a,.a,,"",,"",,"",0,1,0,2,3,0,0,0,""
"03-43-60-42","National remittances - cash transfers/gifts from individuals (relatives, friends) within the country",20000,"Every three months",1,.a,.a,,"",,"",,"",0,1,0,0,0,0,0,0,""
"58-75-54-61","National remittances - cash transfers/gifts from individuals (relatives, friends) within the country",300000,"Every three months",1,.a,.a,,"",,"",,"",0,1,2,0,0,3,0,0,""
"58-75-54-61","Savings, interest or other investment income",150000,"Monthly",1,.a,.a,,"",,"",,"",0,1,0,0,0,0,0,0,""
"49-89-37-09","National remittances - cash transfers/gifts from individuals (relatives, friends) within the country",300000,"Lump sum (single payment)",1,.a,.a,,"",,"",,"",0,1,0,2,0,0,0,0,""
"76-59-40-83","Rental income, residential property (apartment, house)",20000,"Monthly",2,.a,.a,,"",,"",,"",0,1,0,2,0,0,0,0,""
"83-91-87-26","National remittances - cash transfers/gifts from individuals (relatives, friends) within the country",30000,"Lump sum (single payment)",1,.a,.a,,"",,"",,"",0,1,0,0,0,0,0,0,""
"51-80-93-49","Transfers (some kind of public/NGO transfer program (given money in daily/weekly/ monthly basis)",48000,"Every three months",1,.a,.a,"Poverty reduction program","","National government","","Cash","",0,1,2,3,0,0,0,0,""
"29-06-51-62","National remittances - cash transfers/gifts from individuals (relatives, friends) within the country",50000,"Every year",1,.a,.a,,"",,"",,"",0,1,0,2,0,0,0,0,""
"10-22-07-48","National remittances - cash transfers/gifts from individuals (relatives, friends) within the country",600000,"Every year",1,2,.a,,"",,"",,"",0,1,2,3,0,0,0,0,""
"36-41-17-07","National remittances - cash transfers/gifts from individuals (relatives, friends) within the country",26000,"Every three months",1,.a,.a,,"",,"",,"",0,1,0,2,0,0,0,0,""
"36-41-17-07","Rental income, residential property (apartment, house)",100000,"Every year",1,.a,.a,,"",,"",,"",0,1,0,2,0,0,0,0,""
"52-56-02-56","National remittances - cash transfers/gifts from individuals (relatives, friends) within the country",50000,"Lump sum (single payment)",2,.a,.a,,"",,"",,"",0,1,0,0,0,0,0,0,""
"32-96-32-91","Savings, interest or other investment income",70000,"Lump sum (single payment)",1,.a,.a,,"",,"",,"",1,0,0,0,0,0,0,0,""
"54-77-99-69","Transfers (some kind of public/NGO transfer program (given money in daily/weekly/ monthly basis)",60000,"Every three months",1,.a,.a,"Poverty reduction program","","Both national and local governments","","Cash","",0,1,0,0,0,0,0,0,""
"25-34-66-08","National remittances - cash transfers/gifts from individuals (relatives, friends) within the country",10000,"Every three months",1,.a,.a,"Older persons cash transfer","","National government","","Cash","",0,1,0,2,0,0,0,0,""
"25-34-66-08","Transfers (some kind of public/NGO transfer program (given money in daily/weekly/ monthly basis)",46400,"Monthly",1,.a,.a,"Poverty reduction program","","National government","","Cash","",0,1,2,0,3,0,0,0,""
"29-70-97-81","National remittances - cash transfers/gifts from individuals (relatives, friends) within the country",2800000,"Monthly",1,.a,.a,,"",,"",,"",1,2,0,0,0,0,0,0,""
"16-38-85-69","National remittances - cash transfers/gifts from individuals (relatives, friends) within the country",100000,"Lump sum (single payment)",1,.a,.a,,"",,"",,"",0,1,0,0,0,0,0,0,""
"34-85-34-32","National remittances - cash transfers/gifts from individuals (relatives, friends) within the country",10000,"Monthly",3,.a,.a,,"",,"",,"",0,1,0,0,0,0,0,0,""
"87-75-27-62","National remittances - cash transfers/gifts from individuals (relatives, friends) within the country",38000,"Every three months",1,.a,.a,,"",,"",,"",0,1,2,0,0,0,0,0,""
"96-99-31-77","National remittances - cash transfers/gifts from individuals (relatives, friends) within the country",80000,"Monthly",2,.a,.a,,"",,"",,"",0,1,0,0,0,0,0,2,"clothes"
"92-21-19-80","National remittances - cash transfers/gifts from individuals (relatives, friends) within the country",20000,"Lump sum (single payment)",1,.a,.a,,"",,"",,"",0,1,0,0,0,0,0,0,""
"72-81-88-52","National remittances - cash transfers/gifts from individuals (relatives, friends) within the country",300000,"Every year",1,.a,.a,,"",,"",,"",0,3,1,2,0,0,0,4,"investment in agriculture"
"22-09-50-57","National remittances - cash transfers/gifts from individuals (relatives, friends) within the country",30000,"Every 6 months",1,.a,.a,,"",,"",,"",0,2,0,1,0,0,0,0,""
"22-09-50-57","Rental income, residential property (apartment, house)",300000,"Every year",1,2,.a,,"",,"",,"",0,1,0,0,0,0,0,0,""
"71-42-32-14","Rental income, commercial (shop, store)",10000,"Lump sum (single payment)",1,.a,.a,,"",,"",,"",2,1,0,0,0,0,0,0,""
"30-04-61-14","National remittances - cash transfers/gifts from individuals (relatives, friends) within the country",110000,"Every three months",1,.a,.a,"Healthcare benefits","","NGO","","Cash","",0,0,0,2,1,0,0,0,""
"30-04-61-14","Transfers (some kind of public/NGO transfer program (given money in daily/weekly/ monthly basis)",40000,"Every 6 months",2,.a,.a,"Poverty reduction program","","National government","","Cash","",2,0,0,0,0,0,0,1,"agri input"
"89-93-26-33","National remittances - cash transfers/gifts from individuals (relatives, friends) within the country",30000,"Every three months",1,.a,.a,,"",,"",,"",0,1,0,0,0,0,0,0,""
"89-93-26-33","Savings, interest or other investment income",480000,"Every year",1,.a,.a,,"",,"",,"",1,2,3,0,0,0,0,0,""
"16-51-24-24","National remittances - cash transfers/gifts from individuals (relatives, friends) within the country",500000,"Every three months",1,.a,.a,,"",,"",,"",0,1,3,4,2,0,0,0,""
"24-74-06-95","International remittances - cash transfers/gifts from individuals (relatives, friends) from abroad",10000,"Lump sum (single payment)",2,3,.a,,"",,"",,"",0,1,0,0,0,0,0,0,""
"76-24-30-21","National remittances - cash transfers/gifts from individuals (relatives, friends) within the country",30000,"Lump sum (single payment)",2,.a,.a,,"",,"",,"",0,1,0,0,0,0,0,2,"buying soap"
"98-24-74-63","National remittances - cash transfers/gifts from individuals (relatives, friends) within the country",100000,"Every three months",1,2,.a,,"",,"",,"",0,1,3,0,2,0,0,0,""
"98-24-74-63","Rental income, residential property (apartment, house)",15000,"Monthly",1,2,.a,,"",,"",,"",3,1,0,2,4,0,0,5,"Buying clothes for household members"
"36-81-79-37","National remittances - cash transfers/gifts from individuals (relatives, friends) within the country",60000,"Every three months",1,.a,.a,,"",,"",,"",0,1,0,0,0,0,0,0,""
"98-23-40-44","National remittances - cash transfers/gifts from individuals (relatives, friends) within the country",50000,"Lump sum (single payment)",1,.a,.a,,"",,"",,"",0,0,0,0,0,0,1,0,""
"00-67-21-61","International remittances - cash transfers/gifts from individuals (relatives, friends) from abroad",500000,"Monthly",2,.a,.a,,"",,"",,"",1,2,3,4,0,0,0,0,""
"00-01-36-74","International remittances - cash transfers/gifts from individuals (relatives, friends) from abroad",60000,"Lump sum (single payment)",1,.a,.a,,"",,"",,"",1,0,0,0,0,0,0,0,""
"07-23-47-52","National remittances - cash transfers/gifts from individuals (relatives, friends) within the country",50000,"Lump sum (single payment)",1,.a,.a,,"",,"",,"",0,1,0,0,0,0,0,0,""
"66-23-65-75","National remittances - cash transfers/gifts from individuals (relatives, friends) within the country",150000,"Monthly",1,.a,.a,,"",,"",,"",0,1,0,0,0,0,0,2,"agri inputs"
"34-33-60-75","Transfers (some kind of public/NGO transfer program (given money in daily/weekly/ monthly basis)",40000,"Every three months",1,.a,.a,"Poverty reduction program","","National government","","Cash","",0,1,0,0,0,0,0,0,""
"95-30-04-02","Savings, interest or other investment income",30000,"Every three months",2,.a,.a,,"",,"",,"",0,1,0,2,0,0,0,0,""
"92-70-85-41","National remittances - cash transfers/gifts from individuals (relatives, friends) within the country",100000,"Every three months",1,.a,.a,,"",,"",,"",0,1,2,0,3,0,0,0,""
"92-70-85-41","Rental income, residential property (apartment, house)",60000,"Monthly",1,2,.a,,"",,"",,"",0,0,2,3,1,0,0,0,""
"84-79-52-42","National remittances - cash transfers/gifts from individuals (relatives, friends) within the country",10000,"Lump sum (single payment)",2,.a,.a,,"",,"",,"",0,1,0,0,0,0,0,0,""
"62-50-68-38","National remittances - cash transfers/gifts from individuals (relatives, friends) within the country",100000,"Monthly",2,.a,.a,,"",,"",,"",0,1,0,0,0,0,0,0,""
"27-08-48-72","Other➡️specify:",40000,"Every three months",2,.a,.a,,"",,"",,"",0,2,0,1,0,0,0,0,""
"94-42-67-72","National remittances - cash transfers/gifts from individuals (relatives, friends) within the country",34000,"Every three months",1,.a,.a,,"",,"",,"",0,1,0,0,0,0,0,0,""
"02-53-80-77","National remittances - cash transfers/gifts from individuals (relatives, friends) within the country",80000,"Monthly",1,.a,.a,,"",,"",,"",0,1,2,0,3,0,0,0,""
"02-53-80-77","Savings, interest or other investment income",600000,"Lump sum (single payment)",1,.a,.a,,"",,"",,"",0,0,2,0,1,0,0,0,""
"11-91-04-75","National remittances - cash transfers/gifts from individuals (relatives, friends) within the country",50000,"Lump sum (single payment)",1,.a,.a,,"",,"",,"",0,2,1,0,0,0,0,0,""
"47-86-51-93","Transfers (some kind of public/NGO transfer program (given money in daily/weekly/ monthly basis)",60000,"Every three months",1,.a,.a,"Poverty reduction program","","National government","","Cash","",0,1,2,3,0,0,0,0,""
"32-24-09-18","National remittances - cash transfers/gifts from individuals (relatives, friends) within the country",10000,"Every three months",2,.a,.a,,"",,"",,"",0,1,0,0,0,0,0,0,""
"32-24-09-18","Rental income, residential property (apartment, house)",10000,"Monthly",1,.a,.a,,"",,"",,"",0,1,0,0,0,0,0,0,""
"54-13-98-82","National remittances - cash transfers/gifts from individuals (relatives, friends) within the country",20000,"Monthly",1,2,.a,,"",,"",,"",0,1,0,2,0,0,0,0,""
"81-55-77-74","International remittances - cash transfers/gifts from individuals (relatives, friends) from abroad",5000,"Lump sum (single payment)",1,.a,.a,,"",,"",,"",0,1,0,0,0,0,0,0,""
"17-59-86-59","National remittances - cash transfers/gifts from individuals (relatives, friends) within the country",20000,"Monthly",1,.a,.a,,"",,"",,"",0,1,0,2,3,0,0,0,""
"89-73-28-02","National remittances - cash transfers/gifts from individuals (relatives, friends) within the country",20000,"Every 6 months",2,.a,.a,"Others ➡️ Specify","From children","National government","","Cash","",0,1,0,2,3,0,0,0,""
"89-73-28-02","Transfers (some kind of public/NGO transfer program (given money in daily/weekly/ monthly basis)",24000,"Monthly",1,2,.a,"Poverty reduction program","","National government","","Cash","",0,1,0,2,0,0,0,0,""
"14-55-50-79","National remittances - cash transfers/gifts from individuals (relatives, friends) within the country",140000,"Every three months",1,.a,.a,,"",,"",,"",0,1,0,0,0,0,0,0,""
"60-36-21-40","National remittances - cash transfers/gifts from individuals (relatives, friends) within the country",100000,"Every three months",1,2,.a,,"",,"",,"",0,1,0,0,0,0,0,0,""
"57-25-85-63","National remittances - cash transfers/gifts from individuals (relatives, friends) within the country",30000,"Every three months",1,.a,.a,,"",,"",,"",0,1,0,2,0,0,0,0,""
"73-98-72-78","National remittances - cash transfers/gifts from individuals (relatives, friends) within the country",100000,"Lump sum (single payment)",1,.a,.a,,"",,"",,"",0,2,1,3,0,0,0,0,""
"08-00-46-02","National remittances - cash transfers/gifts from individuals (relatives, friends) within the country",20000,"Lump sum (single payment)",1,.a,.a,"Others ➡️ Specify","Gift from relative","Other➡️specify","I don't know","Cash","",0,1,0,0,0,0,0,0,""
"08-00-46-02","Transfers (some kind of public/NGO transfer program (given money in daily/weekly/ monthly basis)",38000,"Every three months",1,.a,.a,"Older persons cash transfer","","Both national and local governments","","Cash","",0,1,0,2,0,0,0,0,""
"36-02-91-03","National remittances - cash transfers/gifts from individuals (relatives, friends) within the country",300000,"Lump sum (single payment)",1,.a,.a,"Older persons cash transfer","","Other➡️specify","friend","Cash","",0,1,2,0,0,0,0,0,""
"36-02-91-03","Transfers (some kind of public/NGO transfer program (given money in daily/weekly/ monthly basis)",58000,"Every three months",2,.a,.a,"Poverty reduction program","","NGO","","Food","",0,1,0,2,0,0,0,0,""
"64-42-73-18","National remittances - cash transfers/gifts from individuals (relatives, friends) within the country",50000,"Every three months",1,.a,.a,,"",,"",,"",0,1,0,2,0,0,0,0,""
"51-35-95-32","National remittances - cash transfers/gifts from individuals (relatives, friends) within the country",300000,"Every three months",2,.a,.a,,"",,"",,"",2,1,0,3,0,0,0,0,""
"45-15-07-99","National remittances - cash transfers/gifts from individuals (relatives, friends) within the country",100000,"Monthly",1,.a,.a,,"",,"",,"",0,1,3,2,4,0,0,0,""
"59-16-11-16","National remittances - cash transfers/gifts from individuals (relatives, friends) within the country",150000,"Monthly",1,.a,.a,"Poverty reduction program","","National government","","Food","",0,1,2,0,0,0,0,3,"agri inputs"
"59-16-11-16","Transfers (some kind of public/NGO transfer program (given money in daily/weekly/ monthly basis)",96000,"Monthly",1,.a,.a,"Older persons cash transfer","","National government","","Cash","",0,1,2,0,0,0,0,0,""
"78-92-27-80","National remittances - cash transfers/gifts from individuals (relatives, friends) within the country",20000,"Monthly",1,.a,.a,,"",,"",,"",0,1,0,0,0,0,0,0,""
"24-78-22-03","National remittances - cash transfers/gifts from individuals (relatives, friends) within the country",500000,"Monthly",1,2,.a,,"",,"",,"",0,1,2,0,0,0,0,0,""
"24-78-22-03","Savings, interest or other investment income",200000,"Lump sum (single payment)",2,.a,.a,,"",,"",,"",0,1,0,0,0,0,0,2,"paying hired labour"
"61-90-23-18","National remittances - cash transfers/gifts from individuals (relatives, friends) within the country",1000000,"Monthly",1,2,.a,,"",,"",,"",0,1,0,2,0,0,0,0,""
"36-41-14-75","National remittances - cash transfers/gifts from individuals (relatives, friends) within the country",30000,"Monthly",1,.a,.a,"Older persons cash transfer","","Other➡️specify","From friends and relatives","Cash","",0,1,0,2,0,0,0,0,""
"36-41-14-75","Transfers (some kind of public/NGO transfer program (given money in daily/weekly/ monthly basis)",24000,"Monthly",1,.a,.a,"Poverty reduction program","","National government","","Cash","",0,1,0,2,3,0,0,0,""
"13-30-97-65","International remittances - cash transfers/gifts from individuals (relatives, friends) from abroad",50000,"Lump sum (single payment)",1,.a,.a,,"",,"",,"",0,0,0,0,0,0,0,1,"AGRICULTURE"
"62-39-49-91","National remittances - cash transfers/gifts from individuals (relatives, friends) within the country",150000,"Monthly",1,.a,.a,,"",,"",,"",0,1,0,0,0,0,0,0,""
"62-39-49-91","Savings, interest or other investment income",450000,"Lump sum (single payment)",1,.a,.a,,"",,"",,"",0,0,0,0,1,0,0,0,""
"37-93-31-47","National remittances - cash transfers/gifts from individuals (relatives, friends) within the country",200000,"Lump sum (single payment)",2,.a,.a,,"",,"",,"",0,1,0,0,0,0,0,0,""
"41-29-34-43","National remittances - cash transfers/gifts from individuals (relatives, friends) within the country",100000,"Lump sum (single payment)",1,2,.a,,"",,"",,"",0,1,0,0,0,0,0,2,"agriculture activities"
"24-91-36-31","National remittances - cash transfers/gifts from individuals (relatives, friends) within the country",400000,"Monthly",1,2,.a,,"",,"",,"",0,1,0,0,0,0,0,2,"buying agri inputs"
"05-53-82-60","International remittances - cash transfers/gifts from individuals (relatives, friends) from abroad",50000,"Lump sum (single payment)",2,.a,.a,,"",,"",,"",0,2,1,3,0,0,0,0,""
"79-66-45-07","National remittances - cash transfers/gifts from individuals (relatives, friends) within the country",50000,"Lump sum (single payment)",1,.a,.a,,"",,"",,"",0,0,1,0,0,0,0,0,""
"78-15-69-36","Transfers (some kind of public/NGO transfer program (given money in daily/weekly/ monthly basis)",48000,"Every 6 months",1,.a,.a,"Older persons cash transfer","","National government","","Cash","",0,1,0,0,0,0,0,0,""
"53-49-72-57","Savings, interest or other investment income",100000,"Lump sum (single payment)",2,.a,.a,,"",,"",,"",0,0,0,0,0,0,0,1,"paying loans"
"64-59-07-31","National remittances - cash transfers/gifts from individuals (relatives, friends) within the country",100000,"Lump sum (single payment)",1,.a,.a,,"",,"",,"",0,1,0,0,0,0,0,0,""
"52-44-39-84","National remittances - cash transfers/gifts from individuals (relatives, friends) within the country",20000,"Monthly",1,.a,.a,"Others ➡️ Specify","From my children","National government","","Cash","",0,1,0,2,0,0,0,0,""
"52-44-39-84","Transfers (some kind of public/NGO transfer program (given money in daily/weekly/ monthly basis)",20000,"Monthly",1,.a,.a,"Poverty reduction program","","National government","","Cash","",0,1,0,2,0,0,0,0,""
"16-25-25-05","National remittances - cash transfers/gifts from individuals (relatives, friends) within the country",20000,"Every three months",1,.a,.a,"Others ➡️ Specify","From my children","National government","","Cash","",0,2,0,3,1,0,0,0,""
"16-25-25-05","Transfers (some kind of public/NGO transfer program (given money in daily/weekly/ monthly basis)",24000,"Monthly",1,.a,.a,"Poverty reduction program","","National government","","Cash","",0,1,0,2,3,0,0,0,""
"61-27-42-98","National remittances - cash transfers/gifts from individuals (relatives, friends) within the country",100000,"Every three months",1,.a,.a,,"",,"",,"",0,1,2,3,0,0,0,0,""
"47-23-15-41","Rental income, residential property (apartment, house)",300000,"Lump sum (single payment)",1,.a,.a,,"",,"",,"",0,0,0,1,0,0,0,0,""
"44-86-19-68","National remittances - cash transfers/gifts from individuals (relatives, friends) within the country",72000,"Lump sum (single payment)",1,.a,.a,,"",,"",,"",0,1,0,0,0,0,0,0,""
"99-24-36-43","National remittances - cash transfers/gifts from individuals (relatives, friends) within the country",300000,"Every year",1,.a,.a,,"",,"",,"",1,2,4,3,0,0,0,0,""
"99-24-36-43","International remittances - cash transfers/gifts from individuals (relatives, friends) from abroad",32000,"Every three months",1,.a,.a,,"",,"",,"",0,1,2,3,0,0,0,0,""
"38-84-93-57","National remittances - cash transfers/gifts from individuals (relatives, friends) within the country",20000,"Monthly",2,.a,.a,,"",,"",,"",0,0,0,0,0,0,0,1,"Labour to work on farm"
"52-85-47-82","National remittances - cash transfers/gifts from individuals (relatives, friends) within the country",200000,"Lump sum (single payment)",1,2,.a,,"",,"",,"",0,1,2,0,0,0,0,3,"agriculture activities"
"75-11-11-88","National remittances - cash transfers/gifts from individuals (relatives, friends) within the country",20000,"Every three months",1,.a,.a,,"",,"",,"",0,1,0,2,0,0,0,0,""
"22-78-28-40","National remittances - cash transfers/gifts from individuals (relatives, friends) within the country",30000,"Monthly",1,.a,.a,,"",,"",,"",0,1,0,0,0,0,0,0,""
"25-98-64-43","National remittances - cash transfers/gifts from individuals (relatives, friends) within the country",800000,"Every year",1,2,.a,,"",,"",,"",0,1,0,2,0,0,0,0,""
"04-89-61-71","National remittances - cash transfers/gifts from individuals (relatives, friends) within the country",600000,"Every year",1,.a,.a,,"",,"",,"",1,2,0,3,0,0,0,0,""
"58-73-17-40","Savings, interest or other investment income",350000,"Lump sum (single payment)",2,.a,.a,,"",,"",,"",0,1,2,0,0,0,0,0,""
"84-25-35-86","Savings, interest or other investment income",250000,"Lump sum (single payment)",1,.a,.a,,"",,"",,"",0,2,1,3,0,0,0,0,""
"53-27-67-24","International remittances - cash transfers/gifts from individuals (relatives, friends) from abroad",3000000,"Lump sum (single payment)",1,.a,.a,,"",,"",,"",0,1,0,0,0,0,0,0,""
"89-15-58-91","National remittances - cash transfers/gifts from individuals (relatives, friends) within the country",30000,"Monthly",1,.a,.a,,"",,"",,"",0,1,0,0,0,0,0,0,""
"86-71-54-16","National remittances - cash transfers/gifts from individuals (relatives, friends) within the country",50000,"Every three months",1,2,.a,,"",,"",,"",0,1,2,0,3,0,0,0,""
"86-71-54-16","Rental income, residential property (apartment, house)",40000,"Monthly",1,2,.a,,"",,"",,"",0,1,2,0,0,0,0,0,""
"60-73-62-17","National remittances - cash transfers/gifts from individuals (relatives, friends) within the country",220000,"Every three months",1,.a,.a,,"",,"",,"",0,1,3,2,0,0,0,0,""
"16-68-23-18","National remittances - cash transfers/gifts from individuals (relatives, friends) within the country",50000,"Lump sum (single payment)",1,2,.a,,"",,"",,"",0,1,0,0,0,0,0,0,""
"92-13-03-64","National remittances - cash transfers/gifts from individuals (relatives, friends) within the country",50000,"Every three months",1,.a,.a,,"",,"",,"",0,1,0,0,0,0,0,0,""
"92-13-03-64","Savings, interest or other investment income",70000,"Every three months",2,.a,.a,,"",,"",,"",0,2,0,0,1,0,0,0,""
"92-13-03-64","Rental income, residential property (apartment, house)",1680000,"Lump sum (single payment)",1,.a,.a,,"",,"",,"",0,1,4,3,2,0,0,0,""
"32-53-28-17","Rental income, residential property (apartment, house)",30000,"Monthly",2,.a,.a,,"",,"",,"",0,3,1,2,0,0,0,0,""
"86-17-31-91","National remittances - cash transfers/gifts from individuals (relatives, friends) within the country",20000,"Lump sum (single payment)",3,.a,.a,,"",,"",,"",0,0,0,0,1,0,0,0,""
"47-19-77-59","National remittances - cash transfers/gifts from individuals (relatives, friends) within the country",30000,"Every three months",1,.a,.a,,"",,"",,"",0,2,0,1,0,0,0,0,""
"43-65-32-18","Savings, interest or other investment income",670000,"Lump sum (single payment)",1,.a,.a,"Others ➡️ Specify","saving  group","Other➡️specify","residential  groups","Cash","",0,0,1,0,0,0,0,0,""
"43-65-32-18","Transfers (some kind of public/NGO transfer program (given money in daily/weekly/ monthly basis)",64000,"Every three months",2,.a,.a,"Poverty reduction program","","Both national and local governments","","Cash","",0,0,1,0,0,0,0,0,""
"20-11-50-00","National remittances - cash transfers/gifts from individuals (relatives, friends) within the country",5000,"Monthly",1,.a,.a,"Others ➡️ Specify","From my children","National government","","Cash","",0,1,3,2,0,0,0,0,""
"20-11-50-00","Transfers (some kind of public/NGO transfer program (given money in daily/weekly/ monthly basis)",24000,"Monthly",1,.a,.a,"Poverty reduction program","","National government","","Cash","",0,1,0,0,0,0,0,0,""
"93-65-33-33","National remittances - cash transfers/gifts from individuals (relatives, friends) within the country",50000,"Every three months",1,.a,.a,,"",,"",,"",0,1,0,0,0,0,0,0,""
"35-33-01-98","National remittances - cash transfers/gifts from individuals (relatives, friends) within the country",40000,"Monthly",1,.a,.a,,"",,"",,"",0,1,0,0,0,0,0,0,""
"83-02-65-23","Savings, interest or other investment income",100000,"Monthly",1,.a,.a,,"",,"",,"",0,0,0,1,0,0,0,0,""
"67-06-10-95","National remittances - cash transfers/gifts from individuals (relatives, friends) within the country",70000,"Every three months",2,.a,.a,,"",,"",,"",0,2,1,0,0,0,0,0,""
"96-49-31-22","National remittances - cash transfers/gifts from individuals (relatives, friends) within the country",500000,"Lump sum (single payment)",3,.a,.a,,"",,"",,"",0,1,2,3,0,0,0,0,""
"13-05-66-13","National remittances - cash transfers/gifts from individuals (relatives, friends) within the country",50000,"Monthly",1,.a,.a,,"",,"",,"",0,1,0,0,2,0,0,0,""
"13-05-66-13","Rental income, commercial (shop, store)",50000,"Monthly",1,.a,.a,,"",,"",,"",0,1,0,2,0,0,0,0,""
"67-06-61-48","National remittances - cash transfers/gifts from individuals (relatives, friends) within the country",50000,"Every three months",1,.a,.a,"Healthcare benefits","","Both national and local governments","","Cash","",0,0,0,1,0,0,0,0,""
"67-06-61-48","Rental income, residential property (apartment, house)",15000,"Monthly",1,2,.a,"Others ➡️ Specify","house rent","Other➡️specify","private individuals","Cash","",0,1,0,2,0,0,0,0,""
"67-06-61-48","Transfers (some kind of public/NGO transfer program (given money in daily/weekly/ monthly basis)",100000,"Monthly",1,.a,.a,"Pension","","National government","","Cash","",0,1,0,2,0,0,0,0,""
"89-00-56-37","National remittances - cash transfers/gifts from individuals (relatives, friends) within the country",2000000,"Monthly",2,.a,.a,,"",,"",,"",1,0,0,0,0,0,0,2,"health"
"89-00-56-37","Savings, interest or other investment income",300000,"Lump sum (single payment)",2,.a,.a,,"",,"",,"",2,3,0,0,0,0,0,1,"bought cell phone"
"94-91-64-84","National remittances - cash transfers/gifts from individuals (relatives, friends) within the country",20000,"Every three months",1,.a,.a,,"",,"",,"",0,1,0,0,2,0,0,0,""
"41-54-65-45","Rental income, commercial (shop, store)",450000,"Monthly",1,2,.a,,"",,"",,"",4,1,2,3,0,0,0,0,""
"14-43-79-24","Savings, interest or other investment income",30000,"Monthly",1,2,.a,,"",,"",,"",1,2,0,0,0,0,0,0,""
"48-67-43-42","National remittances - cash transfers/gifts from individuals (relatives, friends) within the country",3000000,"Monthly",1,2,.a,,"",,"",,"",1,3,2,0,0,0,0,0,""
"46-95-07-61","Transfers (some kind of public/NGO transfer program (given money in daily/weekly/ monthly basis)",100000,"Monthly",1,.a,.a,"Pension","","Both national and local governments","","Cash","",0,1,2,3,0,0,0,0,""
"97-29-47-65","Transfers (some kind of public/NGO transfer program (given money in daily/weekly/ monthly basis)",400000,"Monthly",2,.a,.a,"Pension","","National government","","Cash","",0,1,0,2,0,0,0,0,""
"74-85-56-04","National remittances - cash transfers/gifts from individuals (relatives, friends) within the country",100000,"Lump sum (single payment)",2,.a,.a,,"",,"",,"",0,1,2,3,0,0,0,0,""
"50-63-58-49","National remittances - cash transfers/gifts from individuals (relatives, friends) within the country",500000,"Every year",1,.a,.a,,"",,"",,"",0,1,2,3,0,0,0,0,""
"37-89-69-52","Rental income, residential property (apartment, house)",145000,"Monthly",1,2,.a,,"",,"",,"",0,1,0,2,0,0,0,0,""
"37-89-69-52","Rental income, commercial (shop, store)",1500000,"Monthly",1,2,.a,,"",,"",,"",1,0,2,3,0,0,0,0,""
"29-36-47-57","National remittances - cash transfers/gifts from individuals (relatives, friends) within the country",10000,"Every three months",1,.a,.a,,"",,"",,"",0,1,0,0,0,0,0,0,""
"64-03-84-99","National remittances - cash transfers/gifts from individuals (relatives, friends) within the country",70000,"Lump sum (single payment)",1,.a,.a,,"",,"",,"",0,1,0,0,0,0,0,0,""
"49-82-95-52","National remittances - cash transfers/gifts from individuals (relatives, friends) within the country",300000,"Lump sum (single payment)",1,.a,.a,,"",,"",,"",0,1,2,3,0,0,0,0,""
"59-43-90-91","National remittances - cash transfers/gifts from individuals (relatives, friends) within the country",10000,"Monthly",1,.a,.a,,"",,"",,"",0,2,0,0,1,0,0,0,""
"90-76-57-66","National remittances - cash transfers/gifts from individuals (relatives, friends) within the country",50000,"Every three months",1,.a,.a,,"",,"",,"",0,1,0,0,0,0,0,0,""
"69-63-24-75","National remittances - cash transfers/gifts from individuals (relatives, friends) within the country",5000,"Monthly",2,.a,.a,,"",,"",,"",0,1,0,2,0,0,0,0,""
"98-67-98-63","National remittances - cash transfers/gifts from individuals (relatives, friends) within the country",50000,"Lump sum (single payment)",1,.a,.a,"Healthcare benefits","","NGO","","Cash","",0,1,0,2,0,0,0,0,""
"98-67-98-63","Transfers (some kind of public/NGO transfer program (given money in daily/weekly/ monthly basis)",75000,"Every three months",1,.a,.a,"Poverty reduction program","","National government","","Cash","",0,1,0,2,0,0,0,0,""
"27-72-61-17","National remittances - cash transfers/gifts from individuals (relatives, friends) within the country",200000,"Lump sum (single payment)",2,.a,.a,,"",,"",,"",0,1,0,2,0,0,0,0,""
"27-72-61-17","Savings, interest or other investment income",400000,"Lump sum (single payment)",2,.a,.a,,"",,"",,"",0,1,0,0,0,0,0,0,""
"27-72-61-17","Rental income, residential property (apartment, house)",150000,"Lump sum (single payment)",1,2,.a,,"",,"",,"",0,1,0,0,0,0,0,0,""
"37-84-88-65","National remittances - cash transfers/gifts from individuals (relatives, friends) within the country",20000,"Monthly",1,.a,.a,,"",,"",,"",0,2,1,4,3,0,0,0,""
"14-81-03-80","National remittances - cash transfers/gifts from individuals (relatives, friends) within the country",20000,"Every three months",1,.a,.a,,"",,"",,"",0,1,0,0,0,0,0,0,""
"53-19-96-03","National remittances - cash transfers/gifts from individuals (relatives, friends) within the country",20000,"Every three months",2,.a,.a,,"",,"",,"",0,0,1,0,0,0,0,0,""
"53-19-96-03","Savings, interest or other investment income",900000,"Lump sum (single payment)",2,.a,.a,,"",,"",,"",0,2,0,0,0,0,0,1,"buying agri inputs"
"46-19-90-07","Savings, interest or other investment income",20000,"Monthly",1,.a,.a,,"",,"",,"",0,1,0,0,0,0,0,0,""
"35-00-29-50","National remittances - cash transfers/gifts from individuals (relatives, friends) within the country",1000000,"Lump sum (single payment)",1,.a,.a,,"",,"",,"",1,2,0,0,0,0,0,0,""
"35-00-29-50","Savings, interest or other investment income",90000,"Lump sum (single payment)",1,2,.a,,"",,"",,"",0,0,0,0,0,0,0,1,"agriculture activities"
"62-32-74-83","National remittances - cash transfers/gifts from individuals (relatives, friends) within the country",50000,"Every three months",2,3,.a,,"",,"",,"",0,1,0,0,0,0,0,0,""
"38-96-93-13","National remittances - cash transfers/gifts from individuals (relatives, friends) within the country",150000,"Lump sum (single payment)",1,.a,.a,,"",,"",,"",0,1,0,2,0,0,0,0,""
"38-96-93-13","Rental income, residential property (apartment, house)",350000,"Lump sum (single payment)",1,.a,.a,,"",,"",,"",0,1,0,2,0,0,0,0,""
"66-94-31-99","National remittances - cash transfers/gifts from individuals (relatives, friends) within the country",30000,"Lump sum (single payment)",5,.a,.a,,"",,"",,"",0,1,0,0,0,0,0,2,"home use"
"49-37-92-04","National remittances - cash transfers/gifts from individuals (relatives, friends) within the country",290000,"Lump sum (single payment)",2,.a,.a,,"",,"",,"",0,1,0,0,2,0,0,0,""
"21-55-58-12","National remittances - cash transfers/gifts from individuals (relatives, friends) within the country",100000,"Lump sum (single payment)",1,.a,.a,,"",,"",,"",0,0,0,0,1,0,0,0,""
"21-55-58-12","Rental income, commercial (shop, store)",150000,"Every three months",1,.a,.a,,"",,"",,"",0,1,2,3,0,0,0,0,""
"12-96-07-43","National remittances - cash transfers/gifts from individuals (relatives, friends) within the country",20000,"Lump sum (single payment)",2,.a,.a,,"",,"",,"",0,1,0,0,0,0,0,0,""
"93-06-19-65","National remittances - cash transfers/gifts from individuals (relatives, friends) within the country",1000000,"Every 6 months",1,.a,.a,,"",,"",,"",0,3,2,4,1,0,0,0,""
"11-66-34-17","Rental income, commercial (shop, store)",400000,"Monthly",2,.a,.a,,"",,"",,"",1,2,0,0,0,0,0,0,""
"56-59-99-19","Savings, interest or other investment income",50000,"Every three months",1,.a,.a,,"",,"",,"",0,1,0,0,0,0,0,0,""
"31-05-57-57","National remittances - cash transfers/gifts from individuals (relatives, friends) within the country",200000,"Lump sum (single payment)",1,2,.a,,"",,"",,"",0,1,0,0,0,0,0,0,""
"78-11-12-15","National remittances - cash transfers/gifts from individuals (relatives, friends) within the country",50000,"Lump sum (single payment)",1,.a,.a,,"",,"",,"",0,0,0,0,0,0,0,1,"farming"
"46-31-75-02","National remittances - cash transfers/gifts from individuals (relatives, friends) within the country",100000,"Lump sum (single payment)",1,.a,.a,,"",,"",,"",1,2,0,3,4,0,0,0,""
"46-31-75-02","Savings, interest or other investment income",105000,"Every three months",1,.a,.a,,"",,"",,"",0,3,0,0,2,0,0,1,"I send the money to my mother for her needs and that of my daughters"
"44-58-66-87","National remittances - cash transfers/gifts from individuals (relatives, friends) within the country",400000,"Lump sum (single payment)",1,.a,.a,,"",,"",,"",0,1,3,2,0,0,0,0,""
"78-30-57-92","Savings, interest or other investment income",1000000,"Lump sum (single payment)",2,.a,.a,,"",,"",,"",0,1,2,3,4,0,0,0,""
"46-37-91-60","National remittances - cash transfers/gifts from individuals (relatives, friends) within the country",44000,"Every three months",1,.a,.a,,"",,"",,"",0,1,0,0,0,0,0,0,""
"46-37-91-60","Rental income, residential property (apartment, house)",160000,"Lump sum (single payment)",1,.a,.a,,"",,"",,"",0,1,0,0,0,0,0,0,""
"67-68-95-71","National remittances - cash transfers/gifts from individuals (relatives, friends) within the country",300000,"Every three months",1,2,.a,,"",,"",,"",0,2,3,0,1,0,0,0,""
"40-87-67-76","Rental income, residential property (apartment, house)",500000,"Lump sum (single payment)",1,2,.a,,"",,"",,"",0,0,0,0,0,0,0,1,"agriculture activities"
"99-42-64-05","National remittances - cash transfers/gifts from individuals (relatives, friends) within the country",1500000,"Lump sum (single payment)",2,.a,.a,,"",,"",,"",0,1,3,2,0,0,0,0,""
"05-63-81-75","National remittances - cash transfers/gifts from individuals (relatives, friends) within the country",80000,"Lump sum (single payment)",1,.a,.a,,"",,"",,"",0,0,0,1,0,0,0,0,""
"30-58-59-34","National remittances - cash transfers/gifts from individuals (relatives, friends) within the country",200000,"Lump sum (single payment)",1,.a,.a,,"",,"",,"",0,1,0,0,0,0,0,0,""
"74-41-82-14","National remittances - cash transfers/gifts from individuals (relatives, friends) within the country",15000,"Monthly",1,.a,.a,,"",,"",,"",0,1,0,2,0,0,0,0,""
"01-07-36-19","National remittances - cash transfers/gifts from individuals (relatives, friends) within the country",50000,"Monthly",1,.a,.a,,"",,"",,"",0,1,0,0,0,0,0,0,""
"48-62-04-43","National remittances - cash transfers/gifts from individuals (relatives, friends) within the country",50000,"Monthly",1,.a,.a,,"",,"",,"",0,1,0,2,0,0,0,0,""
"17-40-48-73","National remittances - cash transfers/gifts from individuals (relatives, friends) within the country",1,"Lump sum (single payment)",1,2,.a,,"",,"",,"",0,1,0,0,0,0,0,0,""
"10-94-03-72","National remittances - cash transfers/gifts from individuals (relatives, friends) within the country",60000,"Lump sum (single payment)",2,.a,.a,,"",,"",,"",0,1,2,0,0,0,0,0,""
"99-02-51-45","Savings, interest or other investment income",15000,"Lump sum (single payment)",1,.a,.a,,"",,"",,"",0,0,0,0,0,0,0,1,"agriculture"
"80-26-66-95","National remittances - cash transfers/gifts from individuals (relatives, friends) within the country",120000,"Lump sum (single payment)",1,.a,.a,,"",,"",,"",0,1,0,2,0,0,0,0,""
"90-43-64-15","National remittances - cash transfers/gifts from individuals (relatives, friends) within the country",100000,"Monthly",2,.a,.a,,"",,"",,"",0,1,0,0,0,0,0,0,""
"83-78-16-55","National remittances - cash transfers/gifts from individuals (relatives, friends) within the country",190000,"Lump sum (single payment)",1,.a,.a,,"",,"",,"",0,1,0,0,0,0,0,2,"agricultre purpose"
"83-78-16-55","Savings, interest or other investment income",200000,"Lump sum (single payment)",2,.a,.a,,"",,"",,"",0,1,2,0,0,0,0,0,""
"16-36-46-03","Savings, interest or other investment income",200000,"Monthly",1,.a,.a,,"",,"",,"",3,1,2,0,0,0,0,0,""
"29-33-47-98","Rental income, residential property (apartment, house)",150000,"Monthly",1,.a,.a,,"",,"",,"",0,1,0,2,0,0,0,0,""
"53-26-25-13","National remittances - cash transfers/gifts from individuals (relatives, friends) within the country",1000000,"Lump sum (single payment)",1,.a,.a,,"",,"",,"",2,1,0,0,0,0,0,0,""
"73-14-84-43","National remittances - cash transfers/gifts from individuals (relatives, friends) within the country",200000,"Lump sum (single payment)",1,.a,.a,,"",,"",,"",0,2,0,1,0,0,0,0,""
"07-05-98-97","National remittances - cash transfers/gifts from individuals (relatives, friends) within the country",10000,"Lump sum (single payment)",2,.a,.a,"Others ➡️ Specify","food support","Other➡️specify","enterprenuer","Cash","",0,1,0,0,0,0,0,0,""
"07-05-98-97","Transfers (some kind of public/NGO transfer program (given money in daily/weekly/ monthly basis)",36000,"Every three months",1,2,.a,"Poverty reduction program","","National government","","Cash","",0,1,0,2,0,0,0,0,""
"84-88-48-48","National remittances - cash transfers/gifts from individuals (relatives, friends) within the country",10000,"Lump sum (single payment)",1,.a,.a,,"",,"",,"",0,1,0,0,0,0,0,0,""
"54-31-68-36","National remittances - cash transfers/gifts from individuals (relatives, friends) within the country",100000,"Monthly",1,2,.a,,"",,"",,"",0,2,0,3,1,0,0,0,""
"45-71-98-33","National remittances - cash transfers/gifts from individuals (relatives, friends) within the country",60000,"Lump sum (single payment)",2,.a,.a,,"",,"",,"",0,1,0,2,0,0,0,0,""
"27-11-46-19","National remittances - cash transfers/gifts from individuals (relatives, friends) within the country",100000,"Monthly",1,.a,.a,,"",,"",,"",0,1,0,2,3,0,0,0,""
"36-68-49-71","National remittances - cash transfers/gifts from individuals (relatives, friends) within the country",10000,"Lump sum (single payment)",3,.a,.a,,"",,"",,"",0,1,0,0,0,0,0,0,""
"68-16-01-33","Rental income, residential property (apartment, house)",140000,"Lump sum (single payment)",1,.a,.a,,"",,"",,"",0,1,0,0,0,0,0,0,""
"61-84-87-27","National remittances - cash transfers/gifts from individuals (relatives, friends) within the country",50000,"Every three months",2,.a,.a,,"",,"",,"",0,1,0,0,0,0,0,0,""
"61-84-87-27","Rental income, commercial (shop, store)",600000,"Monthly",2,.a,.a,,"",,"",,"",3,1,0,4,2,0,0,0,""
"20-43-08-03","National remittances - cash transfers/gifts from individuals (relatives, friends) within the country",40000,"Lump sum (single payment)",1,.a,.a,,"",,"",,"",0,1,0,0,0,0,0,0,""
"82-59-96-75","National remittances - cash transfers/gifts from individuals (relatives, friends) within the country",20000,"Lump sum (single payment)",1,.a,.a,,"",,"",,"",0,1,0,0,0,0,0,0,""
"55-72-94-92","National remittances - cash transfers/gifts from individuals (relatives, friends) within the country",20000,"Monthly",1,.a,.a,,"",,"",,"",0,1,0,0,0,0,0,0,""
"58-19-75-80","Rental income, residential property (apartment, house)",100000,"Monthly",1,.a,.a,,"",,"",,"",0,1,0,0,0,0,0,0,""
"29-86-85-66","National remittances - cash transfers/gifts from individuals (relatives, friends) within the country",30000,"Monthly",1,.a,.a,,"",,"",,"",0,1,0,0,0,0,0,0,""
"88-73-32-16","National remittances - cash transfers/gifts from individuals (relatives, friends) within the country",100000,"Lump sum (single payment)",2,.a,.a,,"",,"",,"",0,1,0,0,0,0,0,0,""
"55-56-00-41","National remittances - cash transfers/gifts from individuals (relatives, friends) within the country",20000,"Lump sum (single payment)",1,.a,.a,"Healthcare benefits","","Local county government","","Cash","",0,0,0,1,0,0,0,0,""
"55-56-00-41","Transfers (some kind of public/NGO transfer program (given money in daily/weekly/ monthly basis)",90000,"Monthly",1,.a,.a,"Pension","","National government","","Cash","",0,1,0,2,0,0,0,0,""
"34-77-61-74","National remittances - cash transfers/gifts from individuals (relatives, friends) within the country",50000,"Lump sum (single payment)",1,.a,.a,,"",,"",,"",0,1,0,0,0,0,0,0,""
"34-77-61-74","Rental income, residential property (apartment, house)",50000,"Lump sum (single payment)",1,.a,.a,,"",,"",,"",0,1,0,0,0,0,0,0,""
"76-40-74-03","National remittances - cash transfers/gifts from individuals (relatives, friends) within the country",50000,"Lump sum (single payment)",1,2,.a,,"",,"",,"",0,1,0,2,0,0,0,0,""
"06-67-72-60","National remittances - cash transfers/gifts from individuals (relatives, friends) within the country",300000,"Lump sum (single payment)",1,.a,.a,,"",,"",,"",0,1,0,2,0,0,0,0,""
"49-95-19-41","National remittances - cash transfers/gifts from individuals (relatives, friends) within the country",300000,"Monthly",1,2,.a,,"",,"",,"",0,1,0,0,0,0,0,0,""
"49-95-19-41","Savings, interest or other investment income",160000,"Lump sum (single payment)",2,.a,.a,,"",,"",,"",1,0,0,0,0,0,0,0,""
"49-01-19-20","National remittances - cash transfers/gifts from individuals (relatives, friends) within the country",24000,"Every three months",2,.a,.a,,"",,"",,"",0,1,0,0,0,0,0,0,""
"49-01-19-20","Rental income, residential property (apartment, house)",200000,"Lump sum (single payment)",1,.a,.a,,"",,"",,"",0,1,0,0,0,0,0,0,""
"06-30-46-81","National remittances - cash transfers/gifts from individuals (relatives, friends) within the country",2000000,"Lump sum (single payment)",2,.a,.a,,"",,"",,"",2,1,3,0,0,0,0,0,""
"05-55-74-03","National remittances - cash transfers/gifts from individuals (relatives, friends) within the country",48000,"Lump sum (single payment)",3,.a,.a,,"",,"",,"",0,1,0,0,0,0,0,0,""
"56-78-80-92","National remittances - cash transfers/gifts from individuals (relatives, friends) within the country",10000,"Lump sum (single payment)",1,.a,.a,,"",,"",,"",0,1,0,0,0,0,0,0,""
"81-46-38-58","National remittances - cash transfers/gifts from individuals (relatives, friends) within the country",24000,"Every three months",1,.a,.a,,"",,"",,"",0,2,0,1,0,0,0,0,""
"08-94-56-34","National remittances - cash transfers/gifts from individuals (relatives, friends) within the country",85000,"Lump sum (single payment)",1,.a,.a,,"",,"",,"",0,0,0,1,0,0,0,0,""
"11-04-05-87","National remittances - cash transfers/gifts from individuals (relatives, friends) within the country",100000,"Lump sum (single payment)",1,2,.a,,"",,"",,"",0,1,0,0,0,0,0,0,""
"69-48-65-88","National remittances - cash transfers/gifts from individuals (relatives, friends) within the country",1000000,"Lump sum (single payment)",1,.a,.a,,"",,"",,"",0,1,0,2,3,0,0,0,""
"18-22-43-52","National remittances - cash transfers/gifts from individuals (relatives, friends) within the country",350000,"Lump sum (single payment)",1,2,.a,,"",,"",,"",0,1,2,0,0,0,0,0,""
"30-41-77-21","National remittances - cash transfers/gifts from individuals (relatives, friends) within the country",37000,"Lump sum (single payment)",1,.a,.a,,"",,"",,"",0,1,0,0,0,0,0,0,""
"30-41-77-21","Savings, interest or other investment income",60000,"Monthly",1,.a,.a,,"",,"",,"",0,0,0,2,1,0,0,0,""
"59-58-27-54","National remittances - cash transfers/gifts from individuals (relatives, friends) within the country",100000,"Lump sum (single payment)",1,.a,.a,,"",,"",,"",0,1,0,2,0,0,0,0,""
"13-48-51-56","Rental income, residential property (apartment, house)",20000,"Monthly",1,.a,.a,,"",,"",,"",4,1,2,3,0,0,0,0,""
"13-03-04-40","Rental income, residential property (apartment, house)",100000,"Lump sum (single payment)",2,.a,.a,,"",,"",,"",0,1,0,2,0,0,0,0,""
"48-62-05-19","National remittances - cash transfers/gifts from individuals (relatives, friends) within the country",50000,"Every three months",1,.a,.a,,"",,"",,"",0,1,0,2,0,0,0,0,""
"48-62-05-19","Rental income, residential property (apartment, house)",40000,"Monthly",1,.a,.a,,"",,"",,"",2,1,0,3,0,0,0,0,""
"77-95-12-00","Savings, interest or other investment income",50000,"Lump sum (single payment)",1,.a,.a,,"",,"",,"",0,1,0,0,0,0,0,0,""
"04-93-15-62","National remittances - cash transfers/gifts from individuals (relatives, friends) within the country",10000,"Lump sum (single payment)",2,.a,.a,,"",,"",,"",0,1,0,0,0,0,0,0,""
"75-26-65-92","National remittances - cash transfers/gifts from individuals (relatives, friends) within the country",10000,"Every 6 months",1,.a,.a,,"",,"",,"",0,1,2,3,0,0,0,0,""
"75-26-65-92","Rental income, residential property (apartment, house)",200000,"Monthly",1,.a,.a,,"",,"",,"",2,1,3,4,0,0,0,0,""
"40-73-60-05","National remittances - cash transfers/gifts from individuals (relatives, friends) within the country",500000,"Lump sum (single payment)",1,.a,.a,,"",,"",,"",0,1,0,0,0,0,0,0,""
"64-68-41-59","Savings, interest or other investment income",1360000,"Monthly",1,.a,.a,,"",,"",,"",0,1,2,3,0,0,0,0,""
"76-41-72-83","International remittances - cash transfers/gifts from individuals (relatives, friends) from abroad",50000,"Every three months",2,.a,.a,,"",,"",,"",0,1,0,0,0,0,0,0,""
"29-97-06-38","National remittances - cash transfers/gifts from individuals (relatives, friends) within the country",180000,"Lump sum (single payment)",1,.a,.a,,"",,"",,"",0,0,0,1,0,0,0,0,""
"29-97-06-38","Rental income, residential property (apartment, house)",10000,"Monthly",1,.a,.a,,"",,"",,"",0,1,0,0,0,0,0,0,""
"46-55-47-04","National remittances - cash transfers/gifts from individuals (relatives, friends) within the country",1000000,"Monthly",1,.a,.a,,"",,"",,"",1,2,0,0,0,0,0,0,""
"46-55-47-04","Rental income, commercial (shop, store)",30000,"Monthly",1,2,.a,,"",,"",,"",1,2,3,0,0,0,0,0,""
"35-89-93-14","National remittances - cash transfers/gifts from individuals (relatives, friends) within the country",10000,"Lump sum (single payment)",1,.a,.a,,"",,"",,"",0,0,0,1,0,0,0,2,"funeral contributions"
"61-98-86-86","National remittances - cash transfers/gifts from individuals (relatives, friends) within the country",100000,"Lump sum (single payment)",1,.a,.a,,"",,"",,"",0,1,0,0,0,0,0,0,""
"61-87-19-25","National remittances - cash transfers/gifts from individuals (relatives, friends) within the country",100000,"Lump sum (single payment)",3,.a,.a,,"",,"",,"",0,1,0,0,0,0,0,0,""
"61-87-19-25","Rental income, residential property (apartment, house)",90000,"Monthly",1,2,.a,,"",,"",,"",2,1,0,3,0,0,0,0,""
"18-67-33-19","National remittances - cash transfers/gifts from individuals (relatives, friends) within the country",10000,"Lump sum (single payment)",1,.a,.a,,"",,"",,"",0,0,0,1,0,0,0,0,""
"14-75-52-28","National remittances - cash transfers/gifts from individuals (relatives, friends) within the country",30000,"Monthly",1,.a,.a,,"",,"",,"",0,1,0,2,0,0,0,0,""
"68-35-97-06","National remittances - cash transfers/gifts from individuals (relatives, friends) within the country",47000,"Lump sum (single payment)",2,.a,.a,,"",,"",,"",0,0,0,1,0,0,0,0,""
"00-22-25-11","National remittances - cash transfers/gifts from individuals (relatives, friends) within the country",60000,"Monthly",1,.a,.a,,"",,"",,"",0,1,0,0,0,0,0,0,""
"00-22-25-11","Savings, interest or other investment income",60000,"Lump sum (single payment)",1,.a,.a,,"",,"",,"",0,0,0,0,0,0,0,1,"Buying my own necessities like clothes"
"82-96-57-24","National remittances - cash transfers/gifts from individuals (relatives, friends) within the country",100000,"Lump sum (single payment)",1,.a,.a,,"",,"",,"",0,1,0,2,0,0,0,0,""
"98-34-87-15","National remittances - cash transfers/gifts from individuals (relatives, friends) within the country",15000,"Monthly",2,.a,.a,,"",,"",,"",0,2,1,0,3,0,0,0,""
"73-85-71-84","National remittances - cash transfers/gifts from individuals (relatives, friends) within the country",200000,"Every year",1,.a,.a,,"",,"",,"",0,0,1,0,0,0,0,0,""
"27-45-94-38","National remittances - cash transfers/gifts from individuals (relatives, friends) within the country",5000,"Lump sum (single payment)",2,.a,.a,,"",,"",,"",0,1,0,0,0,0,0,0,""
"07-14-85-97","Other➡️specify:",280000,"Monthly",1,.a,.a,,"",,"",,"",1,0,0,0,2,0,0,0,""
"55-58-44-60","National remittances - cash transfers/gifts from individuals (relatives, friends) within the country",20000,"Every three months",1,.a,.a,,"",,"",,"",0,1,0,0,0,0,0,0,""
"54-97-37-44","National remittances - cash transfers/gifts from individuals (relatives, friends) within the country",400000,"Lump sum (single payment)",1,.a,.a,,"",,"",,"",0,1,0,0,0,0,0,0,""
"54-97-37-44","Rental income, residential property (apartment, house)",10000,"Monthly",1,.a,.a,,"",,"",,"",1,2,0,0,0,0,0,0,""
"25-51-59-02","National remittances - cash transfers/gifts from individuals (relatives, friends) within the country",50000,"Lump sum (single payment)",1,.a,.a,,"",,"",,"",0,1,0,2,0,0,0,0,""
"25-51-59-02","Savings, interest or other investment income",300000,"Every year",1,.a,.a,,"",,"",,"",0,1,0,2,0,0,0,0,""
"69-46-62-21","National remittances - cash transfers/gifts from individuals (relatives, friends) within the country",10000,"Lump sum (single payment)",1,.a,.a,,"",,"",,"",0,1,0,0,0,0,0,0,""
"69-92-29-73","Transfers (some kind of public/NGO transfer program (given money in daily/weekly/ monthly basis)",40000,"Every three months",1,.a,.a,"Poverty reduction program","","National government","","Cash","",0,1,0,0,0,0,0,0,""
"37-17-48-58","National remittances - cash transfers/gifts from individuals (relatives, friends) within the country",150000,"Lump sum (single payment)",1,.a,.a,,"",,"",,"",0,1,0,2,0,0,0,0,""
"27-89-15-08","National remittances - cash transfers/gifts from individuals (relatives, friends) within the country",100000,"Lump sum (single payment)",1,2,.a,,"",,"",,"",0,1,0,0,0,0,0,0,""
"38-15-27-24","National remittances - cash transfers/gifts from individuals (relatives, friends) within the country",30000,"Monthly",1,2,.a,,"",,"",,"",0,1,3,4,2,0,0,0,""
"38-15-27-24","Savings, interest or other investment income",560000,"Lump sum (single payment)",1,.a,.a,,"",,"",,"",0,1,0,2,3,0,0,4,"Buying my clothes and those of my children"
"07-04-06-31","National remittances - cash transfers/gifts from individuals (relatives, friends) within the country",20000,"Monthly",1,.a,.a,,"",,"",,"",0,2,1,0,0,0,0,0,""
"07-04-06-31","Savings, interest or other investment income",300000,"Lump sum (single payment)",1,.a,.a,,"",,"",,"",0,0,1,0,0,0,0,0,""
"00-51-21-96","National remittances - cash transfers/gifts from individuals (relatives, friends) within the country",50000,"Monthly",1,2,.a,,"",,"",,"",1,2,3,4,0,0,0,0,""
"06-67-52-73","Transfers (some kind of public/NGO transfer program (given money in daily/weekly/ monthly basis)",350000,"Every three months",1,.a,.a,"Older persons cash transfer","","National government","","Cash","",1,0,0,0,0,0,0,0,""
"95-39-48-28","National remittances - cash transfers/gifts from individuals (relatives, friends) within the country",30000,"Lump sum (single payment)",1,.a,.a,,"",,"",,"",0,1,2,0,0,0,0,0,""
"10-32-71-90","National remittances - cash transfers/gifts from individuals (relatives, friends) within the country",20000,"Lump sum (single payment)",1,.a,.a,,"",,"",,"",0,1,0,0,0,0,0,0,""
"20-98-55-75","National remittances - cash transfers/gifts from individuals (relatives, friends) within the country",50000,"Lump sum (single payment)",2,.a,.a,,"",,"",,"",0,1,0,0,0,0,0,0,""
"03-15-75-14","National remittances - cash transfers/gifts from individuals (relatives, friends) within the country",50000,"Every 6 months",1,.a,.a,,"",,"",,"",0,1,0,2,0,0,0,0,""
"50-57-49-63","National remittances - cash transfers/gifts from individuals (relatives, friends) within the country",20000,"Monthly",1,.a,.a,,"",,"",,"",0,1,0,0,2,0,0,0,""
"60-32-51-97","Savings, interest or other investment income",800000,"Every year",1,.a,.a,,"",,"",,"",0,1,2,0,0,0,0,0,""
"52-97-46-11","National remittances - cash transfers/gifts from individuals (relatives, friends) within the country",15000,"Monthly",1,.a,.a,,"",,"",,"",0,1,3,0,2,0,0,0,""
"52-97-46-11","Savings, interest or other investment income",200000,"Lump sum (single payment)",2,.a,.a,,"",,"",,"",0,1,0,0,0,0,0,0,""
"43-02-03-01","Transfers (some kind of public/NGO transfer program (given money in daily/weekly/ monthly basis)",34000,"Every 6 months",2,.a,.a,"Poverty reduction program","","National government","","Cash","",0,1,0,0,0,0,0,0,""
"65-71-79-01","National remittances - cash transfers/gifts from individuals (relatives, friends) within the country",15000,"Lump sum (single payment)",1,.a,.a,,"",,"",,"",0,1,0,0,0,0,0,0,""
"70-40-73-54","National remittances - cash transfers/gifts from individuals (relatives, friends) within the country",300000,"Lump sum (single payment)",2,.a,.a,,"",,"",,"",1,0,0,0,0,0,0,0,""
"88-42-92-11","National remittances - cash transfers/gifts from individuals (relatives, friends) within the country",110000,"Lump sum (single payment)",1,.a,.a,,"",,"",,"",0,1,0,0,0,0,0,0,""
"37-29-80-51","Savings, interest or other investment income",300000,"Lump sum (single payment)",1,2,.a,,"",,"",,"",0,1,0,0,0,0,0,0,""
"46-39-02-59","National remittances - cash transfers/gifts from individuals (relatives, friends) within the country",50000,"Lump sum (single payment)",2,.a,.a,,"",,"",,"",0,1,0,0,0,0,0,0,""
"28-20-80-35","Savings, interest or other investment income",250000,"Every year",1,.a,.a,,"",,"",,"",0,0,1,0,0,0,0,2,"agricultural activities"
"92-09-40-22","National remittances - cash transfers/gifts from individuals (relatives, friends) within the country",100000,"Monthly",1,2,.a,,"",,"",,"",0,2,3,1,0,0,0,0,""
"78-85-83-34","National remittances - cash transfers/gifts from individuals (relatives, friends) within the country",40000,"Monthly",1,2,.a,,"",,"",,"",0,0,1,0,0,0,0,0,""
"91-55-85-33","National remittances - cash transfers/gifts from individuals (relatives, friends) within the country",100000,"Lump sum (single payment)",1,.a,.a,,"",,"",,"",0,1,3,2,0,0,0,0,""
"40-53-56-12","National remittances - cash transfers/gifts from individuals (relatives, friends) within the country",50000,"Lump sum (single payment)",1,.a,.a,,"",,"",,"",0,2,0,1,0,0,0,0,""
"40-53-56-12","Rental income, residential property (apartment, house)",1000000,"Lump sum (single payment)",1,.a,.a,,"",,"",,"",0,2,0,1,0,0,0,0,""
"02-60-78-89","Rental income, commercial (shop, store)",150000,"Monthly",1,2,.a,,"",,"",,"",0,1,0,0,0,0,0,0,""
"35-46-63-78","National remittances - cash transfers/gifts from individuals (relatives, friends) within the country",60000,"Monthly",2,.a,.a,,"",,"",,"",0,1,2,0,0,0,0,0,""
"35-46-63-78","Rental income, residential property (apartment, house)",150000,"Monthly",1,.a,.a,,"",,"",,"",0,1,0,0,2,0,0,0,""
"78-47-97-25","National remittances - cash transfers/gifts from individuals (relatives, friends) within the country",200000,"Lump sum (single payment)",1,.a,.a,,"",,"",,"",0,1,0,0,0,0,0,0,""
"78-47-97-25","Rental income, residential property (apartment, house)",500000,"Lump sum (single payment)",1,.a,.a,,"",,"",,"",0,1,2,3,0,0,0,0,""
"37-69-53-39","National remittances - cash transfers/gifts from individuals (relatives, friends) within the country",120000,"Lump sum (single payment)",1,2,.a,,"",,"",,"",0,2,0,1,0,0,0,0,""
"34-87-20-64","Transfers (some kind of public/NGO transfer program (given money in daily/weekly/ monthly basis)",44000,"Every three months",1,.a,.a,"Poverty reduction program","","Both national and local governments","","Food","",0,1,0,2,0,0,0,0,""
"86-69-42-68","National remittances - cash transfers/gifts from individuals (relatives, friends) within the country",50000,"Every 6 months",1,2,.a,,"",,"",,"",0,2,0,1,0,0,0,0,""
"86-69-42-68","Other➡️specify:",42000,"Every three months",1,.a,.a,,"",,"",,"",0,3,1,2,0,0,0,0,""
"80-28-03-90","National remittances - cash transfers/gifts from individuals (relatives, friends) within the country",30000,"Every three months",1,2,.a,,"",,"",,"",0,1,0,2,0,0,0,0,""
"88-70-65-41","National remittances - cash transfers/gifts from individuals (relatives, friends) within the country",20000,"Monthly",2,.a,.a,,"",,"",,"",0,1,0,2,3,0,0,0,""
"88-70-65-41","Savings, interest or other investment income",150000,"Lump sum (single payment)",2,.a,.a,,"",,"",,"",0,1,3,2,4,0,0,0,""
"79-79-17-52","National remittances - cash transfers/gifts from individuals (relatives, friends) within the country",10000,"Every three months",1,2,.a,,"",,"",,"",0,1,0,2,0,0,0,0,""
"65-67-08-82","National remittances - cash transfers/gifts from individuals (relatives, friends) within the country",100000,"Lump sum (single payment)",1,2,.a,,"",,"",,"",0,1,0,2,0,0,0,0,""
"43-85-20-59","National remittances - cash transfers/gifts from individuals (relatives, friends) within the country",10000,"Every three months",2,.a,.a,,"",,"",,"",0,0,0,1,0,0,0,0,""
"01-43-23-45","National remittances - cash transfers/gifts from individuals (relatives, friends) within the country",300000,"Lump sum (single payment)",2,3,.a,,"",,"",,"",0,1,2,3,0,0,0,0,""
"01-43-23-45","Rental income, residential property (apartment, house)",240000,"Lump sum (single payment)",1,.a,.a,,"",,"",,"",0,2,1,3,0,0,0,0,""
"45-46-82-37","Savings, interest or other investment income",300000,"Monthly",1,.a,.a,,"",,"",,"",0,0,0,0,0,0,1,0,""
"11-87-22-26","National remittances - cash transfers/gifts from individuals (relatives, friends) within the country",15000,"Every three months",2,.a,.a,"Others ➡️ Specify","From my relatives","National government","","Cash","",0,1,0,0,0,0,0,0,""
"11-87-22-26","Transfers (some kind of public/NGO transfer program (given money in daily/weekly/ monthly basis)",24000,"Monthly",1,.a,.a,"Poverty reduction program","","National government","","Cash","",0,1,0,2,3,0,0,0,""
"13-55-89-83","National remittances - cash transfers/gifts from individuals (relatives, friends) within the country",50000,"Lump sum (single payment)",1,.a,.a,,"",,"",,"",0,1,0,2,0,0,0,0,""
"59-34-02-76","National remittances - cash transfers/gifts from individuals (relatives, friends) within the country",150000,"Lump sum (single payment)",1,2,.a,,"",,"",,"",0,1,2,3,0,0,0,0,""
"78-25-48-01","Rental income, residential property (apartment, house)",80000,"Monthly",2,.a,.a,,"",,"",,"",2,0,1,3,4,0,0,0,""
"28-05-35-45","National remittances - cash transfers/gifts from individuals (relatives, friends) within the country",20000,"Monthly",1,.a,.a,,"",,"",,"",0,1,0,2,0,0,0,0,""
"47-75-15-04","Rental income, commercial (shop, store)",40000,"Monthly",1,.a,.a,,"",,"",,"",0,1,0,0,0,0,0,0,""
"08-79-12-23","National remittances - cash transfers/gifts from individuals (relatives, friends) within the country",500000,"Every 6 months",1,.a,.a,,"",,"",,"",0,1,0,0,2,0,0,0,""
"08-79-12-23","Rental income, commercial (shop, store)",240000,"Every 6 months",1,.a,.a,,"",,"",,"",0,0,1,0,0,0,0,0,""
"68-77-96-37","National remittances - cash transfers/gifts from individuals (relatives, friends) within the country",25000,"Monthly",1,2,.a,,"",,"",,"",0,1,0,0,2,0,0,0,""
"52-83-38-94","Rental income, residential property (apartment, house)",80000,"Monthly",1,2,.a,,"",,"",,"",2,0,1,3,0,0,0,0,""
"43-44-83-36","National remittances - cash transfers/gifts from individuals (relatives, friends) within the country",50000,"Every 6 months",1,.a,.a,,"",,"",,"",0,1,0,0,2,0,0,0,""
"97-03-37-68","National remittances - cash transfers/gifts from individuals (relatives, friends) within the country",10000,"Monthly",1,.a,.a,,"",,"",,"",0,0,0,0,1,0,0,0,""
"90-41-66-63","Transfers (some kind of public/NGO transfer program (given money in daily/weekly/ monthly basis)",120000,"Lump sum (single payment)",2,.a,.a,"Poverty reduction program","","National government","","Cash","",0,1,0,2,0,0,0,0,""
"86-61-37-71","Rental income, residential property (apartment, house)",60000,"Monthly",1,.a,.a,,"",,"",,"",0,1,2,3,0,0,0,0,""
"28-51-95-56","National remittances - cash transfers/gifts from individuals (relatives, friends) within the country",300000,"Monthly",1,.a,.a,,"",,"",,"",0,0,3,1,2,0,0,0,""
"51-09-05-08","National remittances - cash transfers/gifts from individuals (relatives, friends) within the country",20000,"Lump sum (single payment)",1,.a,.a,,"",,"",,"",0,0,0,1,0,0,0,0,""
"36-72-98-05","National remittances - cash transfers/gifts from individuals (relatives, friends) within the country",15000,"Every 6 months",1,.a,.a,,"",,"",,"",0,0,0,0,1,0,0,0,""
"98-62-02-19","Rental income, residential property (apartment, house)",300000,"Lump sum (single payment)",1,.a,.a,,"",,"",,"",0,0,0,0,0,0,0,1,"agriculture  activities"
"23-24-36-18","National remittances - cash transfers/gifts from individuals (relatives, friends) within the country",10000,"Every three months",1,.a,.a,,"",,"",,"",0,0,0,0,1,0,0,0,""
"88-50-89-00","National remittances - cash transfers/gifts from individuals (relatives, friends) within the country",50000,"Lump sum (single payment)",2,.a,.a,,"",,"",,"",0,1,0,0,0,0,0,2,"agricultural activities"
"25-45-17-13","Savings, interest or other investment income",26000,"Every three months",2,.a,.a,,"",,"",,"",0,2,0,1,0,0,0,0,""
"20-14-81-13","National remittances - cash transfers/gifts from individuals (relatives, friends) within the country",300000,"Lump sum (single payment)",1,.a,.a,,"",,"",,"",0,0,1,0,0,0,0,0,""
"20-14-81-13","Savings, interest or other investment income",100000,"Every three months",1,.a,.a,,"",,"",,"",0,1,0,0,0,0,0,0,""
"65-11-27-59","National remittances - cash transfers/gifts from individuals (relatives, friends) within the country",3000000,"Lump sum (single payment)",1,.a,.a,,"",,"",,"",0,1,2,3,4,0,0,0,""
"74-15-98-92","National remittances - cash transfers/gifts from individuals (relatives, friends) within the country",50000,"Lump sum (single payment)",2,.a,.a,,"",,"",,"",0,0,1,0,0,0,0,0,""
"53-98-64-81","National remittances - cash transfers/gifts from individuals (relatives, friends) within the country",168000,"Monthly",2,.a,.a,,"",,"",,"",0,1,0,2,0,0,0,0,""
"44-47-90-17","National remittances - cash transfers/gifts from individuals (relatives, friends) within the country",15000,"Lump sum (single payment)",1,.a,.a,,"",,"",,"",0,1,0,0,0,0,0,0,""
"55-37-25-70","National remittances - cash transfers/gifts from individuals (relatives, friends) within the country",5000,"Lump sum (single payment)",2,.a,.a,,"",,"",,"",0,1,0,0,0,0,0,0,""
"71-34-06-10","National remittances - cash transfers/gifts from individuals (relatives, friends) within the country",50000,"Monthly",1,.a,.a,,"",,"",,"",0,0,0,1,0,0,0,0,""
"71-34-06-10","Savings, interest or other investment income",100000,"Lump sum (single payment)",2,.a,.a,,"",,"",,"",0,1,0,2,0,0,0,0,""
"71-34-06-10","Rental income, residential property (apartment, house)",120000,"Every year",1,2,.a,,"",,"",,"",0,1,0,0,0,0,0,0,""
"19-06-46-71","National remittances - cash transfers/gifts from individuals (relatives, friends) within the country",50000,"Every three months",1,.a,.a,,"",,"",,"",0,1,2,3,4,0,0,0,""
"01-06-26-91","National remittances - cash transfers/gifts from individuals (relatives, friends) within the country",40000,"Every three months",2,.a,.a,,"",,"",,"",0,1,3,2,0,0,0,0,""
"20-65-75-92","National remittances - cash transfers/gifts from individuals (relatives, friends) within the country",50,"Monthly",1,.a,.a,,"",,"",,"",0,3,2,1,0,0,0,0,""
"15-48-45-49","National remittances - cash transfers/gifts from individuals (relatives, friends) within the country",70000,"Lump sum (single payment)",1,.a,.a,,"",,"",,"",0,1,0,0,0,0,0,0,""
"79-49-70-48","Savings, interest or other investment income",120000,"Monthly",1,.a,.a,,"",,"",,"",0,1,2,0,0,0,0,0,""
"17-50-60-85","National remittances - cash transfers/gifts from individuals (relatives, friends) within the country",500000,"Lump sum (single payment)",1,.a,.a,,"",,"",,"",0,1,0,0,0,0,0,2,"AGRICULTURE ACTIVITIES"
"63-56-49-05","National remittances - cash transfers/gifts from individuals (relatives, friends) within the country",20000,"Lump sum (single payment)",1,.a,.a,,"",,"",,"",0,1,0,0,0,0,0,0,""
"35-15-30-36","National remittances - cash transfers/gifts from individuals (relatives, friends) within the country",30000,"Monthly",1,2,.a,,"",,"",,"",0,1,0,0,0,0,0,0,""
"60-45-66-66","National remittances - cash transfers/gifts from individuals (relatives, friends) within the country",50000,"Lump sum (single payment)",1,.a,.a,,"",,"",,"",0,0,0,0,1,0,0,0,""
"27-04-54-49","Savings, interest or other investment income",220000,"Lump sum (single payment)",1,.a,.a,,"",,"",,"",0,4,1,2,3,0,0,0,""
"49-65-69-49","Rental income, commercial (shop, store)",40000,"Monthly",1,.a,.a,,"",,"",,"",0,0,1,0,2,0,0,0,""
"81-41-37-07","National remittances - cash transfers/gifts from individuals (relatives, friends) within the country",30000,"Lump sum (single payment)",2,.a,.a,,"",,"",,"",0,1,2,3,0,0,0,0,""
"81-41-37-07","Savings, interest or other investment income",50000,"Lump sum (single payment)",2,.a,.a,,"",,"",,"",0,2,1,4,3,0,0,0,""
"42-77-91-16","National remittances - cash transfers/gifts from individuals (relatives, friends) within the country",150000,"Lump sum (single payment)",1,.a,.a,,"",,"",,"",0,1,0,0,0,0,0,0,""
"48-80-14-71","National remittances - cash transfers/gifts from individuals (relatives, friends) within the country",100000,"Lump sum (single payment)",1,.a,.a,,"",,"",,"",2,0,0,1,0,0,0,0,""
"65-65-92-08","Savings, interest or other investment income",250000,"Every year",2,.a,.a,,"",,"",,"",2,1,0,0,0,0,0,0,""
"28-72-09-15","National remittances - cash transfers/gifts from individuals (relatives, friends) within the country",50000,"Monthly",1,.a,.a,,"",,"",,"",0,1,3,4,2,0,0,0,""
"28-72-09-15","Savings, interest or other investment income",100000,"Lump sum (single payment)",2,3,4,,"",,"",,"",0,1,0,0,2,0,0,0,""
"54-94-37-06","National remittances - cash transfers/gifts from individuals (relatives, friends) within the country",200000,"Lump sum (single payment)",2,.a,.a,,"",,"",,"",1,0,0,0,0,0,0,0,""
"54-94-37-06","Savings, interest or other investment income",500000,"Lump sum (single payment)",2,.a,.a,,"",,"",,"",4,1,3,2,0,0,0,0,""
"18-40-54-13","National remittances - cash transfers/gifts from individuals (relatives, friends) within the country",10000,"Lump sum (single payment)",1,.a,.a,,"",,"",,"",0,1,0,0,0,0,0,0,""
"42-16-79-97","National remittances - cash transfers/gifts from individuals (relatives, friends) within the country",40000,"Lump sum (single payment)",1,.a,.a,,"",,"",,"",0,0,0,1,0,0,0,0,""
"29-78-34-46","Savings, interest or other investment income",150000,"Every year",1,.a,.a,,"",,"",,"",2,1,3,4,5,0,0,0,""
"31-14-26-53","Savings, interest or other investment income",50000,"Every year",1,.a,.a,,"",,"",,"",1,2,0,0,0,0,0,0,""
"96-00-21-83","Savings, interest or other investment income",110000,"Lump sum (single payment)",1,.a,.a,,"",,"",,"",0,0,0,0,0,0,0,1,"agricultural activities"
