interview__key,liv_pdtsal,which_liv_pdts__1,which_liv_pdts__2,which_liv_pdts__3,which_liv_pdts__4,which_liv_pdts__5,which_liv_pdts__6,which_liv_pdts__7,which_liv_pdts__96,which_liv_pdts_oth,liv_buyer,liv_buyer_oth,liv_buyer_where,livmkt_dist,liv_pdt_inc,liv_contract
"62-34-36-23","No",,,,,,,,,,,"",,5,,"No"
"54-21-12-64",,,,,,,,,,,,"",,,,
"56-96-68-33",,,,,,,,,,,,"",,,,
"77-02-55-05",,,,,,,,,,,,"",,,,
"14-81-15-88","No",,,,,,,,,,,"",,15,,"No"
"96-74-08-90","No",,,,,,,,,,,"",,1,,"No"
"96-06-73-25","No",,,,,,,,,,,"",,13,,"No"
"74-47-72-19",,,,,,,,,,,,"",,,,
"74-26-40-66","Yes","No","Yes","No","No","No","No","No","No",,"Direct buyers, open-air market","","Rural market in neighbouring other village",20,0,"No"
"14-99-63-02","No",,,,,,,,,,,"",,15,,"No"
"19-21-27-06","No",,,,,,,,,,,"",,15,,"No"
"37-56-42-12",,,,,,,,,,,,"",,,,
"16-65-20-98",,,,,,,,,,,,"",,,,
"09-74-03-14",,,,,,,,,,,,"",,,,
"39-03-54-61","No",,,,,,,,,,,"",,.5,,"No"
"86-35-86-55","No",,,,,,,,,,,"",,15,,"No"
"88-11-61-94","No",,,,,,,,,,,"",,14,,"No"
"93-61-35-58","No",,,,,,,,,,,"",,.5,,"No"
"87-48-20-01","No",,,,,,,,,,,"",,7,,"No"
"66-77-51-72","No",,,,,,,,,,,"",,17,,"No"
"31-16-66-31","Yes","No","Yes","No","No","No","No","No","No",,"Direct buyers, open-air market","","Market in this village",25,7500,"No"
"88-03-82-39",,,,,,,,,,,,"",,,,
"59-90-45-51","No",,,,,,,,,,,"",,7,,"No"
"68-61-83-10","No",,,,,,,,,,,"",,20,,"No"
"96-11-54-44","No",,,,,,,,,,,"",,20,,"No"
"70-22-33-16","No",,,,,,,,,,,"",,15,,"No"
"12-54-99-38","No",,,,,,,,,,,"",,15,,"No"
"39-44-22-57",,,,,,,,,,,,"",,,,
"11-92-45-50","No",,,,,,,,,,,"",,1,,"No"
"73-14-88-64","No",,,,,,,,,,,"",,17,,"No"
"59-60-22-11",,,,,,,,,,,,"",,,,
"63-18-15-01","Yes","Yes","No","No","No","No","No","No","No",,"Other➡️ Please specify","sold the ducks within the village","Market in this village",7,300,"No"
"40-24-89-40",,,,,,,,,,,,"",,,,
"26-37-34-30","No",,,,,,,,,,,"",,5,,"No"
"57-72-53-25","Yes","No","Yes","No","No","No","No","No","No",,"Direct buyers, open-air market","","Market in this village",20,80,"No"
"15-31-68-47","No",,,,,,,,,,,"",,2,,"No"
"54-23-26-42","No",,,,,,,,,,,"",,12,,"No"
"06-33-74-17",,,,,,,,,,,,"",,,,
"09-17-76-18",,,,,,,,,,,,"",,,,
"91-72-91-72","Yes","No","Yes","No","No","No","No","No","No",,"Direct buyers, open-air market","","Market in this village",30,400,"No"
"07-58-36-50","No",,,,,,,,,,,"",,15,,"No"
"27-63-39-98",,,,,,,,,,,,"",,,,
"31-14-07-01","Yes","No","No","No","No","No","No","Yes","No",,"Direct buyers, open-air market","","Market in this village",37,2400,"No"
"96-79-76-17","No",,,,,,,,,,,"",,40,,"No"
"23-90-90-29",,,,,,,,,,,,"",,,,
"99-47-47-96","Yes","No","Yes","No","No","No","No","No","No",,"Direct buyers, open-air market","","Market in this village",15,3300,"No"
"48-69-67-88",,,,,,,,,,,,"",,,,
"93-76-93-98","No",,,,,,,,,,,"",,2,,"No"
"02-49-04-36","Yes","Yes","Yes","No","No","No","No","No","No",,"Direct buyers, open-air market","","Urban market (town) in this region",15,15,"No"
"97-96-55-67","No",,,,,,,,,,,"",,20,,"No"
"55-00-90-34",,,,,,,,,,,,"",,,,
"74-92-93-10","Yes","No","Yes","No","No","No","No","No","No",,"Direct buyers, open-air market","","Market in this village",1,200,"No"
"62-57-54-10","No",,,,,,,,,,,"",,48,,"No"
"81-64-58-33","No",,,,,,,,,,,"",,20,,"No"
"51-16-15-92",,,,,,,,,,,,"",,,,
"63-16-06-54","No",,,,,,,,,,,"",,13,,"No"
"32-07-75-14","No",,,,,,,,,,,"",,42,,"No"
"23-46-49-04","No",,,,,,,,,,,"",,40,,"No"
"81-47-15-41",,,,,,,,,,,,"",,,,
"74-82-45-40","No",,,,,,,,,,,"",,22,,"No"
"71-03-17-29",,,,,,,,,,,,"",,,,
"22-02-08-34","No",,,,,,,,,,,"",,30,,"No"
"35-24-65-37","Yes","No","Yes","No","No","No","No","No","No",,"Direct buyers, open-air market","","Market in this village",7,1000,"No"
"94-94-59-77","No",,,,,,,,,,,"",,62,,"No"
"62-18-60-04",,,,,,,,,,,,"",,,,
"13-57-44-05",,,,,,,,,,,,"",,,,
"53-63-07-20","Yes","No","Yes","No","No","No","No","No","No",,"Direct buyers, open-air market","","Rural market in neighbouring other village",1,30,"No"
"67-75-50-83","No",,,,,,,,,,,"",,7,,"No"
"02-25-92-18","No",,,,,,,,,,,"",,15,,"No"
"49-92-48-01","No",,,,,,,,,,,"",,43,,"No"
"86-85-54-02","No",,,,,,,,,,,"",,30,,"No"
"25-71-60-55","No",,,,,,,,,,,"",,30,,"No"
"52-17-01-39","Yes","Yes","Yes","No","No","No","No","No","No",,"Direct buyers, open-air market","","Market in this village",60,5500,"No"
"85-68-71-94",,,,,,,,,,,,"",,,,
"88-33-53-02","Yes","No","Yes","No","No","No","No","No","No",,"Direct buyers, open-air market","","Market in this village",38,250,"No"
"73-16-52-51","Yes","No","No","No","No","No","No","No","Yes",,"Other➡️ Please specify","sold them within the village","Market in this village",.1,600,"No"
"29-32-71-31","No",,,,,,,,,,,"",,65,,"No"
"08-80-55-70","No",,,,,,,,,,,"",,38,,"No"
"58-68-82-05","Yes","No","Yes","No","No","No","No","No","No",,"Direct buyers, open-air market","","Market in this village",3,50,"No"
"40-89-66-86","No",,,,,,,,,,,"",,73,,"No"
"88-30-77-96","Yes","No","Yes","No","No","No","No","No","No",,"Direct buyers, open-air market","","Directly at the homestead",63,200,"No"
"72-26-90-86","No",,,,,,,,,,,"",,15,,"No"
"49-59-81-92","No",,,,,,,,,,,"",,72,,"No"
"21-01-20-88",,,,,,,,,,,,"",,,,
"79-70-14-90",,,,,,,,,,,,"",,,,
"80-75-47-72",,,,,,,,,,,,"",,,,
"56-08-93-09","No",,,,,,,,,,,"",,7,,"No"
"17-42-48-26",,,,,,,,,,,,"",,,,
"48-20-15-07","No",,,,,,,,,,,"",,7,,"No"
"14-03-97-85","Yes","No","Yes","No","No","No","No","No","No",,"Direct buyers, open-air market","","Market in this village",70,1000,"No"
"85-88-72-49",,,,,,,,,,,,"",,,,
"44-34-38-88",,,,,,,,,,,,"",,,,
"83-00-22-24",,,,,,,,,,,,"",,,,
"53-00-05-97",,,,,,,,,,,,"",,,,
"57-74-38-33","No",,,,,,,,,,,"",,53,,"No"
"65-24-72-96","No",,,,,,,,,,,"",,70,,"No"
"67-69-19-83",,,,,,,,,,,,"",,,,
"65-02-79-39","No",,,,,,,,,,,"",,65,,"No"
"36-55-19-74",,,,,,,,,,,,"",,,,
"02-47-11-50",,,,,,,,,,,,"",,,,
"34-55-62-08","Yes","No","Yes","No","No","No","No","No","No",,"Direct buyers, open-air market","","Market in this village",35,100,"No"
"21-53-06-24","No",,,,,,,,,,,"",,20,,"No"
"54-20-19-80","No",,,,,,,,,,,"",,5,,"No"
"77-37-06-75","Yes","Yes","No","No","No","No","No","No","Yes",,"Direct buyers, open-air market","","Market in this village",1,2500,"No"
"17-29-45-21",,,,,,,,,,,,"",,,,
"14-98-54-79",,,,,,,,,,,,"",,,,
"74-43-35-64",,,,,,,,,,,,"",,,,
"02-76-65-17","Yes","No","Yes","No","No","No","No","No","No",,"Other➡️ Please specify","individuals within the village","Market in this village",70,500,"No"
"91-57-65-34","No",,,,,,,,,,,"",,48,,"No"
"61-08-28-75","No",,,,,,,,,,,"",,60,,"No"
"08-98-76-07","Yes","No","Yes","No","No","No","No","No","No",,"Other➡️ Please specify","within village","Market in this village",10,200,"No"
"07-58-78-17","No",,,,,,,,,,,"",,48,,"No"
"50-08-29-58","No",,,,,,,,,,,"",,65,,"No"
"21-97-24-76",,,,,,,,,,,,"",,,,
"47-86-23-98","No",,,,,,,,,,,"",,65,,"No"
"58-41-17-07","No",,,,,,,,,,,"",,20,,"No"
"27-41-68-88","No",,,,,,,,,,,"",,65,,"No"
"36-57-67-99","No",,,,,,,,,,,"",,65,,"No"
"14-01-18-55","Yes","No","Yes","No","No","No","No","No","No",,"Direct buyers, open-air market","","Market in this village",70,70,"No"
"25-45-40-50",,,,,,,,,,,,"",,,,
"28-45-95-92",,,,,,,,,,,,"",,,,
"52-38-49-21","No",,,,,,,,,,,"",,80,,"No"
"59-05-06-39","No",,,,,,,,,,,"",,75,,"No"
"07-23-34-26","No",,,,,,,,,,,"",,80,,"No"
"74-55-33-17","Yes","No","Yes","No","No","No","No","No","No",,"Direct buyers, open-air market","","Market in this village",3,300,"No"
"63-06-38-69","No",,,,,,,,,,,"",,65,,"No"
"05-74-67-92","No",,,,,,,,,,,"",,65,,"No"
"98-46-70-51","No",,,,,,,,,,,"",,65,,"No"
"36-97-15-03","No",,,,,,,,,,,"",,65,,"No"
"31-20-72-58","No",,,,,,,,,,,"",,65,,"No"
"59-12-76-31","Yes","No","Yes","No","No","No","No","No","No",,"Direct buyers, open-air market","","Directly at the homestead",105,150,"No"
"07-54-13-18","No",,,,,,,,,,,"",,105,,"No"
"84-52-73-65","No",,,,,,,,,,,"",,20,,"No"
"85-09-03-91","Yes","No","Yes","No","No","No","No","No","No",,"Direct buyers, open-air market","","Market in this village",115,700,"No"
"56-01-39-00","No",,,,,,,,,,,"",,90,,"No"
"69-33-88-72","No",,,,,,,,,,,"",,115,,"No"
"26-09-67-07","No",,,,,,,,,,,"",,48,,"No"
"69-39-81-14","No",,,,,,,,,,,"",,120,,"No"
"00-76-43-47","Yes","No","Yes","No","No","No","No","No","No",,"Direct buyers, open-air market","","Directly at the farm",90,60,"No"
"29-40-24-48","No",,,,,,,,,,,"",,115,,"No"
"79-00-21-46","No",,,,,,,,,,,"",,90,,"No"
"46-34-68-84","No",,,,,,,,,,,"",,90,,"No"
"45-00-04-40","Yes","No","Yes","No","No","No","No","No","No",,"Direct buyers, open-air market","","Market in this village",1,3600,"No"
"22-15-19-43",,,,,,,,,,,,"",,,,
"09-01-21-24",,,,,,,,,,,,"",,,,
"28-05-99-59",,,,,,,,,,,,"",,,,
"78-33-63-09","No",,,,,,,,,,,"",,115,,"No"
"21-06-84-39",,,,,,,,,,,,"",,,,
"96-45-29-81","No",,,,,,,,,,,"",,90,,"No"
"82-78-33-54",,,,,,,,,,,,"",,,,
"01-53-98-85","No",,,,,,,,,,,"",,10,,"No"
"15-34-27-17","No",,,,,,,,,,,"",,4,,"No"
"84-32-88-02",,,,,,,,,,,,"",,,,
"02-43-89-26","No",,,,,,,,,,,"",,80,,"No"
"36-62-21-63",,,,,,,,,,,,"",,,,
"98-63-71-97","Yes","No","Yes","No","No","No","No","No","No",,"Direct buyers, open-air market","","Market in this village",102,3000,"No"
"07-88-71-07","Yes","No","Yes","No","No","No","No","No","No",,"Direct buyers, open-air market","","Market in this village",1,7200,"No"
"18-07-56-01","No",,,,,,,,,,,"",,115,,"No"
"76-16-53-82",,,,,,,,,,,,"",,,,
"36-91-65-20",,,,,,,,,,,,"",,,,
"22-29-07-01","No",,,,,,,,,,,"",,93,,"No"
"53-93-66-67",,,,,,,,,,,,"",,,,
"37-39-06-63","No",,,,,,,,,,,"",,95,,"No"
"17-95-97-27","No",,,,,,,,,,,"",,10,,"No"
"92-61-03-62","No",,,,,,,,,,,"",,90,,"No"
"02-86-94-14",,,,,,,,,,,,"",,,,
"26-53-37-24","Yes","No","Yes","No","No","No","No","No","No",,"Direct buyers, open-air market","","Market in this village",1,400,"No"
"73-57-99-74","No",,,,,,,,,,,"",,125,,"No"
"49-29-23-58","No",,,,,,,,,,,"",,60,,"No"
"71-13-07-75","No",,,,,,,,,,,"",,80,,"No"
"19-53-43-56",,,,,,,,,,,,"",,,,
"57-61-80-20",,,,,,,,,,,,"",,,,
"66-47-36-80","No",,,,,,,,,,,"",,60,,"No"
"55-47-02-66","No",,,,,,,,,,,"",,40,,"No"
"69-74-76-81","No",,,,,,,,,,,"",,20,,"No"
"25-51-33-57","No",,,,,,,,,,,"",,20,,"No"
"99-83-71-81",,,,,,,,,,,,"",,,,
"30-46-44-49","No",,,,,,,,,,,"",,120,,"No"
"03-30-12-96",,,,,,,,,,,,"",,,,
"35-16-22-13",,,,,,,,,,,,"",,,,
"96-28-28-46","Yes","Yes","Yes","No","No","No","No","No","No",,"Direct buyers, open-air market","","Rural market in neighbouring other village",15,3000,"No"
"10-32-26-69","No",,,,,,,,,,,"",,100,,"No"
"68-75-69-07","No",,,,,,,,,,,"",,80,,"No"
"02-58-63-69","No",,,,,,,,,,,"",,10,,"No"
"58-12-98-10","No",,,,,,,,,,,"",,40,,"No"
"22-68-19-10",,,,,,,,,,,,"",,,,
"99-42-05-34","Yes","No","Yes","No","No","No","No","No","No",,"Direct buyers, open-air market","","Market in this village",110,0,"No"
"21-29-11-98","No",,,,,,,,,,,"",,30,,"No"
"06-11-50-44","No",,,,,,,,,,,"",,90,,"No"
"38-44-09-59",,,,,,,,,,,,"",,,,
"81-45-35-86","No",,,,,,,,,,,"",,10,,"No"
"83-11-66-41","No",,,,,,,,,,,"",,3,,"No"
"45-34-02-51",,,,,,,,,,,,"",,,,
"26-37-15-28","No",,,,,,,,,,,"",,10,,"No"
"73-50-61-74","Yes","No","Yes","No","No","No","No","No","No",,"Direct buyers, open-air market","","Market in this village",21,200,"No"
"58-09-34-36",,,,,,,,,,,,"",,,,
"94-78-30-89","Yes","No","Yes","No","No","No","No","No","No",,"Direct buyers, open-air market","","Market in this village",25,1500,"No"
"97-62-61-29","No",,,,,,,,,,,"",,10,,"No"
"16-35-49-05","No",,,,,,,,,,,"",,10,,"No"
"18-48-69-27","Yes","No","Yes","No","No","No","No","No","No",,"Direct buyers, open-air market","","Urban market (town) in this region",100,100,"No"
"30-61-23-28","No",,,,,,,,,,,"",,17,,"No"
"91-09-11-51","No",,,,,,,,,,,"",,112,,"No"
"03-15-59-01","No",,,,,,,,,,,"",,100,,"No"
"51-88-98-79","Yes","No","Yes","No","No","No","No","No","No",,"Direct buyers, open-air market","","Directly at the homestead",55,1440,"No"
"38-99-58-33","No",,,,,,,,,,,"",,4,,"No"
"73-78-76-86",,,,,,,,,,,,"",,,,
"16-76-51-56",,,,,,,,,,,,"",,,,
"34-75-99-64",,,,,,,,,,,,"",,,,
"00-76-59-09","No",,,,,,,,,,,"",,112,,"No"
"03-36-35-32","No",,,,,,,,,,,"",,15,,"No"
"66-74-25-56","No",,,,,,,,,,,"",,5,,"No"
"80-48-62-68",,,,,,,,,,,,"",,,,
"67-59-61-49","No",,,,,,,,,,,"",,95,,"No"
"23-88-68-38","No",,,,,,,,,,,"",,3,,"No"
"24-58-49-24",,,,,,,,,,,,"",,,,
"27-73-91-69",,,,,,,,,,,,"",,,,
"88-41-94-49",,,,,,,,,,,,"",,,,
"83-47-45-70",,,,,,,,,,,,"",,,,
"06-72-44-70",,,,,,,,,,,,"",,,,
"85-25-38-04",,,,,,,,,,,,"",,,,
"99-72-02-18","No",,,,,,,,,,,"",,20,,"No"
"76-93-76-77",,,,,,,,,,,,"",,,,
"25-81-57-24",,,,,,,,,,,,"",,,,
"18-66-56-26","No",,,,,,,,,,,"",,50,,"No"
"38-35-03-16","No",,,,,,,,,,,"",,30,,"No"
"87-43-13-02",,,,,,,,,,,,"",,,,
"06-72-27-90","No",,,,,,,,,,,"",,1,,"No"
"10-09-48-91","No",,,,,,,,,,,"",,15,,"No"
"89-20-17-64","Yes","No","Yes","No","No","No","No","No","No",,"Direct buyers, open-air market","","Urban market (town) in this region",8,600,"No"
"61-30-29-22","No",,,,,,,,,,,"",,4,,"No"
"32-64-82-60","No",,,,,,,,,,,"",,30,,"No"
"05-69-71-03","No",,,,,,,,,,,"",,10,,"No"
"62-54-48-69","No",,,,,,,,,,,"",,20,,"No"
"40-71-41-17","No",,,,,,,,,,,"",,30,,"No"
"59-04-18-69","Yes","No","Yes","No","No","No","No","No","No",,"Direct buyers, open-air market","","Directly at the homestead",7,7,"No"
"99-19-59-36","No",,,,,,,,,,,"",,40,,"No"
"66-80-07-88","No",,,,,,,,,,,"",,20,,"No"
"33-91-72-59","No",,,,,,,,,,,"",,12,,"No"
"79-95-75-64","No",,,,,,,,,,,"",,50,,"No"
"36-27-38-94","No",,,,,,,,,,,"",,9,,"No"
"20-85-41-55","No",,,,,,,,,,,"",,12,,"No"
"99-41-30-80","No",,,,,,,,,,,"",,7,,"No"
"71-06-23-24","No",,,,,,,,,,,"",,8,,"No"
"89-01-00-04",,,,,,,,,,,,"",,,,
"00-37-37-14","Yes","No","Yes","No","No","No","No","No","No",,"Direct buyers, open-air market","","Market in this village",15,80,"No"
"74-41-47-70",,,,,,,,,,,,"",,,,
"52-43-66-41","Yes","No","No","No","No","No","No","Yes","No",,"Direct buyers, open-air market","","Market in this village",50,50,"No"
"83-13-77-99","No",,,,,,,,,,,"",,30,,"No"
"61-91-44-04","No",,,,,,,,,,,"",,50,,"No"
"61-31-17-62","No",,,,,,,,,,,"",,28,,"No"
"01-73-77-56","Yes","No","Yes","No","No","No","No","No","No",,"Direct buyers, open-air market","","Market in this village",28,300,"No"
"47-87-04-23","No",,,,,,,,,,,"",,20,,"No"
"46-77-22-22",,,,,,,,,,,,"",,,,
"54-46-59-23","No",,,,,,,,,,,"",,9,,"No"
"47-72-11-03","No",,,,,,,,,,,"",,23,,"No"
"75-19-56-83",,,,,,,,,,,,"",,,,
"17-63-18-37",,,,,,,,,,,,"",,,,
"36-67-78-55","No",,,,,,,,,,,"",,20,,"No"
"57-94-56-04","No",,,,,,,,,,,"",,1,,"No"
"50-78-72-42","No",,,,,,,,,,,"",,1,,"No"
"39-32-15-43","No",,,,,,,,,,,"",,40,,"No"
"83-43-24-20","No",,,,,,,,,,,"",,1,,"No"
"86-15-33-66","Yes","No","Yes","No","No","No","No","No","No",,"Direct buyers, open-air market","","Market in this village",1,100,"No"
"44-68-45-91","Yes","No","Yes","No","No","No","No","No","No",,"Direct buyers, open-air market","","Directly at the homestead",25,600,"No"
"92-79-83-19",,,,,,,,,,,,"",,,,
"84-11-52-01","Yes","No","Yes","No","No","No","No","No","No",,"Direct buyers, open-air market","","Directly at the homestead",25,30,"No"
"04-80-79-59",,,,,,,,,,,,"",,,,
"86-90-94-39","No",,,,,,,,,,,"",,5,,"No"
"60-18-28-01","No",,,,,,,,,,,"",,40,,"No"
"95-75-71-60","No",,,,,,,,,,,"",,160,,"No"
"92-06-91-29","No",,,,,,,,,,,"",,50,,"No"
"54-44-90-07","Yes","No","Yes","No","No","No","No","No","No",,"Direct buyers, open-air market","","Market in this village",1,50,"No"
"03-23-51-60","No",,,,,,,,,,,"",,1,,"No"
"00-90-52-98",,,,,,,,,,,,"",,,,
"94-81-42-69","No",,,,,,,,,,,"",,90,,"No"
"93-63-81-71","No",,,,,,,,,,,"",,8,,"No"
"98-80-95-52",,,,,,,,,,,,"",,,,
"43-02-26-99",,,,,,,,,,,,"",,,,
"53-75-34-84","No",,,,,,,,,,,"",,18,,"No"
"27-49-80-27","No",,,,,,,,,,,"",,55,,"No"
"33-72-39-68","No",,,,,,,,,,,"",,14,,"No"
"17-79-25-12",,,,,,,,,,,,"",,,,
"74-51-58-80",,,,,,,,,,,,"",,,,
"22-03-45-06",,,,,,,,,,,,"",,,,
"29-14-83-70",,,,,,,,,,,,"",,,,
"54-67-39-05","No",,,,,,,,,,,"",,1,,"No"
"72-58-55-05","No",,,,,,,,,,,"",,2,,"No"
"04-15-15-88",,,,,,,,,,,,"",,,,
"27-95-56-36","No",,,,,,,,,,,"",,60,,"No"
"53-49-41-59",,,,,,,,,,,,"",,,,
"39-17-22-92","No",,,,,,,,,,,"",,20,,"No"
"74-39-55-58","No",,,,,,,,,,,"",,40,,"No"
"26-22-03-23",,,,,,,,,,,,"",,,,
"09-03-01-05","No",,,,,,,,,,,"",,60,,"No"
"15-07-16-66","No",,,,,,,,,,,"",,30,,"No"
"06-67-11-07","No",,,,,,,,,,,"",,175,,"No"
"66-85-51-19",,,,,,,,,,,,"",,,,
"62-23-34-43","No",,,,,,,,,,,"",,180,,"No"
"40-89-37-32",,,,,,,,,,,,"",,,,
"47-88-11-20","No",,,,,,,,,,,"",,47,,"No"
"92-32-27-35","No",,,,,,,,,,,"",,30,,"No"
"67-30-34-31","No",,,,,,,,,,,"",,1,,"No"
"41-24-19-16","No",,,,,,,,,,,"",,30,,"No"
"45-68-78-48","No",,,,,,,,,,,"",,1,,"No"
"02-28-32-41","No",,,,,,,,,,,"",,60,,"No"
"42-76-32-22",,,,,,,,,,,,"",,,,
"79-53-86-42","Yes","Yes","Yes","No","No","No","No","No","No",,"Direct buyers, open-air market","","Directly at the homestead",25,4500,"No"
"27-88-22-86","No",,,,,,,,,,,"",,60,,"No"
"92-15-50-98",,,,,,,,,,,,"",,,,
"59-62-31-80","No",,,,,,,,,,,"",,60,,"No"
"36-99-50-88",,,,,,,,,,,,"",,,,
"44-25-16-47","No",,,,,,,,,,,"",,60,,"No"
"59-82-52-95","No",,,,,,,,,,,"",,60,,"No"
"74-78-76-52","Yes","No","Yes","No","No","No","No","No","No",,"Direct buyers, open-air market","","Directly at the homestead",1,150,"No"
"83-63-78-61",,,,,,,,,,,,"",,,,
"38-59-12-03","No",,,,,,,,,,,"",,180,,"No"
"52-04-43-36","No",,,,,,,,,,,"",,47,,"No"
"13-43-00-98",,,,,,,,,,,,"",,,,
"52-45-15-44","No",,,,,,,,,,,"",,40,,"No"
"84-06-43-96","No",,,,,,,,,,,"",,1,,"No"
"85-25-67-57","No",,,,,,,,,,,"",,63,,"No"
"99-71-69-71",,,,,,,,,,,,"",,,,
"90-84-04-84","No",,,,,,,,,,,"",,19,,"No"
"75-65-72-44","Yes","Yes","No","No","No","No","No","No","No",,"Direct buyers, open-air market","","Market in this village",1,70,"No"
"56-76-80-56","No",,,,,,,,,,,"",,1,,"No"
"95-24-62-42",,,,,,,,,,,,"",,,,
"42-51-00-37",,,,,,,,,,,,"",,,,
"36-23-13-87",,,,,,,,,,,,"",,,,
"70-84-37-07",,,,,,,,,,,,"",,,,
"99-94-97-40","No",,,,,,,,,,,"",,12,,"No"
"40-68-37-93","No",,,,,,,,,,,"",,25,,"No"
"08-64-31-45",,,,,,,,,,,,"",,,,
"24-71-47-80","No",,,,,,,,,,,"",,60,,"No"
"53-67-73-98","No",,,,,,,,,,,"",,50,,"No"
"89-30-04-89",,,,,,,,,,,,"",,,,
"85-35-76-75","Yes","No","Yes","No","No","No","No","No","No",,"Direct buyers, open-air market","","Rural market in neighbouring other village",50,1200,"No"
"34-78-22-26",,,,,,,,,,,,"",,,,
"59-51-95-60",,,,,,,,,,,,"",,,,
"22-44-88-72",,,,,,,,,,,,"",,,,
"35-56-47-30","No",,,,,,,,,,,"",,25,,"No"
"43-44-87-36","No",,,,,,,,,,,"",,35,,"No"
"25-90-73-61","No",,,,,,,,,,,"",,35,,"No"
"00-81-85-48","No",,,,,,,,,,,"",,18,,"No"
"82-05-74-76","Yes","Yes","No","No","No","No","No","No","No",,"Direct buyers, open-air market","","Market in this village",1,150,"No"
"69-02-12-40","No",,,,,,,,,,,"",,1,,"No"
"68-49-12-16","No",,,,,,,,,,,"",,25,,"No"
"47-72-15-93","No",,,,,,,,,,,"",,25,,"No"
"46-77-79-60","No",,,,,,,,,,,"",,10,,"No"
"54-41-53-68","No",,,,,,,,,,,"",,25,,"No"
"35-84-29-80",,,,,,,,,,,,"",,,,
"82-89-49-08",,,,,,,,,,,,"",,,,
"13-17-77-46","Yes","Yes","No","No","No","No","No","No","No",,"Direct buyers, open-air market","","Market in this village",1,300,"No"
"87-42-29-56","No",,,,,,,,,,,"",,55,,"No"
"24-84-60-85","No",,,,,,,,,,,"",,1,,"No"
"78-85-83-52","No",,,,,,,,,,,"",,1,,"No"
"78-33-54-01",,,,,,,,,,,,"",,,,
"54-69-71-08","No",,,,,,,,,,,"",,45,,"No"
"30-10-42-29","No",,,,,,,,,,,"",,45,,"No"
"52-71-69-48","No",,,,,,,,,,,"",,1,,"No"
"88-38-32-86",,,,,,,,,,,,"",,,,
"78-51-51-91",,,,,,,,,,,,"",,,,
"98-42-68-21","No",,,,,,,,,,,"",,18,,"No"
"23-92-64-64","Yes","Yes","No","No","No","No","No","No","No",,"Direct buyers, open-air market","","Market in this village",1,280,"No"
"33-60-76-52","No",,,,,,,,,,,"",,25,,"No"
"99-53-97-21","No",,,,,,,,,,,"",,45,,"No"
"35-30-07-09","Yes","No","Yes","No","No","No","No","No","No",,"Direct buyers, open-air market","","Rural market in neighbouring other village",10,500,"No"
"84-39-86-14","No",,,,,,,,,,,"",,5,,"No"
"33-93-88-48","Yes","No","Yes","No","No","No","No","No","No",,"Direct buyers, open-air market","","Market in this village",30,100,"No"
"93-94-24-13","No",,,,,,,,,,,"",,1,,"No"
"02-86-42-10",,,,,,,,,,,,"",,,,
"18-90-95-90","No",,,,,,,,,,,"",,40,,"No"
"71-80-40-68","Yes","No","Yes","No","No","No","No","No","No",,"Direct buyers, open-air market","","Market in this village",1,75,"No"
"03-80-12-55","No",,,,,,,,,,,"",,1,,"No"
"03-05-82-85","No",,,,,,,,,,,"",,47,,"No"
"96-34-34-83","No",,,,,,,,,,,"",,25,,"No"
"84-86-67-50","No",,,,,,,,,,,"",,26,,"No"
"65-50-61-63",,,,,,,,,,,,"",,,,
"14-25-07-27","Yes","No","Yes","No","No","No","No","No","No",,"Direct buyers, open-air market","","Directly at the homestead",1,300,"No"
"95-81-39-58","No",,,,,,,,,,,"",,1,,"No"
"63-48-87-87","No",,,,,,,,,,,"",,26,,"No"
"49-38-87-08",,,,,,,,,,,,"",,,,
"56-09-22-69","No",,,,,,,,,,,"",,70,,"No"
"52-67-58-90",,,,,,,,,,,,"",,,,
"61-51-30-74","Yes","No","Yes","No","No","No","No","No","No",,"Direct buyers, open-air market","","Rural market in neighbouring other village",5,100,"No"
"90-75-70-65","No",,,,,,,,,,,"",,45,,"No"
"70-34-30-04","No",,,,,,,,,,,"",,25,,"No"
"00-18-21-78","No",,,,,,,,,,,"",,6,,"No"
"80-41-37-09","No",,,,,,,,,,,"",,65,,"No"
"62-10-09-84","No",,,,,,,,,,,"",,65,,"No"
"16-01-99-93","No",,,,,,,,,,,"",,1,,"No"
"91-31-71-31",,,,,,,,,,,,"",,,,
"14-78-47-78","No",,,,,,,,,,,"",,35,,"No"
"07-03-43-18",,,,,,,,,,,,"",,,,
"87-80-74-34","No",,,,,,,,,,,"",,10,,"No"
"39-19-95-41","No",,,,,,,,,,,"",,45,,"No"
"13-94-38-36","No",,,,,,,,,,,"",,35,,"No"
"64-10-30-77","Yes","Yes","No","No","No","No","No","No","No",,"Direct buyers, open-air market","","Market in this village",1,600,"No"
"98-88-46-23","No",,,,,,,,,,,"",,65,,"No"
"35-26-63-26","No",,,,,,,,,,,"",,1,,"No"
"77-44-63-61","Yes","No","Yes","No","No","No","No","No","No",,"Direct buyers, open-air market","","Market in this village",27,500,"No"
"26-64-90-32","No",,,,,,,,,,,"",,3,,"No"
"15-44-39-66",,,,,,,,,,,,"",,,,
"97-96-32-80","Yes","No","Yes","No","No","No","No","No","No",,"Direct buyers, open-air market","","Directly at the homestead",1,400,"No"
"65-28-62-87","No",,,,,,,,,,,"",,65,,"No"
"91-95-41-16","Yes","No","Yes","No","No","No","No","No","No",,"Direct buyers, open-air market","","Market in this village",50,2400,"No"
"65-02-00-05","No",,,,,,,,,,,"",,60,,"No"
"48-22-83-32","No",,,,,,,,,,,"",,1,,"No"
"53-04-96-58",,,,,,,,,,,,"",,,,
"93-77-89-30",,,,,,,,,,,,"",,,,
"03-06-71-34",,,,,,,,,,,,"",,,,
"38-24-53-68","No",,,,,,,,,,,"",,70,,"No"
"76-44-39-80",,,,,,,,,,,,"",,,,
"17-98-15-90",,,,,,,,,,,,"",,,,
"43-89-48-48",,,,,,,,,,,,"",,,,
"46-95-44-44",,,,,,,,,,,,"",,,,
"79-36-03-31",,,,,,,,,,,,"",,,,
"37-08-68-08","Yes","No","Yes","No","No","No","No","No","No",,"Direct buyers, open-air market","","Directly at the homestead",150,120,"No"
"76-66-08-56","Yes","No","Yes","No","No","No","No","No","No",,"Direct buyers, open-air market","","Directly at the homestead",1,300,"No"
"84-78-41-82","No",,,,,,,,,,,"",,1,,"No"
"33-73-65-41","No",,,,,,,,,,,"",,90,,"No"
"15-05-96-27","No",,,,,,,,,,,"",,1,,"No"
"04-08-02-81","No",,,,,,,,,,,"",,40,,"No"
"48-12-37-19","No",,,,,,,,,,,"",,150,,"No"
"99-22-87-46","No",,,,,,,,,,,"",,25,,"No"
"05-46-14-17",,,,,,,,,,,,"",,,,
"21-68-94-15","No",,,,,,,,,,,"",,5,,"No"
"40-56-04-29",,,,,,,,,,,,"",,,,
"58-04-84-61","No",,,,,,,,,,,"",,1,,"No"
"92-36-21-21","No",,,,,,,,,,,"",,130,,"No"
"14-57-41-87","No",,,,,,,,,,,"",,130,,"No"
"96-30-76-58",,,,,,,,,,,,"",,,,
"94-10-09-72",,,,,,,,,,,,"",,,,
"63-44-25-02",,,,,,,,,,,,"",,,,
"66-67-56-06","No",,,,,,,,,,,"",,180,,"No"
"61-94-69-82","No",,,,,,,,,,,"",,1,,"No"
"72-52-17-18","No",,,,,,,,,,,"",,150,,"No"
"90-79-08-36","No",,,,,,,,,,,"",,160,,"No"
