interview__key,r_members__id,food_special,food_groups__1,food_groups__2,food_groups__3,food_groups__4,food_groups__5,food_groups__6,food_groups__7,food_groups__8,food_groups__9,food_groups__10,food_groups__11,food_groups__12,food_groups__13,food_groups__14,food_groups__15,food_groups__16
"62-34-36-23",1,"Yes","Yes","No","No","No","No","No","No","No","No","No","No","Yes","No","Yes","No","No"
"54-21-12-64",2,"Yes","Yes","No","No","No","No","No","No","No","No","No","No","No","No","No","No","No"
"54-21-12-64",3,"Yes","Yes","No","No","No","No","No","No","No","No","No","No","No","No","No","No","No"
"56-96-68-33",1,"Yes","Yes","No","No","No","No","No","No","No","No","No","No","No","No","No","No","No"
"56-96-68-33",2,"Yes","Yes","No","No","No","No","No","No","No","No","No","No","No","No","No","No","No"
"77-02-55-05",1,"No","Yes","No","No","No","Yes","No","No","No","No","No","No","No","No","No","No","No"
"77-02-55-05",3,"No","Yes","No","No","No","Yes","No","No","No","No","No","No","No","No","No","No","No"
"14-81-15-88",1,"Yes","Yes","No","Yes","No","Yes","No","No","No","No","No","Yes","No","No","No","No","No"
"96-74-08-90",3,"Yes","Yes","No","No","No","Yes","No","No","No","No","No","No","No","No","No","No","No"
"96-06-73-25",1,"Yes","Yes","No","No","No","Yes","No","Yes","No","No","No","Yes","No","No","Yes","Yes","No"
"96-06-73-25",2,"Yes","Yes","No","No","No","Yes","No","No","No","No","No","Yes","No","No","Yes","No","No"
"74-47-72-19",1,"Yes","No","No","No","No","No","No","No","No","No","No","No","No","Yes","Yes","No","No"
"74-26-40-66",1,"No","Yes","No","Yes","No","Yes","No","No","No","Yes","No","Yes","No","Yes","No","Yes","No"
"74-26-40-66",2,"No","Yes","No","Yes","No","Yes","No","No","No","Yes","No","Yes","No","Yes","No","Yes","No"
"14-99-63-02",1,"No","Yes","No","Yes","No","No","No","No","No","Yes","No","No","No","No","Yes","No","Yes"
"14-99-63-02",2,"No","Yes","No","Yes","No","No","No","No","No","Yes","No","No","No","No","Yes","No","Yes"
"19-21-27-06",2,"No","Yes","No","No","No","Yes","No","No","No","No","No","No","No","No","Yes","No","Yes"
"37-56-42-12",1,"No","Yes","No","Yes","No","No","No","No","No","No","No","No","No","No","No","No","No"
"37-56-42-12",2,"No","Yes","No","Yes","No","No","No","No","No","No","No","No","No","No","No","No","No"
"16-65-20-98",1,"Yes","No","No","No","No","Yes","No","No","No","No","No","Yes","No","No","Yes","No","No"
"09-74-03-14",1,"No","Yes","No","No","No","Yes","No","No","No","No","No","No","No","No","No","No","No"
"39-03-54-61",2,"Yes","Yes","No","No","No","No","No","No","No","No","No","No","No","No","Yes","No","No"
"86-35-86-55",1,"No","Yes","No","No","Yes","Yes","No","Yes","Yes","Yes","Yes","Yes","Yes","Yes","Yes","Yes","Yes"
"86-35-86-55",2,"No","Yes","Yes","Yes","Yes","Yes","No","Yes","Yes","Yes","Yes","Yes","Yes","Yes","Yes","Yes","Yes"
"88-11-61-94",1,"No","No","No","No","No","Yes","No","No","No","No","No","No","No","No","Yes","No","No"
"88-11-61-94",2,"No","No","No","No","No","Yes","No","No","No","No","No","No","No","No","Yes","No","No"
"93-61-35-58",2,"Yes","Yes","No","No","No","Yes","No","No","No","No","No","No","No","No","Yes","No","No"
"87-48-20-01",1,"Yes","Yes","No","No","No","No","No","No","No","No","No","Yes","No","Yes","No","No","No"
"87-48-20-01",2,"Yes","Yes","No","No","No","No","No","No","No","No","No","Yes","No","Yes","No","No","No"
"66-77-51-72",1,"No","No","No","No","No","Yes","No","No","No","No","No","No","No","No","Yes","No","No"
"31-16-66-31",2,"No","Yes","No","No","No","Yes","No","No","No","Yes","No","No","No","No","Yes","Yes","No"
"31-16-66-31",3,"No","Yes","No","No","No","Yes","No","No","Yes","Yes","No","No","No","No","Yes","Yes","No"
"88-03-82-39",2,"Yes","No","No","No","No","Yes","No","No","No","No","No","No","No","No","Yes","No","No"
"59-90-45-51",1,"Yes","Yes","No","No","No","No","No","No","No","No","No","Yes","No","No","No","No","No"
"68-61-83-10",1,"No","Yes","No","No","No","No","No","No","No","No","No","Yes","No","Yes","Yes","Yes","Yes"
"96-11-54-44",1,"No","Yes","No","Yes","No","Yes","No","No","No","No","No","No","No","No","Yes","No","Yes"
"96-11-54-44",2,"No","Yes","No","Yes","No","Yes","No","No","No","No","No","Yes","No","No","Yes","No","Yes"
"70-22-33-16",1,"Yes","Yes","No","No","No","Yes","No","No","No","Yes","No","No","No","No","Yes","No","No"
"70-22-33-16",2,"Yes","Yes","No","No","No","Yes","No","No","No","Yes","No","No","No","No","Yes","No","No"
"12-54-99-38",1,"Yes","Yes","No","No","No","Yes","No","No","No","No","No","No","No","No","No","No","No"
"12-54-99-38",2,"Yes","Yes","No","No","No","Yes","No","No","No","No","Yes","No","Yes","Yes","Yes","Yes","No"
"39-44-22-57",1,"Yes","Yes","No","No","No","No","No","No","No","No","No","Yes","No","No","Yes","No","No"
"39-44-22-57",2,"Yes","Yes","No","No","No","No","No","No","No","No","No","Yes","No","No","Yes","No","No"
"11-92-45-50",1,"No","Yes","No","Yes","No","Yes","No","No","No","No","No","No","Yes","No","Yes","No","No"
"11-92-45-50",3,"No","Yes","No","Yes","No","No","No","No","No","No","No","No","Yes","No","Yes","No","No"
"73-14-88-64",1,"No","Yes","No","No","No","No","No","No","No","Yes","No","No","No","No","No","No","No"
"59-60-22-11",1,"No","Yes","No","Yes","No","No","No","No","No","No","No","No","No","No","No","No","No"
"63-18-15-01",1,"Yes","Yes","No","Yes","No","Yes","No","No","No","No","No","Yes","No","No","No","No","No"
"63-18-15-01",2,"Yes","Yes","No","Yes","No","No","No","No","No","No","No","Yes","No","No","No","No","No"
"40-24-89-40",1,"No","Yes","No","No","No","Yes","No","No","No","No","No","No","No","No","No","No","No"
"40-24-89-40",2,"No","Yes","No","No","No","No","No","No","No","No","No","No","No","No","No","No","No"
"26-37-34-30",1,"No","Yes","No","No","No","No","No","No","No","No","No","Yes","No","No","No","No","No"
"26-37-34-30",2,"No","Yes","No","No","No","No","No","No","No","No","No","No","No","No","No","No","No"
"57-72-53-25",1,"No","Yes","No","Yes","No","Yes","Yes","No","No","No","No","No","No","No","Yes","Yes","Yes"
"57-72-53-25",2,"No","Yes","No","Yes","No","Yes","No","No","No","No","No","No","No","No","Yes","No","Yes"
"15-31-68-47",1,"No","Yes","No","No","No","Yes","No","No","No","No","No","No","No","No","No","No","No"
"15-31-68-47",2,"No","Yes","No","No","No","Yes","No","No","No","No","No","No","No","No","No","No","No"
"54-23-26-42",1,"No","Yes","Yes","No","No","Yes","No","No","No","No","No","No","Yes","No","Yes","Yes","No"
"06-33-74-17",1,"No","Yes","No","No","No","Yes","No","No","No","No","No","No","No","No","Yes","No","No"
"09-17-76-18",1,"No","No","No","No","No","No","No","No","No","No","No","No","No","No","No","No","No"
"91-72-91-72",1,"No","Yes","No","Yes","Yes","Yes","No","No","No","No","No","No","No","Yes","Yes","No","Yes"
"07-58-36-50",1,"No","Yes","No","No","No","Yes","No","No","Yes","No","No","No","No","Yes","No","No","No"
"07-58-36-50",2,"No","Yes","No","No","No","Yes","No","No","No","No","No","No","No","Yes","No","No","No"
"27-63-39-98",1,"No","No","No","No","No","Yes","No","No","No","No","No","Yes","Yes","No","Yes","No","No"
"31-14-07-01",1,"No","Yes","No","Yes","No","Yes","Yes","No","No","Yes","No","No","Yes","Yes","Yes","Yes","Yes"
"31-14-07-01",4,"No","Yes","No","Yes","No","Yes","Yes","No","No","Yes","No","No","Yes","Yes","Yes","Yes","Yes"
"96-79-76-17",1,"Yes","Yes","No","Yes","Yes","Yes","No","No","Yes","Yes","No","No","No","Yes","Yes","Yes","No"
"96-79-76-17",2,"Yes","Yes","No","Yes","Yes","Yes","No","No","Yes","Yes","No","No","No","No","Yes","Yes","No"
"23-90-90-29",1,"No","Yes","No","No","No","Yes","No","No","No","No","No","No","No","No","No","No","No"
"23-90-90-29",2,"No","Yes","No","No","No","No","No","No","No","No","No","No","No","No","No","No","No"
"99-47-47-96",1,"No","Yes","No","Yes","No","Yes","No","No","No","No","No","Yes","No","Yes","Yes","No","No"
"99-47-47-96",2,"No","Yes","No","No","No","Yes","No","No","No","No","Yes","Yes","No","No","Yes","No","No"
"48-69-67-88",1,"No","Yes","No","No","No","No","No","No","No","No","No","No","Yes","No","No","No","No"
"93-76-93-98",1,"Yes","Yes","No","No","No","Yes","No","No","No","No","No","No","No","No","Yes","No","Yes"
"02-49-04-36",1,"No","Yes","No","No","No","No","No","No","No","No","No","No","No","No","No","No","No"
"02-49-04-36",2,"No","Yes","No","No","No","No","No","No","No","No","No","No","No","No","No","No","No"
"97-96-55-67",1,"Yes","Yes","No","No","No","Yes","No","No","No","Yes","No","No","No","No","Yes","Yes","No"
"97-96-55-67",2,"Yes","Yes","No","No","No","Yes","No","No","No","Yes","No","No","No","No","Yes","Yes","No"
"55-00-90-34",1,"No","Yes","No","No","No","Yes","No","No","No","No","No","No","No","No","Yes","Yes","No"
"55-00-90-34",2,"No","Yes","No","No","No","Yes","Yes","No","No","No","No","No","No","No","Yes","Yes","No"
"74-92-93-10",2,"No","Yes","No","Yes","No","No","No","No","No","No","No","No","No","Yes","Yes","No","No"
"74-92-93-10",17,"No","Yes","No","Yes","No","No","No","No","No","No","No","No","No","No","Yes","No","Yes"
"62-57-54-10",2,"No","Yes","No","Yes","No","No","No","No","No","No","No","Yes","No","Yes","Yes","No","Yes"
"62-57-54-10",3,"No","Yes","No","Yes","No","No","No","No","No","No","No","Yes","No","Yes","Yes","No","Yes"
"81-64-58-33",1,"Yes","Yes","No","No","No","Yes","No","No","No","Yes","No","No","No","No","Yes","Yes","No"
"81-64-58-33",6,"Yes","Yes","No","No","No","Yes","No","No","No","No","No","No","No","No","Yes","Yes","No"
"51-16-15-92",1,"Yes","Yes","No","No","No","No","No","No","No","No","No","Yes","Yes","No","Yes","No","Yes"
"63-16-06-54",1,"Yes","Yes","No","No","No","Yes","No","No","No","No","No","Yes","No","No","No","Yes","No"
"63-16-06-54",2,"Yes","Yes","No","No","Yes","Yes","No","No","No","No","No","Yes","No","No","Yes","Yes","No"
"32-07-75-14",1,"No","Yes","No","No","No","No","No","No","No","No","No","No","No","No","No","No","No"
"23-46-49-04",1,"Yes","Yes","No","Yes","No","No","No","No","No","Yes","No","No","No","No","Yes","No","Yes"
"81-47-15-41",1,"Yes","No","No","No","No","No","No","No","No","No","No","No","No","No","No","Yes","No"
"74-82-45-40",1,"No","Yes","No","Yes","No","No","No","No","No","No","No","No","Yes","No","No","No","No"
"71-03-17-29",1,"No","Yes","No","Yes","No","Yes","No","No","No","No","No","No","No","No","No","No","No"
"71-03-17-29",3,"No","Yes","No","No","No","No","No","No","No","No","No","No","No","No","No","No","No"
"22-02-08-34",2,"No","Yes","No","Yes","No","No","No","No","No","No","No","No","Yes","No","No","No","Yes"
"35-24-65-37",1,"Yes","No","No","No","No","No","No","No","No","No","No","No","No","No","No","No","No"
"94-94-59-77",1,"No","Yes","No","No","No","No","No","No","No","No","No","No","Yes","No","No","No","No"
"94-94-59-77",2,"No","Yes","No","No","No","No","No","No","No","No","No","No","Yes","No","No","No","No"
"62-18-60-04",1,"No","Yes","No","No","No","No","No","No","No","No","No","No","Yes","No","No","No","No"
"62-18-60-04",2,"No","Yes","No","No","No","No","No","No","No","No","No","No","Yes","No","No","No","No"
"13-57-44-05",1,"No","Yes","No","No","No","No","No","No","No","No","No","No","No","Yes","No","Yes","No"
"13-57-44-05",3,"No","Yes","No","No","No","No","No","No","No","No","No","No","No","Yes","No","Yes","No"
"53-63-07-20",2,"Yes","Yes","No","Yes","No","No","No","No","No","No","No","No","Yes","Yes","Yes","No","Yes"
"67-75-50-83",1,"Yes","Yes","No","No","No","No","No","No","No","No","No","No","No","No","No","No","No"
"02-25-92-18",1,"No","Yes","No","Yes","No","No","No","No","No","No","No","No","No","No","Yes","No","Yes"
"02-25-92-18",3,"No","Yes","No","Yes","No","No","No","No","No","No","No","No","No","No","Yes","No","Yes"
"49-92-48-01",1,"No","Yes","No","No","No","No","No","No","No","No","No","No","No","No","Yes","No","No"
"86-85-54-02",1,"No","Yes","No","No","No","Yes","No","No","No","No","No","No","No","Yes","No","No","No"
"86-85-54-02",3,"No","Yes","No","No","No","Yes","No","No","No","No","No","No","No","Yes","No","No","No"
"25-71-60-55",1,"No","Yes","No","Yes","No","Yes","No","No","No","No","No","No","No","No","No","No","No"
"52-17-01-39",1,"No","Yes","No","No","No","Yes","No","No","No","No","No","Yes","No","Yes","Yes","No","No"
"52-17-01-39",2,"No","Yes","No","No","No","No","No","No","No","No","No","Yes","No","Yes","No","No","No"
"85-68-71-94",1,"No","Yes","No","No","No","Yes","No","No","No","No","No","No","No","No","No","No","No"
"85-68-71-94",2,"No","Yes","No","Yes","No","Yes","No","No","No","No","No","No","No","No","No","No","No"
"88-33-53-02",1,"Yes","Yes","No","No","No","Yes","No","No","No","Yes","No","No","No","Yes","Yes","No","No"
"88-33-53-02",2,"Yes","Yes","No","No","No","Yes","No","No","No","Yes","No","No","No","No","Yes","No","No"
"73-16-52-51",1,"No","Yes","No","Yes","No","No","No","No","No","No","No","No","Yes","No","No","No","No"
"73-16-52-51",2,"No","No","No","No","No","No","No","Yes","No","No","No","No","No","No","No","No","No"
"29-32-71-31",1,"No","No","No","No","No","No","No","No","No","No","No","No","No","No","Yes","No","No"
"08-80-55-70",1,"Yes","Yes","No","No","No","Yes","No","No","No","Yes","No","No","No","No","Yes","No","No"
"58-68-82-05",1,"Yes","Yes","No","No","No","Yes","No","No","No","No","No","No","Yes","No","Yes","No","No"
"40-89-66-86",1,"No","Yes","No","No","No","No","No","No","No","No","No","No","No","No","No","No","No"
"88-30-77-96",1,"No","Yes","No","No","Yes","No","No","No","No","No","No","No","No","No","No","No","No"
"88-30-77-96",2,"No","Yes","No","No","Yes","Yes","No","No","No","No","No","No","No","No","No","No","No"
"72-26-90-86",2,"Yes","Yes","No","No","No","Yes","No","No","No","No","No","No","No","Yes","Yes","No","No"
"49-59-81-92",1,"No","Yes","No","No","No","No","No","No","No","No","No","No","No","No","No","No","No"
"21-01-20-88",1,"No","Yes","No","Yes","No","No","No","No","No","No","No","No","Yes","No","No","No","No"
"79-70-14-90",1,"No","No","No","No","No","Yes","No","No","No","No","No","No","No","No","Yes","No","No"
"80-75-47-72",1,"No","Yes","No","No","No","No","No","No","No","No","No","No","No","No","Yes","No","No"
"56-08-93-09",2,"Yes","No","Yes","No","No","No","No","No","No","No","No","No","No","No","Yes","No","No"
"17-42-48-26",1,"Yes","Yes","No","No","No","Yes","No","No","No","No","No","No","Yes","No","Yes","No","Yes"
"17-42-48-26",2,"Yes","Yes","No","No","No","Yes","No","No","No","No","No","No","Yes","No","Yes","No","No"
"48-20-15-07",1,"No","No","No","No","No","No","No","No","No","No","No","No","No","No","No","No","No"
"48-20-15-07",2,"No","No","No","No","No","Yes","No","No","No","No","No","No","No","No","No","No","No"
"14-03-97-85",1,"No","Yes","Yes","Yes","Yes","Yes","Yes","No","No","Yes","Yes","Yes","Yes","Yes","Yes","Yes","Yes"
"85-88-72-49",1,"Yes","Yes","No","No","No","No","No","No","No","No","No","No","Yes","No","Yes","No","No"
"44-34-38-88",1,"No","Yes","No","Yes","No","No","No","No","No","No","No","No","No","No","No","No","No"
"83-00-22-24",1,"Yes","Yes","No","Yes","No","No","No","No","No","No","No","No","No","No","Yes","No","No"
"53-00-05-97",1,"No","Yes","No","No","No","No","No","No","No","No","No","No","No","Yes","No","No","No"
"53-00-05-97",2,"No","Yes","No","No","No","No","No","No","No","No","No","No","No","No","No","No","No"
"57-74-38-33",1,"No","Yes","No","No","No","Yes","No","No","No","No","No","Yes","No","No","Yes","No","No"
"65-24-72-96",1,"No","Yes","No","No","No","No","No","No","No","No","No","No","Yes","No","No","No","No"
"65-24-72-96",2,"No","Yes","No","No","No","No","No","No","No","No","No","No","Yes","No","No","No","No"
"67-69-19-83",1,"No","Yes","No","No","No","Yes","No","No","No","No","No","No","No","No","No","No","No"
"67-69-19-83",2,"No","Yes","No","No","No","Yes","No","No","No","No","No","No","No","No","No","No","No"
"65-02-79-39",1,"No","Yes","No","No","No","Yes","No","No","No","No","No","No","No","No","No","No","No"
"65-02-79-39",2,"No","Yes","No","No","No","Yes","No","No","No","No","No","No","No","No","No","No","No"
"36-55-19-74",1,"No","Yes","No","No","No","Yes","No","No","No","No","No","No","No","No","No","No","No"
"36-55-19-74",2,"No","Yes","No","No","No","Yes","No","No","No","No","No","No","No","No","No","No","No"
"02-47-11-50",1,"No","No","No","No","No","No","No","No","No","No","No","No","Yes","No","No","No","No"
"34-55-62-08",1,"Yes","Yes","No","No","No","Yes","No","No","No","No","No","No","No","Yes","Yes","No","No"
"34-55-62-08",2,"Yes","Yes","No","No","No","Yes","No","No","No","No","No","No","No","Yes","Yes","No","No"
"21-53-06-24",1,"No","No","No","No","No","Yes","No","No","No","Yes","Yes","No","No","No","No","No","No"
"54-20-19-80",1,"Yes","Yes","No","No","No","No","No","No","No","No","No","No","Yes","Yes","Yes","No","No"
"77-37-06-75",1,"Yes","Yes","No","Yes","No","No","No","No","No","No","No","No","No","No","No","No","No"
"17-29-45-21",1,"No","Yes","No","No","No","Yes","No","No","No","No","No","No","No","No","No","No","No"
"17-29-45-21",2,"No","Yes","No","Yes","No","No","No","No","No","No","No","No","No","No","No","No","No"
"14-98-54-79",1,"No","Yes","No","No","No","No","No","No","No","No","No","No","No","No","No","No","No"
"74-43-35-64",1,"Yes","Yes","No","No","No","No","No","No","No","No","No","No","No","No","No","No","No"
"02-76-65-17",1,"No","Yes","No","No","No","Yes","No","No","No","No","No","No","No","Yes","No","No","No"
"02-76-65-17",2,"No","Yes","No","No","No","Yes","No","No","No","No","No","No","No","Yes","No","No","No"
"91-57-65-34",1,"No","No","No","No","No","Yes","No","No","No","Yes","No","No","No","Yes","Yes","Yes","No"
"61-08-28-75",1,"Yes","Yes","No","No","No","Yes","No","No","No","No","No","No","No","Yes","Yes","No","No"
"61-08-28-75",2,"Yes","Yes","No","No","No","Yes","No","No","No","No","No","No","No","Yes","Yes","No","No"
"08-98-76-07",1,"Yes","Yes","No","Yes","No","No","No","No","No","Yes","No","No","No","No","Yes","Yes","No"
"08-98-76-07",5,"Yes","Yes","No","Yes","No","No","No","No","No","No","Yes","No","No","No","Yes","No","No"
"07-58-78-17",1,"No","No","No","No","No","No","No","No","No","No","No","Yes","No","Yes","Yes","Yes","No"
"07-58-78-17",11,"No","No","No","No","No","Yes","No","No","No","No","No","Yes","No","Yes","Yes","Yes","No"
"50-08-29-58",2,"Yes","Yes","No","No","No","Yes","No","No","No","No","No","No","No","No","No","No","No"
"21-97-24-76",1,"Yes","Yes","No","Yes","No","Yes","No","No","No","No","No","No","No","No","Yes","No","No"
"21-97-24-76",2,"Yes","Yes","No","No","No","Yes","No","No","No","No","No","No","No","No","Yes","No","No"
"47-86-23-98",1,"No","Yes","No","No","No","Yes","No","No","No","No","No","No","No","No","No","No","No"
"47-86-23-98",2,"No","Yes","No","No","No","Yes","No","No","No","No","No","No","No","No","No","No","No"
"58-41-17-07",1,"No","No","No","No","No","No","No","No","No","No","No","No","No","No","No","Yes","No"
"58-41-17-07",2,"No","No","No","No","No","No","No","No","No","No","No","No","No","No","No","Yes","No"
"27-41-68-88",1,"Yes","Yes","No","Yes","No","Yes","No","No","No","No","No","Yes","No","No","Yes","Yes","No"
"27-41-68-88",2,"Yes","Yes","No","No","No","No","No","No","No","No","No","Yes","No","Yes","Yes","No","No"
"36-57-67-99",1,"No","Yes","No","Yes","No","No","No","No","No","No","No","No","Yes","No","Yes","No","Yes"
"36-57-67-99",2,"No","Yes","No","Yes","No","No","No","No","No","No","No","No","Yes","No","No","No","Yes"
"14-01-18-55",2,"No","Yes","No","No","No","No","No","No","No","No","No","No","Yes","No","No","No","No"
"14-01-18-55",6,"No","Yes","No","No","No","No","No","No","No","No","No","No","No","Yes","No","No","No"
"25-45-40-50",1,"No","Yes","No","No","No","Yes","No","No","No","No","No","No","No","Yes","No","Yes","No"
"25-45-40-50",9,"No","Yes","No","No","No","Yes","No","No","No","No","No","No","No","Yes","No","No","No"
"28-45-95-92",1,"Yes","Yes","No","No","No","No","No","No","No","Yes","No","No","No","No","Yes","No","No"
"52-38-49-21",1,"No","Yes","No","No","No","Yes","No","No","No","No","No","No","No","Yes","No","Yes","No"
"52-38-49-21",2,"No","Yes","No","No","No","Yes","No","No","No","No","No","No","No","No","No","No","No"
"59-05-06-39",1,"Yes","Yes","No","Yes","No","No","No","No","No","No","No","No","No","No","Yes","No","No"
"59-05-06-39",2,"Yes","Yes","No","Yes","No","No","No","No","No","No","No","No","No","No","Yes","No","No"
"07-23-34-26",1,"Yes","Yes","No","No","No","Yes","No","No","No","No","No","No","No","No","Yes","No","No"
"07-23-34-26",2,"Yes","Yes","No","No","No","Yes","No","No","No","No","No","No","No","No","Yes","No","No"
"74-55-33-17",1,"Yes","Yes","No","Yes","No","Yes","No","No","No","No","No","No","No","No","No","No","No"
"74-55-33-17",2,"Yes","Yes","No","Yes","No","No","No","No","No","Yes","Yes","No","No","No","No","No","No"
"63-06-38-69",1,"No","Yes","No","Yes","No","No","No","No","No","No","No","No","Yes","No","No","No","Yes"
"63-06-38-69",2,"No","Yes","No","Yes","No","No","No","No","No","No","No","No","Yes","No","No","No","Yes"
"05-74-67-92",1,"No","Yes","No","Yes","No","No","No","No","No","No","No","No","Yes","Yes","No","No","No"
"98-46-70-51",1,"No","Yes","No","No","No","Yes","No","No","No","No","No","Yes","No","Yes","No","No","No"
"98-46-70-51",2,"No","Yes","No","No","No","Yes","No","No","No","No","No","Yes","No","Yes","No","No","No"
"36-97-15-03",1,"No","Yes","No","Yes","No","No","No","No","No","No","No","Yes","Yes","Yes","Yes","No","Yes"
"36-97-15-03",2,"No","Yes","No","Yes","No","No","No","No","No","No","No","Yes","Yes","Yes","Yes","No","Yes"
"31-20-72-58",1,"No","Yes","No","No","No","Yes","No","No","No","No","No","No","No","No","No","No","No"
"59-12-76-31",1,"No","Yes","Yes","No","No","Yes","No","No","No","No","No","No","No","No","Yes","No","No"
"59-12-76-31",2,"No","Yes","Yes","No","No","Yes","No","No","No","No","No","No","No","No","Yes","No","No"
"07-54-13-18",1,"No","Yes","No","No","No","Yes","No","No","No","No","No","No","No","No","No","No","No"
"07-54-13-18",2,"No","Yes","No","No","No","Yes","No","No","No","No","No","No","No","No","No","No","No"
"84-52-73-65",1,"No","Yes","No","Yes","No","No","No","No","No","No","No","No","Yes","No","No","No","Yes"
"84-52-73-65",2,"No","Yes","No","Yes","No","No","No","No","No","No","No","No","No","No","No","No","Yes"
"85-09-03-91",1,"No","Yes","No","No","No","Yes","No","No","No","No","No","No","No","No","Yes","No","No"
"85-09-03-91",2,"No","Yes","No","No","No","Yes","No","No","No","No","No","No","No","No","No","No","No"
"56-01-39-00",1,"Yes","Yes","No","No","No","Yes","No","No","No","No","No","No","No","No","No","No","No"
"56-01-39-00",2,"Yes","Yes","No","No","No","Yes","No","No","No","No","No","No","No","No","No","No","No"
"69-33-88-72",1,"No","Yes","No","No","No","No","No","No","No","No","No","No","Yes","No","Yes","No","No"
"69-33-88-72",2,"No","Yes","No","No","No","No","No","No","No","No","No","No","Yes","No","Yes","No","No"
"26-09-67-07",1,"No","Yes","No","Yes","No","No","No","No","No","Yes","No","No","No","No","Yes","No","Yes"
"26-09-67-07",2,"No","Yes","No","Yes","No","No","No","No","No","No","No","No","No","Yes","No","Yes","Yes"
"69-39-81-14",1,"No","Yes","No","No","No","Yes","No","No","No","No","No","No","No","No","No","No","No"
"69-39-81-14",7,"No","Yes","No","No","No","Yes","No","No","No","No","No","No","No","No","No","No","No"
"00-76-43-47",1,"Yes","Yes","No","No","No","Yes","No","No","No","No","No","No","No","No","No","No","No"
"00-76-43-47",2,"Yes","Yes","No","No","No","Yes","No","No","No","No","No","No","No","No","No","No","No"
"29-40-24-48",1,"Yes","Yes","No","Yes","No","No","No","No","No","No","No","No","Yes","No","Yes","Yes","Yes"
"29-40-24-48",2,"Yes","Yes","No","Yes","No","No","No","No","No","No","No","No","Yes","No","Yes","Yes","Yes"
"79-00-21-46",1,"No","Yes","No","Yes","No","No","No","No","No","Yes","No","No","No","No","Yes","No","Yes"
"46-34-68-84",1,"No","Yes","No","No","No","Yes","No","No","No","No","No","No","No","No","No","No","No"
"45-00-04-40",1,"No","Yes","No","No","No","No","No","No","No","No","No","No","No","No","Yes","No","Yes"
"22-15-19-43",1,"Yes","Yes","No","Yes","No","No","No","No","No","No","No","No","Yes","No","No","No","Yes"
"09-01-21-24",1,"No","Yes","No","No","No","Yes","No","No","No","No","No","No","No","No","No","No","No"
"28-05-99-59",1,"No","Yes","No","No","No","No","No","No","No","No","No","No","No","No","No","No","No"
"28-05-99-59",2,"No","Yes","No","No","No","No","No","No","No","No","No","No","No","No","No","No","No"
"78-33-63-09",1,"Yes","Yes","No","Yes","No","No","No","No","No","No","No","No","Yes","Yes","Yes","Yes","Yes"
"78-33-63-09",2,"Yes","Yes","No","Yes","No","No","No","No","No","No","No","No","Yes","Yes","Yes","Yes","Yes"
"21-06-84-39",1,"No","Yes","No","Yes","No","No","No","No","No","No","No","No","Yes","No","No","Yes","Yes"
"21-06-84-39",2,"No","Yes","No","Yes","No","No","No","No","No","No","No","No","No","No","Yes","No","Yes"
"96-45-29-81",2,"Yes","Yes","No","No","No","Yes","No","No","No","No","No","No","No","No","No","No","No"
"82-78-33-54",1,"No","Yes","No","No","No","No","No","No","No","No","No","No","Yes","No","No","No","Yes"
"01-53-98-85",1,"No","Yes","No","No","No","Yes","No","No","No","No","No","No","No","No","Yes","No","No"
"01-53-98-85",3,"No","Yes","No","No","Yes","Yes","No","No","No","No","No","No","No","No","Yes","No","No"
"15-34-27-17",2,"Yes","Yes","No","Yes","No","No","No","No","No","No","No","Yes","No","No","Yes","Yes","Yes"
"84-32-88-02",1,"Yes","Yes","No","No","No","Yes","No","No","No","No","No","No","Yes","No","No","No","No"
"02-43-89-26",1,"No","Yes","No","Yes","No","Yes","No","Yes","No","No","No","No","No","No","No","No","No"
"02-43-89-26",2,"No","Yes","No","No","No","Yes","No","Yes","No","No","No","No","No","Yes","No","No","No"
"36-62-21-63",1,"No","Yes","No","No","No","Yes","No","No","No","No","No","No","No","No","No","No","No"
"36-62-21-63",2,"No","Yes","No","No","No","Yes","No","No","No","No","No","No","No","No","No","No","No"
"98-63-71-97",1,"No","Yes","No","No","No","No","No","No","No","No","No","No","Yes","No","No","No","No"
"98-63-71-97",2,"No","Yes","No","No","No","No","No","No","No","No","No","No","Yes","No","No","No","No"
"07-88-71-07",1,"No","Yes","No","Yes","No","No","No","No","No","No","No","No","Yes","No","Yes","No","Yes"
"07-88-71-07",2,"No","Yes","No","Yes","No","No","No","No","No","No","No","No","Yes","No","Yes","No","Yes"
"18-07-56-01",2,"Yes","Yes","No","Yes","No","No","No","No","No","No","No","Yes","Yes","No","Yes","Yes","Yes"
"76-16-53-82",1,"No","Yes","No","No","No","Yes","No","No","No","No","No","No","No","No","No","No","No"
"76-16-53-82",2,"No","Yes","No","No","No","Yes","No","Yes","No","No","No","No","No","No","No","No","No"
"36-91-65-20",1,"No","Yes","No","No","No","Yes","No","No","No","No","No","No","No","No","No","No","No"
"22-29-07-01",1,"No","Yes","No","No","No","No","No","No","No","No","No","No","No","No","No","No","No"
"22-29-07-01",2,"No","Yes","No","No","No","No","No","No","No","No","No","No","No","No","No","No","No"
"53-93-66-67",1,"No","Yes","No","No","No","Yes","No","No","No","No","No","No","No","No","No","No","No"
"53-93-66-67",2,"No","Yes","No","No","No","Yes","No","Yes","No","No","No","No","No","No","No","No","No"
"37-39-06-63",1,"No","Yes","No","Yes","No","No","No","No","No","No","No","No","No","No","No","No","Yes"
"17-95-97-27",1,"Yes","Yes","No","No","No","Yes","No","No","No","No","No","No","No","No","Yes","No","No"
"17-95-97-27",3,"No","Yes","No","No","No","Yes","No","No","No","No","No","No","No","No","Yes","No","No"
"92-61-03-62",1,"No","Yes","No","No","No","No","No","No","No","No","No","No","Yes","No","No","No","Yes"
"02-86-94-14",2,"Yes","Yes","No","Yes","No","No","No","No","No","No","No","Yes","Yes","Yes","Yes","Yes","Yes"
"26-53-37-24",1,"Yes","Yes","No","No","No","Yes","No","No","No","No","Yes","No","No","Yes","Yes","Yes","No"
"26-53-37-24",2,"Yes","Yes","No","No","No","Yes","No","No","No","No","Yes","No","No","Yes","Yes","Yes","No"
"73-57-99-74",1,"No","Yes","No","No","No","Yes","No","No","No","No","Yes","Yes","No","Yes","Yes","Yes","Yes"
"49-29-23-58",1,"Yes","Yes","No","No","No","Yes","No","No","No","No","No","No","No","Yes","No","No","No"
"49-29-23-58",2,"Yes","Yes","No","No","No","Yes","No","No","No","No","No","No","No","Yes","No","No","No"
"71-13-07-75",1,"No","Yes","No","No","No","Yes","No","No","No","No","No","No","No","No","Yes","No","No"
"71-13-07-75",2,"No","Yes","No","No","No","No","No","No","No","No","No","No","No","No","No","No","No"
"19-53-43-56",1,"No","Yes","No","No","No","No","No","No","No","No","No","No","No","No","No","No","No"
"57-61-80-20",1,"No","Yes","No","No","No","No","No","No","No","No","No","No","Yes","No","No","No","Yes"
"57-61-80-20",2,"No","Yes","No","No","No","No","No","No","No","No","No","No","Yes","No","No","No","Yes"
"66-47-36-80",1,"Yes","Yes","No","No","No","Yes","No","No","No","No","No","No","No","Yes","Yes","No","No"
"66-47-36-80",2,"Yes","Yes","No","No","No","Yes","No","No","No","No","No","No","No","Yes","Yes","No","No"
"55-47-02-66",2,"Yes","Yes","No","Yes","No","No","No","No","No","No","Yes","Yes","No","Yes","Yes","Yes","No"
"69-74-76-81",1,"Yes","Yes","Yes","No","Yes","Yes","No","No","No","No","No","Yes","Yes","Yes","Yes","No","Yes"
"69-74-76-81",2,"Yes","Yes","No","No","Yes","Yes","No","No","No","No","Yes","Yes","Yes","Yes","Yes","No","Yes"
"25-51-33-57",1,"No","Yes","No","No","No","Yes","No","No","No","No","Yes","No","No","Yes","No","Yes","No"
"25-51-33-57",4,"No","Yes","No","No","No","No","No","No","No","No","No","No","No","Yes","No","No","No"
"99-83-71-81",1,"No","Yes","No","No","No","No","No","No","No","No","No","No","No","No","No","No","No"
"30-46-44-49",1,"No","Yes","No","No","Yes","Yes","No","No","No","Yes","No","Yes","No","No","Yes","Yes","Yes"
"30-46-44-49",2,"No","Yes","No","No","Yes","Yes","No","No","No","Yes","No","Yes","No","No","Yes","Yes","Yes"
"03-30-12-96",1,"No","Yes","No","Yes","No","No","No","No","No","No","No","No","Yes","No","Yes","No","Yes"
"03-30-12-96",3,"No","Yes","Yes","Yes","No","No","No","No","No","No","No","Yes","No","No","Yes","Yes","Yes"
"35-16-22-13",1,"No","Yes","No","No","No","No","No","No","No","No","No","Yes","No","No","No","No","Yes"
"35-16-22-13",6,"No","Yes","No","No","No","No","No","No","No","No","No","Yes","No","No","No","No","No"
"96-28-28-46",2,"No","Yes","No","Yes","No","Yes","No","No","No","No","No","Yes","Yes","Yes","Yes","No","Yes"
"10-32-26-69",1,"Yes","Yes","No","Yes","No","Yes","No","No","No","No","No","Yes","No","No","Yes","No","No"
"10-32-26-69",2,"Yes","Yes","No","Yes","No","No","No","No","No","No","No","Yes","No","No","Yes","Yes","No"
"68-75-69-07",1,"Yes","Yes","No","No","No","No","No","No","No","No","No","Yes","No","No","No","No","No"
"68-75-69-07",2,"Yes","Yes","No","No","No","No","No","No","No","No","No","Yes","No","No","No","No","No"
"02-58-63-69",1,"Yes","Yes","No","No","No","Yes","No","No","No","No","No","No","No","No","Yes","No","No"
"58-12-98-10",2,"No","Yes","No","Yes","No","No","No","No","No","No","No","No","Yes","No","No","No","No"
"22-68-19-10",2,"No","Yes","No","No","No","Yes","No","No","No","No","No","No","No","No","No","No","No"
"22-68-19-10",3,"No","Yes","No","No","No","Yes","No","No","No","No","No","No","No","No","No","No","No"
"99-42-05-34",1,"No","Yes","No","No","No","No","No","No","No","No","No","No","No","Yes","No","No","No"
"21-29-11-98",1,"Yes","Yes","No","No","No","No","No","No","No","No","No","Yes","No","Yes","Yes","Yes","No"
"21-29-11-98",2,"No","Yes","No","No","No","No","No","No","No","No","No","Yes","No","Yes","Yes","No","No"
"06-11-50-44",1,"No","Yes","No","Yes","No","No","No","No","No","No","No","No","Yes","No","No","No","Yes"
"06-11-50-44",2,"No","Yes","No","Yes","No","No","No","No","No","No","No","No","No","No","No","No","Yes"
"38-44-09-59",1,"Yes","Yes","No","No","No","No","No","No","No","No","No","Yes","Yes","No","No","No","No"
"38-44-09-59",5,"Yes","Yes","No","No","No","No","No","No","No","No","No","Yes","Yes","No","No","No","No"
"81-45-35-86",1,"No","Yes","No","No","No","No","No","No","No","No","No","No","Yes","No","No","No","Yes"
"81-45-35-86",2,"No","Yes","No","No","No","No","No","No","No","No","No","No","Yes","No","No","No","Yes"
"83-11-66-41",1,"No","Yes","No","Yes","No","No","No","No","No","No","No","No","Yes","No","No","No","Yes"
"45-34-02-51",1,"Yes","Yes","No","No","No","No","No","No","No","No","No","No","No","No","No","Yes","No"
"26-37-15-28",1,"No","Yes","No","No","No","Yes","No","No","No","No","No","No","No","No","Yes","No","No"
"26-37-15-28",2,"No","Yes","No","No","No","No","No","No","No","No","No","No","No","No","No","No","No"
"73-50-61-74",1,"No","Yes","No","No","No","No","No","No","No","No","No","Yes","No","No","Yes","No","No"
"73-50-61-74",3,"No","Yes","No","No","No","Yes","No","No","No","No","No","No","No","No","Yes","No","No"
"58-09-34-36",1,"No","Yes","No","No","No","Yes","No","No","No","No","No","No","No","No","No","No","Yes"
"94-78-30-89",1,"No","Yes","No","Yes","No","Yes","Yes","No","No","No","Yes","Yes","Yes","Yes","Yes","Yes","No"
"97-62-61-29",1,"Yes","Yes","No","No","No","No","No","No","No","No","No","Yes","No","No","Yes","No","No"
"16-35-49-05",1,"Yes","Yes","No","No","No","Yes","No","No","No","No","No","Yes","No","No","No","No","No"
"16-35-49-05",2,"Yes","Yes","No","No","No","Yes","No","No","No","No","No","Yes","No","No","Yes","No","No"
"18-48-69-27",1,"No","Yes","No","Yes","No","Yes","No","No","No","No","No","No","No","Yes","No","No","No"
"18-48-69-27",2,"No","Yes","No","Yes","No","No","No","No","No","No","No","No","No","Yes","No","No","No"
"30-61-23-28",1,"Yes","Yes","No","No","No","No","No","No","No","No","No","No","No","No","No","No","No"
"91-09-11-51",1,"No","Yes","No","No","No","Yes","No","No","No","No","No","Yes","No","No","Yes","No","No"
"91-09-11-51",2,"No","Yes","No","No","No","Yes","No","No","No","No","No","Yes","No","No","Yes","No","No"
"03-15-59-01",1,"No","Yes","Yes","No","No","Yes","No","No","No","Yes","No","No","No","Yes","Yes","Yes","Yes"
"03-15-59-01",2,"No","Yes","Yes","No","No","Yes","No","No","No","Yes","No","No","No","Yes","Yes","Yes","Yes"
"51-88-98-79",1,"No","Yes","No","No","No","Yes","No","No","No","No","No","Yes","No","No","Yes","No","Yes"
"51-88-98-79",2,"No","Yes","No","No","No","Yes","No","No","No","No","No","Yes","No","No","Yes","No","Yes"
"38-99-58-33",1,"No","Yes","No","Yes","No","Yes","No","No","No","Yes","Yes","Yes","No","Yes","No","Yes","No"
"38-99-58-33",2,"No","Yes","No","No","No","Yes","No","No","No","Yes","Yes","Yes","No","Yes","No","Yes","No"
"73-78-76-86",1,"No","Yes","No","No","No","Yes","No","No","No","No","No","No","No","No","No","No","Yes"
"73-78-76-86",2,"No","Yes","No","No","No","Yes","No","No","No","No","No","No","Yes","No","No","No","Yes"
"16-76-51-56",1,"No","No","Yes","No","No","No","No","No","No","No","No","No","No","No","No","No","No"
"34-75-99-64",1,"No","Yes","No","No","No","Yes","No","No","No","No","No","No","No","Yes","No","No","Yes"
"00-76-59-09",1,"No","Yes","No","No","No","Yes","No","No","No","No","No","No","No","No","No","No","No"
"00-76-59-09",6,"No","Yes","No","No","No","Yes","No","No","No","No","No","No","No","No","No","No","No"
"03-36-35-32",1,"No","Yes","No","No","No","No","No","No","No","No","No","Yes","No","No","No","No","Yes"
"66-74-25-56",1,"No","Yes","No","No","No","No","No","No","No","No","No","No","Yes","Yes","No","No","Yes"
"66-74-25-56",2,"No","Yes","No","No","No","No","No","No","No","No","No","No","Yes","Yes","No","No","Yes"
"80-48-62-68",1,"No","Yes","No","No","No","Yes","No","No","No","No","No","No","No","No","No","No","No"
"80-48-62-68",2,"No","Yes","No","No","No","Yes","No","No","No","No","No","No","No","No","No","No","No"
"67-59-61-49",1,"No","Yes","No","Yes","No","Yes","No","No","No","No","No","No","No","No","No","No","No"
"67-59-61-49",2,"No","Yes","No","No","No","No","No","No","No","No","No","No","No","No","No","Yes","No"
"23-88-68-38",1,"No","Yes","Yes","Yes","No","Yes","No","No","No","No","Yes","Yes","No","Yes","No","No","No"
"23-88-68-38",2,"No","Yes","Yes","Yes","No","Yes","No","Yes","No","Yes","Yes","No","Yes","Yes","No","No","No"
"24-58-49-24",1,"No","Yes","No","No","No","Yes","No","No","No","Yes","No","Yes","No","Yes","No","No","Yes"
"24-58-49-24",6,"No","Yes","No","No","No","No","No","No","No","No","No","No","No","No","No","No","No"
"27-73-91-69",1,"No","Yes","No","Yes","No","No","No","No","No","No","No","No","No","No","No","No","Yes"
"88-41-94-49",1,"No","Yes","No","Yes","No","Yes","No","No","No","No","No","Yes","Yes","No","No","No","Yes"
"83-47-45-70",1,"No","Yes","No","No","No","Yes","No","No","No","No","No","No","No","No","No","No","No"
"83-47-45-70",2,"No","Yes","No","No","No","Yes","No","No","No","No","No","No","No","No","No","No","No"
"06-72-44-70",1,"No","Yes","No","No","No","Yes","No","No","No","No","No","No","No","No","No","No","No"
"06-72-44-70",4,"No","Yes","No","No","No","Yes","No","No","No","No","No","No","No","No","No","No","No"
"85-25-38-04",1,"No","Yes","No","No","No","Yes","No","No","No","No","No","No","No","No","No","No","No"
"99-72-02-18",1,"No","Yes","No","No","No","Yes","No","No","No","No","No","No","No","No","No","No","No"
"99-72-02-18",2,"No","Yes","No","No","No","Yes","No","No","No","No","No","No","No","No","No","No","No"
"76-93-76-77",1,"No","Yes","No","No","No","No","No","No","No","No","No","Yes","No","No","No","No","No"
"25-81-57-24",2,"No","Yes","No","Yes","No","Yes","No","No","No","No","No","Yes","No","No","Yes","Yes","Yes"
"25-81-57-24",3,"No","Yes","No","Yes","No","Yes","No","No","No","No","No","Yes","No","No","Yes","Yes","Yes"
"18-66-56-26",1,"No","Yes","No","No","No","Yes","No","No","No","No","No","No","Yes","No","No","No","No"
"18-66-56-26",2,"No","Yes","No","No","No","Yes","No","No","No","No","No","No","Yes","No","No","No","No"
"38-35-03-16",1,"No","Yes","No","No","No","Yes","No","No","No","No","No","No","Yes","No","No","No","No"
"38-35-03-16",2,"No","Yes","No","No","No","Yes","No","No","No","No","No","No","Yes","No","No","No","No"
"87-43-13-02",1,"No","Yes","No","No","No","No","No","No","No","No","No","No","No","No","No","No","No"
"06-72-27-90",2,"Yes","Yes","No","Yes","No","Yes","No","No","No","Yes","No","No","No","Yes","Yes","No","No"
"10-09-48-91",1,"No","Yes","No","Yes","No","No","No","No","No","No","No","No","Yes","No","No","No","Yes"
"89-20-17-64",1,"No","Yes","No","No","No","Yes","No","No","No","No","Yes","No","Yes","Yes","Yes","No","Yes"
"89-20-17-64",2,"No","Yes","No","No","No","Yes","No","No","No","No","Yes","No","Yes","Yes","Yes","No","Yes"
"61-30-29-22",1,"No","Yes","No","No","No","Yes","No","No","No","No","No","No","No","Yes","No","No","No"
"61-30-29-22",2,"No","Yes","No","No","No","Yes","No","No","No","No","No","No","No","No","No","No","No"
"32-64-82-60",1,"No","Yes","No","No","No","No","No","No","No","No","No","No","No","Yes","No","No","No"
"32-64-82-60",2,"No","Yes","No","No","No","No","No","No","No","No","No","No","No","Yes","No","No","No"
"05-69-71-03",1,"No","Yes","No","No","No","No","No","No","No","No","No","Yes","No","No","Yes","No","Yes"
"05-69-71-03",4,"No","Yes","No","No","No","No","No","No","No","No","No","Yes","No","No","Yes","No","Yes"
"62-54-48-69",1,"No","Yes","No","No","No","Yes","No","No","No","No","No","No","No","No","No","No","No"
"62-54-48-69",5,"No","Yes","No","No","No","Yes","No","No","No","No","No","No","No","No","No","No","No"
"40-71-41-17",1,"No","Yes","No","No","No","Yes","No","No","No","No","No","No","No","Yes","No","No","No"
"40-71-41-17",2,"Yes","Yes","No","No","No","Yes","No","No","No","No","No","No","Yes","No","No","No","No"
"59-04-18-69",2,"Yes","Yes","No","Yes","No","Yes","No","No","No","Yes","No","Yes","No","Yes","Yes","No","Yes"
"99-19-59-36",1,"No","Yes","No","Yes","No","No","No","No","No","No","No","No","No","No","Yes","No","Yes"
"99-19-59-36",2,"No","Yes","No","Yes","No","No","No","No","No","No","No","No","No","No","Yes","No","No"
"66-80-07-88",3,"No","Yes","No","No","No","Yes","No","No","No","No","Yes","No","No","Yes","No","No","No"
"66-80-07-88",4,"No","Yes","No","No","No","Yes","No","No","No","No","No","No","No","No","No","No","No"
"33-91-72-59",1,"No","Yes","No","No","No","Yes","No","No","No","No","No","No","No","No","Yes","No","Yes"
"79-95-75-64",1,"Yes","Yes","No","Yes","No","No","No","No","No","No","No","Yes","Yes","Yes","No","No","Yes"
"79-95-75-64",3,"No","Yes","No","Yes","No","No","No","No","No","No","No","Yes","Yes","Yes","No","No","Yes"
"36-27-38-94",1,"No","Yes","No","No","No","No","No","No","No","No","No","No","No","No","No","No","No"
"20-85-41-55",1,"No","Yes","No","No","Yes","Yes","No","No","No","No","No","Yes","Yes","No","Yes","No","Yes"
"20-85-41-55",11,"No","Yes","No","Yes","Yes","Yes","Yes","No","No","No","No","Yes","Yes","No","Yes","No","Yes"
"99-41-30-80",2,"Yes","Yes","No","Yes","No","No","No","No","No","No","No","Yes","No","No","Yes","No","Yes"
"71-06-23-24",1,"No","Yes","No","No","No","No","No","No","No","No","No","No","No","No","No","No","No"
"89-01-00-04",2,"No","No","No","No","No","No","No","No","No","Yes","No","No","Yes","No","No","No","Yes"
"00-37-37-14",1,"No","Yes","No","No","No","No","No","No","No","No","No","Yes","No","Yes","No","No","Yes"
"00-37-37-14",2,"No","Yes","No","No","No","No","No","No","No","No","No","Yes","Yes","Yes","Yes","No","Yes"
"74-41-47-70",1,"No","Yes","No","Yes","No","No","No","No","No","No","No","No","Yes","No","No","No","Yes"
"74-41-47-70",2,"No","Yes","No","Yes","No","No","No","No","No","No","No","No","Yes","No","No","No","Yes"
"52-43-66-41",1,"Yes","Yes","No","No","No","Yes","No","No","No","No","No","Yes","No","No","Yes","No","No"
"52-43-66-41",6,"Yes","Yes","No","No","No","No","No","No","No","No","No","No","No","No","No","No","No"
"83-13-77-99",2,"No","Yes","No","No","No","No","No","No","No","No","No","No","Yes","No","No","No","No"
"61-91-44-04",1,"No","Yes","No","No","No","Yes","No","No","No","No","No","No","Yes","No","No","No","No"
"61-91-44-04",2,"No","Yes","No","No","No","Yes","No","No","No","No","No","No","Yes","No","No","Yes","No"
"61-31-17-62",1,"No","Yes","No","No","No","Yes","No","No","No","No","No","No","Yes","No","No","No","No"
"61-31-17-62",2,"No","Yes","No","No","No","Yes","No","No","No","No","No","No","Yes","No","No","No","No"
"01-73-77-56",1,"No","Yes","No","No","No","Yes","No","No","No","No","No","No","No","No","No","No","Yes"
"01-73-77-56",2,"No","Yes","No","No","No","Yes","No","No","No","No","No","No","No","No","No","No","Yes"
"47-87-04-23",1,"No","Yes","No","Yes","No","No","No","No","No","No","No","No","No","No","No","No","No"
"47-87-04-23",4,"No","Yes","No","Yes","No","No","No","No","No","No","No","No","No","No","No","No","No"
"46-77-22-22",1,"No","Yes","No","Yes","No","Yes","No","Yes","No","No","Yes","Yes","No","Yes","No","No","No"
"46-77-22-22",2,"No","Yes","No","Yes","No","Yes","No","Yes","No","No","No","No","No","Yes","No","No","No"
"54-46-59-23",1,"No","Yes","No","No","No","No","No","No","No","No","No","Yes","No","No","No","No","No"
"47-72-11-03",1,"No","Yes","No","No","No","Yes","No","No","No","No","No","No","Yes","No","Yes","No","Yes"
"75-19-56-83",1,"No","Yes","No","No","No","Yes","No","No","No","No","No","No","No","No","No","No","No"
"75-19-56-83",2,"No","Yes","No","No","No","Yes","No","No","No","No","No","No","No","No","No","No","No"
"17-63-18-37",1,"No","Yes","No","No","No","Yes","No","No","No","No","No","No","No","Yes","No","No","No"
"17-63-18-37",4,"No","Yes","No","No","No","Yes","No","No","No","No","No","No","No","Yes","No","No","No"
"36-67-78-55",2,"No","Yes","No","No","No","No","No","No","No","No","No","Yes","No","No","No","No","No"
"36-67-78-55",4,"No","Yes","No","No","No","No","No","No","No","No","No","Yes","No","No","No","No","No"
"57-94-56-04",1,"No","Yes","No","Yes","No","No","No","No","No","No","No","No","No","No","No","No","No"
"57-94-56-04",2,"No","Yes","No","Yes","No","No","No","No","No","No","No","No","No","No","No","No","No"
"50-78-72-42",2,"Yes","Yes","No","No","No","No","No","No","No","No","No","No","Yes","No","No","No","No"
"39-32-15-43",2,"No","Yes","No","Yes","No","No","No","No","No","No","No","No","Yes","No","No","No","No"
"83-43-24-20",3,"No","Yes","No","No","No","No","No","No","No","No","No","No","Yes","No","No","No","No"
"86-15-33-66",1,"Yes","Yes","No","Yes","No","No","No","No","No","No","No","No","Yes","No","No","No","Yes"
"86-15-33-66",2,"Yes","Yes","No","Yes","No","No","No","No","No","No","No","No","Yes","No","No","No","Yes"
"44-68-45-91",1,"Yes","Yes","No","No","No","Yes","No","No","No","No","No","No","No","No","Yes","No","Yes"
"92-79-83-19",1,"Yes","Yes","No","Yes","No","No","No","Yes","No","No","No","No","Yes","No","No","No","Yes"
"92-79-83-19",4,"Yes","Yes","No","Yes","No","No","No","No","No","No","No","No","Yes","No","No","No","Yes"
"84-11-52-01",1,"Yes","Yes","No","No","No","No","No","No","No","No","No","Yes","Yes","Yes","No","No","Yes"
"04-80-79-59",1,"Yes","Yes","No","Yes","No","No","No","No","No","No","No","No","No","No","No","No","Yes"
"86-90-94-39",1,"No","Yes","No","No","No","No","No","No","No","No","No","No","No","No","No","No","No"
"60-18-28-01",1,"Yes","Yes","No","No","No","Yes","No","No","No","No","No","Yes","No","No","Yes","No","Yes"
"60-18-28-01",2,"Yes","Yes","No","No","No","Yes","No","No","No","No","No","Yes","No","No","Yes","No","Yes"
"95-75-71-60",1,"No","Yes","No","No","No","Yes","Yes","No","No","No","No","No","No","No","No","No","No"
"95-75-71-60",2,"No","Yes","No","No","No","Yes","Yes","No","No","No","No","No","No","No","No","No","No"
"92-06-91-29",1,"No","Yes","No","No","No","No","No","No","No","No","No","Yes","No","No","No","No","No"
"92-06-91-29",2,"No","Yes","No","No","No","No","No","No","No","No","No","Yes","No","No","No","No","No"
"54-44-90-07",1,"No","No","No","No","No","No","No","No","No","No","No","No","No","No","No","No","No"
"54-44-90-07",6,"No","No","No","No","No","No","No","No","No","No","No","No","No","No","No","No","No"
"03-23-51-60",1,"No","No","No","No","No","No","No","No","No","No","No","No","No","No","No","No","No"
"03-23-51-60",2,"No","Yes","No","No","No","No","No","No","No","No","No","No","Yes","No","No","No","Yes"
"00-90-52-98",1,"No","Yes","No","No","No","No","No","No","No","No","No","No","Yes","No","No","No","No"
"94-81-42-69",1,"Yes","Yes","No","Yes","No","No","No","No","No","No","No","Yes","No","No","Yes","No","Yes"
"94-81-42-69",2,"Yes","Yes","No","Yes","No","No","No","No","No","No","No","Yes","No","No","Yes","No","Yes"
"93-63-81-71",2,"No","Yes","No","Yes","No","No","No","No","No","No","No","No","Yes","No","No","No","Yes"
"98-80-95-52",1,"No","Yes","No","No","No","No","No","No","No","No","No","No","No","No","No","No","No"
"98-80-95-52",2,"No","Yes","No","No","No","No","No","No","No","No","No","No","No","No","No","No","No"
"43-02-26-99",1,"No","Yes","No","No","No","No","No","No","No","No","No","No","No","No","No","No","No"
"43-02-26-99",2,"No","Yes","No","No","No","No","No","No","No","No","No","No","No","No","No","No","No"
"53-75-34-84",1,"No","Yes","No","No","No","No","No","No","No","No","No","Yes","Yes","Yes","Yes","No","Yes"
"27-49-80-27",1,"No","Yes","No","No","No","Yes","No","No","No","No","No","No","No","No","No","No","No"
"33-72-39-68",2,"No","No","No","Yes","No","No","No","No","No","No","No","Yes","No","No","Yes","Yes","No"
"17-79-25-12",1,"No","Yes","No","No","No","No","No","No","Yes","No","No","No","No","No","No","No","Yes"
"17-79-25-12",2,"No","Yes","No","No","No","No","No","No","Yes","No","No","No","No","No","No","No","Yes"
"74-51-58-80",2,"Yes","Yes","No","Yes","No","No","No","No","No","No","No","No","Yes","No","No","No","Yes"
"22-03-45-06",1,"Yes","Yes","No","No","Yes","No","No","No","No","No","No","No","No","No","Yes","No","No"
"29-14-83-70",1,"No","Yes","No","No","No","No","No","No","No","Yes","No","No","No","Yes","Yes","No","Yes"
"54-67-39-05",1,"No","No","No","No","No","No","No","No","No","No","No","No","Yes","No","No","No","No"
"72-58-55-05",1,"Yes","No","No","Yes","No","No","No","No","No","No","No","No","No","No","Yes","No","No"
"04-15-15-88",1,"No","Yes","No","No","No","Yes","No","No","No","No","No","Yes","No","No","Yes","No","Yes"
"27-95-56-36",1,"No","Yes","No","No","No","Yes","No","No","No","No","No","No","No","Yes","No","No","Yes"
"27-95-56-36",2,"No","Yes","No","No","No","Yes","No","No","No","No","No","No","No","No","Yes","No","Yes"
"53-49-41-59",1,"No","Yes","No","Yes","No","Yes","No","No","No","No","No","No","No","No","No","No","Yes"
"39-17-22-92",1,"No","Yes","No","No","No","No","No","No","No","No","No","Yes","No","No","Yes","No","Yes"
"39-17-22-92",2,"No","Yes","No","No","No","No","No","No","No","No","No","Yes","No","No","Yes","No","Yes"
"74-39-55-58",1,"Yes","Yes","No","No","No","Yes","No","No","No","No","No","Yes","No","No","Yes","No","Yes"
"74-39-55-58",2,"Yes","Yes","No","No","No","Yes","No","No","No","No","No","Yes","No","No","Yes","No","No"
"26-22-03-23",1,"No","Yes","No","No","No","Yes","No","No","No","No","No","Yes","No","No","No","No","No"
"09-03-01-05",1,"No","Yes","No","No","No","No","No","No","No","No","No","No","No","Yes","No","No","No"
"09-03-01-05",2,"No","Yes","No","No","No","No","No","No","No","No","No","No","No","Yes","No","No","No"
"15-07-16-66",1,"No","Yes","Yes","No","No","Yes","No","No","No","No","No","No","No","No","No","No","No"
"15-07-16-66",5,"No","Yes","No","No","No","Yes","No","No","No","No","No","No","No","No","No","No","No"
"06-67-11-07",1,"Yes","Yes","No","No","No","No","Yes","No","No","No","No","No","No","No","Yes","No","No"
"06-67-11-07",2,"No","Yes","No","No","No","No","Yes","No","No","No","No","No","No","No","Yes","No","No"
"66-85-51-19",1,"No","Yes","No","No","No","No","No","No","No","No","No","Yes","No","No","No","No","No"
"66-85-51-19",2,"No","Yes","No","No","No","No","No","No","No","No","No","No","No","No","No","No","No"
"62-23-34-43",1,"No","Yes","No","No","No","Yes","No","No","No","No","No","No","No","No","No","No","No"
"62-23-34-43",2,"No","Yes","No","No","No","Yes","No","No","No","No","No","No","No","No","No","No","No"
"40-89-37-32",1,"Yes","Yes","No","No","No","No","No","No","No","No","No","Yes","No","No","No","No","No"
"40-89-37-32",2,"No","Yes","No","No","No","No","No","No","No","No","No","Yes","No","No","No","No","No"
"47-88-11-20",1,"No","Yes","No","No","No","Yes","No","No","No","No","No","No","Yes","No","No","No","No"
"47-88-11-20",2,"No","Yes","No","No","No","Yes","No","No","No","No","No","No","No","No","No","No","No"
"92-32-27-35",1,"No","Yes","No","No","No","No","No","No","No","No","No","No","Yes","No","No","No","No"
"92-32-27-35",2,"No","Yes","No","No","No","No","No","No","No","No","No","No","Yes","No","No","No","No"
"67-30-34-31",1,"Yes","Yes","No","No","No","No","No","No","No","No","No","Yes","No","No","Yes","No","No"
"67-30-34-31",2,"Yes","Yes","No","No","No","No","No","No","No","No","No","Yes","No","No","Yes","No","No"
"41-24-19-16",1,"No","Yes","No","No","No","Yes","No","No","No","No","No","No","No","No","No","No","No"
"41-24-19-16",2,"No","Yes","No","No","No","Yes","No","No","No","No","No","No","No","No","No","No","No"
"45-68-78-48",4,"No","Yes","No","No","No","No","No","No","No","No","No","No","No","No","No","No","Yes"
"45-68-78-48",5,"No","Yes","No","Yes","No","No","No","No","No","No","No","No","No","No","No","No","Yes"
"02-28-32-41",1,"No","Yes","No","No","No","Yes","No","No","No","No","No","No","No","No","No","No","Yes"
"02-28-32-41",2,"No","Yes","No","No","No","Yes","No","No","No","No","No","No","No","No","No","No","Yes"
"42-76-32-22",1,"No","Yes","No","No","No","No","No","No","No","No","No","No","No","No","No","No","Yes"
"42-76-32-22",2,"No","Yes","No","No","No","No","No","No","No","No","No","No","Yes","No","No","No","Yes"
"79-53-86-42",1,"No","Yes","No","No","Yes","Yes","No","No","No","No","No","No","Yes","Yes","Yes","Yes","Yes"
"79-53-86-42",2,"No","Yes","No","No","Yes","Yes","No","No","No","No","No","No","Yes","Yes","Yes","Yes","Yes"
"27-88-22-86",1,"No","Yes","No","No","No","No","No","No","No","No","No","No","Yes","No","No","No","Yes"
"27-88-22-86",2,"No","Yes","No","No","No","No","No","No","No","No","No","No","Yes","No","No","No","No"
"92-15-50-98",1,"No","No","No","Yes","No","No","No","No","No","No","No","No","No","No","No","No","No"
"92-15-50-98",2,"No","Yes","No","Yes","No","No","No","No","No","No","No","No","No","No","No","No","No"
"59-62-31-80",1,"No","Yes","No","No","No","No","No","No","No","No","No","No","Yes","No","No","No","Yes"
"36-99-50-88",1,"No","No","No","No","No","No","No","No","No","No","No","No","No","No","No","No","No"
"44-25-16-47",2,"No","Yes","No","No","No","Yes","No","No","No","No","No","No","No","No","Yes","Yes","Yes"
"44-25-16-47",5,"No","Yes","No","No","No","Yes","No","No","No","No","No","No","No","No","No","No","Yes"
"59-82-52-95",2,"No","Yes","No","No","No","No","No","No","No","No","No","No","No","No","No","No","No"
"74-78-76-52",1,"No","Yes","No","No","No","No","No","No","No","No","No","No","Yes","No","No","No","No"
"74-78-76-52",3,"No","Yes","No","No","No","No","No","No","No","No","No","No","Yes","No","No","No","No"
"83-63-78-61",1,"Yes","Yes","No","No","No","No","No","No","No","No","No","No","No","No","Yes","No","Yes"
"83-63-78-61",2,"Yes","Yes","No","No","No","No","Yes","No","No","No","No","No","No","No","Yes","No","Yes"
"38-59-12-03",2,"No","Yes","No","No","No","No","No","No","No","No","No","No","Yes","No","No","No","No"
"38-59-12-03",5,"No","Yes","No","No","No","No","No","No","No","No","No","No","Yes","No","No","No","No"
"52-04-43-36",1,"Yes","Yes","No","No","No","Yes","No","No","No","No","No","Yes","No","No","Yes","Yes","Yes"
"52-04-43-36",2,"Yes","Yes","No","No","Yes","Yes","No","No","No","No","No","Yes","Yes","No","Yes","Yes","Yes"
"13-43-00-98",1,"No","Yes","No","No","No","No","No","No","No","No","No","No","Yes","No","No","No","Yes"
"52-45-15-44",1,"Yes","Yes","No","No","No","Yes","No","No","No","No","No","Yes","No","Yes","Yes","No","Yes"
"84-06-43-96",1,"No","Yes","No","No","No","No","No","No","No","No","No","No","Yes","Yes","No","No","Yes"
"84-06-43-96",2,"No","Yes","No","No","No","No","No","No","No","No","No","No","Yes","No","No","No","Yes"
"85-25-67-57",1,"No","Yes","No","No","No","Yes","No","No","No","No","No","No","No","Yes","Yes","No","Yes"
"99-71-69-71",1,"No","Yes","No","No","No","No","No","No","No","No","No","No","No","No","No","Yes","No"
"90-84-04-84",1,"No","Yes","No","No","No","No","No","No","No","No","No","Yes","No","No","No","No","No"
"75-65-72-44",1,"No","Yes","No","Yes","No","No","No","No","No","No","No","No","No","No","No","No","No"
"75-65-72-44",2,"No","Yes","No","Yes","No","No","No","No","No","No","No","No","No","No","No","No","No"
"56-76-80-56",2,"No","Yes","No","No","No","No","No","No","No","No","No","No","No","No","No","No","No"
"56-76-80-56",3,"No","Yes","No","No","No","No","No","No","No","No","No","No","No","No","No","No","No"
"95-24-62-42",1,"No","Yes","No","No","No","No","No","No","No","No","No","No","No","No","No","No","No"
"42-51-00-37",1,"No","No","No","No","No","No","No","No","No","No","No","No","No","No","No","No","No"
"36-23-13-87",1,"No","Yes","No","No","No","No","No","No","No","No","No","No","No","No","No","No","No"
"36-23-13-87",2,"No","Yes","No","No","No","No","No","No","No","No","No","No","No","No","No","No","No"
"70-84-37-07",1,"No","Yes","No","No","No","No","No","No","No","No","No","No","No","No","No","No","No"
"70-84-37-07",2,"No","Yes","No","No","No","No","No","No","No","No","No","No","No","No","No","No","No"
"99-94-97-40",1,"No","Yes","No","No","No","Yes","No","No","No","No","No","No","No","No","Yes","No","Yes"
"40-68-37-93",1,"No","Yes","No","Yes","No","No","No","No","No","No","No","No","Yes","No","No","No","Yes"
"40-68-37-93",6,"No","Yes","No","No","No","No","No","No","No","No","No","No","Yes","No","No","No","Yes"
"08-64-31-45",1,"No","No","No","Yes","No","No","No","No","No","No","No","No","No","No","No","No","No"
"24-71-47-80",1,"No","Yes","No","No","No","Yes","No","No","No","No","No","No","Yes","No","No","No","Yes"
"24-71-47-80",2,"No","Yes","No","No","No","Yes","No","No","No","No","No","No","Yes","No","No","No","Yes"
"53-67-73-98",1,"No","Yes","No","No","No","Yes","No","No","No","No","No","No","No","No","Yes","No","Yes"
"89-30-04-89",1,"No","Yes","No","No","No","No","No","No","No","No","No","No","No","No","No","No","No"
"85-35-76-75",1,"No","Yes","No","No","No","No","No","No","No","Yes","No","No","Yes","Yes","Yes","No","Yes"
"85-35-76-75",2,"No","Yes","No","No","No","No","No","No","No","Yes","No","No","Yes","Yes","Yes","No","Yes"
"34-78-22-26",1,"No","Yes","No","No","No","No","No","No","No","No","No","No","Yes","No","No","No","No"
"59-51-95-60",1,"No","Yes","No","No","No","No","No","No","No","No","No","No","No","No","No","No","No"
"22-44-88-72",1,"No","Yes","No","No","No","Yes","No","No","No","No","No","No","No","No","No","No","No"
"22-44-88-72",2,"No","Yes","No","No","No","Yes","No","No","No","No","No","No","No","No","No","No","No"
"35-56-47-30",1,"Yes","Yes","No","Yes","No","No","No","No","No","No","No","No","No","No","No","No","Yes"
"35-56-47-30",2,"Yes","Yes","No","Yes","No","No","No","No","No","No","No","No","No","No","No","No","Yes"
"43-44-87-36",1,"No","Yes","No","No","No","Yes","No","No","No","No","No","No","Yes","No","No","No","No"
"43-44-87-36",2,"No","Yes","No","No","No","Yes","No","No","No","No","No","No","Yes","No","No","No","No"
"25-90-73-61",1,"No","No","No","No","No","No","No","No","No","No","No","No","Yes","No","No","No","No"
"25-90-73-61",2,"No","Yes","No","No","No","No","No","No","No","No","No","No","Yes","No","No","No","No"
"00-81-85-48",1,"No","Yes","No","No","No","Yes","No","No","No","No","No","No","No","No","No","No","No"
"00-81-85-48",2,"No","Yes","No","Yes","No","No","No","No","No","No","No","No","No","No","No","No","No"
"82-05-74-76",2,"No","Yes","No","Yes","No","No","No","No","No","No","No","No","No","No","No","No","No"
"69-02-12-40",2,"Yes","Yes","No","No","No","No","No","No","No","No","No","Yes","No","Yes","Yes","No","Yes"
"68-49-12-16",1,"No","Yes","No","No","No","Yes","No","No","No","No","No","No","No","Yes","Yes","No","No"
"68-49-12-16",2,"No","Yes","No","No","No","Yes","No","No","No","No","No","No","No","Yes","No","No","No"
"47-72-15-93",1,"No","Yes","No","No","No","No","No","No","No","No","No","No","Yes","No","No","No","No"
"46-77-79-60",1,"No","Yes","No","No","No","No","No","No","No","No","No","Yes","No","No","Yes","No","Yes"
"54-41-53-68",1,"No","Yes","No","No","No","Yes","No","No","No","No","No","No","No","Yes","Yes","Yes","Yes"
"54-41-53-68",2,"No","Yes","No","No","No","Yes","No","No","No","No","No","No","No","Yes","No","Yes","Yes"
"35-84-29-80",1,"Yes","Yes","No","No","No","Yes","No","No","No","No","No","No","No","No","No","No","Yes"
"82-89-49-08",1,"No","Yes","No","No","No","No","No","No","No","No","No","No","No","No","No","No","No"
"13-17-77-46",1,"Yes","Yes","No","Yes","No","No","No","No","No","No","No","No","No","No","Yes","No","No"
"87-42-29-56",1,"No","Yes","No","No","No","Yes","No","No","No","No","No","No","No","No","No","No","No"
"87-42-29-56",2,"No","Yes","No","No","No","Yes","No","No","No","No","No","No","No","Yes","No","No","No"
"24-84-60-85",1,"Yes","Yes","No","Yes","No","No","No","No","No","No","No","No","No","No","Yes","No","No"
"78-85-83-52",1,"No","Yes","No","Yes","No","No","No","No","No","No","Yes","No","No","No","No","No","No"
"78-85-83-52",6,"Yes","Yes","No","Yes","No","No","No","No","No","No","Yes","No","No","No","No","No","No"
"78-33-54-01",1,"No","Yes","No","Yes","No","No","No","No","No","No","No","No","No","No","No","No","Yes"
"78-33-54-01",2,"No","Yes","No","Yes","No","No","No","No","No","No","No","No","No","No","No","No","No"
"54-69-71-08",1,"Yes","Yes","No","No","No","Yes","No","No","No","No","No","No","No","Yes","Yes","Yes","Yes"
"54-69-71-08",7,"Yes","Yes","No","No","No","Yes","No","No","No","No","No","No","No","Yes","Yes","Yes","Yes"
"30-10-42-29",1,"No","Yes","No","Yes","No","No","No","No","No","No","No","No","No","Yes","No","No","No"
"52-71-69-48",1,"Yes","Yes","No","No","No","Yes","No","No","No","Yes","No","No","No","No","Yes","Yes","Yes"
"52-71-69-48",2,"Yes","Yes","No","No","No","Yes","No","No","No","Yes","No","No","No","No","Yes","Yes","Yes"
"88-38-32-86",1,"No","Yes","No","Yes","No","Yes","No","No","No","No","No","Yes","Yes","Yes","Yes","No","Yes"
"88-38-32-86",8,"No","Yes","No","Yes","No","Yes","No","No","No","No","No","Yes","Yes","Yes","Yes","No","Yes"
"78-51-51-91",1,"No","Yes","No","No","No","Yes","No","No","No","No","No","No","Yes","No","No","No","No"
"78-51-51-91",2,"No","Yes","No","No","No","Yes","No","No","No","No","No","No","Yes","No","No","No","No"
"98-42-68-21",1,"Yes","Yes","No","No","No","No","No","No","No","No","No","Yes","No","No","Yes","No","Yes"
"23-92-64-64",1,"Yes","Yes","No","Yes","Yes","No","No","No","No","No","No","No","No","No","No","No","No"
"33-60-76-52",2,"No","Yes","No","No","No","No","No","No","No","No","No","No","No","Yes","No","No","Yes"
"99-53-97-21",1,"No","Yes","No","No","No","No","No","No","No","Yes","No","No","No","No","No","No","No"
"99-53-97-21",2,"No","Yes","No","No","No","No","No","No","No","Yes","No","No","No","No","No","No","No"
"35-30-07-09",1,"No","Yes","No","No","No","Yes","No","No","No","No","No","No","Yes","Yes","No","No","Yes"
"35-30-07-09",2,"No","Yes","No","No","No","Yes","No","No","No","No","No","No","Yes","Yes","No","No","Yes"
"84-39-86-14",1,"No","Yes","No","No","No","Yes","No","No","No","No","No","No","No","No","No","No","No"
"84-39-86-14",2,"No","Yes","No","No","No","Yes","No","No","No","No","No","No","No","No","No","No","No"
"33-93-88-48",1,"No","Yes","No","No","Yes","Yes","No","No","No","No","No","No","No","No","No","No","No"
"33-93-88-48",2,"No","Yes","No","No","Yes","Yes","No","No","No","No","No","No","No","No","No","No","No"
"93-94-24-13",1,"No","Yes","No","No","No","Yes","No","No","No","No","No","No","No","No","No","No","No"
"93-94-24-13",2,"No","Yes","No","Yes","No","Yes","No","No","No","No","No","No","No","No","No","No","No"
"02-86-42-10",1,"No","Yes","No","No","No","Yes","No","No","No","No","No","No","No","No","No","No","No"
"02-86-42-10",2,"No","Yes","No","No","No","Yes","No","No","No","No","No","No","No","No","No","No","No"
"18-90-95-90",1,"No","Yes","No","No","No","No","No","No","No","Yes","No","No","No","Yes","No","Yes","No"
"71-80-40-68",1,"Yes","Yes","No","No","No","No","No","No","No","No","No","No","Yes","No","No","No","Yes"
"71-80-40-68",2,"Yes","Yes","No","No","No","No","No","No","No","No","No","No","Yes","No","No","No","Yes"
"03-80-12-55",1,"No","Yes","No","No","No","No","No","No","No","No","No","No","No","No","No","No","Yes"
"03-05-82-85",1,"No","Yes","No","No","Yes","Yes","No","No","No","No","No","No","No","No","No","No","Yes"
"96-34-34-83",1,"Yes","Yes","No","Yes","No","Yes","No","No","No","No","No","Yes","No","No","Yes","No","Yes"
"84-86-67-50",1,"No","Yes","No","No","No","Yes","No","No","No","No","No","No","No","No","No","No","No"
"84-86-67-50",2,"No","Yes","No","No","No","Yes","No","No","No","No","No","No","No","No","No","No","No"
"65-50-61-63",1,"No","Yes","No","No","No","No","No","No","No","No","No","No","No","No","No","No","No"
"65-50-61-63",2,"No","Yes","No","No","No","Yes","No","No","No","No","No","No","No","No","No","No","No"
"14-25-07-27",1,"No","Yes","No","No","No","No","No","No","No","No","No","Yes","Yes","No","No","No","Yes"
"14-25-07-27",2,"No","Yes","No","No","No","No","No","No","No","No","No","Yes","Yes","No","Yes","No","Yes"
"95-81-39-58",1,"Yes","Yes","No","Yes","No","No","No","No","No","No","No","No","No","No","No","No","No"
"95-81-39-58",5,"Yes","Yes","No","No","No","No","No","No","No","No","No","No","Yes","No","No","No","Yes"
"63-48-87-87",1,"No","Yes","No","No","No","Yes","No","No","No","No","No","No","No","No","No","No","No"
"63-48-87-87",2,"No","Yes","No","No","No","Yes","No","No","No","No","No","No","Yes","No","No","No","No"
"49-38-87-08",1,"No","Yes","No","No","No","No","No","No","No","No","No","No","No","Yes","No","No","No"
"56-09-22-69",1,"No","Yes","No","No","No","No","No","No","No","No","No","No","Yes","No","No","No","No"
"52-67-58-90",1,"Yes","Yes","No","Yes","No","No","No","No","No","No","No","No","No","No","No","No","No"
"52-67-58-90",2,"Yes","Yes","No","Yes","No","No","No","No","No","No","No","No","No","No","No","No","Yes"
"61-51-30-74",1,"No","Yes","No","No","No","Yes","No","No","No","No","No","No","No","No","No","No","No"
"61-51-30-74",2,"No","Yes","No","No","No","Yes","No","No","No","No","No","No","No","No","No","No","No"
"90-75-70-65",1,"No","Yes","No","No","No","Yes","No","No","No","No","No","No","No","No","No","No","Yes"
"90-75-70-65",2,"No","Yes","No","No","No","Yes","No","No","No","No","No","No","No","No","No","No","Yes"
"70-34-30-04",1,"Yes","Yes","No","No","No","Yes","No","No","No","No","No","No","No","No","Yes","No","Yes"
"70-34-30-04",2,"Yes","Yes","No","No","No","Yes","No","No","No","No","No","No","No","No","Yes","No","Yes"
"00-18-21-78",1,"No","Yes","No","No","No","No","No","No","No","No","No","No","No","Yes","No","No","Yes"
"00-18-21-78",2,"No","Yes","No","No","No","Yes","No","No","No","No","No","No","No","Yes","No","No","Yes"
"80-41-37-09",1,"No","Yes","No","No","No","Yes","No","No","No","No","No","No","No","No","No","No","Yes"
"80-41-37-09",2,"No","Yes","No","No","No","Yes","No","No","No","No","No","No","No","No","No","No","Yes"
"62-10-09-84",1,"No","Yes","No","No","No","No","No","No","No","No","No","No","No","Yes","No","No","No"
"16-01-99-93",1,"No","Yes","No","No","No","Yes","No","No","No","No","No","No","No","No","No","No","No"
"16-01-99-93",2,"No","Yes","No","No","No","No","No","No","No","No","No","No","No","No","No","No","No"
"91-31-71-31",1,"Yes","Yes","No","No","No","Yes","No","No","No","No","No","No","No","No","No","No","No"
"14-78-47-78",1,"No","Yes","No","No","No","Yes","No","No","No","No","No","No","No","No","No","No","No"
"14-78-47-78",2,"No","Yes","No","No","No","Yes","No","No","No","No","No","No","No","No","No","No","No"
"07-03-43-18",1,"No","Yes","No","Yes","No","No","No","No","No","No","No","No","No","No","No","No","No"
"87-80-74-34",1,"No","No","No","No","Yes","No","No","No","No","No","No","No","No","No","No","No","No"
"39-19-95-41",1,"Yes","Yes","No","No","No","Yes","No","No","No","No","No","No","Yes","No","No","No","Yes"
"39-19-95-41",2,"Yes","Yes","No","No","No","Yes","No","No","No","No","No","No","No","No","No","No","Yes"
"13-94-38-36",1,"Yes","Yes","No","No","No","Yes","No","No","No","No","No","Yes","No","No","Yes","No","Yes"
"13-94-38-36",2,"Yes","Yes","No","No","No","Yes","No","No","No","No","No","Yes","No","No","Yes","No","Yes"
"64-10-30-77",1,"No","Yes","No","Yes","No","No","No","No","No","No","No","No","Yes","No","No","No","No"
"64-10-30-77",2,"No","Yes","No","Yes","No","No","No","No","No","No","No","No","Yes","No","No","No","No"
"98-88-46-23",6,"No","Yes","No","No","No","No","No","No","No","No","No","Yes","No","Yes","No","No","Yes"
"35-26-63-26",1,"Yes","Yes","No","No","No","No","No","No","No","No","No","No","Yes","No","No","No","No"
"35-26-63-26",2,"No","Yes","No","No","No","No","No","No","No","No","No","No","Yes","No","No","No","No"
"77-44-63-61",1,"No","Yes","No","No","No","No","No","No","No","No","No","No","No","Yes","No","No","No"
"77-44-63-61",2,"No","Yes","No","No","No","No","No","No","No","No","No","No","No","No","No","No","No"
"26-64-90-32",1,"Yes","Yes","No","No","Yes","No","No","No","No","No","No","No","No","No","No","No","No"
"26-64-90-32",2,"No","Yes","No","No","Yes","No","No","No","No","No","No","No","No","No","Yes","No","No"
"15-44-39-66",1,"Yes","Yes","No","No","No","No","No","No","No","No","No","No","No","No","Yes","No","Yes"
"97-96-32-80",1,"No","Yes","No","No","No","Yes","No","No","No","Yes","No","No","No","No","Yes","No","Yes"
"97-96-32-80",2,"No","Yes","No","No","No","Yes","No","No","No","Yes","No","No","No","No","Yes","No","No"
"65-28-62-87",1,"No","Yes","No","Yes","No","No","No","No","No","No","No","No","No","Yes","No","No","Yes"
"91-95-41-16",1,"No","Yes","No","No","No","No","No","No","No","Yes","No","No","No","Yes","No","No","Yes"
"91-95-41-16",2,"No","No","No","Yes","Yes","No","No","No","No","No","No","No","Yes","Yes","No","No","Yes"
"65-02-00-05",1,"No","Yes","No","No","No","Yes","No","No","No","No","No","No","No","No","No","No","No"
"65-02-00-05",2,"No","Yes","No","No","No","Yes","No","No","No","No","No","No","No","No","No","No","No"
"48-22-83-32",1,"Yes","Yes","No","No","No","No","No","No","No","No","No","Yes","No","No","Yes","No","Yes"
"48-22-83-32",3,"Yes","Yes","No","No","No","No","No","Yes","No","No","No","Yes","No","No","Yes","Yes","Yes"
"53-04-96-58",1,"No","Yes","No","No","No","No","No","No","No","No","No","No","No","No","Yes","No","Yes"
"93-77-89-30",1,"No","Yes","No","Yes","No","Yes","No","No","No","No","No","No","Yes","No","Yes","No","Yes"
"03-06-71-34",1,"No","Yes","No","No","No","No","No","No","No","No","No","No","Yes","No","No","No","No"
"03-06-71-34",2,"No","Yes","No","No","No","Yes","No","No","No","No","No","No","Yes","No","No","No","No"
"38-24-53-68",1,"Yes","Yes","No","No","No","Yes","No","No","No","No","Yes","No","No","Yes","Yes","Yes","Yes"
"76-44-39-80",2,"Yes","Yes","No","No","No","No","No","No","No","No","Yes","Yes","No","Yes","No","No","Yes"
"17-98-15-90",1,"Yes","Yes","No","No","No","No","No","No","No","No","No","No","No","No","Yes","No","No"
"17-98-15-90",2,"Yes","Yes","No","No","No","No","No","No","No","No","No","No","No","No","Yes","No","Yes"
"43-89-48-48",2,"No","No","No","No","No","No","No","No","No","No","No","No","No","No","No","No","No"
"46-95-44-44",1,"No","Yes","No","No","No","No","No","No","No","No","No","No","No","No","No","No","No"
"46-95-44-44",2,"No","Yes","No","Yes","No","No","No","No","No","No","No","No","No","No","No","No","No"
"79-36-03-31",1,"Yes","Yes","No","Yes","No","No","No","No","No","No","No","No","No","No","Yes","No","No"
"37-08-68-08",1,"No","Yes","No","No","No","Yes","No","No","No","No","No","Yes","No","No","No","No","Yes"
"37-08-68-08",2,"No","Yes","No","No","No","Yes","No","No","No","No","No","Yes","No","No","No","No","Yes"
"76-66-08-56",1,"No","Yes","No","No","No","No","No","No","No","No","No","No","No","Yes","No","No","No"
"76-66-08-56",5,"No","Yes","No","No","No","No","No","No","No","No","No","No","No","Yes","No","No","No"
"84-78-41-82",1,"Yes","Yes","No","No","No","No","No","No","No","No","No","No","Yes","No","No","No","No"
"84-78-41-82",3,"No","Yes","No","No","No","No","No","No","No","No","No","No","Yes","No","No","No","No"
"33-73-65-41",1,"No","Yes","No","No","No","No","No","No","No","No","No","No","No","No","No","No","No"
"33-73-65-41",2,"No","Yes","No","No","No","Yes","No","No","No","No","No","No","No","No","No","No","No"
"15-05-96-27",2,"Yes","Yes","No","No","No","No","No","No","No","No","No","No","No","No","No","No","Yes"
"15-05-96-27",3,"Yes","Yes","No","No","No","No","No","No","No","No","No","No","No","No","No","No","Yes"
"04-08-02-81",1,"Yes","Yes","No","No","No","No","No","No","No","No","No","No","No","Yes","Yes","No","Yes"
"04-08-02-81",2,"Yes","Yes","No","No","No","No","No","No","No","No","No","No","No","Yes","Yes","No","Yes"
"48-12-37-19",1,"No","Yes","No","No","No","No","No","No","No","No","No","No","Yes","No","No","No","Yes"
"48-12-37-19",2,"No","Yes","No","No","No","Yes","No","No","No","No","No","Yes","No","No","No","No","Yes"
"99-22-87-46",1,"No","Yes","No","Yes","No","Yes","No","No","No","No","No","No","No","No","No","No","No"
"99-22-87-46",2,"No","Yes","No","Yes","No","Yes","No","No","No","No","No","No","No","No","No","No","No"
"05-46-14-17",1,"No","Yes","No","No","No","No","No","No","No","No","No","No","No","No","No","No","No"
"21-68-94-15",2,"No","Yes","No","Yes","No","No","No","No","No","No","No","No","Yes","Yes","Yes","Yes","Yes"
"21-68-94-15",3,"No","Yes","No","Yes","No","No","No","Yes","No","No","No","No","Yes","Yes","Yes","Yes","Yes"
"40-56-04-29",1,"Yes","Yes","No","No","No","No","No","No","No","No","No","Yes","No","No","No","No","Yes"
"40-56-04-29",2,"No","Yes","No","No","No","No","No","No","No","No","No","Yes","No","No","No","No","No"
"58-04-84-61",2,"Yes","Yes","No","No","No","No","No","No","No","No","No","No","No","No","No","No","No"
"58-04-84-61",3,"No","Yes","No","No","No","No","No","No","No","No","No","No","No","No","No","No","No"
"92-36-21-21",1,"Yes","Yes","No","No","No","Yes","No","No","No","No","No","Yes","Yes","Yes","No","No","Yes"
"92-36-21-21",2,"Yes","Yes","No","No","No","Yes","No","No","No","No","No","No","Yes","No","No","No","Yes"
"14-57-41-87",2,"Yes","Yes","No","No","No","Yes","No","No","No","No","No","No","Yes","Yes","No","No","Yes"
"96-30-76-58",1,"No","Yes","No","No","No","No","No","No","No","No","No","No","Yes","No","No","No","No"
"94-10-09-72",1,"Yes","Yes","No","No","No","No","No","No","No","No","No","No","Yes","No","No","No","Yes"
"94-10-09-72",2,"Yes","Yes","No","No","No","No","No","No","No","No","No","No","Yes","No","No","No","Yes"
"63-44-25-02",2,"No","Yes","No","No","No","No","No","No","No","No","No","Yes","No","No","No","No","No"
"66-67-56-06",1,"No","Yes","No","No","No","No","No","No","No","No","No","No","Yes","No","No","No","No"
"66-67-56-06",2,"No","Yes","No","No","No","No","No","No","No","No","No","No","Yes","No","Yes","No","No"
"61-94-69-82",1,"Yes","Yes","No","No","No","No","No","No","No","No","No","No","Yes","No","No","No","No"
"72-52-17-18",1,"No","Yes","No","No","No","Yes","No","No","No","No","No","No","No","No","No","No","Yes"
"90-79-08-36",2,"No","Yes","No","No","No","No","No","No","No","No","No","No","Yes","No","No","No","No"
