interview__key,ctry,region,dist,village,ea,hhid,res_ident,attempt_1,reason_not_interviewed,reason_not_interviewed_other,replacement,is_replacement,interviewed_consent,res_head,res_rel,interview_possible
"62-34-36-23","Zambia","Western province","Sesheke","Silolo","Katima 1","100011812","Yes",,,"",,"No",1,"Head of the household",,"Yes"
"54-21-12-64","Zambia","Western province","Sesheke","Makusi","Katima 1","100011814","Yes",,,"",,"No",1,"Representative of the head","Spouse","Yes"
"56-96-68-33","Zambia","Western province","Sesheke","Makusi","Katima 2","100011915","Yes",,,"",,"No",1,"Head of the household",,"Yes"
"77-02-55-05","Zambia","Western province","Sesheke","Mwanota","Katima 1","100011805","Yes",,,"",,"No",1,"Representative of the head","Spouse","Yes"
"14-81-15-88","Zambia","Western province","Sesheke","Makusi","Katima 2","100011907","Yes",,,"",,"No",1,"Head of the household",,"Yes"
"96-74-08-90","Zambia","Western province","Sesheke","Mwanota","Katima 1","100011811","Yes",,,"",,"No",1,"Head of the household",,"Yes"
"96-06-73-25","Zambia","Western province","Sesheke","Silolo","Katima 1","100011808","Yes",,,"",,"No",1,"Head of the household",,"Yes"
"74-47-72-19","Zambia","Western province","Sesheke","Mwanota","Katima 1","100011810","Yes",,,"",,"No",1,"Head of the household",,"Yes"
"74-26-40-66","Zambia","Western province","Sesheke","Silolo","Katima 1","100011815","Yes",,,"",,"No",1,"Representative of the head","Spouse","Yes"
"14-99-63-02","Zambia","Western province","Sesheke","Makusi","Katima 1","100011813","Yes",,,"",,"No",1,"Head of the household",,"Yes"
"19-21-27-06","Zambia","Western province","Sesheke","Makusi","Katima 2","100011911","Yes",,,"",,"No",1,"Representative of the head","Spouse","Yes"
"37-56-42-12","Zambia","Western province","Sesheke","Makusi","Katima 2","100011904","Yes",,,"",,"No",1,"Head of the household",,"Yes"
"16-65-20-98","Zambia","Western province","Sesheke","Mwanota","Katima 1","100011806","Yes",,,"",,"No",1,"Head of the household",,"Yes"
"09-74-03-14","Zambia","Western province","Sesheke","Mwanota","Katima 1","100011816","Yes",,,"",,"No",1,"Head of the household",,"Yes"
"39-03-54-61","Zambia","Western province","Sesheke","Makusi","Katima 2","100011902","No","Yes","Household moved to unknown location","","Yes","Yes",1,"Representative of the head","Spouse","Yes"
"86-35-86-55","Zambia","Western province","Sesheke","silolo school","Katima 1","100011801","Yes",,,"",,"No",1,"Head of the household",,"Yes"
"88-11-61-94","Zambia","Western province","Sesheke","Silolo","Katima 1","100011804","Yes",,,"",,"No",1,"Representative of the head","Spouse","Yes"
"93-61-35-58","Zambia","Western province","Sesheke","silolo","Katima 1","100011802","No","Yes","Household not found","","Yes","Yes",1,"Representative of the head","Spouse","Yes"
"87-48-20-01","Zambia","Western province","Sesheke","Silolo","Katima 1","100011807","Yes",,,"",,"No",1,"Head of the household",,"Yes"
"66-77-51-72","Zambia","Western province","Sesheke","Makusi","Katima 2","100011912","Yes",,,"",,"No",1,"Head of the household",,"Yes"
"31-16-66-31","Zambia","Western province","Sesheke","Makusi","Katima 2","100011906","Yes",,,"",,"No",1,"Representative of the head","Spouse","Yes"
"88-03-82-39","Zambia","Western province","Sesheke","Makusi","Katima 2","100011903","Yes",,,"",,"No",1,"Representative of the head","Spouse","Yes"
"59-90-45-51","Zambia","Western province","Mwandi","Kakulwani","Magumwi","100021212","Yes",,,"",,"No",1,"Head of the household",,"Yes"
"68-61-83-10","Zambia","Western province","Mwandi","Mbaene","Magumwi","100021214","Yes",,,"",,"No",1,"Head of the household",,"Yes"
"96-11-54-44","Zambia","Western province","Mwandi","Mbaene","Magumwi","100021201","Yes",,,"",,"No",1,"Head of the household",,"Yes"
"70-22-33-16","Zambia","Western province","Mwandi","Namanjanga","Magumwi","100021207","Yes",,,"",,"No",1,"Head of the household",,"Yes"
"12-54-99-38","Zambia","Western province","Mwandi","Namanjanga","Magumwi","100021206","Yes",,,"",,"No",1,"Head of the household",,"Yes"
"39-44-22-57","Zambia","Western province","Mwandi","Namanjanga","Magumwi","100021208","Yes",,,"",,"No",1,"Head of the household",,"Yes"
"11-92-45-50","Zambia","Western province","Mwandi","Mbaene","Magumwi","100021213","Yes",,,"",,"No",1,"Head of the household",,"Yes"
"73-14-88-64","Zambia","Western province","Sesheke","Makusi","Katima 2","100011901","Yes",,,"",,"No",1,"Head of the household",,"Yes"
"59-60-22-11","Zambia","Western province","Sesheke","Makusi","Katima 2","100011905","Yes",,,"",,"No",1,"Head of the household",,"Yes"
"63-18-15-01","Zambia","Western province","Mwandi","Kakulwani","Magumwi","100021215","Yes",,,"",,"No",1,"Head of the household",,"Yes"
"40-24-89-40","Zambia","Western province","Mwandi","Namanjanga","Magumwi","100021209","Yes",,,"",,"No",1,"Head of the household",,"Yes"
"26-37-34-30","Zambia","Western province","Mwandi","Namanjanga","Magumwi","100021204","Yes",,,"",,"No",1,"Head of the household",,"Yes"
"57-72-53-25","Zambia","Western province","Mwandi","Mbaene","Magumwi","100021211","Yes",,,"",,"No",1,"Head of the household",,"Yes"
"15-31-68-47","Zambia","Western province","Mwandi","Namanjanga","Magumwi","100021205","Yes",,,"",,"No",1,"Head of the household",,"Yes"
"54-23-26-42","Zambia","Western province","Sesheke","Silolo","Katima 1","100011809","Yes",,,"",,"No",1,"Head of the household",,"Yes"
"06-33-74-17","Zambia","Western province","Mwandi","Nakalamba","Simungoma","100021302","Yes",,,"",,"No",1,"Head of the household",,"Yes"
"09-17-76-18","Zambia","Western province","Mwandi","Nakalamba","Simungoma","100021301","Yes",,,"",,"No",1,"Head of the household",,"Yes"
"91-72-91-72","Zambia","Western province","Sesheke","Malembutuka","Lusu 1","100012209","Yes",,,"",,"No",1,"Head of the household",,"Yes"
"07-58-36-50","Zambia","Western province","Mwandi","Nakalamba","Simungoma","100021315","Yes",,,"",,"No",1,"Head of the household",,"Yes"
"27-63-39-98","Zambia","Western province","Mwandi","Nakalamba","Simungoma","100021303","Yes",,,"",,"No",1,"Head of the household",,"Yes"
"31-14-07-01","Zambia","Western province","Sesheke","Sakaumbulu","Lusu 1","100012208","Yes",,,"",,"No",1,"Head of the household",,"Yes"
"96-79-76-17","Zambia","Western province","Sesheke","Lusu","Lusu 1","100012206","Yes",,,"",,"No",1,"Head of the household",,"Yes"
"23-90-90-29","Zambia","Western province","Sesheke","Mulenengi","Lusu 1","100012215","Yes",,,"",,"No",1,"Representative of the head","Spouse","Yes"
"99-47-47-96","Zambia","Western province","Mwandi","Nakalamba","Simungoma","100021307","Yes",,,"",,"No",1,"Head of the household",,"Yes"
"48-69-67-88","Zambia","Western province","Mwandi","Nakalamba","Simungoma","100021306","No","No",,"","Yes","Yes",1,"Head of the household",,"Yes"
"93-76-93-98","Zambia","Western province","Mwandi","Nakalamba","Simungoma","100021305","Yes",,,"",,"No",1,"Head of the household",,"Yes"
"02-49-04-36","Zambia","Western province","Mwandi","Sibitwani","Simungoma","100021309","Yes",,,"",,"No",1,"Head of the household",,"Yes"
"97-96-55-67","Zambia","Western province","Mwandi","Mbaene","Magumwi","100021202","Yes",,,"",,"No",1,"Representative of the head","Brother","Yes"
"55-00-90-34","Zambia","Western province","Sesheke","Silolo","Katima 2","100011908","Yes",,,"",,"No",1,"Head of the household",,"Yes"
"74-92-93-10","Zambia","Western province","Sesheke","Lusu","Lusu 1","100012201","Yes",,,"",,"No",1,"Representative of the head","Spouse","Yes"
"62-57-54-10","Zambia","Western province","Sesheke","Makusi","Katima 2","100011909","Yes",,,"",,"No",1,"Representative of the head","Spouse","Yes"
"81-64-58-33","Zambia","Western province","Mwandi","Kakulwani","Magumwi","100021203","Yes",,,"",,"No",1,"Head of the household",,"Yes"
"51-16-15-92","Zambia","Western province","Mwandi","Nakalamba","Simungoma","100021304","No","Yes","Other (Specify)","gone for cultivating since December","Yes","Yes",1,"Head of the household",,"Yes"
"63-16-06-54","Zambia","Western province","Sesheke","Mwanota","Katima 1","100011803","Yes",,,"",,"No",1,"Representative of the head","Spouse","Yes"
"32-07-75-14","Zambia","Western province","Mwandi","Nakalamba","Simungoma","100021312","Yes",,,"",,"No",1,"Head of the household",,"Yes"
"23-46-49-04","Zambia","Western province","Sesheke","Lusu","Lusu 1","100012202","Yes",,,"",,"No",1,"Head of the household",,"Yes"
"81-47-15-41","Zambia","Western province","Mwandi","Nakalamba","Simungoma","100021314","Yes",,,"",,"No",1,"Head of the household",,"Yes"
"74-82-45-40","Zambia","Western province","Sesheke","Lusu","Lusu 1","100012210","No","Yes","Household moved to another village/town/district","","Yes","Yes",1,"Head of the household",,"Yes"
"71-03-17-29","Zambia","Western province","Sesheke","Lusu","Lusu 1","100012205","No","Yes","Other (Specify)","There was conflict among the two household of the same head","Yes","Yes",1,"Head of the household",,"Yes"
"22-02-08-34","Zambia","Western province","Sesheke","Situnga","Lusu 2","100012312","No","Yes","Household not found","","Yes","Yes",1,"Representative of the head","Spouse","Yes"
"35-24-65-37","Zambia","Western province","Mwandi","Sikalu","Simungoma","100021310","Yes",,,"",,"No",1,"Head of the household",,"Yes"
"94-94-59-77","Zambia","Western province","Sesheke","Mukendwa","Kalobelelwa 1","100011615","Yes",,,"",,"No",1,"Head of the household",,"Yes"
"62-18-60-04","Zambia","Western province","Sesheke","Situnga","Lusu 2","100012309","Yes",,,"",,"No",1,"Head of the household",,"Yes"
"13-57-44-05","Zambia","Western province","Sesheke","Lusu","Lusu 1","100012211","Yes",,,"",,"No",1,"Head of the household",,"Yes"
"53-63-07-20","Zambia","Western province","Sesheke","Kuketukwa","Kalobelelwa 1","100011611","Yes",,,"",,"No",1,"Head of the household",,"Yes"
"67-75-50-83","Zambia","Western province","Mwandi","Sikalu","Simungoma","100021313","Yes",,,"",,"No",1,"Head of the household",,"Yes"
"02-25-92-18","Zambia","Western province","Sesheke","Sakaumbulu","Lusu 1","100012207","Yes",,,"",,"No",1,"Head of the household",,"Yes"
"49-92-48-01","Zambia","Western province","Mwandi","Nakalamba","Simungoma","100021311","Yes",,,"",,"No",1,"Head of the household",,"Yes"
"86-85-54-02","Zambia","Western province","Sesheke","Lusu","Lusu 1","100012214","Yes",,,"",,"No",1,"Head of the household",,"Yes"
"25-71-60-55","Zambia","Western province","Sesheke","Situnga","Lusu 2","100012305","Yes",,,"",,"No",1,"Head of the household",,"Yes"
"52-17-01-39","Zambia","Western province","Sesheke","Situnga","Lusu 2","100012304","Yes",,,"",,"No",1,"Head of the household",,"Yes"
"85-68-71-94","Zambia","Western province","Sesheke","Situnga","Lusu 2","100012306","Yes",,,"",,"No",1,"Head of the household",,"Yes"
"88-33-53-02","Zambia","Western province","Sesheke","Lusu","Lusu 1","100012203","Yes",,,"",,"No",1,"Head of the household",,"Yes"
"73-16-52-51","Zambia","Western province","Sesheke","Ketuko","Kalobelelwa 1","100011605","Yes",,,"",,"No",1,"Head of the household",,"Yes"
"29-32-71-31","Zambia","Western province","Sesheke","Mukendwa","Kalobelelwa 1","100011609","Yes",,,"",,"No",1,"Head of the household",,"Yes"
"08-80-55-70","Zambia","Western province","Sesheke","Lusu","Lusu 1","100012212","Yes",,,"",,"No",1,"Head of the household",,"Yes"
"58-68-82-05","Zambia","Western province","Sesheke","Kuketukwa","Kalobelelwa 1","100011608","Yes",,,"",,"No",1,"Head of the household",,"Yes"
"40-89-66-86","Zambia","Western province","Sesheke","Solola","Kalobelelwa 1","100011610","Yes",,,"",,"No",1,"Head of the household",,"Yes"
"88-30-77-96","Zambia","Western province","Sesheke","Mukendwa","Kalobelelwa 1","100011612","Yes",,,"",,"No",1,"Head of the household",,"Yes"
"72-26-90-86","Zambia","Western province","Sesheke","Kuketukwa","Kalobelelwa 1","100011602","Yes",,,"",,"No",1,"Representative of the head","Spouse","Yes"
"49-59-81-92","Zambia","Western province","Sesheke","Solola","Kalobelelwa 1","100011604","Yes",,,"",,"No",1,"Head of the household",,"Yes"
"21-01-20-88","Zambia","Western province","Sesheke","Solola","Kalobelelwa 1","100011601","Yes",,,"",,"No",1,"Head of the household",,"Yes"
"79-70-14-90","Zambia","Western province","Sesheke","Mukendwa","Kalobelelwa 1","100011606","Yes",,,"",,"No",1,"Head of the household",,"Yes"
"80-75-47-72","Zambia","Western province","Sesheke","Solola","Kalobelelwa 1","100011607","Yes",,,"",,"No",1,"Head of the household",,"Yes"
"56-08-93-09","Zambia","Western province","Sesheke","Solola","Kalobelelwa 1","100011614","Yes",,,"",,"No",1,"Representative of the head","Spouse","Yes"
"17-42-48-26","Zambia","Western province","Sesheke","Lusu","Lusu 1","100012204","Yes",,,"",,"No",1,"Head of the household",,"Yes"
"48-20-15-07","Zambia","Western province","Sesheke","Mukendwa","Kalobelelwa 1","100011603","Yes",,,"",,"No",1,"Head of the household",,"Yes"
"14-03-97-85","Zambia","Western province","Sesheke","Njoko","Lusu 2","100012310","Yes",,,"",,"No",1,"Head of the household",,"Yes"
"85-88-72-49","Zambia","Western province","Sesheke","Solola","Kalobelelwa 1","100011613","Yes",,,"",,"No",1,"Head of the household",,"Yes"
"44-34-38-88","Zambia","Western province","Sesheke","Lusu","Lusu 1","100012213","No","Yes","Household moved to another village/town/district","","Yes","Yes",1,"Head of the household",,"Yes"
"83-00-22-24","Zambia","Western province","Sesheke","Namutondo","Kalobelelwa 2","100011712","Yes",,,"",,"No",1,"Head of the household",,"Yes"
"53-00-05-97","Zambia","Western province","Sesheke","Kabula","Lusu 2","100012302","Yes",,,"",,"No",1,"Head of the household",,"Yes"
"57-74-38-33","Zambia","Western province","Sesheke","Kabuyu","Kalobelelwa 2","100011708","Yes",,,"",,"No",1,"Head of the household",,"Yes"
"65-24-72-96","Zambia","Western province","Sesheke","Kabuyu","Kalobelelwa 2","100011705","Yes",,,"",,"No",1,"Head of the household",,"Yes"
"67-69-19-83","Zambia","Western province","Sesheke","Situnga","Lusu 2","100012314","Yes",,,"",,"No",1,"Head of the household",,"Yes"
"65-02-79-39","Zambia","Western province","Sesheke","Ofisimanchebu","Lusu 2","100012303","No","Yes","Household moved to another village/town/district","","Yes","Yes",1,"Head of the household",,"Yes"
"36-55-19-74","Zambia","Western province","Sesheke","Kabuyu","Kalobelelwa 2","100011706","Yes",,,"",,"No",1,"Head of the household",,"Yes"
"02-47-11-50","Zambia","Western province","Sesheke","Situnga","Lusu 2","100012307","Yes",,,"",,"No",1,"Head of the household",,"Yes"
"34-55-62-08","Zambia","Western province","Sesheke","Ibolokwa","Kalobelelwa 2","100011702","Yes",,,"",,"No",1,"Head of the household",,"Yes"
"21-53-06-24","Zambia","Western province","Sesheke","Namutondo","Kalobelelwa 2","100011715","Yes",,,"",,"No",1,"Head of the household",,"Yes"
"54-20-19-80","Zambia","Western province","Sesheke","Namutondo","Kalobelelwa 2","100011711","Yes",,,"",,"No",1,"Head of the household",,"Yes"
"77-37-06-75","Zambia","Western province","Sesheke","Situnga","Lusu 2","100012315","Yes",,,"",,"No",1,"Head of the household",,"Yes"
"17-29-45-21","Zambia","Western province","Sesheke","Kabuyu","Kalobelelwa 2","100011707","Yes",,,"",,"No",1,"Head of the household",,"Yes"
"14-98-54-79","Zambia","Western province","Sesheke","Kabuyu","Kalobelelwa 2","100011709","Yes",,,"",,"No",1,"Head of the household",,"Yes"
"74-43-35-64","Zambia","Western province","Sesheke","Situnga","Lusu 2","100012313","Yes",,,"",,"No",1,"Head of the household",,"Yes"
"02-76-65-17","Zambia","Western province","Mwandi","Simbala","Mushukula","100021112","Yes",,,"",,"No",1,"Head of the household",,"Yes"
"91-57-65-34","Zambia","Western province","Sesheke","Namutondo","Kalobelelwa 2","100011710","Yes",,,"",,"No",1,"Head of the household",,"Yes"
"61-08-28-75","Zambia","Western province","Sesheke","Ibolokwa","Kalobelelwa 2","100011701","Yes",,,"",,"No",1,"Head of the household",,"Yes"
"08-98-76-07","Zambia","Western province","Mwandi","Simbala","Mushukula","100021103","Yes",,,"",,"No",1,"Head of the household",,"Yes"
"07-58-78-17","Zambia","Western province","Sesheke","Namutondo","Kalobelelwa 2","100011714","Yes",,,"",,"No",1,"Head of the household",,"Yes"
"50-08-29-58","Zambia","Western province","Mwandi","Simbala","Kalundu","100021410","Yes",,,"",,"No",1,"Representative of the head","Daughter","Yes"
"21-97-24-76","Zambia","Western province","Mwandi","Simbala","Kalundu","100021401","Yes",,,"",,"No",1,"Head of the household",,"Yes"
"47-86-23-98","Zambia","Western province","Mwandi","Simbala","Mushukula","100021109","Yes",,,"",,"No",1,"Head of the household",,"Yes"
"58-41-17-07","Zambia","Western province","Mwandi","Ntesa","Kalundu","100021413","Yes",,,"",,"No",1,"Head of the household",,"Yes"
"27-41-68-88","Zambia","Western province","Mwandi","Simbala","Kalundu","100021407","Yes",,,"",,"No",1,"Head of the household",,"Yes"
"36-57-67-99","Zambia","Western province","Mwandi","Simbala","Mushukula","100021111","Yes",,,"",,"No",1,"Representative of the head","Spouse","Yes"
"14-01-18-55","Zambia","Western province","Mwandi","Simbala","Mushukula","100021105","Yes",,,"",,"No",1,"Head of the household",,"Yes"
"25-45-40-50","Zambia","Western province","Mwandi","Ntesa","Kalundu","100021412","Yes",,,"",,"No",1,"Head of the household",,"Yes"
"28-45-95-92","Zambia","Western province","Mwandi","Nakalamba","Simungoma","100021308","Yes",,,"",,"No",1,"Representative of the head","Spouse","Yes"
"52-38-49-21","Zambia","Western province","Mwandi","Ntesa","Kalundu","100021409","Yes",,,"",,"No",1,"Head of the household",,"Yes"
"59-05-06-39","Zambia","Western province","Mwandi","Simbala","Mushukula","100021108","Yes",,,"",,"No",1,"Head of the household",,"Yes"
"07-23-34-26","Zambia","Western province","Mwandi","Ntesa","Kalundu","100021414","Yes",,,"",,"No",1,"Head of the household",,"Yes"
"74-55-33-17","Zambia","Western province","Mwandi","Simbala","Mushukula","100021106","Yes",,,"",,"No",1,"Head of the household",,"Yes"
"63-06-38-69","Zambia","Western province","Mwandi","Simbala","Kalundu","100021402","Yes",,,"",,"No",1,"Representative of the head","Spouse","Yes"
"05-74-67-92","Zambia","Western province","Mwandi","Simbala","Kalundu","100021404","Yes",,,"",,"No",1,"Head of the household",,"Yes"
"98-46-70-51","Zambia","Western province","Mwandi","Simbala","Mushukula","100021115","Yes",,,"",,"No",1,"Head of the household",,"Yes"
"36-97-15-03","Zambia","Western province","Mwandi","Simbala","Mushukula","100021102","Yes",,,"",,"No",1,"Head of the household",,"Yes"
"31-20-72-58","Zambia","Western province","Mwandi","Simbala","Mushukula","100021113","Yes",,,"",,"No",1,"Head of the household",,"Yes"
"59-12-76-31","Zambia","Western province","Sesheke","Sililo","Luampungu 2","100012112","Yes",,,"",,"No",1,"Head of the household",,"Yes"
"07-54-13-18","Zambia","Western province","Sesheke","Sililo","Luampungu 2","100012113","Yes",,,"",,"No",1,"Head of the household",,"Yes"
"84-52-73-65","Zambia","Western province","Mwandi","Mbaene","Magumwi","100021210","Yes",,,"",,"No",1,"Representative of the head","Spouse","Yes"
"85-09-03-91","Zambia","Western province","Sesheke","Namwinga","Luampungu 2","100012111","Yes",,,"",,"No",1,"Head of the household",,"No"
"56-01-39-00","Zambia","Western province","Sesheke","Namwinga","Luampungu 2","100012104","Yes",,,"",,"No",1,"Head of the household",,"Yes"
"69-33-88-72","Zambia","Western province","Sesheke","Namwinga","Luampungu 2","100012110","Yes",,,"",,"No",1,"Head of the household",,"Yes"
"26-09-67-07","Zambia","Western province","Sesheke","Makusi","Katima 2","100011910","Yes",,,"",,"No",1,"Representative of the head","Spouse","Yes"
"69-39-81-14","Zambia","Western province","Sesheke","Namwinga","Luampungu 2","100012115","Yes",,,"",,"No",1,"Head of the household",,"Yes"
"00-76-43-47","Zambia","Western province","Sesheke","Namwinga","Luampungu 2","100012105","Yes",,,"",,"No",1,"Head of the household",,"Yes"
"29-40-24-48","Zambia","Western province","Sesheke","Kayombo","Luampungu 2","100012108","Yes",,,"",,"No",1,"Head of the household",,"Yes"
"79-00-21-46","Zambia","Western province","Sesheke","Namwinga","Luampungu 1","100012010","Yes",,,"",,"No",1,"Head of the household",,"Yes"
"46-34-68-84","Zambia","Western province","Sesheke","Sikela","Luampungu 1","100012016","No","Yes","Household not found","","Yes","Yes",1,"Head of the household",,"Yes"
"45-00-04-40","Zambia","Western province","Sioma","Sikuka","Sioma 1","100033908","Yes",,,"",,"No",1,"Head of the household",,"Yes"
"22-15-19-43","Zambia","Western province","Sesheke","Sililo","Luampungu 1","100012013","Yes",,,"",,"No",1,"Head of the household",,"Yes"
"09-01-21-24","Zambia","Western province","Sesheke","Sikela","Luampungu 1","100012003","No","Yes","Household moved to another village/town/district","","Yes","Yes",1,"Head of the household",,"Yes"
"28-05-99-59","Zambia","Western province","Sesheke","Kayombo","Luampungu 2","100012109","Yes",,,"",,"No",1,"Head of the household",,"Yes"
"78-33-63-09","Zambia","Western province","Sesheke","Kayombo","Luampungu 2","100012103","Yes",,,"",,"No",1,"Head of the household",,"Yes"
"21-06-84-39","Zambia","Western province","Sesheke","Masilingi","Luampungu 1","100012014","Yes",,,"",,"No",1,"Head of the household",,"Yes"
"96-45-29-81","Zambia","Western province","Sesheke","Namwinga","Luampungu 2","100012106","Yes",,,"",,"No",1,"Representative of the head","Spouse","Yes"
"82-78-33-54","Zambia","Western province","Sioma","Sikuka","Sioma 1","100033910","Yes",,,"",,"No",1,"Head of the household",,"Yes"
"01-53-98-85","Zambia","Western province","Sioma","Sikuka","Sioma 1","100033915","Yes",,,"",,"No",1,"Head of the household",,"Yes"
"15-34-27-17","Zambia","Western province","Sesheke","Kachola","Silumbu","100012404","Yes",,,"",,"No",1,"Head of the household",,"Yes"
"84-32-88-02","Zambia","Western province","Sesheke","Kamamba","Luampungu 1","100012007","No","Yes","Other (Specify)","household deceased","Yes","Yes",1,"Head of the household",,"Yes"
"02-43-89-26","Zambia","Western province","Sesheke","Kamamba","Luampungu 1","100012004","Yes",,,"",,"No",1,"Head of the household",,"Yes"
"36-62-21-63","Zambia","Western province","Sesheke","Sililo","Luampungu 1","100012002","Yes",,,"",,"No",1,"Head of the household",,"Yes"
"98-63-71-97","Zambia","Western province","Sesheke","Namande","Silumbu","100012412","Yes",,,"",,"No",1,"Head of the household",,"Yes"
"07-88-71-07","Zambia","Western province","Sioma","Sikuka","Sioma 1","100033907","Yes",,,"",,"No",1,"Head of the household",,"Yes"
"18-07-56-01","Zambia","Western province","Sesheke","Kayombo","Luampungu 2","100012107","Yes",,,"",,"No",1,"Representative of the head","Spouse","Yes"
"76-16-53-82","Zambia","Western province","Sesheke","Sililo","Luampungu 1","100012001","No","Yes","Refused","","Yes","Yes",1,"Head of the household",,"Yes"
"36-91-65-20","Zambia","Western province","Sioma","Lenge","Sioma 1","100033912","Yes",,,"",,"No",1,"Head of the household",,"Yes"
"22-29-07-01","Zambia","Western province","Sesheke","Mbilika","Luampungu 2","100012101","Yes",,,"",,"No",1,"Head of the household",,"Yes"
"53-93-66-67","Zambia","Western province","Sesheke","Sililo","Luampungu 1","100012005","Yes",,,"",,"No",1,"Head of the household",,"Yes"
"37-39-06-63","Zambia","Western province","Sesheke","Sililo","Luampungu 1","100012008","Yes",,,"",,"No",1,"Head of the household",,"Yes"
"17-95-97-27","Zambia","Western province","Sioma","Sikuka","Sioma 1","100033909","Yes",,,"",,"No",1,"Head of the household",,"Yes"
"92-61-03-62","Zambia","Western province","Sesheke","Sililo","Luampungu 1","100012006","No","Yes","Dwelling destroyed","","Yes","Yes",1,"Head of the household",,"Yes"
"02-86-94-14","Zambia","Western province","Sesheke","Kachola","Silumbu","100012407","Yes",,,"",,"No",1,"Head of the household",,"Yes"
"26-53-37-24","Zambia","Western province","Sesheke","Matula","Silumbu","100012413","Yes",,,"",,"No",1,"Head of the household",,"Yes"
"73-57-99-74","Zambia","Western province","Sesheke","School Compound","Silumbu","100012402","Yes",,,"",,"No",1,"Head of the household",,"Yes"
"49-29-23-58","Zambia","Western province","Sesheke","Namande","Silumbu","100012409","Yes",,,"",,"No",1,"Head of the household",,"Yes"
"71-13-07-75","Zambia","Western province","Sesheke","Namande","Silumbu","100012406","Yes",,,"",,"No",1,"Head of the household",,"Yes"
"19-53-43-56","Zambia","Western province","Sesheke","Matula","Silumbu","100012414","Yes",,,"",,"No",1,"Head of the household",,"Yes"
"57-61-80-20","Zambia","Western province","Sioma","Sikuka","Sioma 1","100033913","Yes",,,"",,"No",1,"Head of the household",,"Yes"
"66-47-36-80","Zambia","Western province","Sesheke","Namande","Silumbu","100012405","No","Yes","Household moved to another village/town/district","","Yes","Yes",1,"Head of the household",,"Yes"
"55-47-02-66","Zambia","Western province","Sesheke","Kachola","Silumbu","100012410","Yes",,,"",,"No",1,"Head of the household",,"Yes"
"69-74-76-81","Zambia","Western province","Sioma","Sankandi","Sioma 1","100033914","Yes",,,"",,"No",1,"Representative of the head","Spouse","Yes"
"25-51-33-57","Zambia","Western province","Sioma","Lenge","Sioma 1","100033905","Yes",,,"",,"No",1,"Representative of the head","Spouse","Yes"
"99-83-71-81","Zambia","Western province","Sioma","Nalwanda","Kalongola 1","100032501","Yes",,,"",,"No",1,"Head of the household",,"Yes"
"30-46-44-49","Zambia","Western province","Sesheke","Kale Primary/Basic","Silumbu","100012401","Yes",,,"",,"No",1,"Representative of the head","Spouse","Yes"
"03-30-12-96","Zambia","Western province","Sioma","Namayula","Kalongola 2","100032615","Yes",,,"",,"No",1,"Head of the household",,"Yes"
"35-16-22-13","Zambia","Western province","Sioma","Namilenga","Kalongola 2","100032606","Yes",,,"",,"No",1,"Head of the household",,"Yes"
"96-28-28-46","Zambia","Western province","Sioma","Namayula","Kalongola 2","100032613","Yes",,,"",,"No",1,"Representative of the head","Spouse","Yes"
"10-32-26-69","Zambia","Western province","Sesheke","Matula","Silumbu","100012415","No","Yes","Refused","","Yes","Yes",1,"Head of the household",,"Yes"
"68-75-69-07","Zambia","Western province","Sioma","Namilenga","Kalongola 2","100032607","Yes",,,"",,"No",1,"Head of the household",,"Yes"
"02-58-63-69","Zambia","Western province","Sioma","Silowana Likondwama","Kalongola 1","100032513","Yes",,,"",,"No",1,"Head of the household",,"Yes"
"58-12-98-10","Zambia","Western province","Sioma","Namilenga","Kalongola 2","100032603","Yes",,,"",,"No",1,"Representative of the head","Spouse","Yes"
"22-68-19-10","Zambia","Western province","Sioma","Namilenga","Kalongola 2","100032612","Yes",,,"",,"No",1,"Head of the household",,"Yes"
"99-42-05-34","Zambia","Western province","Sesheke","Sililo","Luampungu 2","100012114","Yes",,,"",,"No",1,"Head of the household",,"Yes"
"21-29-11-98","Zambia","Western province","Sioma","Namilenga","Kalongola 2","100032608","Yes",,,"",,"No",1,"Head of the household",,"Yes"
"06-11-50-44","Zambia","Western province","Sesheke","Kachola","Luampungu 1","100012009","No","Yes","Household moved to another village/town/district","","Yes","Yes",1,"Head of the household",,"Yes"
"38-44-09-59","Zambia","Western province","Sioma","Namilenga","Kalongola 2","100032609","Yes",,,"",,"No",1,"Head of the household",,"Yes"
"81-45-35-86","Zambia","Western province","Sioma","Lenge","Sioma 1","100033906","Yes",,,"",,"No",1,"Representative of the head","Spouse","Yes"
"83-11-66-41","Zambia","Western province","Sioma","Namilenga","Kalongola 2","100032614","Yes",,,"",,"No",1,"Head of the household",,"Yes"
"45-34-02-51","Zambia","Western province","Sioma","Likondwama","Kalongola 1","100032510","Yes",,,"",,"No",1,"Head of the household",,"Yes"
"26-37-15-28","Zambia","Western province","Sioma","Lenge","Sioma 1","100033901","Yes",,,"",,"No",1,"Representative of the head","Spouse","Yes"
"73-50-61-74","Zambia","Western province","Sioma","Nalwanda","Kalongola 1","100032502","Yes",,,"",,"No",1,"Head of the household",,"Yes"
"58-09-34-36","Zambia","Western province","Sioma","Silowana Likondwama","Kalongola 1","100032508","Yes",,,"",,"No",1,"Head of the household",,"Yes"
"94-78-30-89","Zambia","Western province","Sioma","Nalwanda","Kalongola 1","100032503","Yes",,,"",,"No",1,"Head of the household",,"Yes"
"97-62-61-29","Zambia","Western province","Sioma","Silowana","Kalongola 1","100032515","Yes",,,"",,"No",1,"Head of the household",,"Yes"
"16-35-49-05","Zambia","Western province","Sioma","Silowana","Kalongola 1","100032514","Yes",,,"",,"No",1,"Head of the household",,"Yes"
"18-48-69-27","Zambia","Western province","Sioma","Nalwanda","Kalongola 1","100032504","Yes",,,"",,"No",1,"Head of the household",,"Yes"
"30-61-23-28","Zambia","Western province","Sesheke","Sitwatwa","Katima 2","100011913","Yes",,,"",,"No",1,"Head of the household",,"Yes"
"91-09-11-51","Zambia","Western province","Sioma","Nalwanda","Kalongola 1","100032505","Yes",,,"",,"No",1,"Representative of the head","Spouse","Yes"
"03-15-59-01","Zambia","Western province","Sesheke","Nangandwe","Silumbu","100012403","Yes",,,"",,"No",1,"Representative of the head","Spouse","Yes"
"51-88-98-79","Zambia","Western province","Sioma","Silowana Likondwama","Kalongola 1","100032507","No","Yes","Other (Specify)","Deceased","Yes","Yes",1,"Head of the household",,"Yes"
"38-99-58-33","Zambia","Western province","Sioma","Lenge","Sioma 1","100033904","Yes",,,"",,"No",1,"Head of the household",,"Yes"
"73-78-76-86","Zambia","Western province","Sioma","silowana","Kalongola 1","100032511","No","No",,"","Yes","Yes",1,"Head of the household",,"Yes"
"16-76-51-56","Zambia","Western province","Sioma","silowana likondwana","Kalongola 1","100032509","No","Yes","Household not found","","Yes","Yes",1,"Head of the household",,"Yes"
"34-75-99-64","Zambia","Western province","Sesheke","Namutondo","Kalobelelwa 2","100011713","Yes",,,"",,"No",1,"Head of the household",,"Yes"
"00-76-59-09","Zambia","Western province","Sioma","Likondwama","Kalongola 1","100032512","Yes",,,"",,"No",1,"Head of the household",,"Yes"
"03-36-35-32","Zambia","Western province","Sioma","Mushiana","Kalongola 2","100032611","Yes",,,"",,"No",1,"Head of the household",,"Yes"
"66-74-25-56","Zambia","Western province","Sioma","Sankandi","Sioma 1","100033903","Yes",,,"",,"No",1,"Head of the household",,"Yes"
"80-48-62-68","Zambia","Western province","Sioma","Nalwanda","Kalongola 1","100032506","Yes",,,"",,"No",1,"Representative of the head","Sister","Yes"
"67-59-61-49","Zambia","Western province","Sesheke","Namande","Silumbu","100012411","Yes",,,"",,"No",1,"Head of the household",,"Yes"
"23-88-68-38","Zambia","Western province","Sioma","Namilenga","Kalongola 2","100032601","Yes",,,"",,"No",1,"Head of the household",,"Yes"
"24-58-49-24","Zambia","Western province","Sioma","Namilenga","Kalongola 2","100032605","Yes",,,"",,"No",1,"Head of the household",,"Yes"
"27-73-91-69","Zambia","Western province","Sioma","Kalongola","Nangweshi 2","100033515","Yes",,,"",,"No",1,"Head of the household",,"Yes"
"88-41-94-49","Zambia","Western province","Sioma","Sikuka","Sioma 1","100033911","Yes",,,"",,"No",1,"Representative of the head","Spouse","Yes"
"83-47-45-70","Zambia","Western province","Sioma","Namilenga","Kalongola 2","100032604","Yes",,,"",,"No",1,"Representative of the head","Spouse","Yes"
"06-72-44-70","Zambia","Western province","Sioma","Mushiana","Kalongola 2","100032610","Yes",,,"",,"No",1,"Head of the household",,"Yes"
"85-25-38-04","Zambia","Western province","Sioma","Lenge","Sioma 1","100033902","No","Yes","Household moved to unknown location","","Yes","Yes",1,"Head of the household",,"Yes"
"99-72-02-18","Zambia","Western province","Sioma","Kabula 1","Liwandamo 2","100032806","Yes",,,"",,"No",1,"Head of the household",,"Yes"
"76-93-76-77","Zambia","Western province","Sioma","Sikanda","Sioma 2","100034005","Yes",,,"",,"No",1,"Head of the household",,"Yes"
"25-81-57-24","Zambia","Western province","Sioma","Kalongola","Nangweshi 2","100033512","Yes",,,"",,"No",1,"Representative of the head","Sister-in-law","Yes"
"18-66-56-26","Zambia","Western province","Sioma","Kalongola","Nangweshi 2","100033513","No","Yes","Household not found","","Yes","Yes",1,"Head of the household",,"Yes"
"38-35-03-16","Zambia","Western province","Sioma","Kabula 1","Liwandamo 2","100032807","Yes",,,"",,"No",1,"Representative of the head","Spouse","Yes"
"87-43-13-02","Zambia","Western province","Sioma","Kalongola","Nangweshi 2","100033501","Yes",,,"",,"No",1,"Head of the household",,"Yes"
"06-72-27-90","Zambia","Western province","Sioma","Munguli","Sioma 2","100034007","Yes",,,"",,"No",1,"Representative of the head","Spouse","Yes"
"10-09-48-91","Zambia","Western province","Sioma","Liyoyelo","Liwandamo 2","100032801","No","Yes","Household moved to unknown location","","Yes","Yes",1,"Head of the household",,"Yes"
"89-20-17-64","Zambia","Western province","Sioma","Sikanda","Sioma 2","100034013","Yes",,,"",,"No",1,"Head of the household",,"Yes"
"61-30-29-22","Zambia","Western province","Sioma","Kabula 1","Liwandamo 2","100032815","Yes",,,"",,"No",1,"Head of the household",,"Yes"
"32-64-82-60","Zambia","Western province","Sioma","Kabula 1","Liwandamo 2","100032812","Yes",,,"",,"No",1,"Head of the household",,"Yes"
"05-69-71-03","Zambia","Western province","Sioma","Sikanda","Sioma 2","100034012","Yes",,,"",,"No",1,"Head of the household",,"Yes"
"62-54-48-69","Zambia","Western province","Sioma","Kabula 1","Liwandamo 2","100032814","Yes",,,"",,"No",1,"Representative of the head","Son","Yes"
"40-71-41-17","Zambia","Western province","Sioma","Kabula 1","Liwandamo 2","100032810","Yes",,,"",,"No",1,"Representative of the head","Spouse","Yes"
"59-04-18-69","Zambia","Western province","Sioma","Sikanda","Sioma 2","100034016","Yes",,,"",,"No",1,"Representative of the head","Spouse","Yes"
"99-19-59-36","Zambia","Western province","Sioma","Kalongola","Nangweshi 2","100033502","Yes",,,"",,"No",1,"Representative of the head","Spouse","Yes"
"66-80-07-88","Zambia","Western province","Sioma","Kabula 1","Liwandamo 2","100032805","Yes",,,"",,"No",1,"Representative of the head","Nephew","Yes"
"33-91-72-59","Zambia","Western province","Sioma","Sikanda","Sioma 2","100034015","Yes",,,"",,"No",1,"Representative of the head","Spouse","Yes"
"79-95-75-64","Zambia","Western province","Sioma","Kalongola","Nangweshi 2","100033514","Yes",,,"",,"No",1,"Head of the household",,"Yes"
"36-27-38-94","Zambia","Western province","Sioma","Sikanda","Sioma 2","100034009","Yes",,,"",,"No",1,"Head of the household",,"Yes"
"20-85-41-55","Zambia","Western province","Sioma","Kabula 1","Liwandamo 2","100032802","Yes",,,"",,"No",1,"Head of the household",,"Yes"
"99-41-30-80","Zambia","Western province","Sioma","Sikanda","Sioma 2","100034010","Yes",,,"",,"No",1,"Representative of the head","Granddaughter","Yes"
"71-06-23-24","Zambia","Western province","Sioma","Kabula 1","Liwandamo 2","100032804","Yes",,,"",,"No",1,"Head of the household",,"Yes"
"89-01-00-04","Zambia","Western province","Sioma","Kalongola","Nangweshi 2","100033507","Yes",,,"",,"No",1,"Representative of the head","Daughter","Yes"
"00-37-37-14","Zambia","Western province","Sioma","Kabula 1","Liwandamo 2","100032808","Yes",,,"",,"No",1,"Head of the household",,"Yes"
"74-41-47-70","Zambia","Western province","Sioma","kalongola","Nangweshi 2","100033505","No","Yes","Household not found","","Yes","Yes",1,"Representative of the head","Spouse","Yes"
"52-43-66-41","Zambia","Western province","Sioma","Kalongola","Nangweshi 2","100033506","Yes",,,"",,"No",1,"Head of the household",,"Yes"
"83-13-77-99","Zambia","Western province","Sioma","Kabula 1","Liwandamo 2","100032813","Yes",,,"",,"No",1,"Representative of the head","Spouse","Yes"
"61-91-44-04","Zambia","Western province","Sioma","Kalongola","Nangweshi 2","100033510","Yes",,,"",,"No",1,"Representative of the head","Spouse","Yes"
"61-31-17-62","Zambia","Western province","Sioma","Kabula 1","Liwandamo 2","100032809","Yes",,,"",,"No",1,"Head of the household",,"Yes"
"01-73-77-56","Zambia","Western province","Sioma","Lisabelo","Mbume 2","100033109","No","Yes","Household not found","","Yes","Yes",1,"Representative of the head","Spouse","Yes"
"47-87-04-23","Zambia","Western province","Sioma","Kalongola","Nangweshi 2","100033511","Yes",,,"",,"No",1,"Head of the household",,"Yes"
"46-77-22-22","Zambia","Western province","Sioma","Kalongola","Nangweshi 2","100033509","Yes",,,"",,"No",1,"Head of the household",,"Yes"
"54-46-59-23","Zambia","Western province","Sioma","Sikanda","Sioma 2","100034014","Yes",,,"",,"No",1,"Head of the household",,"Yes"
"47-72-11-03","Zambia","Western province","Sioma","Lisabelo","Mbume 2","100033110","No","Yes","Household not found","","Yes","Yes",1,"Head of the household",,"Yes"
"75-19-56-83","Zambia","Western province","Sioma","Kabula 1","Liwandamo 2","100032811","Yes",,,"",,"No",1,"Head of the household",,"Yes"
"17-63-18-37","Zambia","Western province","Sioma","Kalongola","Nangweshi 2","100033508","Yes",,,"",,"No",1,"Head of the household",,"Yes"
"36-67-78-55","Zambia","Western province","Sioma","Kalongola","Nangweshi 2","100033504","Yes",,,"",,"No",1,"Representative of the head","Spouse","Yes"
"57-94-56-04","Zambia","Western province","Sioma","Kabula 2","Mbume 2","100033115","Yes",,,"",,"No",1,"Head of the household",,"Yes"
"50-78-72-42","Zambia","Western province","Sioma","Kabula 2","Mbume 2","100033111","Yes",,,"",,"No",1,"Representative of the head","Spouse","Yes"
"39-32-15-43","Zambia","Western province","Sioma","Namilenga","Kalongola 2","100032602","Yes",,,"",,"No",1,"Representative of the head","Spouse","Yes"
"83-43-24-20","Zambia","Western province","Sioma","Kabula","Mbume 2","100033112","No","Yes","Household not found","","Yes","Yes",1,"Representative of the head","Daughter","Yes"
"86-15-33-66","Zambia","Western province","Sioma","Kabula 2","Mbume 2","100033114","Yes",,,"",,"No",1,"Head of the household",,"Yes"
"44-68-45-91","Zambia","Western province","Sioma","Kabula 2","Mbume 2","100033104","Yes",,,"",,"No",1,"Head of the household",,"Yes"
"92-79-83-19","Zambia","Western province","Sioma","Kabula 2","Mbume 2","100033101","Yes",,,"",,"No",1,"Head of the household",,"Yes"
"84-11-52-01","Zambia","Western province","Sioma","Kabula 2","Mbume 2","100033108","Yes",,,"",,"No",1,"Head of the household",,"Yes"
"04-80-79-59","Zambia","Western province","Sioma","Kabula 2","Mbume 2","100033105","Yes",,,"",,"No",1,"Head of the household",,"Yes"
"86-90-94-39","Zambia","Western province","Sioma","Naluwe","Nangweshi 1","100033410","Yes",,,"",,"No",1,"Head of the household",,"Yes"
"60-18-28-01","Zambia","Western province","Sioma","Sipo","Nangweshi 1","100033409","Yes",,,"",,"No",1,"Representative of the head","Spouse","Yes"
"95-75-71-60","Zambia","Western province","Sioma","Nalwashi","Sikabenga 1","100033702","Yes",,,"",,"No",1,"Head of the household",,"Yes"
"92-06-91-29","Zambia","Western province","Sioma","Namaole","Sikabenga 1","100033704","Yes",,,"",,"No",1,"Head of the household",,"Yes"
"54-44-90-07","Zambia","Western province","Sioma","Namaole","Sikabenga 1","100033713","Yes",,,"",,"No",1,"Head of the household",,"Yes"
"03-23-51-60","Zambia","Western province","Sioma","Kabula 2","Mbume 2","100033113","Yes",,,"",,"No",1,"Representative of the head","Spouse","Yes"
"00-90-52-98","Zambia","Western province","Sioma","Mulondo","Nalwashi 2","100033315","Yes",,,"",,"No",1,"Head of the household",,"Yes"
"94-81-42-69","Zambia","Western province","Sioma","Mulondo","Nalwashi 2","100033313","Yes",,,"",,"No",1,"Head of the household",,"Yes"
"93-63-81-71","Zambia","Western province","Sioma","Kabula 1","Liwandamo 2","100032803","Yes",,,"",,"No",1,"Representative of the head","Spouse","Yes"
"98-80-95-52","Zambia","Western province","Sioma","Mbopoma","Nalwashi 1","100033209","Yes",,,"",,"No",1,"Head of the household",,"Yes"
"43-02-26-99","Zambia","Western province","Sioma","Mbopoma","Nalwashi 1","100033201","Yes",,,"",,"No",1,"Head of the household",,"Yes"
"53-75-34-84","Zambia","Western province","Sioma","Sipo","Nangweshi 1","100033404","Yes",,,"",,"No",1,"Head of the household",,"Yes"
"27-49-80-27","Zambia","Western province","Sioma","Nande","Sikabenga 1","100033707","Yes",,,"",,"No",1,"Head of the household",,"Yes"
"33-72-39-68","Zambia","Western province","Sioma","Sipo","Nangweshi 1","100033403","No","Yes","Household moved to another village/town/district","","Yes","Yes",1,"Representative of the head","Spouse","Yes"
"17-79-25-12","Zambia","Western province","Sioma","Mbopoma","Nalwashi 1","100033202","Yes",,,"",,"No",1,"Representative of the head","Spouse","Yes"
"74-51-58-80","Zambia","Western province","Sioma","Naluwe","Nangweshi 1","100033414","Yes",,,"",,"No",1,"Representative of the head","Daughter","Yes"
"22-03-45-06","Zambia","Western province","Sioma","Mulondo","Nalwashi 2","100033303","Yes",,,"",,"No",1,"Head of the household",,"Yes"
"29-14-83-70","Zambia","Western province","Sioma","Mbopoma","Nalwashi 1","100033204","Yes",,,"",,"No",1,"Head of the household",,"Yes"
"54-67-39-05","Zambia","Western province","Sioma","Naluwe","Nangweshi 1","100033412","Yes",,,"",,"No",1,"Head of the household",,"Yes"
"72-58-55-05","Zambia","Western province","Sioma","Namboma","Nalwashi 2","100033309","Yes",,,"",,"No",1,"Head of the household",,"Yes"
"04-15-15-88","Zambia","Western province","Sioma","Sipo","Nangweshi 1","100033406","Yes",,,"",,"No",1,"Head of the household",,"Yes"
"27-95-56-36","Zambia","Western province","Sioma","Nande","Sikabenga 1","100033710","Yes",,,"",,"No",1,"Head of the household",,"Yes"
"53-49-41-59","Zambia","Western province","Sioma","Kahonono","Nalwashi 1","100033211","Yes",,,"",,"No",1,"Head of the household",,"Yes"
"39-17-22-92","Zambia","Western province","Sioma","Sipo","Nangweshi 1","100033405","Yes",,,"",,"No",1,"Head of the household",,"Yes"
"74-39-55-58","Zambia","Western province","Sioma","Sipo","Nangweshi 1","100033407","Yes",,,"",,"No",1,"Head of the household",,"Yes"
"26-22-03-23","Zambia","Western province","Sioma","Sipo","Nangweshi 1","100033402","No","Yes","Household moved to unknown location","","Yes","Yes",1,"Head of the household",,"Yes"
"09-03-01-05","Zambia","Western province","Sioma","Kabula","Nalwashi 2","100033310","Yes",,,"",,"No",1,"Head of the household",,"Yes"
"15-07-16-66","Zambia","Western province","Sioma","Kahonono","Nalwashi 1","100033213","Yes",,,"",,"No",1,"Head of the household",,"Yes"
"06-67-11-07","Zambia","Western province","Sioma","Nande","Sikabenga 1","100033708","Yes",,,"",,"No",1,"Head of the household",,"Yes"
"66-85-51-19","Zambia","Western province","Sioma","Sipo","Nangweshi 1","100033401","Yes",,,"",,"No",1,"Head of the household",,"Yes"
"62-23-34-43","Zambia","Western province","Sioma","Nande","Sikabenga 1","100033706","Yes",,,"",,"No",1,"Representative of the head","Spouse","Yes"
"40-89-37-32","Zambia","Western province","Sioma","Kawonono","Nalwashi 1","100033214","Yes",,,"",,"No",1,"Head of the household",,"Yes"
"47-88-11-20","Zambia","Western province","Sioma","Kawonono","Nalwashi 1","100033215","Yes",,,"",,"No",1,"Head of the household",,"Yes"
"92-32-27-35","Zambia","Western province","Sioma","Nalwashi","Sikabenga 1","100033714","Yes",,,"",,"No",1,"Head of the household",,"Yes"
"67-30-34-31","Zambia","Western province","Sioma","Naluwe","Nangweshi 1","100033411","Yes",,,"",,"No",1,"Head of the household",,"Yes"
"41-24-19-16","Zambia","Western province","Sioma","Namaole","Sikabenga 1","100033703","Yes",,,"",,"No",1,"Head of the household",,"Yes"
"45-68-78-48","Zambia","Western province","Sioma","Naluwe","Nangweshi 1","100033415","Yes",,,"",,"No",1,"Head of the household",,"Yes"
"02-28-32-41","Zambia","Western province","Sioma","Mbopoma","Nalwashi 1","100033208","Yes",,,"",,"No",1,"Head of the household",,"Yes"
"42-76-32-22","Zambia","Western province","Sioma","Lisheko","Nalwashi 2","100033304","Yes",,,"",,"No",1,"Head of the household",,"Yes"
"79-53-86-42","Zambia","Western province","Sioma","Kabula 2","Mbume 2","100033107","Yes",,,"",,"No",1,"Head of the household",,"Yes"
"27-88-22-86","Zambia","Western province","Sioma","Namaole","Sikabenga 1","100033715","Yes",,,"",,"No",1,"Head of the household",,"Yes"
"92-15-50-98","Zambia","Western province","Sioma","Kashukwa","Nalwashi 1","100033205","Yes",,,"",,"No",1,"Head of the household",,"Yes"
"59-62-31-80","Zambia","Western province","Sioma","Kabula","Nalwashi 2","100033311","Yes",,,"",,"No",1,"Head of the household",,"Yes"
"36-99-50-88","Zambia","Western province","Sioma","Nalwashi","Sikabenga 1","100033711","No","Yes","Household moved to a neighboring country","","Yes","Yes",1,"Head of the household",,"Yes"
"44-25-16-47","Zambia","Western province","Sioma","Mbopoma","Nalwashi 1","100033206","Yes",,,"",,"No",1,"Representative of the head","Spouse","Yes"
"59-82-52-95","Zambia","Western province","Sioma","Lisheko","Nalwashi 2","100033306","Yes",,,"",,"No",1,"Representative of the head","Spouse","Yes"
"74-78-76-52","Zambia","Western province","Sioma","Nalwashi","Sikabenga 1","100033716","Yes",,,"",,"No",1,"Representative of the head","Spouse","Yes"
"83-63-78-61","Zambia","Western province","Sioma","Mulondo","Nalwashi 2","100033302","Yes",,,"",,"No",1,"Head of the household",,"Yes"
"38-59-12-03","Zambia","Western province","Sioma","Nalwashi","Sikabenga 1","100033701","Yes",,,"",,"No",1,"Representative of the head","Spouse","Yes"
"52-04-43-36","Zambia","Western province","Sioma","Mbopoma","Nalwashi 1","100033210","Yes",,,"",,"No",1,"Head of the household",,"Yes"
"13-43-00-98","Zambia","Western province","Sioma","Nalwashi","Sikabenga 1","100033712","Yes",,,"",,"No",1,"Head of the household",,"Yes"
"52-45-15-44","Zambia","Western province","Sioma","sipo","Nangweshi 1","100033408","No","Yes","Household moved to another village/town/district","","Yes","Yes",1,"Head of the household",,"Yes"
"84-06-43-96","Zambia","Western province","Sioma","Lisheko","Nalwashi 2","100033305","Yes",,,"",,"No",1,"Head of the household",,"Yes"
"85-25-67-57","Zambia","Western province","Sioma","Kabula","Nalwashi 2","100033312","Yes",,,"",,"No",1,"Head of the household",,"Yes"
"99-71-69-71","Zambia","Western province","Sioma","Kawonono","Nalwashi 1","100033212","Yes",,,"",,"No",1,"Head of the household",,"Yes"
"90-84-04-84","Zambia","Western province","Sioma","Kabula 2","Mbume 2","100033103","Yes",,,"",,"No",1,"Head of the household",,"Yes"
"75-65-72-44","Zambia","Western province","Sioma","Mulondo","Nalwashi 2","100033301","Yes",,,"",,"No",1,"Head of the household",,"Yes"
"56-76-80-56","Zambia","Western province","Sioma","Naluwe","Nangweshi 1","100033413","Yes",,,"",,"No",1,"Representative of the head","Spouse","Yes"
"95-24-62-42","Zambia","Western province","Sioma","Lisheko","Nalwashi 2","100033307","Yes",,,"",,"No",1,"Head of the household",,"Yes"
"42-51-00-37","Zambia","Western province","Sioma","Mbopoma","Nalwashi 1","100033207","Yes",,,"",,"No",1,"Head of the household",,"Yes"
"36-23-13-87","Zambia","Western province","Sioma","Mbopoma","Nalwashi 1","100033203","Yes",,,"",,"No",1,"Head of the household",,"Yes"
"70-84-37-07","Zambia","Western province","Sioma","Lisheko","Nalwashi 2","100033308","Yes",,,"",,"No",1,"Head of the household",,"Yes"
"99-94-97-40","Zambia","Western province","Sioma","Maungo","Mbeta","100032906","Yes",,,"",,"No",1,"Head of the household",,"Yes"
"40-68-37-93","Zambia","Western province","Sioma","Lisabelo","Mbume 1","100033015","Yes",,,"",,"No",1,"Representative of the head","Spouse","Yes"
"08-64-31-45","Zambia","Western province","Sioma","Namakulu","Mbume 1","100033011","Yes",,,"",,"No",1,"Head of the household",,"Yes"
"24-71-47-80","Zambia","Western province","Sioma","Lwenga","Sikabenga 3","100033615","Yes",,,"",,"No",1,"Representative of the head","Spouse","Yes"
"53-67-73-98","Zambia","Western province","Sioma","Ngubu","Sikabenga 2","100033801","Yes",,,"",,"No",1,"Head of the household",,"Yes"
"89-30-04-89","Zambia","Western province","Sioma","Nezile","Sikabenga 3","100033613","Yes",,,"",,"No",1,"Head of the household",,"Yes"
"85-35-76-75","Zambia","Western province","Sioma","Namakulu","Mbume 1","100033010","Yes",,,"",,"No",1,"Head of the household",,"Yes"
"34-78-22-26","Zambia","Western province","Sioma","Lisabelo","Mbume 1","100033005","Yes",,,"",,"No",1,"Head of the household",,"Yes"
"59-51-95-60","Zambia","Western province","Sioma","Lisabelo","Mbume 1","100033006","Yes",,,"",,"No",1,"Head of the household",,"Yes"
"22-44-88-72","Zambia","Western province","Sioma","Lisheko","Nalwashi 2","100033314","Yes",,,"",,"No",1,"Head of the household",,"Yes"
"35-56-47-30","Zambia","Western province","Sioma","Lisabelo","Mbume 1","100033014","Yes",,,"",,"No",1,"Head of the household",,"Yes"
"43-44-87-36","Zambia","Western province","Sioma","Mashombo","Liwandamo 1","100032710","Yes",,,"",,"No",1,"Head of the household",,"Yes"
"25-90-73-61","Zambia","Western province","Sioma","Lisabelo","Mbume 1","100033004","Yes",,,"",,"No",1,"Head of the household",,"Yes"
"00-81-85-48","Zambia","Western province","Sioma","Maungo","Mbeta","100032914","Yes",,,"",,"No",1,"Head of the household",,"Yes"
"82-05-74-76","Zambia","Western province","Sioma","Ngubu","Sikabenga 2","100033804","Yes",,,"",,"No",1,"Representative of the head","Spouse","Yes"
"69-02-12-40","Zambia","Western province","Sioma","Mulele","Sikabenga 2","100033809","No","Yes","Household moved to another village/town/district","","Yes","Yes",1,"Representative of the head","Spouse","Yes"
"68-49-12-16","Zambia","Western province","Sioma","Lushobenga","Mbume 1","100033016","Yes",,,"",,"No",1,"Head of the household",,"Yes"
"47-72-15-93","Zambia","Western province","Sioma","Lisabelo","Mbume 1","100033013","Yes",,,"",,"No",1,"Head of the household",,"Yes"
"46-77-79-60","Zambia","Western province","Sioma","Kachola","Mbeta","100032907","Yes",,,"",,"No",1,"Representative of the head","Spouse","Yes"
"54-41-53-68","Zambia","Western province","Sioma","Kushobenga","Mbume 1","100033001","Yes",,,"",,"No",1,"Head of the household",,"Yes"
"35-84-29-80","Zambia","Western province","Sioma","Maungo","Mbeta","100032910","Yes",,,"",,"No",1,"Head of the household",,"Yes"
"82-89-49-08","Zambia","Western province","Sioma","Lushobenga","Mbume 1","100033003","Yes",,,"",,"No",1,"Head of the household",,"Yes"
"13-17-77-46","Zambia","Western province","Sioma","Namakondo","Mbeta","100032908","Yes",,,"",,"No",1,"Head of the household",,"Yes"
"87-42-29-56","Zambia","Western province","Sioma","Nande","Sikabenga 1","100033705","Yes",,,"",,"No",1,"Head of the household",,"Yes"
"24-84-60-85","Zambia","Western province","Sioma","Namakondo","Mbeta","100032915","Yes",,,"",,"No",1,"Head of the household",,"Yes"
"78-85-83-52","Zambia","Western province","Sioma","Nakatapa","Sioma 2","100034004","Yes",,,"",,"No",1,"Head of the household",,"Yes"
"78-33-54-01","Zambia","Western province","Sioma","Maungo","Mbeta","100032904","Yes",,,"",,"No",1,"Head of the household",,"Yes"
"54-69-71-08","Zambia","Western province","Sioma","Ngubu","Sikabenga 2","100033814","Yes",,,"",,"No",1,"Head of the household",,"Yes"
"30-10-42-29","Zambia","Western province","Sioma","Namakulu 2","Mbume 1","100033007","Yes",,,"",,"No",1,"Head of the household",,"Yes"
"52-71-69-48","Zambia","Western province","Sioma","Ngubu","Sikabenga 2","100033808","Yes",,,"",,"No",1,"Head of the household",,"Yes"
"88-38-32-86","Zambia","Western province","Sioma","Munguli","Sioma 2","100034008","Yes",,,"",,"No",1,"Head of the household",,"Yes"
"78-51-51-91","Zambia","Western province","Sioma","Lushako/Namakulu","Mbume 1","100033008","Yes",,,"",,"No",1,"Head of the household",,"Yes"
"98-42-68-21","Zambia","Western province","Sioma","Litawa","Mbeta","100032905","Yes",,,"",,"No",1,"Head of the household",,"Yes"
"23-92-64-64","Zambia","Western province","Sioma","Maungo","Mbeta","100032909","Yes",,,"",,"No",1,"Head of the household",,"Yes"
"33-60-76-52","Zambia","Western province","Sioma","Lushobenga","Mbume 1","100033002","Yes",,,"",,"No",1,"Representative of the head","Daughter-in-law","Yes"
"99-53-97-21","Zambia","Western province","Sioma","Kabula 2","Mbume 2","100033102","Yes",,,"",,"No",1,"Head of the household",,"Yes"
"35-30-07-09","Zambia","Western province","Sioma","Mungo","Mbeta","100032903","Yes",,,"",,"No",1,"Head of the household",,"Yes"
"84-39-86-14","Zambia","Western province","Sioma","Mashombo","Liwandamo 1","100032703","Yes",,,"",,"No",1,"Head of the household",,"Yes"
"33-93-88-48","Zambia","Western province","Sioma","Mashombo","Liwandamo 1","100032713","Yes",,,"",,"No",1,"Head of the household",,"Yes"
"93-94-24-13","Zambia","Western province","Sioma","Lwenga","Sikabenga 3","100033601","Yes",,,"",,"No",1,"Head of the household",,"Yes"
"02-86-42-10","Zambia","Western province","Sioma","Ngubu","Sikabenga 2","100033811","Yes",,,"",,"No",1,"Head of the household",,"Yes"
"18-90-95-90","Zambia","Western province","Sioma","Kabula 2","Mbume 2","100033106","Yes",,,"",,"No",1,"Head of the household",,"Yes"
"71-80-40-68","Zambia","Western province","Sioma","Maungo","Mbeta","100032912","Yes",,,"",,"No",1,"Head of the household",,"Yes"
"03-80-12-55","Zambia","Western province","Sioma","Lwenga","Sikabenga 3","100033604","Yes",,,"",,"No",1,"Head of the household",,"Yes"
"03-05-82-85","Zambia","Western province","Sioma","Ngubu","Sikabenga 2","100033803","Yes",,,"",,"No",1,"Head of the household",,"Yes"
"96-34-34-83","Zambia","Western province","Sioma","Maungo","Mbeta","100032911","No","Yes","Household moved to a neighboring country","","Yes","Yes",1,"Head of the household",,"Yes"
"84-86-67-50","Zambia","Western province","Sioma","Namakulu","Mbume 1","100033012","Yes",,,"",,"No",1,"Head of the household",,"Yes"
"65-50-61-63","Zambia","Western province","Sioma","Ngubu","Sikabenga 2","100033812","Yes",,,"",,"No",1,"Head of the household",,"Yes"
"14-25-07-27","Zambia","Western province","Sioma","Kawaile","Sikabenga 1","100033709","Yes",,,"",,"No",1,"Representative of the head","Spouse","Yes"
"95-81-39-58","Zambia","Western province","Sioma","Maungo","Mbeta","100032913","Yes",,,"",,"No",1,"Head of the household",,"Yes"
"63-48-87-87","Zambia","Western province","Sioma","Namakulu","Mbume 1","100033009","Yes",,,"",,"No",1,"Head of the household",,"Yes"
"49-38-87-08","Zambia","Western province","Sioma","Mashombo","Liwandamo 1","100032715","No","Yes","Household not found","","Yes","Yes",1,"Head of the household",,"Yes"
"56-09-22-69","Zambia","Western province","Sioma","Ñubu","Sikabenga 2","100033807","No","Yes","Household moved to unknown location","","Yes","Yes",1,"Head of the household",,"Yes"
"52-67-58-90","Zambia","Western province","Sioma","Lwenga","Sikabenga 3","100033606","Yes",,,"",,"No",1,"Representative of the head","Spouse","Yes"
"61-51-30-74","Zambia","Western province","Sioma","Mashombo","Liwandamo 1","100032712","No","Yes","Household moved to a neighboring country","","Yes","Yes",1,"Head of the household",,"Yes"
"90-75-70-65","Zambia","Western province","Sioma","Ngubu","Sikabenga 2","100033802","Yes",,,"",,"No",1,"Representative of the head","Spouse","Yes"
"70-34-30-04","Zambia","Western province","Sioma","Maungo","Mbeta","100032902","Yes",,,"",,"No",1,"Head of the household",,"Yes"
"00-18-21-78","Zambia","Western province","Sioma","Mashombo","Liwandamo 1","100032705","Yes",,,"",,"No",1,"Head of the household",,"Yes"
"80-41-37-09","Zambia","Western province","Sioma","Lwenga","Sikabenga 3","100033614","Yes",,,"",,"No",1,"Head of the household",,"Yes"
"62-10-09-84","Zambia","Western province","Sioma","Lwenga","Sikabenga 3","100033605","Yes",,,"",,"No",1,"Head of the household",,"Yes"
"16-01-99-93","Zambia","Western province","Sioma","Nakatapa","Sioma 2","100034001","Yes",,,"",,"No",1,"Head of the household",,"Yes"
"91-31-71-31","Zambia","Western province","Sioma","Lwenga","Sikabenga 3","100033607","Yes",,,"",,"No",1,"Head of the household",,"Yes"
"14-78-47-78","Zambia","Western province","Sioma","Mashombo","Liwandamo 1","100032708","Yes",,,"",,"No",1,"Head of the household",,"Yes"
"07-03-43-18","Zambia","Western province","Sioma","Maungo","Mbeta","100032901","Yes",,,"",,"No",1,"Head of the household",,"Yes"
"87-80-74-34","Zambia","Western province","Sioma","Mashombo","Liwandamo 1","100032714","Yes",,,"",,"No",1,"Head of the household",,"Yes"
"39-19-95-41","Zambia","Western province","Sioma","Mulele","Sikabenga 2","100033815","Yes",,,"",,"No",1,"Head of the household",,"Yes"
"13-94-38-36","Zambia","Western province","Sioma","Mulele","Sikabenga 2","100033813","Yes",,,"",,"No",1,"Head of the household",,"Yes"
"64-10-30-77","Zambia","Western province","Sioma","Ngubu","Sikabenga 2","100033806","Yes",,,"",,"No",1,"Head of the household",,"Yes"
"98-88-46-23","Zambia","Western province","Sioma","Shilongo","Liwandamo 1","100032711","Yes",,,"",,"No",1,"Representative of the head","Nephew","Yes"
"35-26-63-26","Zambia","Western province","Sioma","Lwenga","Sikabenga 3","100033602","Yes",,,"",,"No",1,"Head of the household",,"Yes"
"77-44-63-61","Zambia","Western province","Sioma","Nezile","Sikabenga 3","100033611","Yes",,,"",,"No",1,"Head of the household",,"Yes"
"26-64-90-32","Zambia","Western province","Sioma","Ngubu","Sikabenga 2","100033805","Yes",,,"",,"No",1,"Head of the household",,"Yes"
"15-44-39-66","Zambia","Western province","Sioma","Nezile","Sikabenga 3","100033609","Yes",,,"",,"No",1,"Head of the household",,"Yes"
"97-96-32-80","Zambia","Western province","Sioma","Mashombo","Liwandamo 1","100032704","Yes",,,"",,"No",1,"Head of the household",,"Yes"
"65-28-62-87","Zambia","Western province","Sioma","Chanziba","Liwandamo 1","100032702","Yes",,,"",,"No",1,"Head of the household",,"Yes"
"91-95-41-16","Zambia","Western province","Sioma","Mashombo","Liwandamo 1","100032701","Yes",,,"",,"No",1,"Head of the household",,"Yes"
"65-02-00-05","Zambia","Western province","Sioma","Mashombo","Liwandamo 1","100032706","Yes",,,"",,"No",1,"Head of the household",,"Yes"
"48-22-83-32","Zambia","Western province","Sioma","Mulele","Sikabenga 2","100033810","Yes",,,"",,"No",1,"Head of the household",,"Yes"
"53-04-96-58","Zambia","Western province","Sesheke","Situnga","Lusu 2","100012308","Yes",,,"",,"No",1,"Head of the household",,"Yes"
"93-77-89-30","Zambia","Western province","Sioma","Kalongola","Nangweshi 2","100033503","Yes",,,"",,"No",1,"Head of the household",,"Yes"
"03-06-71-34","Zambia","Western province","Sioma","Namazila","Sikabenga 3","100033608","Yes",,,"",,"No",1,"Head of the household",,"Yes"
"38-24-53-68","Zambia","Western province","Sesheke","Namande","Silumbu","100012408","No","Yes","None at home for extended amount of time","","Yes","Yes",1,"Head of the household",,"Yes"
"76-44-39-80","Zambia","Western province","Sesheke","Kashalo","Imusho","100011514","Yes",,,"",,"No",1,"Representative of the head","Spouse","Yes"
"17-98-15-90","Zambia","Western province","Sioma","Nezile","Sikabenga 3","100033610","No","Yes","Other (Specify)","Deceased","Yes","Yes",1,"Head of the household",,"Yes"
"43-89-48-48","Zambia","Western province","Sioma","Lwenga","Sikabenga 3","100033603","Yes",,,"",,"No",1,"Head of the household",,"Yes"
"46-95-44-44","Zambia","Western province","Sesheke","Kabuyu","Kalobelelwa 2","100011704","No","Yes","Other (Specify)","Deceased","Yes","Yes",1,"Head of the household",,"Yes"
"79-36-03-31","Zambia","Western province","Sesheke","Ibolokwa","Kalobelelwa 2","100011703","Yes",,,"",,"No",1,"Head of the household",,"Yes"
"37-08-68-08","Zambia","Western province","Sesheke","Kashalo","Imusho","100011503","Yes",,,"",,"No",1,"Head of the household",,"Yes"
"76-66-08-56","Zambia","Western province","Sioma","Mashombo","Liwandamo 1","100032707","Yes",,,"",,"No",1,"Head of the household",,"Yes"
"84-78-41-82","Zambia","Western province","Sesheke","Kashalo","Imusho","100011515","Yes",,,"",,"No",1,"Head of the household",,"Yes"
"33-73-65-41","Zambia","Western province","Sesheke","Mbilika","Luampungu 2","100012102","No","Yes","None at home for extended amount of time","","Yes","Yes",1,"Representative of the head","Spouse","Yes"
"15-05-96-27","Zambia","Western province","Sesheke","Kashalo","Imusho","100011508","Yes",,,"",,"No",1,"Representative of the head","Spouse","Yes"
"04-08-02-81","Zambia","Western province","Sioma","Nezile","Sikabenga 3","100033612","Yes",,,"",,"No",1,"Head of the household",,"Yes"
"48-12-37-19","Zambia","Western province","Sesheke","Kashalo","Imusho","100011504","Yes",,,"",,"No",1,"Head of the household",,"Yes"
"99-22-87-46","Zambia","Western province","Sesheke","Manchebo","Lusu 2","100012301","Yes",,,"",,"No",1,"Head of the household",,"Yes"
"05-46-14-17","Zambia","Western province","Sesheke","Kashalo","Imusho","100011509","Yes",,,"",,"No",1,"Head of the household",,"Yes"
"21-68-94-15","Zambia","Western province","Sioma","Sikanda","Sioma 2","100034011","Yes",,,"",,"No",1,"Representative of the head","Spouse","Yes"
"40-56-04-29","Zambia","Western province","Sesheke","Kashalo","Imusho","100011506","Yes",,,"",,"No",1,"Head of the household",,"Yes"
"58-04-84-61","Zambia","Western province","Sioma","Nakatapa","Sioma 2","100034003","Yes",,,"",,"No",1,"Representative of the head","Spouse","Yes"
"92-36-21-21","Zambia","Western province","Sesheke","Kashalo","Imusho","100011512","Yes",,,"",,"No",1,"Head of the household",,"Yes"
"14-57-41-87","Zambia","Western province","Sesheke","Kashalo","Imusho","100011513","Yes",,,"",,"No",1,"Representative of the head","Spouse","Yes"
"96-30-76-58","Zambia","Western province","Sesheke","Kashalo","Imusho","100011501","Yes",,,"",,"No",1,"Head of the household",,"Yes"
"94-10-09-72","Zambia","Western province","Sesheke","Kashalo","Imusho","100011507","No","Yes","Household moved to a neighboring country","","Yes","Yes",1,"Head of the household",,"Yes"
"63-44-25-02","Zambia","Western province","Sesheke","Kashalo","Imusho","100011511","Yes",,,"",,"No",1,"Representative of the head","Granddaughter","Yes"
"66-67-56-06","Zambia","Western province","Sesheke","Kashalo","Imusho","100011502","Yes",,,"",,"No",1,"Head of the household",,"Yes"
"61-94-69-82","Zambia","Western province","Sesheke","Kashalo","Imusho","100011510","Yes",,,"",,"No",1,"Head of the household",,"Yes"
"72-52-17-18","Zambia","Western province","Sesheke","Kashalo","Imusho","100011505","Yes",,,"",,"No",1,"Head of the household",,"Yes"
"90-79-08-36","Zambia","Western province","Sesheke","Kashalo","Imusho","100011516","Yes",,,"",,"No",1,"Representative of the head","Spouse","Yes"
