interview__key,r_members__id,r_child__id,ed03asp,asocp01,youth_child_tofarm
"77-02-55-05",1,5,"University level","Teaching","Very likely"
"77-02-55-05",1,6,"University level","Journalist","Very likely"
"77-02-55-05",3,5,"University level","Teacher","Likely"
"77-02-55-05",3,6,"University level","Nurse","Likely"
"96-74-08-90",3,5,"Post graduate university level","Mechanics","Very unlikely"
"96-74-08-90",3,6,"Post graduate university level","Doctor","Very unlikely"
"96-74-08-90",3,7,"Post graduate university level","Nurse","Very unlikely"
"96-06-73-25",1,5,"Post graduate university level","Teacher","Likely"
"96-06-73-25",1,6,"University level","Doctor","Likely"
"96-06-73-25",1,7,"University level","Doctor","Very likely"
"96-06-73-25",2,5,"College","Nurse","Likely"
"96-06-73-25",2,6,"College","Teacher","Likely"
"96-06-73-25",2,7,"University level","Clinical officer","Likely"
"74-47-72-19",1,5,"University level","Nursing","Very likely"
"74-47-72-19",1,6,"University level","Police officer","Very likely"
"14-99-63-02",1,5,"University level","Teacher","Likely"
"14-99-63-02",1,6,"University level","Teacher","Likely"
"14-99-63-02",1,7,"University level","Teacher","Likely"
"14-99-63-02",2,5,"University level","Police officer","Very likely"
"14-99-63-02",2,6,"University level","Doctor","Very likely"
"14-99-63-02",2,7,"University level","Teacher","Very likely"
"19-21-27-06",2,3,"Grade 12","Teacher","Likely"
"19-21-27-06",2,4,"Grade 12","Nurse","Likely"
"16-65-20-98",1,7,"University level","Teacher","Very likely"
"39-03-54-61",2,4,"University level","Nursing","Very likely"
"39-03-54-61",2,5,"College","Teacher","Very likely"
"86-35-86-55",1,4,"Grade 4","Medical personnel","Likely"
"86-35-86-55",2,4,"University level","Medical personnel","Likely"
"93-61-35-58",2,5,"University level","Doctor","Likely"
"93-61-35-58",2,6,"University level","Police officer","Very likely"
"87-48-20-01",1,9,"University level","Nursing","Very likely"
"87-48-20-01",1,10,"University level","Police officer","Very likely"
"87-48-20-01",1,11,"University level","News reporter","Very likely"
"87-48-20-01",2,9,"University level","Teacher","Likely"
"87-48-20-01",2,10,"University level","Police officer","Very likely"
"87-48-20-01",2,11,"University level","News reporter","Likely"
"31-16-66-31",2,7,"Grade 1","Medical personnel","Likely"
"31-16-66-31",3,7,"Grade 1","Medical personnel","Very likely"
"68-61-83-10",1,4,"Post graduate university level","Nurse","Very likely"
"96-11-54-44",1,4,"University level","Doctor","Maybe, maybe not"
"96-11-54-44",1,5,"University level","Teacher","Very unlikely"
"96-11-54-44",2,4,"University level","Teacher","Maybe, maybe not"
"96-11-54-44",2,5,"University level","Police officer","Maybe, maybe not"
"70-22-33-16",1,3,"University level","Teacher","Very likely"
"70-22-33-16",1,4,"University level","Police","Very likely"
"70-22-33-16",1,5,"University level","Doctor","Very likely"
"70-22-33-16",2,3,"Post graduate university level","Teacher","Very likely"
"70-22-33-16",2,4,"Post graduate university level","Police","Very likely"
"70-22-33-16",2,5,"University level","Doctor","Very likely"
"12-54-99-38",1,5,"University level","Nurse","Likely"
"12-54-99-38",2,5,"University level","Doctor","Likely"
"39-44-22-57",1,4,"University level","Nurse","Likely"
"39-44-22-57",2,4,"Post graduate university level","Nurse","Likely"
"11-92-45-50",1,6,"University level","Teacher","Very likely"
"11-92-45-50",3,6,"University level","Nursing","Very likely"
"40-24-89-40",1,5,"University level","Teacher","Very likely"
"40-24-89-40",1,6,"University level","Police","Very likely"
"40-24-89-40",2,5,"University level","Police","Likely"
"40-24-89-40",2,6,"Post graduate university level","Soldier","Likely"
"26-37-34-30",1,7,"University level","Doctor","Very likely"
"26-37-34-30",1,8,"University level","Nurse","Very likely"
"26-37-34-30",1,9,"University level","Teacher","Very likely"
"26-37-34-30",2,7,"University level","Doctor","Very likely"
"26-37-34-30",2,8,"University level","Doctor","Very likely"
"26-37-34-30",2,9,"University level","Nurse","Very likely"
"57-72-53-25",1,5,"University level","Nurse","Very unlikely"
"57-72-53-25",1,6,"University level","Doctor","Very unlikely"
"57-72-53-25",1,7,"University level","Police officer","Very unlikely"
"57-72-53-25",1,8,"University level","Teacher","Very unlikely"
"57-72-53-25",2,5,"University level","Nurse","Likely"
"57-72-53-25",2,6,"University level","Driver","Maybe, maybe not"
"57-72-53-25",2,7,"University level","Electrician at zesco","Maybe, maybe not"
"57-72-53-25",2,8,"University level","Teacher","Maybe, maybe not"
"15-31-68-47",1,4,"University level","Teacher","Very likely"
"15-31-68-47",1,5,"University level","Nurse","Very likely"
"15-31-68-47",2,4,"University level","Doctor","Very likely"
"15-31-68-47",2,5,"University level","Nurse","Very likely"
"54-23-26-42",1,5,"University level","Doctor","Very likely"
"54-23-26-42",1,6,"University level","Doctor","Very likely"
"91-72-91-72",1,4,"University level","Police officer","Likely"
"91-72-91-72",1,6,"University level","Agriculture officer","Likely"
"91-72-91-72",1,7,"University level","Nurse","Likely"
"91-72-91-72",1,9,"University level","Nurse","Likely"
"91-72-91-72",1,10,"University level","Nurse","Likely"
"07-58-36-50",1,5,"No formal education","Teacher","Maybe, maybe not"
"07-58-36-50",2,5,"Early childhood","Nurse","Maybe, maybe not"
"27-63-39-98",1,7,"University level","Police officer","Maybe, maybe not"
"27-63-39-98",1,8,"University level","Teaching","Maybe, maybe not"
"27-63-39-98",1,9,"University level","Doctor","Maybe, maybe not"
"96-79-76-17",1,8,"University level","Doctor","Likely"
"96-79-76-17",1,9,"University level","Teacher","Likely"
"96-79-76-17",2,8,"College","Nurse","Likely"
"96-79-76-17",2,9,"College","Teacher","Likely"
"99-47-47-96",1,8,"College","Medical personnel","Likely"
"99-47-47-96",1,9,"College","Medical personnel","Likely"
"99-47-47-96",1,10,"University level","Teacher","Likely"
"99-47-47-96",2,8,"University level","Medical doctor","Likely"
"99-47-47-96",2,9,"University level","Doctor","Likely"
"99-47-47-96",2,10,"University level","Teacher","Likely"
"93-76-93-98",1,2,"University level","Doctor","Likely"
"93-76-93-98",1,3,"College","Teacher","Likely"
"55-00-90-34",1,4,"University level","Teacher","Maybe, maybe not"
"55-00-90-34",1,5,"College","Teacher","Likely"
"55-00-90-34",2,4,"College","Nurse","Unlikely"
"55-00-90-34",2,5,"College","Teacher","Maybe, maybe not"
"74-92-93-10",2,8,"Post graduate university level","Pilot","Very likely"
"74-92-93-10",2,9,"Post graduate university level","President","Very likely"
"74-92-93-10",2,10,"Post graduate university level","Minister","Very likely"
"74-92-93-10",17,8,"University level","Veterinary","Very likely"
"74-92-93-10",17,9,"Post graduate university level","Doctor","Very likely"
"74-92-93-10",17,10,"Post graduate university level","Veterinary","Very likely"
"81-64-58-33",1,5,"University level","Nurse","Very likely"
"81-64-58-33",1,7,"University level","Teacher","Very likely"
"81-64-58-33",1,8,"University level","Accountant","Very likely"
"81-64-58-33",6,5,"University level","Nurse","Very likely"
"81-64-58-33",6,7,"University level","Teacher","Very likely"
"81-64-58-33",6,8,"University level","Accountant","Very likely"
"51-16-15-92",1,6,"Post graduate university level","Teacher","Very likely"
"51-16-15-92",1,7,"Post graduate university level","Nurse","Very likely"
"51-16-15-92",1,8,"University level","Doctor","Very likely"
"51-16-15-92",1,9,"Post graduate university level","Marchanics","Very likely"
"63-16-06-54",1,5,"University level","Medical doctor","Maybe, maybe not"
"63-16-06-54",1,6,"University level","Teacher","Likely"
"63-16-06-54",1,7,"College","Teacher","Likely"
"63-16-06-54",2,5,"College","Teacher","Likely"
"63-16-06-54",2,6,"College","Nurse","Likely"
"63-16-06-54",2,7,"College","Teacher","Likely"
"23-46-49-04",1,3,"University level","Nurse","Very likely"
"23-46-49-04",1,4,"University level","Teacher","Very likely"
"81-47-15-41",1,2,"Grade 12","Doctor","Likely"
"71-03-17-29",1,7,"University level","Doctor","Likely"
"71-03-17-29",3,7,"University level","Teacher","Maybe, maybe not"
"22-02-08-34",2,4,"University level","Doctor","Maybe, maybe not"
"22-02-08-34",2,5,"University level","Accountant","Maybe, maybe not"
"35-24-65-37",1,4,"University level","Accountant","Very likely"
"35-24-65-37",1,5,"University level","Teacher","Very likely"
"62-18-60-04",1,4,"College","Nurse","Maybe, maybe not"
"62-18-60-04",1,8,"University level","Medical personnel","Maybe, maybe not"
"62-18-60-04",1,9,"University level","Teacher","Maybe, maybe not"
"62-18-60-04",2,4,"College","Police officer","Maybe, maybe not"
"62-18-60-04",2,8,"University level","Driver","Likely"
"62-18-60-04",2,9,"I dont know","Driver","Maybe, maybe not"
"53-63-07-20",2,3,"University level","Teacher","Very likely"
"53-63-07-20",2,4,"College","Nurse","Very likely"
"67-75-50-83",1,2,"University level","Teacher","Likely"
"02-25-92-18",1,5,"College","Teacher","Very likely"
"02-25-92-18",1,6,"College","Soldier","Very likely"
"02-25-92-18",3,5,"University level","Teacher","Likely"
"02-25-92-18",3,6,"University level","Doctor","Likely"
"49-92-48-01",1,8,"College","Nurse","Maybe, maybe not"
"49-92-48-01",1,9,"College","Teacher","Likely"
"49-92-48-01",1,10,"College","Nurse","Likely"
"25-71-60-55",1,4,"University level","Pilot","Maybe, maybe not"
"25-71-60-55",1,5,"University level","Accountant","Likely"
"85-68-71-94",1,8,"University level","Teacher","Maybe, maybe not"
"85-68-71-94",1,9,"University level","Police officer","Likely"
"85-68-71-94",1,10,"Grade 12","Driver","Likely"
"85-68-71-94",2,8,"University level","Government minister","Maybe, maybe not"
"85-68-71-94",2,9,"University level","Teacher","Maybe, maybe not"
"85-68-71-94",2,10,"College","Nurse","Maybe, maybe not"
"88-33-53-02",1,5,"University level","Nurse","Likely"
"88-33-53-02",2,5,"University level","Nurse","Likely"
"58-68-82-05",1,3,"Post graduate university level","Teacher","Very likely"
"58-68-82-05",1,4,"University level","Police officer","Very likely"
"58-68-82-05",1,5,"University level","Doctor","Very likely"
"58-68-82-05",1,6,"College","Teacher","Very likely"
"58-68-82-05",1,7,"University level","Doctor","Very likely"
"88-30-77-96",1,5,"University level","Mechanics","Very likely"
"88-30-77-96",2,5,"University level","Doctor","Likely"
"72-26-90-86",2,6,"University level","Doctor","Very likely"
"21-01-20-88",1,4,"No formal education","Nurse","Very likely"
"21-01-20-88",1,5,"No formal education","Teacher","Very unlikely"
"79-70-14-90",1,4,"University level","Nursing","Likely"
"80-75-47-72",1,2,"College","Teacher","Likely"
"80-75-47-72",1,3,"College","Teacher","Likely"
"56-08-93-09",2,5,"University level","Teacher","Very likely"
"56-08-93-09",2,6,"University level","Nursing","Very likely"
"56-08-93-09",2,7,"University level","Nursing","Very likely"
"56-08-93-09",2,8,"University level","Teacher","Likely"
"48-20-15-07",1,4,"University level","Teacher","Likely"
"48-20-15-07",1,5,"University level","Teacher","Likely"
"48-20-15-07",2,4,"University level","Nursing","Very likely"
"48-20-15-07",2,5,"University level","Teacher","Likely"
"14-03-97-85",1,5,"University level","Doctor","Very likely"
"85-88-72-49",1,7,"University level","Teacher","Very likely"
"85-88-72-49",1,8,"University level","Doctor","Likely"
"44-34-38-88",1,5,"University level","Teacher","Very likely"
"83-00-22-24",1,2,"University level","Police officer","Very likely"
"83-00-22-24",1,3,"College","Teacher","Very likely"
"65-24-72-96",1,6,"University level","Cour megistrate","Maybe, maybe not"
"65-24-72-96",2,6,"University level","Medical personnel","Very unlikely"
"67-69-19-83",1,3,"University level","Doctor","Very likely"
"67-69-19-83",1,4,"College","Police officer","Very likely"
"67-69-19-83",1,5,"College","Teacher","Very likely"
"67-69-19-83",2,3,"College","Teacher","Very likely"
"67-69-19-83",2,4,"College","Soldier","Very likely"
"67-69-19-83",2,5,"College","Doctor","Very likely"
"65-02-79-39",1,3,"University level","Teacher/doctor","Likely"
"65-02-79-39",1,4,"University level","Teacher/doctor","Likely"
"65-02-79-39",2,3,"University level","Police","Likely"
"65-02-79-39",2,4,"University level","Nurse","Likely"
"36-55-19-74",1,3,"College","Teacher","Maybe, maybe not"
"36-55-19-74",1,4,"University level","Police officer","Maybe, maybe not"
"36-55-19-74",2,3,"College","Teacher","Maybe, maybe not"
"36-55-19-74",2,4,"College","Nurse","Maybe, maybe not"
"02-47-11-50",1,2,"Grade 12","Teacher","Maybe, maybe not"
"02-47-11-50",1,3,"Grade 12","Nurse","Maybe, maybe not"
"34-55-62-08",1,8,"University level","Teacher","Very likely"
"34-55-62-08",1,9,"University level","Nursing","Likely"
"34-55-62-08",2,8,"University level","Teacher","Likely"
"34-55-62-08",2,9,"University level","Doctor","Likely"
"21-53-06-24",1,4,"University level","Teacher","Very likely"
"21-53-06-24",1,7,"University level","Police officer","Very likely"
"54-20-19-80",1,2,"Post graduate university level","Policeman","Very likely"
"54-20-19-80",1,3,"University level","Nurse","Very likely"
"77-37-06-75",1,5,"University level","Teacher","Likely"
"77-37-06-75",1,6,"University level","Nurse","Very likely"
"77-37-06-75",1,7,"University level","Sordier","Likely"
"77-37-06-75",1,8,"University level","Nursing","Likely"
"17-29-45-21",1,6,"University level","Medical doctor","Likely"
"17-29-45-21",2,6,"College","Teacher","Likely"
"14-98-54-79",1,6,"College","Teacher","Maybe, maybe not"
"14-98-54-79",1,7,"University level","Doctor","Likely"
"14-98-54-79",1,8,"College","Police officer","Likely"
"74-43-35-64",1,3,"College","Teacher","Maybe, maybe not"
"91-57-65-34",1,2,"University level","Doctor","Very likely"
"91-57-65-34",1,3,"University level","Teacher","Very likely"
"61-08-28-75",1,6,"University level","Army","Very likely"
"61-08-28-75",2,6,"University level","Electrician","Very likely"
"08-98-76-07",1,7,"University level","Teacher","Very likely"
"08-98-76-07",1,8,"University level","Builder","Likely"
"08-98-76-07",1,9,"Post graduate university level","Doctor","Very likely"
"08-98-76-07",5,7,"University level","Teacher","Likely"
"08-98-76-07",5,8,"University level","Doctor","Maybe, maybe not"
"08-98-76-07",5,9,"College","Nurse","Likely"
"07-58-78-17",1,6,"University level","Nurse","Likely"
"07-58-78-17",1,7,"University level","Teacher","Likely"
"07-58-78-17",1,8,"University level","Agricultural officer","Very likely"
"07-58-78-17",1,9,"University level","Police officer","Likely"
"07-58-78-17",1,10,"University level","Teacher","Likely"
"07-58-78-17",11,6,"University level","Teacher","Likely"
"07-58-78-17",11,7,"University level","Nurse","Likely"
"07-58-78-17",11,8,"University level","Soldier","Likely"
"07-58-78-17",11,9,"University level","Police officer","Likely"
"07-58-78-17",11,10,"University level","Police officer","Likely"
"50-08-29-58",2,3,"University level","Army","Likely"
"21-97-24-76",1,4,"University level","Police","Likely"
"21-97-24-76",1,5,"University level","Teacher","Likely"
"21-97-24-76",1,6,"University level","Teacher","Very likely"
"21-97-24-76",2,4,"University level","Army","Very likely"
"21-97-24-76",2,5,"University level","Teacher","Likely"
"21-97-24-76",2,6,"University level","Nursing","Likely"
"47-86-23-98",1,7,"College","Teacher","Likely"
"47-86-23-98",1,8,"College","Teacher","Likely"
"47-86-23-98",1,9,"College","Nurse","Unlikely"
"47-86-23-98",1,10,"College","Teacher","Unlikely"
"47-86-23-98",2,7,"College","Nurse","Likely"
"47-86-23-98",2,8,"College","Nurse","Likely"
"47-86-23-98",2,9,"College","Nurse","Likely"
"47-86-23-98",2,10,"College","Teacher","Likely"
"58-41-17-07",1,5,"University level","Nurse","Likely"
"58-41-17-07",1,6,"University level","Teacher","Likely"
"58-41-17-07",2,5,"University level","Police/nurse","Likely"
"58-41-17-07",2,6,"Post graduate university level","Nurse","Likely"
"27-41-68-88",1,4,"College","Teacher","Likely"
"27-41-68-88",2,4,"College","Nurse","Likely"
"36-57-67-99",1,6,"University level","Teacher","Very likely"
"36-57-67-99",1,7,"University level","Nurse","Very likely"
"36-57-67-99",2,6,"University level","Nurse","Very likely"
"36-57-67-99",2,7,"University level","Teacher","Very likely"
"14-01-18-55",2,8,"College","Nurse","Maybe, maybe not"
"14-01-18-55",2,9,"College","Police officer","Maybe, maybe not"
"14-01-18-55",2,10,"University level","Medical personnel","Maybe, maybe not"
"14-01-18-55",2,11,"College","Teacher","Likely"
"14-01-18-55",2,12,"College","Nurse","Likely"
"14-01-18-55",2,13,"University level","Pilot","Maybe, maybe not"
"14-01-18-55",6,8,"I dont know","Teacher","Maybe, maybe not"
"14-01-18-55",6,9,"Grade 12","Driver","Maybe, maybe not"
"14-01-18-55",6,10,"I dont know","Teacher","Maybe, maybe not"
"14-01-18-55",6,11,"Grade 12","Driver","Maybe, maybe not"
"14-01-18-55",6,12,"Grade 12","Famer","Likely"
"14-01-18-55",6,13,"Grade 12","Farmer","Likely"
"25-45-40-50",1,6,"College","Doctor","Very likely"
"25-45-40-50",1,7,"College","Nurse","Very likely"
"25-45-40-50",1,8,"College","Teacher","Very likely"
"25-45-40-50",9,6,"College","Teacher","Very likely"
"25-45-40-50",9,7,"College","Doctor","Very likely"
"25-45-40-50",9,8,"College","Teacher","Very likely"
"28-45-95-92",1,3,"University level","Teacher","Very likely"
"52-38-49-21",1,6,"University level","Doctor","Very likely"
"52-38-49-21",1,7,"College","Teacher","Likely"
"52-38-49-21",2,6,"College","Doctor","Very likely"
"52-38-49-21",2,7,"College","Nurse","Very likely"
"59-05-06-39",1,5,"University level","Nurse","Maybe, maybe not"
"59-05-06-39",2,5,"University level","Nurse","Very unlikely"
"74-55-33-17",1,3,"University level","Security wings","Likely"
"74-55-33-17",1,4,"University level","Police man","Likely"
"74-55-33-17",2,3,"University level","Nurse","Very unlikely"
"74-55-33-17",2,4,"University level","Police","Very unlikely"
"63-06-38-69",1,7,"University level","Nurse","Very likely"
"63-06-38-69",1,11,"University level","Lawyer","Very likely"
"63-06-38-69",2,7,"University level","Nurse","Very likely"
"63-06-38-69",2,11,"University level","Police officer","Very likely"
"05-74-67-92",1,7,"University level","Teacher","Very likely"
"05-74-67-92",1,8,"University level","Nurse","Very likely"
"98-46-70-51",1,8,"University level","Teacher","Very likely"
"98-46-70-51",1,9,"University level","Nurse","Very likely"
"98-46-70-51",1,10,"University level","Doctor","Very likely"
"98-46-70-51",1,11,"University level","Lawyer","Very likely"
"98-46-70-51",2,8,"University level","Nurse","Likely"
"98-46-70-51",2,9,"University level","Teacher","Likely"
"98-46-70-51",2,10,"University level","Lawyer","Likely"
"98-46-70-51",2,11,"University level","Doctor","Likely"
"36-97-15-03",1,6,"University level","Nurse","Maybe, maybe not"
"36-97-15-03",2,6,"University level","Agriculture officer","Very likely"
"59-12-76-31",1,4,"University level","Nurse","Likely"
"59-12-76-31",1,5,"University level","Police officer","Likely"
"59-12-76-31",2,4,"University level","Agricultural officer","Very likely"
"59-12-76-31",2,5,"University level","Teacher","Very likely"
"07-54-13-18",1,6,"University level","Soldier","Likely"
"07-54-13-18",1,7,"University level","Doctor","Likely"
"07-54-13-18",2,6,"University level","Teacher","Likely"
"07-54-13-18",2,7,"University level","Doctor","Likely"
"84-52-73-65",1,6,"College","Teacher","Very likely"
"84-52-73-65",1,7,"University level","Nurse","Very likely"
"84-52-73-65",2,6,"University level","Teacher","Very likely"
"84-52-73-65",2,7,"Grade 12","Nurse","Very likely"
"85-09-03-91",1,4,"University level","Teacher","Maybe, maybe not"
"85-09-03-91",1,5,"University level","Police officer","Maybe, maybe not"
"85-09-03-91",2,4,"College","Teacher","Maybe, maybe not"
"85-09-03-91",2,5,"University level","Nurse","Maybe, maybe not"
"56-01-39-00",1,5,"University level","Teacher","Likely"
"56-01-39-00",1,6,"University level","Police","Likely"
"56-01-39-00",1,7,"University level","Nursing","Very likely"
"56-01-39-00",1,8,"University level","Teacher","Very likely"
"56-01-39-00",2,5,"University level","Nursing","Likely"
"56-01-39-00",2,6,"University level","Soldier","Likely"
"56-01-39-00",2,7,"University level","Teacher","Likely"
"56-01-39-00",2,8,"University level","Police officer","Very likely"
"26-09-67-07",1,3,"University level","Nurse","Very likely"
"26-09-67-07",1,4,"University level","Teacher","Very likely"
"26-09-67-07",1,5,"University level","Mechanical engineer","Very likely"
"26-09-67-07",1,6,"University level","Doctor","Very likely"
"26-09-67-07",2,3,"Post graduate university level","Nurse","Very likely"
"26-09-67-07",2,4,"Post graduate university level","Teacher","Very likely"
"26-09-67-07",2,5,"Post graduate university level","Police officer","Very likely"
"26-09-67-07",2,6,"Post graduate university level","Doctor","Very likely"
"69-39-81-14",1,5,"University level","Doctor","Very likely"
"69-39-81-14",7,5,"University level","Doctor","Likely"
"00-76-43-47",1,3,"University level","Doctor","Likely"
"00-76-43-47",2,3,"College","Teacher","Likely"
"29-40-24-48",1,5,"College","Teacher","Likely"
"29-40-24-48",1,6,"College","Doctor","Likely"
"29-40-24-48",2,5,"College","Nurse","Likely"
"29-40-24-48",2,6,"College","Police officer","Likely"
"79-00-21-46",1,5,"University level","Doctor","Very likely"
"79-00-21-46",1,7,"University level","Nurse","Very likely"
"46-34-68-84",1,3,"University level","Business man","Likely"
"45-00-04-40",1,3,"University level","Doctor","Very likely"
"45-00-04-40",1,4,"University level","Teacher","Very likely"
"09-01-21-24",1,2,"University level","Teacher","Likely"
"28-05-99-59",1,3,"College","Teacher","Likely"
"28-05-99-59",1,4,"College","Medical doctor","Likely"
"28-05-99-59",2,3,"Grade 12","Teacher","Likely"
"28-05-99-59",2,4,"College","Medical doctor","Likely"
"21-06-84-39",1,3,"University level","Nurse","Likely"
"21-06-84-39",2,3,"University level","Teacher","Likely"
"96-45-29-81",2,4,"University level","Teacher","Likely"
"96-45-29-81",2,5,"University level","Nursing","Very likely"
"96-45-29-81",2,6,"University level","Soldier","Likely"
"82-78-33-54",1,3,"University level","Teacher","Very likely"
"15-34-27-17",2,3,"Post graduate university level","Teacher","Very likely"
"15-34-27-17",2,4,"College","Nurse","Likely"
"15-34-27-17",2,5,"College","Builder","Likely"
"84-32-88-02",1,2,"University level","Teacher","Likely"
"84-32-88-02",1,3,"University level","Numbers","Likely"
"02-43-89-26",1,7,"College","Teacher","Maybe, maybe not"
"02-43-89-26",2,7,"College","Nurse","Maybe, maybe not"
"36-62-21-63",1,4,"University level","Teacher/police","Very likely"
"36-62-21-63",1,5,"University level","Nurse","Likely"
"36-62-21-63",1,6,"University level","Police","Likely"
"36-62-21-63",2,4,"University level","Nurse","Likely"
"36-62-21-63",2,5,"University level","Teacher","Likely"
"36-62-21-63",2,6,"University level","Driver","Likely"
"98-63-71-97",1,7,"College","Nurse","Maybe, maybe not"
"98-63-71-97",2,7,"University level","Nurse","Likely"
"07-88-71-07",1,4,"University level","Soldier","Very likely"
"07-88-71-07",1,5,"University level","Teacher","Very likely"
"07-88-71-07",1,7,"University level","Nurse","Very likely"
"07-88-71-07",1,9,"University level","Teacher","Very likely"
"07-88-71-07",2,4,"College","Soldier","Very likely"
"07-88-71-07",2,5,"University level","Teacher","Very likely"
"07-88-71-07",2,7,"University level","Nurse","Very likely"
"07-88-71-07",2,9,"University level","Teacher","Very likely"
"18-07-56-01",2,5,"College","Nurse","Maybe, maybe not"
"18-07-56-01",2,6,"University level","Police officer","Likely"
"18-07-56-01",2,7,"College","Teacher","Likely"
"18-07-56-01",2,8,"Grade 12","Driver","Likely"
"18-07-56-01",2,9,"College","Nurse","Likely"
"22-29-07-01",1,6,"Grade 12","Nurse","Maybe, maybe not"
"22-29-07-01",1,7,"Grade 12","Nurse","Likely"
"22-29-07-01",2,6,"College","Nurse","Likely"
"22-29-07-01",2,7,"College","Teacher","Maybe, maybe not"
"53-93-66-67",1,5,"College","Teacher","Very likely"
"53-93-66-67",2,5,"No formal education","Nurse","Very likely"
"37-39-06-63",1,4,"University level","Teacher","Likely"
"37-39-06-63",1,5,"University level","Driver","Likely"
"37-39-06-63",1,6,"No formal education","Non","Very unlikely"
"92-61-03-62",1,4,"Grade 12","Teacher","Likely"
"02-86-94-14",2,4,"College","Teacher","Likely"
"02-86-94-14",2,5,"University level","Driver","Likely"
"26-53-37-24",1,6,"University level","Doctor","Very likely"
"26-53-37-24",2,6,"University level","Teacher","Likely"
"73-57-99-74",1,3,"University level","Doctor","Likely"
"73-57-99-74",1,4,"University level","Doctor","Likely"
"73-57-99-74",1,5,"University level","Doctor","Likely"
"49-29-23-58",1,6,"University level","Doctor","Very likely"
"49-29-23-58",1,7,"University level","Pilot","Very likely"
"49-29-23-58",2,6,"University level","Teacher","Likely"
"49-29-23-58",2,7,"University level","Pilot","Likely"
"66-47-36-80",1,3,"University level","Teacher","Likely"
"66-47-36-80",2,3,"University level","Police officer","Likely"
"69-74-76-81",1,3,"Post graduate university level","Doctor","Likely"
"69-74-76-81",2,3,"University level","Nurse","Likely"
"25-51-33-57",1,7,"College","Doctor","Maybe, maybe not"
"25-51-33-57",1,8,"College","Accountant","Maybe, maybe not"
"25-51-33-57",1,9,"Grade 12","Police","Likely"
"25-51-33-57",4,7,"Grade 12","Police","Maybe, maybe not"
"25-51-33-57",4,8,"College","Nurse","Maybe, maybe not"
"25-51-33-57",4,9,"College","Teacher","Maybe, maybe not"
"30-46-44-49",1,3,"University level","Soldier","Likely"
"30-46-44-49",2,3,"University level","Doctor","Likely"
"03-30-12-96",1,6,"College","Engineer","Maybe, maybe not"
"03-30-12-96",1,7,"College","Teacher","Maybe, maybe not"
"03-30-12-96",3,6,"Grade 12","Doctor","Maybe, maybe not"
"03-30-12-96",3,7,"Grade 12","Teacher","Likely"
"35-16-22-13",1,2,"University level","Nurse","Likely"
"35-16-22-13",1,8,"University level","Reporter","Likely"
"35-16-22-13",1,9,"Post graduate university level","Doctor","Likely"
"35-16-22-13",6,2,"College","Nurse","Very likely"
"35-16-22-13",6,8,"College","Teacher","Very likely"
"35-16-22-13",6,9,"College","Teacher","Very likely"
"96-28-28-46",2,6,"University level","Teacher","Likely"
"10-32-26-69",1,6,"University level","Teacher","Very likely"
"10-32-26-69",1,7,"University level","News reporter","Likely"
"10-32-26-69",1,8,"University level","Lawyer","Likely"
"10-32-26-69",2,6,"College","Teacher","Very likely"
"10-32-26-69",2,7,"University level","Nursing","Likely"
"10-32-26-69",2,8,"University level","Doctor","Very likely"
"58-12-98-10",2,5,"University level","Nurse","Very likely"
"06-11-50-44",1,3,"University level","Teacher","Very likely"
"06-11-50-44",1,4,"University level","Teacher","Very likely"
"06-11-50-44",1,5,"University level","Teacher","Very likely"
"06-11-50-44",1,6,"University level","Doctor","Very likely"
"06-11-50-44",2,3,"University level","Teacher","Likely"
"06-11-50-44",2,4,"University level","Doctor","Likely"
"06-11-50-44",2,5,"Grade 12","Transportation business","Likely"
"06-11-50-44",2,6,"University level","Nurse","Likely"
"38-44-09-59",1,3,"Post graduate university level","Lecturer","Likely"
"38-44-09-59",5,3,"University level","Doctor","Likely"
"83-11-66-41",1,3,"Grade 12","Soldier","Likely"
"45-34-02-51",1,2,"College","Nursing","Likely"
"26-37-15-28",1,6,"University level","Doctor","Likely"
"26-37-15-28",1,7,"University level","Teacher","Likely"
"26-37-15-28",1,8,"University level","Clinical officer","Likely"
"26-37-15-28",2,6,"University level","Doctor","Likely"
"26-37-15-28",2,7,"University level","Teacher","Likely"
"26-37-15-28",2,8,"University level","Police","Likely"
"73-50-61-74",1,6,"College","Teacher","Unlikely"
"73-50-61-74",1,7,"College","Doctor","Likely"
"73-50-61-74",1,8,"College","Teacher","Likely"
"73-50-61-74",3,6,"College","Teacher","Likely"
"73-50-61-74",3,7,"College","Doctor","Likely"
"73-50-61-74",3,8,"College","Teacher","Likely"
"94-78-30-89",1,7,"University level","Lecturer","Likely"
"94-78-30-89",1,8,"College","Sodier","Likely"
"97-62-61-29",1,5,"College","Soldier","Likely"
"97-62-61-29",1,7,"University level","Doctor","Likely"
"16-35-49-05",1,5,"College","Doctor","Likely"
"16-35-49-05",1,7,"College","Teacher","Likely"
"16-35-49-05",2,5,"University level","Teacher","Likely"
"16-35-49-05",2,7,"University level","Doctor","Likely"
"30-61-23-28",1,2,"University level","Teacher","Very likely"
"91-09-11-51",1,6,"College","Teacher","Maybe, maybe not"
"91-09-11-51",1,7,"Grade 12","Siolder","Likely"
"91-09-11-51",1,8,"College","Police officer","Maybe, maybe not"
"91-09-11-51",1,9,"College","Agriculture officer","Likely"
"91-09-11-51",2,6,"College","Teacher","Maybe, maybe not"
"91-09-11-51",2,7,"Grade 12","Siolder","Likely"
"91-09-11-51",2,8,"Grade 12","Police","Maybe, maybe not"
"91-09-11-51",2,9,"College","Agriculture officer","Maybe, maybe not"
"03-15-59-01",1,4,"University level","Teacher","Very likely"
"03-15-59-01",1,5,"University level","Nurse","Very likely"
"03-15-59-01",2,4,"University level","Soldier","Very likely"
"03-15-59-01",2,5,"University level","Police officer","Very likely"
"51-88-98-79",1,9,"University level","Teacher","Very unlikely"
"51-88-98-79",2,9,"University level","Doctor","Likely"
"38-99-58-33",1,8,"College","Teacher","Likely"
"38-99-58-33",1,9,"Grade 12","Soldier","Likely"
"38-99-58-33",1,10,"College","Nurse","Likely"
"38-99-58-33",1,11,"College","Teacher","Likely"
"38-99-58-33",1,12,"College","Teacher","Maybe, maybe not"
"38-99-58-33",2,8,"College","Teacher","Likely"
"38-99-58-33",2,9,"Grade 12","Police officer","Likely"
"38-99-58-33",2,10,"Grade 12","Teacher","Likely"
"38-99-58-33",2,11,"College","Doctor","Maybe, maybe not"
"38-99-58-33",2,12,"College","Teacher","Likely"
"73-78-76-86",1,4,"University level","Teacher","Likely"
"73-78-76-86",1,5,"University level","Doctor","Likely"
"73-78-76-86",1,6,"University level","Soldier","Likely"
"73-78-76-86",1,7,"University level","Nurse","Likely"
"73-78-76-86",1,8,"University level","Teacher","Likely"
"73-78-76-86",2,4,"University level","Doctor","Likely"
"73-78-76-86",2,5,"University level","Soldier","Likely"
"73-78-76-86",2,6,"University level","Police officer","Likely"
"73-78-76-86",2,7,"University level","Teacher","Likely"
"73-78-76-86",2,8,"University level","Teacher","Likely"
"16-76-51-56",1,2,"University level","Teacher","Very likely"
"34-75-99-64",1,4,"University level","Doctor","Likely"
"34-75-99-64",1,5,"University level","Soldier","Likely"
"34-75-99-64",1,6,"University level","Nurse","Likely"
"00-76-59-09",1,3,"College","Driver","Maybe, maybe not"
"00-76-59-09",6,3,"University level","Teacher","Maybe, maybe not"
"03-36-35-32",1,2,"Grade 12","Police officer","Maybe, maybe not"
"03-36-35-32",1,3,"Grade 12","Nurse","Maybe, maybe not"
"03-36-35-32",1,4,"Grade 12","Teacher","Maybe, maybe not"
"03-36-35-32",1,9,"Grade 12","Teacher","Maybe, maybe not"
"03-36-35-32",1,11,"Grade 12","Soldier","Maybe, maybe not"
"03-36-35-32",1,12,"Grade 12","Nurse","Maybe, maybe not"
"66-74-25-56",1,7,"College","Teacher","Very likely"
"66-74-25-56",1,8,"College","Nurse","Very likely"
"66-74-25-56",1,9,"College","Police officer","Very likely"
"66-74-25-56",1,10,"College","Soldier","Very likely"
"66-74-25-56",1,13,"College","Nurse","Very likely"
"66-74-25-56",2,7,"College","Nurse","Likely"
"66-74-25-56",2,8,"College","Police officer","Likely"
"66-74-25-56",2,9,"College","Teacher","Likely"
"66-74-25-56",2,10,"College","Teacher","Likely"
"66-74-25-56",2,13,"College","Nurse","Likely"
"80-48-62-68",1,6,"University level","Nurse","Maybe, maybe not"
"80-48-62-68",1,7,"Grade 12","Teacher","Maybe, maybe not"
"80-48-62-68",1,8,"University level","Medical personnel","Maybe, maybe not"
"80-48-62-68",2,6,"University level","Police officer","Maybe, maybe not"
"80-48-62-68",2,7,"University level","Medical personnel","Maybe, maybe not"
"80-48-62-68",2,8,"College","Teacher","Maybe, maybe not"
"23-88-68-38",1,11,"University level","Soldier","Very likely"
"23-88-68-38",1,12,"University level","Teacher","Very likely"
"23-88-68-38",1,13,"College","Nurse","Very likely"
"23-88-68-38",1,16,"University level","Doctor","Likely"
"23-88-68-38",2,11,"Grade 12","Police officer","Likely"
"23-88-68-38",2,12,"College","Nurse","Likely"
"23-88-68-38",2,13,"College","Teacher","Likely"
"23-88-68-38",2,16,"Grade 12","Doctor","Likely"
"24-58-49-24",1,4,"College","Teacher","Maybe, maybe not"
"24-58-49-24",1,5,"College","Teacher","Maybe, maybe not"
"24-58-49-24",6,4,"College","Police","Very likely"
"24-58-49-24",6,5,"College","Teacher","Very likely"
"83-47-45-70",1,3,"Early childhood","Teacher","Maybe, maybe not"
"83-47-45-70",1,4,"Grade 1","Police officer","Maybe, maybe not"
"83-47-45-70",2,3,"Grade 12","Teacher","Maybe, maybe not"
"83-47-45-70",2,4,"Grade 12","Police officer","Unlikely"
"99-72-02-18",1,3,"College","Doctor","Very likely"
"99-72-02-18",1,4,"College","Teacher","Very likely"
"99-72-02-18",2,3,"College","Teacher","Very likely"
"99-72-02-18",2,4,"College","Nurse","Very likely"
"76-93-76-77",1,3,"College","Teacher","Likely"
"76-93-76-77",1,5,"College","Teacher","Likely"
"25-81-57-24",2,4,"Post graduate university level","Doctor","Very likely"
"25-81-57-24",2,5,"Post graduate university level","Doctor","Very likely"
"25-81-57-24",3,4,"University level","Lawyer","Very likely"
"25-81-57-24",3,5,"University level","Medical doctor","Very likely"
"18-66-56-26",1,3,"University level","Doctor","Likely"
"18-66-56-26",2,3,"University level","Doctor","Likely"
"38-35-03-16",1,3,"University level","Teacher","Very likely"
"38-35-03-16",1,4,"University level","Clinical officer","Very likely"
"38-35-03-16",2,3,"University level","Medical doctor","Very likely"
"38-35-03-16",2,4,"University level","Teacher","Very likely"
"87-43-13-02",1,2,"University level","Teacher","Maybe, maybe not"
"87-43-13-02",1,3,"University level","Doctor","Maybe, maybe not"
"87-43-13-02",1,4,"University level","Teacher","Maybe, maybe not"
"06-72-27-90",2,10,"University level","Nursing","Very likely"
"06-72-27-90",2,11,"University level","Teacher","Very likely"
"06-72-27-90",2,12,"University level","Teacher","Very likely"
"06-72-27-90",2,13,"University level","Police officer","Very likely"
"10-09-48-91",1,2,"Grade 12","Teacher","Very likely"
"10-09-48-91",1,4,"College","Nurse","Very likely"
"89-20-17-64",1,6,"University level","Nurse","Very likely"
"89-20-17-64",1,7,"University level","Police officer","Very likely"
"89-20-17-64",2,6,"University level","Teacher","Very likely"
"89-20-17-64",2,7,"University level","Soldier","Very likely"
"61-30-29-22",1,6,"College","Nurse","Likely"
"61-30-29-22",2,6,"College","Nurse","Very likely"
"32-64-82-60",1,3,"University level","Nurse","Very likely"
"32-64-82-60",1,4,"University level","Police","Very likely"
"32-64-82-60",2,3,"University level","Nurse/teacher","Very likely"
"32-64-82-60",2,4,"University level","Soldier","Very likely"
"40-71-41-17",1,5,"University level","Teacher","Very likely"
"40-71-41-17",1,6,"University level","Nurse","Very likely"
"40-71-41-17",2,5,"University level","Nurse","Very likely"
"40-71-41-17",2,6,"University level","Teacher","Very likely"
"59-04-18-69",2,7,"University level","Doctor","Very likely"
"59-04-18-69",2,8,"University level","Teacher","Likely"
"99-19-59-36",1,9,"Post graduate university level","Doctor","Very likely"
"99-19-59-36",1,10,"College","Nurse","Very likely"
"99-19-59-36",2,9,"University level","Teacher","Very likely"
"99-19-59-36",2,10,"University level","Teacher","Very likely"
"66-80-07-88",3,5,"College","Teacher","Likely"
"66-80-07-88",3,6,"College","Nurse","Likely"
"66-80-07-88",3,7,"College","Teacher","Likely"
"66-80-07-88",4,5,"University level","Bank manager","Likely"
"66-80-07-88",4,6,"Grade 12","Police officer","Likely"
"66-80-07-88",4,7,"College","Nurse","Likely"
"33-91-72-59",1,4,"University level","Teacher","Very likely"
"79-95-75-64",1,5,"University level","Doctor","Likely"
"79-95-75-64",3,5,"Grade 12","Police officer","Likely"
"36-27-38-94",1,3,"College","Teacher","Likely"
"36-27-38-94",1,4,"College","Medical doctor","Likely"
"20-85-41-55",1,5,"Grade 12","Police officer","Very likely"
"20-85-41-55",1,6,"Grade 12","Teacher","Very likely"
"20-85-41-55",1,8,"Grade 12","Teacher","Very likely"
"20-85-41-55",1,9,"Grade 12","Nurse","Very likely"
"20-85-41-55",1,10,"Grade 12","Teacher","Very likely"
"20-85-41-55",11,5,"University level","President","Likely"
"20-85-41-55",11,6,"University level","Doctor","Likely"
"20-85-41-55",11,8,"University level","Engineer","Likely"
"20-85-41-55",11,9,"University level","Teacher/nurse","Likely"
"20-85-41-55",11,10,"University level","Teacher","Likely"
"99-41-30-80",2,3,"University level","Nursing","Very likely"
"99-41-30-80",2,5,"University level","Soldier","Very likely"
"71-06-23-24",1,5,"College","Nurse","Likely"
"00-37-37-14",1,6,"Grade 12","Teacher","Likely"
"00-37-37-14",1,7,"Grade 12","Doctor","Likely"
"00-37-37-14",2,6,"Grade 12","Doctor","Very likely"
"00-37-37-14",2,7,"Grade 12","Teacher","Likely"
"74-41-47-70",1,3,"College","Teacher","Very likely"
"74-41-47-70",1,4,"College","Teacher","Very likely"
"74-41-47-70",1,5,"University level","Doctor","Very likely"
"74-41-47-70",2,3,"Post graduate university level","Doctor","Very likely"
"74-41-47-70",2,4,"College","Teacher","Very likely"
"74-41-47-70",2,5,"College","Police officer","Very likely"
"52-43-66-41",1,2,"University level","Nurse","Likely"
"52-43-66-41",1,3,"University level","Teacher","Likely"
"52-43-66-41",1,5,"University level","Pilot","Likely"
"52-43-66-41",6,2,"University level","Nurse","Likely"
"52-43-66-41",6,3,"University level","Teacher","Very likely"
"52-43-66-41",6,5,"University level","Police","Likely"
"83-13-77-99",2,3,"University level","Lawyer","Very likely"
"83-13-77-99",2,5,"University level","Teacher","Very likely"
"61-91-44-04",1,4,"University level","Nurse","Likely"
"61-91-44-04",2,4,"University level","Doctor","Likely"
"61-31-17-62",1,4,"University level","Nurse","Very likely"
"61-31-17-62",1,5,"University level","Teacher","Very likely"
"61-31-17-62",2,4,"University level","Nurse","Very likely"
"61-31-17-62",2,5,"University level","Teacher","Very likely"
"01-73-77-56",1,6,"University level","Nurse","Very likely"
"01-73-77-56",1,7,"University level","Teacher","Very likely"
"01-73-77-56",1,8,"University level","Teacher","Very likely"
"01-73-77-56",2,6,"University level","Doctor","Very likely"
"01-73-77-56",2,7,"University level","Police officer","Very likely"
"01-73-77-56",2,8,"University level","Doctor","Very likely"
"47-87-04-23",1,7,"University level","Nurse","Very likely"
"47-87-04-23",1,8,"University level","Police officer","Very likely"
"47-87-04-23",1,9,"University level","Teacher","Very likely"
"47-87-04-23",1,12,"University level","Teacher","Very likely"
"47-87-04-23",4,7,"University level","Nurse","Very likely"
"47-87-04-23",4,8,"University level","Agricultural technician","Very likely"
"47-87-04-23",4,9,"University level","Teacher","Very likely"
"47-87-04-23",4,12,"University level","Soldier","Very likely"
"46-77-22-22",1,4,"University level","Doctor","Very likely"
"46-77-22-22",1,5,"College","Nurse","Very likely"
"46-77-22-22",2,4,"College","Teacher","Very likely"
"46-77-22-22",2,5,"University level","Bank manager","Very likely"
"54-46-59-23",1,3,"College","Police officer","Likely"
"47-72-11-03",1,2,"University level","Nursing","Likely"
"75-19-56-83",1,3,"University level","Teacher/nurse","Very likely"
"75-19-56-83",1,4,"University level","Soldier","Very likely"
"75-19-56-83",2,3,"University level","Teacher","Very likely"
"75-19-56-83",2,4,"University level","Soldier","Very likely"
"57-94-56-04",1,3,"University level","Medical doctor","Likely"
"57-94-56-04",1,4,"Adult Literacy","Teacher","Likely"
"57-94-56-04",2,3,"University level","Teacher","Likely"
"57-94-56-04",2,4,"University level","Nursing","Likely"
"50-78-72-42",2,4,"University level","Teacher","Likely"
"50-78-72-42",2,5,"University level","Researcher","Likely"
"50-78-72-42",2,6,"University level","Defence force","Likely"
"39-32-15-43",2,4,"University level","Teacher","Very likely"
"39-32-15-43",2,5,"University level","Police officer","Very likely"
"84-11-52-01",1,5,"College","Teacher","Likely"
"84-11-52-01",1,6,"College","Police officer","Likely"
"04-80-79-59",1,3,"University level","Doctor","Very likely"
"86-90-94-39",1,2,"University level","Pilot","Likely"
"86-90-94-39",1,3,"University level","Teacher","Likely"
"95-75-71-60",1,4,"University level","Agriculture officer","Very likely"
"95-75-71-60",2,4,"University level","Teacher","Very likely"
"92-06-91-29",1,6,"University level","Nurse","Very likely"
"92-06-91-29",1,7,"University level","Teacher","Very likely"
"92-06-91-29",2,6,"University level","Nurse","Very likely"
"92-06-91-29",2,7,"University level","Pilot","Very likely"
"54-44-90-07",1,4,"College","Nurse","Likely"
"54-44-90-07",1,5,"University level","Teacher","Likely"
"54-44-90-07",6,4,"Grade 12","Police officer","Likely"
"54-44-90-07",6,5,"Grade 12","Teacher/nurse","Very likely"
"03-23-51-60",1,3,"Post graduate university level","Nurse","Likely"
"03-23-51-60",1,4,"Post graduate university level","Teacher","Likely"
"03-23-51-60",1,6,"University level","Soldier","Likely"
"03-23-51-60",1,9,"Post graduate university level","Wildlife officer","Likely"
"03-23-51-60",2,3,"Post graduate university level","Nurse","Likely"
"03-23-51-60",2,4,"University level","Police officer","Likely"
"03-23-51-60",2,6,"University level","Soldier","Likely"
"03-23-51-60",2,9,"Post graduate university level","Teacher","Likely"
"00-90-52-98",1,6,"University level","Teacher","Unlikely"
"00-90-52-98",1,7,"University level","Medical doctor","Unlikely"
"00-90-52-98",1,8,"University level","Police officer","Unlikely"
"00-90-52-98",1,9,"University level","Nurse","Unlikely"
"94-81-42-69",1,5,"University level","Teacher","Very likely"
"94-81-42-69",1,6,"University level","Nursing","Very likely"
"94-81-42-69",1,7,"University level","Doctor","Very likely"
"94-81-42-69",2,5,"College","Nursing","Likely"
"94-81-42-69",2,6,"University level","Soldier","Likely"
"94-81-42-69",2,7,"University level","Lawyer","Likely"
"93-63-81-71",2,7,"University level","Doctor","Very likely"
"98-80-95-52",1,7,"College","Teacher","Very likely"
"98-80-95-52",2,7,"College","Teacher","Very likely"
"43-02-26-99",1,4,"University level","Teacher","Very likely"
"43-02-26-99",1,5,"University level","Doctor","Very likely"
"43-02-26-99",1,6,"University level","Veterinary doctor","Very likely"
"43-02-26-99",1,7,"University level","Police officer","Very likely"
"43-02-26-99",1,8,"University level","Agricultural technician","Very likely"
"43-02-26-99",2,4,"University level","Doctor","Very likely"
"43-02-26-99",2,5,"University level","Nurse","Very likely"
"43-02-26-99",2,6,"University level","Police officer","Very likely"
"43-02-26-99",2,7,"University level","Teacher","Very likely"
"43-02-26-99",2,8,"University level","Teacher","Very likely"
"53-75-34-84",1,4,"University level","Nurse","Likely"
"33-72-39-68",2,4,"College","Teacher","Likely"
"74-51-58-80",2,4,"University level","Teacher","Likely"
"74-51-58-80",2,5,"University level","Nurse","Likely"
"74-51-58-80",2,6,"University level","Accountant","Likely"
"74-51-58-80",2,8,"University level","Police officer","Likely"
"74-51-58-80",2,9,"University level","Teacher","Likely"
"22-03-45-06",1,4,"University level","Doctor","Very likely"
"22-03-45-06",1,5,"University level","Teacher","Very likely"
"29-14-83-70",1,5,"University level","Teacher/nurse","Very likely"
"54-67-39-05",1,4,"University level","Teacher","Likely"
"54-67-39-05",1,5,"University level","Nursing","Likely"
"54-67-39-05",1,7,"University level","Teacher","Likely"
"54-67-39-05",1,8,"University level","Minister","Likely"
"04-15-15-88",1,2,"University level","Doctor","Very likely"
"27-95-56-36",1,7,"College","Doctor","Very likely"
"27-95-56-36",2,7,"College","Teacher","Very likely"
"53-49-41-59",1,5,"College","Teacher","Very likely"
"39-17-22-92",1,6,"University level","Nurse","Very likely"
"39-17-22-92",2,6,"University level","Teacher","Very likely"
"74-39-55-58",1,7,"University level","Doctor","Very likely"
"74-39-55-58",2,7,"University level","Teacher","Likely"
"26-22-03-23",1,2,"College","Teacher","Likely"
"26-22-03-23",1,3,"College","Teacher","Likely"
"09-03-01-05",1,5,"University level","Teacher","Very likely"
"09-03-01-05",2,5,"University level","Teacher","Very likely"
"15-07-16-66",1,2,"University level","Teacher","Very likely"
"15-07-16-66",1,3,"University level","Doctor","Very likely"
"15-07-16-66",1,4,"University level","Police officer","Very likely"
"15-07-16-66",5,2,"University level","Police officer","Very likely"
"15-07-16-66",5,3,"University level","Doctor","Very likely"
"15-07-16-66",5,4,"University level","Teacher","Very likely"
"06-67-11-07",1,4,"University level","Teacher/agriculture officer","Very likely"
"06-67-11-07",1,5,"University level","Nurse","Very likely"
"06-67-11-07",2,4,"University level","Teacher","Very likely"
"06-67-11-07",2,5,"University level","Nurse","Very likely"
"62-23-34-43",1,3,"University level","Teacher","Very likely"
"62-23-34-43",1,4,"University level","Medical doctor","Very likely"
"62-23-34-43",1,5,"University level","Police","Very likely"
"62-23-34-43",2,3,"University level","Teacher","Very likely"
"62-23-34-43",2,4,"University level","Teacher","Very likely"
"62-23-34-43",2,5,"University level","Teacher","Very likely"
"40-89-37-32",1,3,"University level","Nurse","Very likely"
"40-89-37-32",1,4,"University level","Teacher","Very likely"
"40-89-37-32",2,3,"University level","Teacher","Very likely"
"40-89-37-32",2,4,"University level","Nurse","Very likely"
"47-88-11-20",1,5,"University level","Teacher","Very likely"
"47-88-11-20",1,6,"University level","Agricultural officer","Very likely"
"47-88-11-20",1,7,"University level","Teacher","Very likely"
"47-88-11-20",1,8,"University level","Teacher","Very likely"
"47-88-11-20",2,5,"University level","Teacher","Very likely"
"47-88-11-20",2,6,"University level","Teacher","Very likely"
"47-88-11-20",2,7,"University level","Doctor","Very likely"
"47-88-11-20",2,8,"University level","Nurse","Very likely"
"92-32-27-35",1,8,"University level","Teacher","Very likely"
"92-32-27-35",1,9,"Post graduate university level","Teacher","Very likely"
"92-32-27-35",1,10,"University level","Nurse","Very likely"
"92-32-27-35",2,8,"University level","Teacher","Very likely"
"92-32-27-35",2,9,"University level","Teacher","Very likely"
"92-32-27-35",2,10,"University level","Nurse","Very likely"
"67-30-34-31",1,3,"University level","Nurse","Likely"
"67-30-34-31",1,4,"University level","Nurse","Likely"
"67-30-34-31",1,5,"University level","Nurse","Likely"
"67-30-34-31",2,3,"University level","Nurse","Likely"
"67-30-34-31",2,4,"University level","Teacher","Unlikely"
"67-30-34-31",2,5,"University level","Teacher","Unlikely"
"41-24-19-16",1,5,"University level","Teacher","Very likely"
"41-24-19-16",1,6,"University level","Police officer","Very likely"
"41-24-19-16",1,7,"University level","Soldier","Very likely"
"41-24-19-16",1,8,"University level","Teacher","Very likely"
"41-24-19-16",2,5,"University level","Police officer","Very likely"
"41-24-19-16",2,6,"University level","Teacher","Very likely"
"41-24-19-16",2,7,"University level","Teacher","Very likely"
"41-24-19-16",2,8,"University level","Teacher","Very likely"
"45-68-78-48",4,2,"Post graduate university level","Soldier","Likely"
"45-68-78-48",4,7,"Post graduate university level","Police officer","Likely"
"45-68-78-48",4,9,"Post graduate university level","Teacher","Likely"
"45-68-78-48",4,10,"Post graduate university level","Teacher","Likely"
"45-68-78-48",5,2,"Post graduate university level","Medical doctor","Likely"
"45-68-78-48",5,7,"University level","Pastor","Likely"
"45-68-78-48",5,9,"Post graduate university level","Police officer","Likely"
"45-68-78-48",5,10,"Post graduate university level","Nurse","Likely"
"02-28-32-41",1,5,"Grade 12","Police officer","Very likely"
"02-28-32-41",1,6,"College","Teacher","Very likely"
"02-28-32-41",1,7,"College","Teacher","Very likely"
"02-28-32-41",2,5,"Grade 12","Soldier","Very likely"
"02-28-32-41",2,6,"No formal education","Police","Very likely"
"02-28-32-41",2,7,"College","Teacher","Very likely"
"42-76-32-22",1,5,"University level","Teacher","Likely"
"42-76-32-22",1,6,"University level","Medical doctor","Likely"
"42-76-32-22",1,7,"University level","Police officer","Likely"
"42-76-32-22",1,8,"University level","Engineer","Likely"
"42-76-32-22",2,5,"University level","Teacher","Likely"
"42-76-32-22",2,6,"University level","Police officer","Likely"
"42-76-32-22",2,7,"University level","Medical doctor","Likely"
"42-76-32-22",2,8,"University level","Government official","Likely"
"79-53-86-42",1,12,"University level","Teacher","Very likely"
"79-53-86-42",1,13,"University level","Nurse","Very likely"
"79-53-86-42",2,12,"University level","Police officer","Very likely"
"79-53-86-42",2,13,"University level","Nurse","Very likely"
"27-88-22-86",1,7,"University level","Teacher","Very likely"
"27-88-22-86",2,7,"College","Police officer","Very likely"
"59-62-31-80",1,4,"University level","Teacher","Very likely"
"59-62-31-80",1,5,"University level","Doctor","Very likely"
"44-25-16-47",2,8,"University level","Accountant","Very likely"
"44-25-16-47",2,9,"University level","Doctor","Very likely"
"44-25-16-47",2,10,"College","Teacher","Very likely"
"44-25-16-47",5,8,"College","Teacher","Very likely"
"44-25-16-47",5,9,"College","Nurse","Very likely"
"44-25-16-47",5,10,"Grade 12","Police officer","Very likely"
"59-82-52-95",2,3,"Grade 12","Teacher","Likely"
"59-82-52-95",2,4,"College","Nurse","Likely"
"59-82-52-95",2,5,"College","Sodier","Likely"
"74-78-76-52",1,4,"College","Teacher","Very likely"
"74-78-76-52",1,5,"College","Police officer","Very likely"
"74-78-76-52",3,4,"University level","Doctor","Very likely"
"74-78-76-52",3,5,"University level","Teacher","Very likely"
"83-63-78-61",1,3,"University level","Teacher","Likely"
"83-63-78-61",1,4,"University level","Doctor","Very likely"
"83-63-78-61",1,5,"University level","Police officer","Very likely"
"83-63-78-61",2,3,"University level","Teacher","Likely"
"83-63-78-61",2,4,"University level","Doctor","Likely"
"83-63-78-61",2,5,"University level","Nursing","Likely"
"38-59-12-03",2,8,"University level","Teacher/nurse","Very likely"
"38-59-12-03",5,8,"College","Nurse","Very likely"
"52-04-43-36",1,6,"University level","Nursing","Likely"
"52-04-43-36",1,7,"University level","Lawyer","Very likely"
"52-04-43-36",1,10,"University level","Teacher","Very likely"
"52-04-43-36",2,6,"University level","Nursing","Very likely"
"52-04-43-36",2,7,"University level","Education","Very likely"
"52-04-43-36",2,10,"University level","Teacher","Very likely"
"52-45-15-44",1,4,"University level","Nursing","Likely"
"52-45-15-44",1,5,"University level","Teacher","Likely"
"84-06-43-96",1,10,"University level","Teacher","Likely"
"84-06-43-96",2,10,"University level","Teacher","Likely"
"85-25-67-57",1,4,"University level","Nurse","Very likely"
"85-25-67-57",1,5,"University level","Teacher","Very likely"
"85-25-67-57",1,6,"University level","Agricultural officer","Very likely"
"99-71-69-71",1,3,"College","Teacher","Very likely"
"99-71-69-71",1,4,"College","Nurse","Very likely"
"90-84-04-84",1,4,"College","Teacher","Likely"
"90-84-04-84",1,5,"College","Teacher","Likely"
"90-84-04-84",1,6,"College","Nurse","Likely"
"75-65-72-44",1,6,"University level","Teacher","Likely"
"75-65-72-44",1,7,"University level","Nurse","Likely"
"75-65-72-44",2,6,"University level","Teacher","Likely"
"75-65-72-44",2,7,"University level","Medical doctor","Likely"
"56-76-80-56",2,6,"University level","Nurse","Likely"
"56-76-80-56",3,6,"University level","Nurse","Likely"
"95-24-62-42",1,5,"College","Police officer","Likely"
"95-24-62-42",1,7,"College","Teacher","Likely"
"70-84-37-07",1,3,"College","Teacher","Likely"
"70-84-37-07",1,4,"College","Nurse","Likely"
"70-84-37-07",1,5,"College","Local council","Likely"
"70-84-37-07",2,3,"College","Nurse","Likely"
"70-84-37-07",2,4,"College","Nurse","Likely"
"70-84-37-07",2,5,"College","Nurse","Likely"
"99-94-97-40",1,4,"University level","Teacher","Very likely"
"99-94-97-40",1,5,"University level","Soldier","Very likely"
"40-68-37-93",1,3,"College","Teacher","Very likely"
"40-68-37-93",1,4,"University level","Doctor","Very likely"
"40-68-37-93",1,5,"College","Nurse","Very likely"
"40-68-37-93",6,3,"University level","Pilot","Very likely"
"40-68-37-93",6,4,"College","Police officer","Very likely"
"40-68-37-93",6,5,"College","Teacher","Very likely"
"24-71-47-80",1,3,"University level","Teacher","Likely"
"24-71-47-80",1,4,"University level","Soldier","Likely"
"24-71-47-80",2,3,"University level","Nurse","Very likely"
"24-71-47-80",2,4,"University level","Police officer","Very likely"
"85-35-76-75",1,3,"Grade 12","Teacher","Unlikely"
"85-35-76-75",1,4,"Grade 12","Nurse","Likely"
"85-35-76-75",1,5,"Grade 12","Teacher","Unlikely"
"85-35-76-75",1,6,"Grade 12","Nurse","Likely"
"85-35-76-75",2,3,"Grade 12","Teacher","Likely"
"85-35-76-75",2,4,"Grade 12","Nurse","Likely"
"85-35-76-75",2,5,"Grade 12","Teacher","Likely"
"85-35-76-75",2,6,"Grade 12","Teacher","Likely"
"59-51-95-60",1,2,"University level","Teacher","Very likely"
"59-51-95-60",1,3,"University level","Doctor","Very likely"
"22-44-88-72",1,4,"University level","Teacher","Very likely"
"22-44-88-72",1,5,"University level","Nurse","Very likely"
"22-44-88-72",2,4,"University level","Teacher","Very likely"
"22-44-88-72",2,5,"University level","Nurse","Very likely"
"35-56-47-30",1,6,"College","Teacher","Very likely"
"35-56-47-30",1,7,"University level","Doctor","Very likely"
"35-56-47-30",2,6,"University level","Teacher","Very likely"
"35-56-47-30",2,7,"University level","Doctor","Very likely"
"25-90-73-61",1,6,"University level","Teacher","Very likely"
"25-90-73-61",2,6,"University level","Teacher","Very likely"
"00-81-85-48",1,3,"College","Clinical officer","Likely"
"00-81-85-48",1,4,"College","Nurse","Likely"
"00-81-85-48",1,5,"College","Teacher","Likely"
"00-81-85-48",2,3,"Grade 12","Police officer","Likely"
"00-81-85-48",2,4,"College","Nurse","Likely"
"00-81-85-48",2,5,"College","Teacher","Likely"
"69-02-12-40",2,5,"College","Nurse","Likely"
"69-02-12-40",2,6,"College","Agriculturist","Likely"
"69-02-12-40",2,7,"College","Veterinarian","Very likely"
"68-49-12-16",1,5,"College","Teacher","Very likely"
"68-49-12-16",2,5,"College","Nurse","Very likely"
"47-72-15-93",1,5,"College","Nurse","Very likely"
"47-72-15-93",1,6,"College","Teacher","Very likely"
"47-72-15-93",1,7,"College","Teacher","Very likely"
"46-77-79-60",1,4,"University level","Teacher","Very likely"
"46-77-79-60",1,5,"University level","Nurse","Very likely"
"54-41-53-68",1,3,"College","Teacher","Very likely"
"54-41-53-68",1,4,"College","Nurse","Very likely"
"54-41-53-68",2,3,"Grade 12","Nurse","Very likely"
"54-41-53-68",2,4,"College","Police officer","Very likely"
"13-17-77-46",1,4,"University level","Doctor","Likely"
"13-17-77-46",1,5,"University level","Teacher","Likely"
"87-42-29-56",1,3,"College","Nurse","Very likely"
"87-42-29-56",1,4,"College","Teacher","Very likely"
"87-42-29-56",2,3,"College","Teacher","Very likely"
"87-42-29-56",2,4,"College","Nurse","Very likely"
"24-84-60-85",1,2,"University level","Nurse","Likely"
"24-84-60-85",1,4,"University level","Teacher","Likely"
"24-84-60-85",1,5,"University level","Police officer","Likely"
"78-85-83-52",1,12,"University level","Nurse","Very likely"
"78-85-83-52",1,13,"Post graduate university level","Soldier","Very likely"
"78-85-83-52",1,14,"University level","Teacher","Very likely"
"78-85-83-52",1,15,"University level","Soldier","Very likely"
"78-85-83-52",1,16,"University level","Nurse","Very likely"
"78-85-83-52",6,12,"University level","-88","Very likely"
"78-85-83-52",6,13,"University level","Teacher","Very likely"
"78-85-83-52",6,14,"University level","Nurse","Very likely"
"78-85-83-52",6,15,"University level","Pilot","Very likely"
"78-85-83-52",6,16,"University level","Teacher","Very likely"
"78-33-54-01",1,5,"University level","Pilot","Likely"
"78-33-54-01",1,6,"University level","Teacher","Likely"
"78-33-54-01",1,7,"University level","Medical doctor","Likely"
"78-33-54-01",2,5,"Grade 12","Police officer","Likely"
"78-33-54-01",2,6,"Grade 12","Teacher","Likely"
"78-33-54-01",2,7,"Grade 12","Soldier","Likely"
"54-69-71-08",1,4,"College","Teacher","Very likely"
"54-69-71-08",1,5,"University level","Doctor","Very likely"
"54-69-71-08",1,6,"University level","Agriculture","Very likely"
"54-69-71-08",7,4,"University level","Teacher","Likely"
"54-69-71-08",7,5,"University level","Agriculture","Likely"
"54-69-71-08",7,6,"University level","Doctor","Likely"
"88-38-32-86",1,3,"Grade 12","Doctor","Likely"
"88-38-32-86",1,4,"Grade 12","Teacher","Likely"
"88-38-32-86",1,5,"Grade 12","Agriculture officer","Likely"
"88-38-32-86",8,3,"Grade 12","Teacher","Maybe, maybe not"
"88-38-32-86",8,4,"Grade 12","Soldier","Maybe, maybe not"
"88-38-32-86",8,5,"Grade 12","Doctor","Maybe, maybe not"
"78-51-51-91",1,5,"University level","Teacher","Very likely"
"78-51-51-91",2,5,"University level","Teacher","Very likely"
"98-42-68-21",1,2,"University level","Teacher","Likely"
"98-42-68-21",1,3,"University level","Nursing","Likely"
"23-92-64-64",1,3,"University level","Teacher","Likely"
"23-92-64-64",1,4,"University level","Health inspector","Likely"
"35-30-07-09",1,5,"University level","Teacher","Very likely"
"35-30-07-09",1,6,"University level","Teacher","Very likely"
"35-30-07-09",2,5,"University level","Teacher","Likely"
"35-30-07-09",2,6,"University level","Police officer","Likely"
"84-39-86-14",1,3,"College","Nurse","Very likely"
"84-39-86-14",1,4,"College","Teacher","Very likely"
"84-39-86-14",1,5,"College","Teacher","Very likely"
"84-39-86-14",1,6,"College","Nurse","Very likely"
"84-39-86-14",2,3,"College","Nurse","Very likely"
"84-39-86-14",2,4,"College","Teacher","Very likely"
"84-39-86-14",2,5,"College","Agricultural officer","Very likely"
"84-39-86-14",2,6,"College","Nurse","Very likely"
"33-93-88-48",1,8,"University level","Nurse","Very likely"
"33-93-88-48",2,8,"University level","Nurse","Very likely"
"93-94-24-13",1,4,"University level","Police officer","Likely"
"93-94-24-13",1,5,"University level","Teacher","Likely"
"93-94-24-13",1,6,"Early childhood","Pilot","Likely"
"93-94-24-13",2,4,"University level","Teacher","Very unlikely"
"93-94-24-13",2,5,"University level","Police officer","Very unlikely"
"93-94-24-13",2,6,"University level","Medical doctor","Very unlikely"
"71-80-40-68",1,5,"Grade 12","Accountant","Likely"
"71-80-40-68",1,6,"Grade 12","Police officer","Likely"
"71-80-40-68",2,5,"University level","Nurse","Likely"
"71-80-40-68",2,6,"University level","Farmer","Likely"
"03-80-12-55",1,5,"Grade 12","Nurse","Likely"
"03-05-82-85",1,2,"University level","Police officer","Very likely"
"03-05-82-85",1,3,"University level","Doctor","Very likely"
"03-05-82-85",1,4,"University level","Teacher","Very likely"
"96-34-34-83",1,2,"University level","Teacher","Likely"
"84-86-67-50",1,7,"University level","Police","Very likely"
"84-86-67-50",1,8,"University level","Teacher","Very likely"
"84-86-67-50",1,9,"Post graduate university level","Nurse","Very likely"
"84-86-67-50",1,10,"Post graduate university level","Livestock doctor","Very likely"
"84-86-67-50",2,7,"University level","Police","Very likely"
"84-86-67-50",2,8,"Post graduate university level","Nurse","Very likely"
"84-86-67-50",2,9,"Post graduate university level","Teacher","Very likely"
"84-86-67-50",2,10,"Post graduate university level","Livestock doctor","Very likely"
"14-25-07-27",1,8,"University level","Doctor","Very likely"
"14-25-07-27",1,9,"University level","Nurse","Very likely"
"14-25-07-27",2,8,"Post graduate university level","Doctor","Very likely"
"14-25-07-27",2,9,"College","Nurse","Very likely"
"95-81-39-58",1,6,"Grade 12","Teacher","Likely"
"95-81-39-58",1,7,"Grade 12","Veterinarian","Likely"
"95-81-39-58",5,6,"Grade 12","Police officer","Likely"
"95-81-39-58",5,7,"Grade 12","Nurse","Likely"
"63-48-87-87",1,3,"University level","Police","Very likely"
"63-48-87-87",1,4,"University level","Teacher","Very likely"
"63-48-87-87",1,5,"University level","Wildlife life police officer","Very likely"
"63-48-87-87",2,3,"University level","Soldier","Very likely"
"63-48-87-87",2,4,"University level","Teacher","Very likely"
"63-48-87-87",2,5,"University level","Zambia wildlife police officer","Very likely"
"56-09-22-69",1,6,"College","Teacher","Likely"
"56-09-22-69",1,7,"College","Teacher","Likely"
"52-67-58-90",1,3,"College","Police officer","Likely"
"52-67-58-90",1,4,"College","Teacher","Likely"
"52-67-58-90",1,5,"College","Nurse","Likely"
"52-67-58-90",2,3,"Grade 12","Police officer","Likely"
"52-67-58-90",2,4,"Grade 12","Teacher","Likely"
"52-67-58-90",2,5,"Grade 12","Nurse","Likely"
"61-51-30-74",1,5,"University level","Teacher","Very likely"
"61-51-30-74",1,6,"University level","Police officer","Very likely"
"61-51-30-74",1,7,"University level","Teacher","Very likely"
"61-51-30-74",2,5,"University level","Teacher","Very likely"
"61-51-30-74",2,6,"University level","Nurse","Very likely"
"61-51-30-74",2,7,"University level","Doctor","Very likely"
"90-75-70-65",1,3,"University level","Teacher","Likely"
"90-75-70-65",1,4,"University level","Teacher","Likely"
"90-75-70-65",1,5,"University level","Mechanical engineering","Very likely"
"90-75-70-65",2,3,"University level","Doctor","Very likely"
"90-75-70-65",2,4,"University level","Soldier","Very likely"
"90-75-70-65",2,5,"University level","Teacher","Very likely"
"70-34-30-04",1,3,"University level","Doctor","Very likely"
"70-34-30-04",2,3,"University level","Teacher","Very likely"
"80-41-37-09",1,3,"University level","Teacher","Very likely"
"80-41-37-09",1,4,"University level","Nurse","Very likely"
"80-41-37-09",1,6,"University level","Police officer","Very likely"
"80-41-37-09",2,3,"University level","Nurse","Very likely"
"80-41-37-09",2,4,"University level","Teacher","Very likely"
"80-41-37-09",2,6,"University level","Soldier","Very likely"
"16-01-99-93",1,7,"University level","Teacher","Very likely"
"16-01-99-93",1,8,"University level","Doctor","Very likely"
"16-01-99-93",1,9,"University level","Pilot","Very likely"
"16-01-99-93",1,10,"University level","Doctor","Very likely"
"16-01-99-93",1,12,"University level","Nurse","Very likely"
"16-01-99-93",2,7,"University level","Doctor","Very likely"
"16-01-99-93",2,8,"University level","Teacher","Very likely"
"16-01-99-93",2,9,"University level","Driver","Very likely"
"16-01-99-93",2,10,"University level","Doctor","Maybe, maybe not"
"16-01-99-93",2,12,"University level","Pilot","Very likely"
"14-78-47-78",1,9,"University level","Nurse","Very likely"
"14-78-47-78",2,9,"University level","Nurse","Very likely"
"07-03-43-18",1,2,"College","Teacher","Likely"
"07-03-43-18",1,3,"College","Police officer","Likely"
"07-03-43-18",1,5,"College","Agriculture officer","Likely"
"87-80-74-34",1,2,"University level","Teacher","Likely"
"87-80-74-34",1,3,"Grade 12","Teacher","Very likely"
"87-80-74-34",1,5,"University level","Doctor","Very likely"
"87-80-74-34",1,8,"University level","Police officer","Very likely"
"39-19-95-41",1,6,"University level","Teacher","Very likely"
"39-19-95-41",1,7,"University level","Soldier","Very likely"
"39-19-95-41",2,6,"University level","Teacher","Likely"
"39-19-95-41",2,7,"University level","Teacher","Likely"
"13-94-38-36",1,6,"University level","Immigration","Likely"
"13-94-38-36",1,7,"University level","Zambia air force","Very likely"
"13-94-38-36",2,6,"University level","Nursing","Very likely"
"13-94-38-36",2,7,"University level","Police","Very likely"
"64-10-30-77",1,8,"University level","Doctor","Unlikely"
"64-10-30-77",1,9,"University level","Teacher","Unlikely"
"64-10-30-77",1,10,"University level","Teacher","Likely"
"64-10-30-77",1,11,"University level","Nurse","Likely"
"64-10-30-77",2,8,"University level","Nurse","Very unlikely"
"64-10-30-77",2,9,"University level","Agriculturalist","Likely"
"64-10-30-77",2,10,"University level","Police officer","Unlikely"
"64-10-30-77",2,11,"University level","Veterinarian","Unlikely"
"98-88-46-23",6,3,"Grade 12","Teacher","Likely"
"98-88-46-23",6,4,"Grade 12","Doctor","Likely"
"98-88-46-23",6,5,"Grade 12","Soldier","Likely"
"35-26-63-26",1,7,"University level","Teacher","Likely"
"35-26-63-26",1,8,"University level","Medical doctor","Likely"
"35-26-63-26",2,7,"University level","Teacher","Likely"
"35-26-63-26",2,8,"University level","Nurse","Likely"
"26-64-90-32",1,7,"University level","Lawyer","Likely"
"26-64-90-32",1,8,"University level","Medical doctor","Likely"
"26-64-90-32",2,7,"University level","Police officer","Likely"
"26-64-90-32",2,8,"University level","Nurse","Likely"
"97-96-32-80",1,5,"University level","Doctor","Very likely"
"97-96-32-80",1,6,"University level","Teacher","Very likely"
"97-96-32-80",1,7,"University level","Nurse","Very likely"
"97-96-32-80",2,5,"University level","Teacher","Very likely"
"97-96-32-80",2,6,"University level","Doctor","Very likely"
"97-96-32-80",2,7,"University level","Nurse","Very likely"
"65-28-62-87",1,7,"College","Teacher","Likely"
"65-28-62-87",1,8,"College","Police officer","Likely"
"65-28-62-87",1,9,"College","Nurse","Likely"
"91-95-41-16",1,9,"Grade 12","Teacher","Likely"
"91-95-41-16",2,9,"Grade 12","Teacher","Unlikely"
"65-02-00-05",1,4,"College","Teacher","Very likely"
"65-02-00-05",1,5,"College","Nurse","Very likely"
"65-02-00-05",1,6,"College","Teacher","Very likely"
"65-02-00-05",1,7,"Grade 12","Police officer","Very likely"
"65-02-00-05",2,4,"College","Teacher","Very likely"
"65-02-00-05",2,5,"College","Nurse","Very likely"
"65-02-00-05",2,6,"College","Teacher","Very likely"
"65-02-00-05",2,7,"College","Teacher","Very likely"
"48-22-83-32",1,8,"College","Teacher","Likely"
"48-22-83-32",3,8,"College","Teacher","Likely"
"03-06-71-34",1,5,"Grade 12","Teacher","Likely"
"03-06-71-34",2,5,"College","Teacher","Likely"
"38-24-53-68",1,3,"University level","Doctor","Very likely"
"38-24-53-68",1,5,"University level","Teacher","Very likely"
"38-24-53-68",1,6,"University level","Accountant","Very likely"
"76-44-39-80",2,4,"College","Teacher","Likely"
"76-44-39-80",2,5,"College","Police","Likely"
"76-44-39-80",2,6,"College","Nursing","Likely"
"43-89-48-48",2,3,"Grade 12","Teacher","Very likely"
"46-95-44-44",1,5,"College","Nurse","Likely"
"46-95-44-44",1,6,"College","Teacher","Likely"
"46-95-44-44",1,7,"College","Teacher","Likely"
"46-95-44-44",1,8,"College","Nurse","Likely"
"46-95-44-44",1,9,"College","Nurse","Likely"
"46-95-44-44",2,5,"College","Nurse","Likely"
"46-95-44-44",2,6,"College","Teacher","Likely"
"46-95-44-44",2,7,"Grade 12","Police officer","Likely"
"46-95-44-44",2,8,"College","Teacher","Likely"
"46-95-44-44",2,9,"College","Nurse","Likely"
"79-36-03-31",1,5,"University level","Teacher","Likely"
"79-36-03-31",1,6,"University level","Medical doctor","Likely"
"79-36-03-31",1,7,"University level","Nurse","Likely"
"37-08-68-08",1,5,"University level","Doctor","Very likely"
"37-08-68-08",1,7,"University level","Teacher","Very likely"
"37-08-68-08",2,5,"University level","Soldier","Likely"
"37-08-68-08",2,7,"University level","Teacher","Likely"
"76-66-08-56",1,9,"College","Nurse","Very likely"
"76-66-08-56",1,10,"College","Nurse","Very likely"
"76-66-08-56",5,9,"University level","Doctor","Very likely"
"76-66-08-56",5,10,"College","Teacher","Very likely"
"84-78-41-82",1,4,"University level","Teacher","Likely"
"84-78-41-82",3,4,"University level","Teaching","Unlikely"
"15-05-96-27",2,6,"Grade 12","Medical doctor","Likely"
"15-05-96-27",2,7,"Grade 12","Teacher","Likely"
"15-05-96-27",2,8,"Grade 12","Soldier","Likely"
"15-05-96-27",3,6,"Grade 12","Government official","Likely"
"15-05-96-27",3,7,"Grade 12","Teacher","Likely"
"15-05-96-27",3,8,"Grade 12","Police officer","Likely"
"04-08-02-81",1,3,"University level","Nursing","Very likely"
"04-08-02-81",1,4,"University level","Lawyer","Very likely"
"04-08-02-81",1,5,"University level","Teacher","Likely"
"04-08-02-81",1,6,"University level","Police officer","Very likely"
"04-08-02-81",1,7,"University level","Nursing","Likely"
"04-08-02-81",2,3,"University level","Nursing","Very likely"
"04-08-02-81",2,4,"University level","Lawyer","Very likely"
"04-08-02-81",2,5,"University level","Teacher","Very likely"
"04-08-02-81",2,6,"College","Police officer","Very likely"
"04-08-02-81",2,7,"Post graduate university level","Doctor","Likely"
"48-12-37-19",1,4,"University level","Teacher","Very likely"
"48-12-37-19",1,5,"University level","Doctor","Very likely"
"48-12-37-19",2,4,"University level","Teacher","Very likely"
"48-12-37-19",2,5,"University level","Doctor","Very likely"
"21-68-94-15",2,4,"Grade 12","Doctor","Likely"
"21-68-94-15",3,4,"Grade 12","Teacher","Unlikely"
"40-56-04-29",1,3,"Grade 12","Nurse","Very likely"
"40-56-04-29",1,4,"Grade 12","Teacher","Very likely"
"40-56-04-29",2,3,"Grade 12","Medical doctor","Very likely"
"40-56-04-29",2,4,"Grade 12","Teacher","Very likely"
"58-04-84-61",2,4,"University level","Nurse","Very likely"
"58-04-84-61",3,4,"University level","Agricultural technician","Very likely"
"92-36-21-21",1,6,"University level","Teacher","Very likely"
"92-36-21-21",1,8,"College","Police","Likely"
"92-36-21-21",1,9,"College","Nursing","Very likely"
"92-36-21-21",1,10,"University level","Teacher","Very likely"
"92-36-21-21",2,6,"College","Teacher","Likely"
"92-36-21-21",2,8,"College","Police officer","Likely"
"92-36-21-21",2,9,"University level","Soldier","Likely"
"92-36-21-21",2,10,"College","Nursing","Likely"
"14-57-41-87",2,7,"University level","Teacher","Very likely"
"14-57-41-87",2,8,"University level","Nursing","Very likely"
"94-10-09-72",1,3,"Grade 12","Teacher","Very likely"
"94-10-09-72",2,3,"Grade 12","Teacher","Very likely"
"63-44-25-02",2,4,"University level","Nurse","Likely"
"66-67-56-06",1,6,"University level","Teacher","Likely"
"66-67-56-06",2,6,"College","Nurse","Likely"
"61-94-69-82",1,5,"University level","Nurse","Likely"
