interview__key,r_forset_product__id,fstqty,fstpdt_unt,fstpdt_unt_oth,fstpdt_sl,fstpdt_slqty,fstpdt_slunit,fstpdt_slunit_oth,fstpdt_slpssd,fstpdt_slprc,fstpdt_exp,fstpdt_expamt,fstpdt_ch,fstpdt_ch2,f027,f028
"62-34-36-23","Firewood",10,"Oxcart","","No",,,"",,,"No",,"Massive decrease","Slight increase","","Deforestation"
"62-34-36-23","Sand, stone, mud",2,"Oxcart","","No",,,"",,,"No",,"Slight increase","Slight increase","Sand will definitely increase because of sil erosion",""
"54-21-12-64","Firewood",3,"Oxcart","","No",,,"",,,"No",,"Slight decrease","Massive decrease","","Deforestation"
"54-21-12-64","Timber or poles",10,"25kg bag","","No",,,"",,,"No",,"Slight decrease","Massive decrease","","Deforestation"
"54-21-12-64","Sand, stone, mud",1,"Oxcart","","No",,,"",,,"No",,"The same","The same","",""
"56-96-68-33","Firewood",300,"Bunches","","No",,,"",,,"No",,"The same","The same","",""
"77-02-55-05","Firewood",1,"Oxcart","","No",,,"",,,"Yes",50,"Slight decrease","Slight increase","","Deforestation"
"14-81-15-88","Firewood",36,"Bale / Bundle","","No",,,"",,,"No",,"The same","The same","",""
"14-81-15-88","Sand, stone, mud",250,"Basins","","No",,,"",,,"No",,"The same","The same","",""
"96-74-08-90","Firewood",4,"Bale / Bundle","","No",,,"",,,"No",,"Massive decrease","Massive decrease","","Deforestation"
"96-06-73-25","Firewood",24,"Oxcart","","No",,,"",,,"No",,"Slight decrease","Massive decrease","","Indiscriminate harvest"
"96-06-73-25","Timber or poles",20,"Numbers","","No",,,"",,,"No",,"Slight decrease","Massive decrease","","indiscriminate harvest"
"96-06-73-25","Wild fruits",5,"Basins","","No",,,"",,,"No",,"The same","The same","",""
"96-06-73-25","Medicinal plants",6,"Basins","","No",,,"",,,"No",,"Slight decrease","Slight decrease","","Because of the unsustainable harvesting method"
"74-47-72-19","Firewood",5,"Oxcart","","No",,,"",,,"No",,"Massive decrease","Massive decrease","","Deforestation"
"74-47-72-19","Wild fruits",3,"Basins","","No",,,"",,,"No",,"The same","Massive decrease","",""
"74-26-40-66","Firewood",10,"Bale / Bundle","","No",,,"",,,"No",,"Slight decrease","Slight decrease","","due to timber harvest"
"14-99-63-02","Firewood",1,"Oxcart","","No",,,"",,,"No",,"Massive increase","Massive increase","We have a lot of trees that have and are growing",""
"19-21-27-06","Firewood",1,"Oxcart","","No",,,"",,,"No",,"Slight decrease","Slight increase","","Population increase"
"19-21-27-06","Wild fruits",5,"Kilograms","","No",,,"",,,"No",,"Slight decrease","The same","","Climate change"
"37-56-42-12","Firewood",24,"Bale / Bundle","","No",,,"",,,"No",,"Massive increase","The same","The drying up of trees",""
"37-56-42-12","Timber or poles",30,"Bale / Bundle","","Yes",30,"Bale / Bundle","","Yes",30,"No",,"Slight increase","Slight increase","It is his source of livelihood.",""
"37-56-42-12","Sand, stone, mud",8,"Oxcart","","Yes",50,"Oxcart","","No",50,"Yes",50,"The same","The same","",""
"16-65-20-98","Firewood",5,"Oxcart","","No",,,"",,,"No",,"Massive decrease","Massive decrease","","Deforestation"
"09-74-03-14","Firewood",1,"Bale / Bundle","","No",,,"",,,"No",,"The same","Slight decrease","",""
"39-03-54-61","Firewood",2,"Bale / Bundle","","No",,,"",,,"No",,"Massive decrease","Massive decrease","","Deforestation"
"86-35-86-55","Timber or poles",1,"Oxcart","","No",,,"",,,"No",,"Slight decrease","Slight decrease","","the timber plan around the area cuts down trees for timber at a much higher rate within the area and outside."
"88-11-61-94","Firewood",9,"Oxcart","","No",,,"",,,"Yes",450,"Slight decrease","Slight increase","","High rate of deforestation"
"88-11-61-94","Wild fruits",1,"Basins","","No",,,"",,,"No",,"Slight increase","Slight increase","The availability of wild fruits increases every year",""
"87-48-20-01","Firewood",2,"Oxcart","","No",,,"",,,"No",,"Slight decrease","Massive decrease","","Deforestation"
"66-77-51-72","Firewood",2,"Oxcart","","No",,,"",,,"No",,"The same","Slight decrease","",""
"31-16-66-31","Firewood",5,"Bale / Bundle","","No",,,"",,,"No",,"The same","The same","",""
"88-03-82-39","Firewood",2,"Oxcart","","No",,,"",,,"No",,"Slight decrease","Massive decrease","","Deforestation"
"88-03-82-39","Wood for charcoal production",1,"Oxcart","","No",,,"",,,"No",,"Slight increase","Massive decrease","Deforestation",""
"59-90-45-51","Firewood",60,"Bale / Bundle","","No",,,"",,,"No",,"The same","The same","",""
"59-90-45-51","Timber or poles",250,"Bale / Bundle","","No",,,"",,,"No",,"The same","The same","",""
"59-90-45-51","Sand, stone, mud",300,"Basins","","No",,,"",,,"No",,"The same","The same","",""
"68-61-83-10","Firewood",576,"Numbers","","No",,,"",,,"No",,"The same","The same","",""
"96-11-54-44","Firewood",100,"Numbers","","No",,,"",,,"No",,"Slight decrease","Slight decrease","","Deforestation"
"70-22-33-16","Firewood",6,"Oxcart","","No",,,"",,,"No",,"The same","The same","",""
"70-22-33-16","Wild fruits",4,"Basins","","No",,,"",,,"No",,"The same","Slight decrease","",""
"12-54-99-38","Firewood",6,"Oxcart","","No",,,"",,,"No",,"The same","The same","",""
"12-54-99-38","Wild fruits",6,"Basins","","No",,,"",,,"No",,"The same","The same","",""
"39-44-22-57","Firewood",1,"Oxcart","","No",,,"",,,"No",,"The same","The same","",""
"11-92-45-50","Firewood",36,"Bunches","","No",,,"",,,"No",,"The same","The same","",""
"11-92-45-50","Other➡️specify",10,"Bunches","","No",,,"",,,"No",,"The same","The same","",""
"73-14-88-64","Firewood",5,"Bunches","","No",,,"",,,"No",,"The same","The same","",""
"59-60-22-11","Firewood",2,"Bunches","","No",,,"",,,"No",,"Slight decrease","Slight decrease","","High deforestation rates caused by timber looging"
"63-18-15-01","Firewood",36,"Bale / Bundle","","No",,,"",,,"No",,"The same","The same","",""
"63-18-15-01","Timber or poles",30,"Bunches","","No",,,"",,,"No",,"The same","The same","",""
"63-18-15-01","Sand, stone, mud",3,"Oxcart","","No",,,"",,,"No",,"The same","The same","",""
"40-24-89-40","Firewood",2,"Bale / Bundle","","No",,,"",,,"No",,"Slight decrease","Massive decrease","","Bush fire"
"26-37-34-30","Firewood",3,"Bunches","","No",,,"",,,"No",,"Slight decrease","Slight decrease","","Bush fire and agriculture expansion"
"57-72-53-25","Firewood",12,"Oxcart","","No",,,"",,,"No",,"Massive increase","Massive decrease","Deforestation",""
"57-72-53-25","Wild fruits",1,"Gorogoro","","No",,,"",,,"No",,"Slight decrease","Massive decrease","","Deforestation"
"57-72-53-25","Honey",3,"Liters","","No",,,"",,,"No",,"The same","The same","",""
"15-31-68-47","Firewood",2,"Bunches","","No",,,"",,,"No",,"Slight decrease","Slight decrease","","farming expansion"
"54-23-26-42","Firewood",15,"Bunches","","No",,,"",,,"No",,"Slight decrease","Massive decrease","","High practice of Deforestation"
"54-23-26-42","Wood for charcoal production",4,"Oxcart","","No",,,"",,,"Yes",150,"Slight decrease","Massive decrease","","High practice of deforestation"
"54-23-26-42","Sand, stone, mud",4,"Oxcart","","No",,,"",,,"Yes",200,"Slight decrease","Slight decrease","","High demand of sand in the villages"
"06-33-74-17","Firewood",1,"Oxcart","","No",,,"",,,"No",,"Massive decrease","Massive decrease","","high practice of deforestation"
"09-17-76-18","Firewood",3,"Oxcart","","No",,,"",,,"No",,"Slight decrease","Slight decrease","","Deforestation is high"
"09-17-76-18","Sand, stone, mud",8,"Oxcart","","No",,,"",,,"No",,"Slight decrease","Slight decrease","","now on demand in the villages"
"91-72-91-72","Firewood",3,"Oxcart","","No",,,"",,,"No",,"Slight decrease","Massive decrease","","Deforestation"
"91-72-91-72","Wood for charcoal production",10,"25kg bag","","Yes",10,"25kg bag","","Yes",20,"No",,"Slight decrease","Massive decrease","","Deforestation"
"07-58-36-50","Firewood",1,"Bale / Bundle","","No",,,"",,,"No",,"The same","The same","",""
"27-63-39-98","Firewood",1,"Oxcart","","No",,,"",,,"No",,"Slight increase","Massive increase","The forest is getting too thick",""
"31-14-07-01","Firewood",12,"Oxcart","","No",,,"",,,"No",,"Slight decrease","Massive decrease","","Deforestation"
"31-14-07-01","Mushrooms",1,"10kg bag","","No",,,"",,,"No",,"The same","The same","",""
"96-79-76-17","Firewood",72,"Bale / Bundle","","No",,,"",,,"No",,"Massive increase","The same","Climatic change has led to destruction of more trees, burning of forest, charcoal, logging etc",""
"96-79-76-17","Timber or poles",60,"Bale / Bundle","","No",,,"",,,"Yes",300,"Massive decrease","Massive decrease","","Destruction of trees due timber, burning, climatic change,"
"96-79-76-17","Sand, stone, mud",12,"Oxcart","","Yes",1,"Oxcart","","No",30,"Yes",30,"Massive decrease","Massive decrease","","Population growth has led to exploitation of sand, stone and mud"
"96-79-76-17","Medicinal plants",2,"Grams","","No",,,"",,,"No",,"Massive decrease","Massive decrease","","certain tree species are disappearing"
"23-90-90-29","Firewood",3,"Bale / Bundle","","No",,,"",,,"No",,"Massive decrease","Massive decrease","","There is too much charcoal production in the forest"
"23-90-90-29","Wild fruits",2,"25kg bag","","No",,,"",,,"No",,"Massive decrease","Massive decrease","","It's because of high deforestation rates caused by charcoal production and timber extraction"
"99-47-47-96","Firewood",1,"Oxcart","","No",,,"",,,"No",,"The same","The same","",""
"48-69-67-88","Firewood",5,"Bale / Bundle","","No",,,"",,,"No",,"Slight increase","Massive decrease","Less Deforestation",""
"93-76-93-98","Firewood",10,"Bale / Bundle","","No",,,"",,,"No",,"Slight increase","Slight increase","Deforestation is low",""
"02-49-04-36","Firewood",1,"Bale / Bundle","","No",,,"",,,"No",,"Slight increase","Slight increase","some tree are drying due poor rain.",""
"02-49-04-36","Timber or poles",20,"Oxcart","","Yes",40,"Numbers","","No",15,"No",,"Massive increase","Slight increase","trees grow every day and every year therefore the availability will increase due to trees that are small as at today and in the past.",""
"97-96-55-67","Firewood",12,"Oxcart","","No",,,"",,,"No",,"Slight decrease","The same","","Deforestation"
"97-96-55-67","Wild fruits",3,"Basins","","No",,,"",,,"No",,"The same","The same","",""
"55-00-90-34","Firewood",12,"Oxcart","","No",,,"",,,"No",,"Slight decrease","Slight decrease","","Indiscriminate harvest"
"55-00-90-34","Timber or poles",36,"Numbers","","No",,,"",,,"No",,"Slight decrease","Slight decrease","","over harvesting"
"74-92-93-10","Firewood",48,"Bunches","","No",,,"",,,"No",,"The same","The same","",""
"74-92-93-10","Timber or poles",15,"Numbers","","No",,,"",,,"No",,"The same","Slight decrease","",""
"62-57-54-10","Firewood",24,"Oxcart","","No",,,"",,,"No",,"The same","The same","",""
"81-64-58-33","Firewood",12,"Oxcart","","No",,,"",,,"No",,"The same","The same","",""
"81-64-58-33","Wild fruits",9,"Basins","","No",,,"",,,"No",,"The same","Slight decrease","",""
"51-16-15-92","Firewood",20,"Bale / Bundle","","No",,,"",,,"No",,"Slight increase","Massive decrease","Less Deforestation",""
"63-16-06-54","Firewood",12,"Oxcart","","No",,,"",,,"No",,"Slight decrease","Slight decrease","","too much extraction"
"63-16-06-54","Timber or poles",50,"Numbers","","No",,,"",,,"Yes",200,"Massive decrease","Massive decrease","","Too much extraction"
"63-16-06-54","Sand, stone, mud",3,"Oxcart","","No",,,"",,,"No",,"The same","The same","",""
"63-16-06-54","Wild fruits",20,"Basins","","No",,,"",,,"No",,"The same","The same","",""
"32-07-75-14","Firewood",11,"Oxcart","","No",,,"",,,"No",,"Slight decrease","Slight decrease","","Bush fires and charcoal production"
"23-46-49-04","Firewood",2,"Oxcart","","No",,,"",,,"No",,"The same","The same","",""
"81-47-15-41","Firewood",3,"Oxcart","","No",,,"",,,"No",,"Slight decrease","Massive decrease","","Deforestation"
"74-82-45-40","Firewood",52,"Bunches","","No",,,"",,,"No",,"The same","The same","",""
"74-82-45-40","Wood for charcoal production",285,"50 kg bag","","Yes",285,"50 kg bag","","Yes",25,"Yes",60,"Massive decrease","Massive decrease","","many people involved in charcoal production"
"71-03-17-29","Firewood",6,"Bale / Bundle","","No",,,"",,,"No",,"Slight decrease","Slight decrease","","Charcoal production"
"71-03-17-29","Wild fruits",1,"10kg bag","","No",,,"",,,"No",,"Massive decrease","Massive decrease","","high rates of deforestation"
"22-02-08-34","Firewood",12,"Oxcart","","No",,,"",,,"No",,"Slight decrease","Massive decrease","","Deforestation"
"35-24-65-37","Firewood",3,"Oxcart","","No",,,"",,,"No",,"Massive decrease","Massive decrease","","Deforestation"
"94-94-59-77","Firewood",3,"Oxcart","","No",,,"",,,"No",,"Slight decrease","Slight decrease","","high practice of deforestation"
"62-18-60-04","Firewood",2,"Bale / Bundle","","No",,,"",,,"No",,"The same","The same","",""
"62-18-60-04","Coconuts",2,"25kg bag","","No",,,"",,,"No",,"The same","The same","",""
"53-63-07-20","Firewood",20,"Bale / Bundle","","No",,,"",,,"No",,"Slight increase","Massive decrease","Deforestation",""
"53-63-07-20","Medicinal plants",10,"Numbers","","No",,,"",,,"No",,"Slight increase","Massive decrease","Deforestation",""
"53-63-07-20","Mushrooms",2,"Kilograms","","No",,,"",,,"No",,"Slight decrease","Slight decrease","","Drought"
"67-75-50-83","Firewood",2,"Oxcart","","No",,,"",,,"No",,"Massive decrease","Massive decrease","","Deforestation"
"02-25-92-18","Firewood",365,"Bunches","","No",,,"",,,"No",,"The same","The same","",""
"02-25-92-18","Timber or poles",20,"Numbers","","No",,,"",,,"Yes",100,"The same","The same","",""
"02-25-92-18","Other➡️specify",15,"Bale / Bundle","","No",,,"",,,"No",,"The same","The same","",""
"49-92-48-01","Firewood",12,"Oxcart","","No",,,"",,,"No",,"Slight decrease","Slight decrease","","Over harvesting"
"49-92-48-01","Timber or poles",15,"Numbers","","No",,,"",,,"No",,"The same","The same","",""
"49-92-48-01","Sand, stone, mud",2,"Oxcart","","No",,,"",,,"No",,"The same","The same","",""
"86-85-54-02","Firewood",3,"Bale / Bundle","","No",,,"",,,"No",,"Massive decrease","Massive decrease","","excessive wood collection"
"86-85-54-02","Wood for charcoal production",10,"25kg bag","","Yes",10,"25kg bag","","No",30,"No",,"Massive decrease","Massive decrease","","Excessive charcoal production"
"86-85-54-02","Wild fruits",1,"50 kg bag","","No",,,"",,,"No",,"The same","The same","",""
"86-85-54-02","Medicinal plants",1,"2kg packet","","Yes",1,"2kg packet","","No",1,"No",,"The same","The same","",""
"25-71-60-55","Firewood",12,"Oxcart","","No",,,"",,,"No",,"Slight decrease","Massive decrease","","Deforestation"
"52-17-01-39","Firewood",1,"Oxcart","","No",,,"",,,"No",,"The same","The same","",""
"85-68-71-94","Firewood",2,"Bale / Bundle","","No",,,"",,,"No",,"The same","The same","",""
"85-68-71-94","Coconuts",1,"25kg bag","","No",,,"",,,"No",,"The same","The same","",""
"88-33-53-02","Firewood",6,"Oxcart","","No",,,"",,,"No",,"The same","The same","",""
"73-16-52-51","Firewood",48,"Bale / Bundle","","No",,,"",,,"No",,"The same","The same","",""
"73-16-52-51","Timber or poles",150,"Bale / Bundle","","No",,,"",,,"No",,"Slight decrease","Massive decrease","","It is because of population growth"
"73-16-52-51","Wild fruits",30,"Basins","","No",,,"",,,"No",,"The same","The same","",""
"29-32-71-31","Firewood",1,"Oxcart","","No",,,"",,,"No",,"Slight decrease","Slight increase","","poor rainfall and high practice of deforestation"
"08-80-55-70","Firewood",3,"Oxcart","","No",,,"",,,"No",,"The same","The same","",""
"58-68-82-05","Firewood",10,"Bale / Bundle","","No",,,"",,,"No",,"Slight increase","Massive decrease","Deforestation",""
"58-68-82-05","Medicinal plants",10,"Numbers","","No",,,"",,,"No",,"Slight increase","Massive decrease","Deforestation",""
"40-89-66-86","Firewood",5,"Oxcart","","No",,,"",,,"No",,"Massive decrease","Massive decrease","","Over harvesting"
"40-89-66-86","Sand, stone, mud",1,"Oxcart","","No",,,"",,,"No",,"The same","The same","",""
"40-89-66-86","Wild fruits",5,"Basins","","No",,,"",,,"No",,"The same","The same","",""
"40-89-66-86","Medicinal plants",2,"Basins","","No",,,"",,,"No",,"Slight decrease","Slight decrease","","Unsustainable harvesting method"
"88-30-77-96","Firewood",12,"Oxcart","","No",,,"",,,"No",,"Slight decrease","Slight decrease","","due to drought and high practice of deforestation"
"88-30-77-96","Timber or poles",3,"Oxcart","","No",,,"",,,"No",,"Slight decrease","Slight decrease","","due to drought and high practice of deforestation"
"72-26-90-86","Firewood",50,"Bale / Bundle","","No",,,"",,,"No",,"Slight decrease","Massive decrease","","Deforestation"
"72-26-90-86","Wild fruits",40,"Kilograms","","No",,,"",,,"No",,"Slight decrease","Massive decrease","","it will depend on the availability of rain"
"72-26-90-86","Medicinal plants",10,"Numbers","","No",,,"",,,"No",,"Slight decrease","Massive decrease","","Deforestation"
"72-26-90-86","Mushrooms",10,"10kg bag","","No",,,"",,,"No",,"Slight decrease","The same","","Depending on the availability of rain"
"49-59-81-92","Firewood",3,"Oxcart","","No",,,"",,,"No",,"Slight decrease","Massive decrease","","Unsustainable harvesting"
"49-59-81-92","Wild fruits",3,"Basins","","No",,,"",,,"No",,"Slight decrease","Slight decrease","","Forest fires"
"21-01-20-88","Firewood",96,"Bale / Bundle","","No",,,"",,,"No",,"The same","The same","",""
"21-01-20-88","Timber or poles",8,"Oxcart","","No",,,"",,,"No",,"Massive decrease","Massive decrease","","the poles are finishing because of population growth"
"21-01-20-88","Sand, stone, mud",21,"Oxcart","","No",,,"",,,"No",,"The same","The same","",""
"21-01-20-88","Wild fruits",3,"Basins","","No",,,"",,,"No",,"The same","The same","",""
"79-70-14-90","Firewood",2,"Oxcart","","No",,,"",,,"No",,"Massive decrease","Massive decrease","","Deforestation"
"79-70-14-90","Wild fruits",4,"Basins","","No",,,"",,,"No",,"The same","The same","",""
"80-75-47-72","Firewood",9,"Oxcart","","No",,,"",,,"No",,"Massive decrease","Massive decrease","","They are being cut down indiscriminately"
"80-75-47-72","Timber or poles",25,"Numbers","","No",,,"",,,"No",,"The same","The same","",""
"56-08-93-09","Firewood",4,"Oxcart","","No",,,"",,,"No",,"Massive decrease","Massive decrease","","Deforestation"
"56-08-93-09","Wild fruits",4,"50 kg bag","","No",,,"",,,"No",,"The same","Massive decrease","",""
"17-42-48-26","Firewood",4,"Oxcart","","No",,,"",,,"No",,"The same","The same","",""
"48-20-15-07","Firewood",2,"Oxcart","","No",,,"",,,"No",,"Slight decrease","Massive decrease","","Deforestation"
"48-20-15-07","Wild fruits",2,"50 kg bag","","No",,,"",,,"No",,"The same","The same","",""
"14-03-97-85","Firewood",12,"Oxcart","","No",,,"",,,"No",,"Slight decrease","Massive decrease","","Deforestation"
"85-88-72-49","Firewood",86,"Oxcart","","No",,,"",,,"No",,"The same","The same","",""
"85-88-72-49","Timber or poles",80,"Bale / Bundle","","No",,,"",,,"No",,"Slight decrease","Slight decrease","","Increase in population"
"85-88-72-49","Wild fruits",20,"Grams","","No",,,"",,,"No",,"The same","Slight decrease","",""
"44-34-38-88","Firewood",144,"Bunches","","No",,,"",,,"No",,"The same","Slight decrease","",""
"44-34-38-88","Other➡️specify",10,"Bale / Bundle","","No",,,"",,,"No",,"The same","The same","",""
"83-00-22-24","Firewood",15,"Bale / Bundle","","No",,,"",,,"No",,"Slight decrease","Massive decrease","","Deforestation"
"83-00-22-24","Wild fruits",6,"Grams","","No",,,"",,,"No",,"Slight decrease","Massive decrease","","It will depend on the rain availability"
"83-00-22-24","Medicinal plants",6,"Numbers","","No",,,"",,,"No",,"Slight decrease","Massive decrease","","Deforestation"
"53-00-05-97","Firewood",2,"Bale / Bundle","","No",,,"",,,"No",,"The same","The same","",""
"53-00-05-97","Wild fruits",1,"10kg bag","","No",,,"",,,"No",,"The same","The same","",""
"53-00-05-97","Medicinal plants",1,"Grams","","No",,,"",,,"No",,"The same","The same","",""
"57-74-38-33","Firewood",23,"Oxcart","","No",,,"",,,"No",,"Massive decrease","Massive decrease","","Over collection"
"57-74-38-33","Wild fruits",3,"Basins","","No",,,"",,,"No",,"The same","The same","",""
"57-74-38-33","Honey",50,"Kilograms","","No",,,"",,,"No",,"The same","The same","",""
"65-24-72-96","Firewood",2,"Bale / Bundle","","No",,,"",,,"No",,"The same","The same","",""
"65-24-72-96","Coconuts",2,"25kg bag","","No",,,"",,,"No",,"The same","The same","",""
"67-69-19-83","Firewood",4,"Bale / Bundle","","No",,,"",,,"No",,"Massive decrease","Massive decrease","","deforestation rates are high in the area"
"65-02-79-39","Firewood",2,"Oxcart","","No",,,"",,,"No",,"The same","The same","",""
"36-55-19-74","Firewood",2,"Bale / Bundle","","No",,,"",,,"No",,"Slight decrease","Slight decrease","","due to timber harvesting in the area."
"36-55-19-74","Coconuts",3,"50 kg bag","","No",,,"",,,"No",,"Slight increase","Slight increase","plenty of coconut tree.",""
"02-47-11-50","Firewood",12,"Oxcart","","No",,,"",,,"No",,"Slight decrease","Massive decrease","","Deforestation"
"34-55-62-08","Firewood",4,"Oxcart","","No",,,"",,,"No",,"Slight decrease","Slight decrease","","Because we are fetching firewood every day"
"34-55-62-08","Wild fruits",3,"50 kg bag","","No",,,"",,,"No",,"The same","The same","",""
"21-53-06-24","Firewood",3,"Oxcart","","No",,,"",,,"No",,"Slight decrease","Massive decrease","","high practice of Deforestation in the community"
"54-20-19-80","Firewood",20,"Oxcart","","No",,,"",,,"No",,"Slight decrease","Massive decrease","","Deforestation"
"54-20-19-80","Sand, stone, mud",4,"Oxcart","","No",,,"",,,"Yes",230,"Slight decrease","Massive decrease","","it's their source of building houses"
"54-20-19-80","Medicinal plants",8,"Numbers","","No",,,"",,,"No",,"Slight increase","Slight decrease","for medication",""
"77-37-06-75","Firewood",25,"Oxcart","","No",,,"",,,"No",,"The same","The same","",""
"77-37-06-75","Timber or poles",3,"Oxcart","","No",,,"",,,"No",,"Slight decrease","Massive decrease","","trees are dying in the forest because of less rains"
"77-37-06-75","Mushrooms",8,"Basins","","No",,,"",,,"No",,"Massive decrease","Massive decrease","","less rain"
"17-29-45-21","Firewood",2,"Oxcart","","No",,,"",,,"No",,"Massive decrease","Massive decrease","","Deforestation"
"14-98-54-79","Firewood",15,"Oxcart","","No",,,"",,,"No",,"Slight decrease","Massive decrease","","Over harvesting"
"14-98-54-79","Sand, stone, mud",3,"Oxcart","","No",,,"",,,"No",,"The same","The same","",""
"14-98-54-79","Wild fruits",4,"Basins","","No",,,"",,,"No",,"Slight decrease","Slight decrease","","Fruit trees have been cut down"
"14-98-54-79","Honey",40,"Kilograms","","Yes",25,"Kilograms","","No",300,"No",,"Slight decrease","Slight decrease","","Bush fires destroying hives"
"74-43-35-64","Firewood",21,"Oxcart","","No",,,"",,,"No",,"Slight decrease","Slight decrease","","It is very hot nowadays hence, trees are drying up"
"74-43-35-64","Timber or poles",5,"Oxcart","","No",,,"",,,"No",,"Slight increase","The same","poles are still available",""
"74-43-35-64","Sand, stone, mud",7,"Oxcart","","No",,,"",,,"No",,"The same","Massive decrease","",""
"74-43-35-64","Mushrooms",4,"Basins","","No",,,"",,,"No",,"Slight decrease","Massive decrease","","there is less rains"
"02-76-65-17","Firewood",1,"Oxcart","","No",,,"",,,"No",,"The same","The same","",""
"02-76-65-17","Timber or poles",20,"Numbers","","No",,,"",,,"No",,"The same","The same","",""
"91-57-65-34","Firewood",3,"Oxcart","","No",,,"",,,"No",,"Slight decrease","Slight decrease","","High practice of timber"
"61-08-28-75","Firewood",3,"Oxcart","","No",,,"",,,"No",,"Slight decrease","Massive decrease","","Deforestation"
"08-98-76-07","Firewood",25,"Oxcart","","No",,,"",,,"No",,"Slight decrease","Massive decrease","","many users firewood"
"08-98-76-07","Sand, stone, mud",4,"Oxcart","","No",,,"",,,"No",,"Slight decrease","Massive decrease","","place is big"
"07-58-78-17","Firewood",2,"Oxcart","","No",,,"",,,"No",,"Slight decrease","The same","","deforestation"
"50-08-29-58","Firewood",2,"Oxcart","","No",,,"",,,"No",,"Massive decrease","Massive decrease","","Deforestation"
"50-08-29-58","Wild fruits",1,"Basins","","No",,,"",,,"No",,"The same","Slight increase","",""
"50-08-29-58","Mushrooms",2,"Basins","","No",,,"",,,"No",,"The same","The same","",""
"21-97-24-76","Firewood",4,"Oxcart","","No",,,"",,,"No",,"Massive increase","Massive decrease","Deforestation",""
"47-86-23-98","Firewood",10,"Oxcart","","No",,,"",,,"No",,"Massive decrease","Massive decrease","","Unsustainable harvesting methods"
"47-86-23-98","Wild fruits",3,"Basins","","No",,,"",,,"No",,"The same","The same","",""
"47-86-23-98","Medicinal plants",5,"Kilograms","","No",,,"",,,"No",,"Slight decrease","Slight decrease","","Some medicinal plants are being uprooted"
"58-41-17-07","Firewood",6,"Oxcart","","No",,,"",,,"No",,"The same","The same","",""
"27-41-68-88","Firewood",10,"Bale / Bundle","","No",,,"",,,"No",,"Slight decrease","Massive decrease","","Only source of cooking in this village"
"36-57-67-99","Firewood",12,"Oxcart","","No",,,"",,,"No",,"Slight decrease","The same","","We have many trees"
"14-01-18-55","Firewood",1,"Oxcart","","No",,,"",,,"No",,"The same","The same","",""
"25-45-40-50","Firewood",5,"Bale / Bundle","","No",,,"",,,"No",,"The same","The same","",""
"28-45-95-92","Firewood",6,"Oxcart","","No",,,"",,,"No",,"The same","The same","",""
"52-38-49-21","Firewood",2,"Bale / Bundle","","No",,,"",,,"No",,"The same","The same","",""
"52-38-49-21","Wild fruits",1,"10kg bag","","No",,,"",,,"No",,"The same","The same","",""
"59-05-06-39","Firewood",96,"Other (please specify)","they carry on their shoulders","No",,,"",,,"No",,"Massive decrease","Massive decrease","","people are cutting down more trees only a few are available"
"59-05-06-39","Timber or poles",80,"Bale / Bundle","","No",,,"",,,"No",,"Slight decrease","Massive decrease","","increase in population"
"59-05-06-39","Sand, stone, mud",10,"Oxcart","","No",,,"",,,"No",,"The same","The same","",""
"59-05-06-39","Medicinal plants",2,"Grams","","No",,,"",,,"No",,"The same","The same","",""
"07-23-34-26","Firewood",6,"Oxcart","","No",,,"",,,"No",,"The same","The same","",""
"74-55-33-17","Firewood",24,"Other (please specify)","oxcart","No",,,"",,,"No",,"Slight decrease","Slight decrease","","population increase has led to shortage of wood"
"74-55-33-17","Timber or poles",80,"Bale / Bundle","","No",,,"",,,"No",,"The same","Massive decrease","",""
"74-55-33-17","Sand, stone, mud",15,"Oxcart","","No",,,"",,,"No",,"The same","The same","",""
"63-06-38-69","Firewood",36,"Oxcart","","No",,,"",,,"No",,"Slight decrease","Massive decrease","","a lot of firewood is being collected by people in the community"
"63-06-38-69","Other➡️specify",15,"Oxcart","","No",,,"",,,"No",,"The same","The same","",""
"05-74-67-92","Firewood",24,"Oxcart","","No",,,"",,,"No",,"The same","Slight decrease","",""
"98-46-70-51","Firewood",8,"Oxcart","","No",,,"",,,"No",,"Slight decrease","Slight decrease","","firewood is on demand in the villages"
"98-46-70-51","Timber or poles",20,"Numbers","","No",,,"",,,"No",,"Slight decrease","Slight decrease","","high practice of burning the forest"
"36-97-15-03","Firewood",24,"Oxcart","","No",,,"",,,"No",,"Slight decrease","Massive decrease","","Deforestation"
"31-20-72-58","Firewood",2,"Oxcart","","No",,,"",,,"No",,"Massive decrease","The same","","bad rain cycle and high practice of deforestation"
"59-12-76-31","Firewood",3,"Oxcart","","No",,,"",,,"No",,"Slight decrease","Slight decrease","","deforestation"
"59-12-76-31","Timber or poles",2,"Oxcart","","No",,,"",,,"No",,"Slight decrease","Slight decrease","","deforestation is high"
"59-12-76-31","Sand, stone, mud",5,"Oxcart","","No",,,"",,,"No",,"Slight decrease","Slight decrease","","it's on demand in the villages"
"59-12-76-31","Mushrooms",1,"Basins","","No",,,"",,,"No",,"Slight decrease","Slight decrease","","because of no rains"
"07-54-13-18","Firewood",9,"Oxcart","","No",,,"",,,"No",,"Slight decrease","Slight decrease","","deforestation is high"
"84-52-73-65","Firewood",288,"Bunches","","No",,,"",,,"No",,"The same","The same","",""
"85-09-03-91","Firewood",1,"Oxcart","","No",,,"",,,"No",,"The same","The same","",""
"56-01-39-00","Firewood",12,"Oxcart","","No",,,"",,,"No",,"Massive decrease","Massive decrease","","Deforestation"
"69-33-88-72","Firewood",40,"Numbers","","No",,,"",,,"No",,"The same","The same","",""
"26-09-67-07","Firewood",72,"Bunches","","No",,,"",,,"No",,"The same","The same","",""
"69-39-81-14","Firewood",2,"Oxcart","","No",,,"",,,"No",,"Slight decrease","Slight decrease","","high practice of timber"
"00-76-43-47","Firewood",6,"Oxcart","","No",,,"",,,"No",,"Massive decrease","Massive decrease","","Deforestation"
"29-40-24-48","Wild fruits",10,"10kg bag","","No",,,"",,,"No",,"Slight decrease","Slight decrease","","Drought"
"29-40-24-48","Mushrooms",25,"25kg bag","","No",,,"",,,"No",,"Slight decrease","Slight decrease","","Depending on the availability of rain"
"79-00-21-46","Firewood",192,"Bunches","","No",,,"",,,"No",,"The same","Slight decrease","",""
"46-34-68-84","Firewood",6,"Oxcart","","No",,,"",,,"No",,"The same","The same","",""
"45-00-04-40","Firewood",120,"Bunches","","No",,,"",,,"No",,"The same","The same","",""
"22-15-19-43","Firewood",100,"Numbers","","No",,,"",,,"No",,"The same","Slight decrease","",""
"09-01-21-24","Firewood",2,"Oxcart","","No",,,"",,,"No",,"Slight decrease","Slight decrease","","Deforestation"
"28-05-99-59","Firewood",12,"Oxcart","","No",,,"",,,"No",,"Slight decrease","Slight decrease","","Unlimited harvesting"
"28-05-99-59","Timber or poles",12,"Numbers","","No",,,"",,,"No",,"Slight decrease","Slight decrease","","Indiscriminate harvest of the product"
"78-33-63-09","Firewood",10,"Bale / Bundle","","No",,,"",,,"No",,"Slight decrease","Massive decrease","","the Only source of cooking"
"21-06-84-39","Firewood",1,"Oxcart","","No",,,"",,,"No",,"The same","Slight decrease","",""
"96-45-29-81","Firewood",10,"Oxcart","","No",,,"",,,"No",,"Massive decrease","Massive decrease","","Deforestation"
"96-45-29-81","Wild fruits",1,"25kg bag","","No",,,"",,,"No",,"The same","The same","",""
"82-78-33-54","Firewood",100,"Numbers","","No",,,"",,,"No",,"Slight decrease","Massive decrease","","Deforestation"
"01-53-98-85","Firewood",6,"Oxcart","","No",,,"",,,"No",,"The same","The same","",""
"84-32-88-02","Firewood",3,"Oxcart","","No",,,"",,,"No",,"The same","The same","",""
"02-43-89-26","Firewood",4,"Oxcart","","No",,,"",,,"No",,"Massive decrease","Massive decrease","","Deforestation rates are high"
"02-43-89-26","Wild fruits",1,"10kg bag","","No",,,"",,,"No",,"Massive decrease","Massive decrease","","Bush fire and deforestation"
"36-62-21-63","Firewood",3,"Oxcart","","No",,,"",,,"No",,"The same","The same","",""
"98-63-71-97","Firewood",2,"Numbers","","No",,,"",,,"No",,"The same","The same","",""
"07-88-71-07","Firewood",12,"Oxcart","","No",,,"",,,"No",,"The same","Slight decrease","",""
"07-88-71-07","Wood for charcoal production",100,"25kg bag","","Yes",86,"25kg bag","","Yes",60,"Yes",500,"Slight decrease","Massive decrease","","a lot of people involved in charcoal production"
"18-07-56-01","Firewood",2,"Oxcart","","No",,,"",,,"No",,"Slight decrease","Slight decrease","","Deforestation"
"76-16-53-82","Firewood",4,"Bale / Bundle","","No",,,"",,,"No",,"The same","The same","",""
"76-16-53-82","Wild fruits",2,"10kg bag","","No",,,"",,,"No",,"Massive decrease","Massive decrease","","deforestation in the area high"
"36-91-65-20","Firewood",2,"Bale / Bundle","","No",,,"",,,"No",,"The same","The same","",""
"22-29-07-01","Firewood",20,"Oxcart","","No",,,"",,,"No",,"The same","The same","",""
"22-29-07-01","Wild fruits",10,"Basins","","No",,,"",,,"No",,"The same","The same","",""
"22-29-07-01","Small game (warthog, duiker, turtle, wild birds)",2,"Numbers","","No",,,"",,,"No",,"The same","The same","",""
"53-93-66-67","Firewood",2,"Bale / Bundle","","No",,,"",,,"No",,"The same","The same","",""
"53-93-66-67","Wild fruits",2,"10kg bag","","No",,,"",,,"No",,"Massive decrease","Massive decrease","","Collection of the fruits has increased due to beer brewing and the this has led to the reduction of the fruits in the forest"
"37-39-06-63","Firewood",180,"Numbers","","No",,,"",,,"No",,"The same","The same","",""
"17-95-97-27","Firewood",6,"Oxcart","","No",,,"",,,"No",,"The same","The same","",""
"92-61-03-62","Firewood",1,"Oxcart","","No",,,"",,,"No",,"The same","The same","",""
"02-86-94-14","Firewood",10,"Bale / Bundle","","No",,,"",,,"No",,"Slight increase","Massive decrease","deforestation",""
"26-53-37-24","Firewood",40,"Oxcart","","No",,,"",,,"No",,"Massive decrease","Massive decrease","","Deforestation"
"73-57-99-74","Firewood",6,"Oxcart","","No",,,"",,,"Yes",300,"The same","The same","",""
"73-57-99-74","Timber or poles",1,"Oxcart","","No",,,"",,,"Yes",650,"Slight decrease","Slight decrease","","high practice of timber"
"73-57-99-74","Sand, stone, mud",2,"Oxcart","","No",,,"",,,"Yes",650,"The same","The same","",""
"73-57-99-74","Wild fruits",1,"Tins (eg milk tins)","","No",,,"",,,"No",,"The same","The same","",""
"73-57-99-74","Medicinal plants",8,"Numbers","","No",,,"",,,"No",,"The same","The same","",""
"49-29-23-58","Firewood",3,"Oxcart","","No",,,"",,,"No",,"Massive decrease","Massive decrease","","Because of timber dealers"
"71-13-07-75","Firewood",2,"Bale / Bundle","","No",,,"",,,"No",,"The same","The same","",""
"19-53-43-56","Firewood",15,"Bale / Bundle","","No",,,"",,,"No",,"Slight decrease","Slight decrease","","Over extraction of resources"
"19-53-43-56","Medicinal plants",5,"Basins","","No",,,"",,,"No",,"The same","The same","",""
"57-61-80-20","Firewood",1,"Oxcart","","No",,,"",,,"No",,"Slight decrease","Massive decrease","","Deforestation"
"66-47-36-80","Firewood",15,"Oxcart","","No",,,"",,,"No",,"Slight decrease","Massive decrease","","Deforestation"
"55-47-02-66","Firewood",10,"Bale / Bundle","","No",,,"",,,"No",,"Slight decrease","Massive decrease","","only source of cooking"
"69-74-76-81","Firewood",12,"Oxcart","","No",,,"",,,"No",,"The same","The same","",""
"25-51-33-57","Firewood",5,"Bale / Bundle","","No",,,"",,,"No",,"The same","The same","",""
"99-83-71-81","Firewood",8,"Oxcart","","No",,,"",,,"No",,"Slight decrease","Slight decrease","","Over harvesting"
"99-83-71-81","Wild fruits",12,"Basins","","No",,,"",,,"No",,"The same","The same","",""
"99-83-71-81","Medicinal plants",5,"Basins","","No",,,"",,,"No",,"The same","The same","",""
"30-46-44-49","Firewood",3,"Oxcart","","No",,,"",,,"Yes",300,"Slight decrease","Slight decrease","","High practice of timber"
"03-30-12-96","Firewood",200,"Numbers","","No",,,"",,,"No",,"Slight decrease","Massive decrease","","Deforestation"
"35-16-22-13","Firewood",96,"Bunches","","No",,,"",,,"No",,"Slight decrease","Massive decrease","","Increase in people collecting firewood"
"96-28-28-46","Firewood",1,"Oxcart","","No",,,"",,,"No",,"Slight decrease","Slight decrease","","Deforestation"
"10-32-26-69","Firewood",5,"Oxcart","","No",,,"",,,"No",,"Massive decrease","Massive decrease","","Deforestation"
"10-32-26-69","Sand, stone, mud",45,"Wheelbarrow","","No",,,"",,,"No",,"Slight decrease","Slight decrease","","Because of the one used"
"68-75-69-07","Firewood",5,"Oxcart","","No",,,"",,,"No",,"Slight decrease","Slight decrease","","Over population"
"02-58-63-69","Firewood",6,"Oxcart","","No",,,"",,,"No",,"Slight decrease","Massive decrease","","Deforestation"
"58-12-98-10","Firewood",144,"Bunches","","No",,,"",,,"No",,"The same","The same","",""
"22-68-19-10","Firewood",6,"Oxcart","","No",,,"",,,"No",,"The same","The same","",""
"99-42-05-34","Firewood",2,"Numbers","","No",,,"",,,"No",,"The same","The same","",""
"21-29-11-98","Firewood",12,"Oxcart","","No",,,"",,,"No",,"The same","The same","",""
"06-11-50-44","Firewood",200,"Bunches","","No",,,"",,,"No",,"The same","The same","",""
"06-11-50-44","Timber or poles",22,"Numbers","","No",,,"",,,"No",,"Slight decrease","Slight decrease","","more people involved in timber harvesting"
"06-11-50-44","Other➡️specify",18,"Bale / Bundle","","No",,,"",,,"No",,"The same","The same","",""
"38-44-09-59","Firewood",4,"Oxcart","","No",,,"",,,"No",,"The same","Slight decrease","",""
"81-45-35-86","Firewood",192,"Bunches","","No",,,"",,,"No",,"The same","Slight decrease","",""
"83-11-66-41","Firewood",1200,"Numbers","","No",,,"",,,"No",,"Slight decrease","Massive decrease","","Deforestation"
"45-34-02-51","Firewood",4,"Oxcart","","No",,,"",,,"No",,"Massive decrease","Massive decrease","","Deforestation"
"26-37-15-28","Firewood",6,"Oxcart","","No",,,"",,,"No",,"The same","The same","",""
"73-50-61-74","Firewood",10,"Oxcart","","No",,,"",,,"No",,"The same","The same","",""
"58-09-34-36","Firewood",3,"Oxcart","","No",,,"",,,"No",,"Slight decrease","Slight decrease","","low rainfall and deforestation"
"58-09-34-36","Sand, stone, mud",1,"Oxcart","","No",,,"",,,"No",,"The same","The same","",""
"94-78-30-89","Firewood",12,"Oxcart","","No",,,"",,,"No",,"Slight decrease","Slight decrease","","increased population"
"94-78-30-89","Small game (warthog, duiker, turtle, wild birds)",3,"Numbers","","No",,,"",,,"No",,"The same","The same","",""
"97-62-61-29","Firewood",5,"Oxcart","","No",,,"",,,"No",,"Massive decrease","Massive decrease","","Deforestation"
"16-35-49-05","Firewood",10,"Oxcart","","No",,,"",,,"No",,"Massive decrease","Massive decrease","","Deforestation"
"18-48-69-27","Firewood",3,"Bale / Bundle","","No",,,"",,,"No",,"Slight decrease","Slight decrease","","continued collecting of firewood."
"18-48-69-27","Timber or poles",20,"Numbers","","Yes",20,"Numbers","","No",20,"No",,"Slight decrease","Slight decrease","","due to continued harvest of timber for various reasons such as making canoe."
"30-61-23-28","Firewood",10,"Oxcart","","No",,,"",,,"No",,"Massive decrease","Massive decrease","","Deforestation"
"91-09-11-51","Firewood",2,"Bale / Bundle","","No",,,"",,,"No",,"Slight increase","Slight increase","elephants will continue bringing down trees hence we will firewood available through out.",""
"03-15-59-01","Firewood",8,"Oxcart","","No",,,"",,,"No",,"Slight decrease","Slight decrease","","high practice of timber and deforestation"
"51-88-98-79","Firewood",12,"Oxcart","","No",,,"",,,"No",,"Slight decrease","Slight decrease","","high population and high practice of deforestation"
"51-88-98-79","Sand, stone, mud",50,"Oxcart","","No",,,"",,,"No",,"Slight decrease","Slight decrease","","the population is high in the villages"
"38-99-58-33","Firewood",3,"Bale / Bundle","","No",,,"",,,"No",,"The same","The same","",""
"38-99-58-33","Medicinal plants",2,"50 kg bag","","Yes",900,"50 kg bag","","No",300,"No",,"Massive decrease","Massive decrease","","The demand of the resource in the area is alarming and this has led to the decrease of the plant"
"73-78-76-86","Firewood",6,"Oxcart","","No",,,"",,,"No",,"Slight decrease","Slight increase","","High practice of deforestation and timber"
"73-78-76-86","Sand, stone, mud",6,"Oxcart","","No",,,"",,,"No",,"The same","The same","",""
"16-76-51-56","Firewood",5,"Oxcart","","No",,,"",,,"No",,"Slight decrease","Slight decrease","","high practice of timber"
"34-75-99-64","Firewood",6,"Oxcart","","No",,,"",,,"No",,"The same","The same","",""
"34-75-99-64","Sand, stone, mud",12,"Oxcart","","No",,,"",,,"No",,"The same","The same","",""
"00-76-59-09","Firewood",2,"Bale / Bundle","","No",,,"",,,"No",,"Slight increase","Slight increase","More trees keep growing",""
"03-36-35-32","Firewood",1,"Oxcart","","No",,,"",,,"No",,"The same","Slight decrease","",""
"66-74-25-56","Firewood",2,"Oxcart","","Yes",5,"Oxcart","","No",100,"No",,"Slight decrease","Massive decrease","","Deforestation"
"80-48-62-68","Firewood",2,"Bale / Bundle","","No",,,"",,,"No",,"The same","Slight increase","",""
"67-59-61-49","Firewood",1,"Bale / Bundle","","No",,,"",,,"No",,"The same","The same","",""
"23-88-68-38","Firewood",1,"Oxcart","","No",,,"",,,"No",,"The same","The same","",""
"24-58-49-24","Firewood",1,"Bale / Bundle","","No",,,"",,,"No",,"The same","The same","",""
"27-73-91-69","Firewood",120,"Numbers","","No",,,"",,,"No",,"The same","Slight decrease","",""
"88-41-94-49","Firewood",1,"Oxcart","","No",,,"",,,"No",,"Slight decrease","Massive decrease","","Deforestation"
"83-47-45-70","Firewood",2,"Bale / Bundle","","No",,,"",,,"No",,"The same","The same","",""
"06-72-44-70","Firewood",2,"Bale / Bundle","","No",,,"",,,"No",,"Slight decrease","Slight decrease","","Bush fire"
"85-25-38-04","Firewood",1,"Bale / Bundle","","No",,,"",,,"No",,"The same","The same","",""
"99-72-02-18","Firewood",3,"Bale / Bundle","","No",,,"",,,"No",,"The same","The same","",""
"99-72-02-18","Wild fruits",1,"10kg bag","","No",,,"",,,"No",,"The same","The same","",""
"76-93-76-77","Firewood",5,"Oxcart","","No",,,"",,,"No",,"Slight decrease","Slight decrease","","Over harvesting methods"
"76-93-76-77","Timber or poles",25,"Numbers","","No",,,"",,,"Yes",150,"Slight decrease","Slight decrease","","Over harvesting"
"76-93-76-77","Sand, stone, mud",1,"Oxcart","","No",,,"",,,"No",,"The same","The same","",""
"25-81-57-24","Firewood",12,"Oxcart","","No",,,"",,,"Yes",1800,"The same","The same","",""
"25-81-57-24","Wood for charcoal production",24,"50 kg bag","","No",,,"",,,"Yes",2400,"The same","Slight decrease","",""
"18-66-56-26","Firewood",3,"Oxcart","","No",,,"",,,"No",,"The same","The same","",""
"38-35-03-16","Firewood",6,"Oxcart","","No",,,"",,,"No",,"The same","The same","",""
"38-35-03-16","Wild fruits",5,"25kg bag","","No",,,"",,,"No",,"The same","Slight decrease","",""
"87-43-13-02","Firewood",144,"Bale / Bundle","","No",,,"",,,"No",,"Massive decrease","Massive decrease","","climate change and other cutting down trees for"
"06-72-27-90","Firewood",12,"Oxcart","","No",,,"",,,"No",,"Massive decrease","Massive decrease","","Deforestation"
"10-09-48-91","Firewood",2,"Oxcart","","No",,,"",,,"Yes",100,"The same","The same","",""
"10-09-48-91","Wild fruits",1,"50 kg bag","","No",,,"",,,"No",,"The same","The same","",""
"89-20-17-64","Firewood",30,"Oxcart","","No",,,"",,,"No",,"Slight decrease","Slight decrease","","High practice of deforestation and timber"
"61-30-29-22","Firewood",1,"Oxcart","","No",,,"",,,"No",,"The same","The same","",""
"61-30-29-22","Wild fruits",1,"10kg bag","","No",,,"",,,"No",,"Slight decrease","Slight decrease","","Bush fire and agriculture expansion"
"32-64-82-60","Firewood",6,"Oxcart","","No",,,"",,,"No",,"The same","Slight decrease","",""
"05-69-71-03","Firewood",10,"Oxcart","","No",,,"",,,"No",,"Slight increase","Slight increase","because they don't cut trees any how in the villages",""
"05-69-71-03","Timber or poles",5,"Oxcart","","Yes",3,"Oxcart","","No",30,"No",,"The same","The same","",""
"05-69-71-03","Sand, stone, mud",5,"Oxcart","","No",,,"",,,"No",,"The same","The same","",""
"62-54-48-69","Firewood",144,"Bale / Bundle","","No",,,"",,,"No",,"The same","The same","",""
"62-54-48-69","Timber or poles",76,"Numbers","","No",,,"",,,"No",,"The same","The same","",""
"62-54-48-69","Wild fruits",3,"10kg bag","","No",,,"",,,"No",,"The same","The same","",""
"40-71-41-17","Firewood",6,"Oxcart","","No",,,"",,,"No",,"The same","Slight decrease","",""
"40-71-41-17","Wild fruits",10,"50 kg bag","","No",,,"",,,"No",,"The same","The same","",""
"59-04-18-69","Firewood",20,"Oxcart","","No",,,"",,,"No",,"Massive decrease","Massive decrease","","Deforestation"
"99-19-59-36","Firewood",576,"Bunches","","No",,,"",,,"No",,"The same","Slight decrease","",""
"99-19-59-36","Timber or poles",300,"Numbers","","No",,,"",,,"Yes",500,"The same","Massive decrease","",""
"99-19-59-36","Wild fruits",4,"Basins","","No",,,"",,,"No",,"The same","The same","",""
"66-80-07-88","Firewood",2,"Bale / Bundle","","No",,,"",,,"No",,"The same","The same","",""
"66-80-07-88","Wild fruits",1,"10kg bag","","No",,,"",,,"No",,"Massive decrease","Massive decrease","","high deforestation rates"
"33-91-72-59","Firewood",12,"Oxcart","","No",,,"",,,"No",,"Slight decrease","Slight decrease","","high practice of deforestation"
"33-91-72-59","Sand, stone, mud",6,"Oxcart","","No",,,"",,,"No",,"The same","The same","",""
"79-95-75-64","Firewood",1,"Oxcart","","No",,,"",,,"No",,"The same","Massive decrease","",""
"36-27-38-94","Firewood",10,"Canter","","No",,,"",,,"No",,"The same","The same","",""
"20-85-41-55","Firewood",210,"Numbers","","No",,,"",,,"No",,"Slight decrease","Massive decrease","","Deforestation"
"99-41-30-80","Firewood",9,"Oxcart","","No",,,"",,,"No",,"Massive decrease","Massive decrease","","Deforestation"
"71-06-23-24","Firewood",24,"Oxcart","","No",,,"",,,"No",,"The same","The same","",""
"71-06-23-24","Wild fruits",8,"Basins","","No",,,"",,,"No",,"The same","The same","",""
"89-01-00-04","Firewood",1,"Oxcart","","No",,,"",,,"No",,"The same","Slight decrease","",""
"00-37-37-14","Firewood",1,"Oxcart","","No",,,"",,,"No",,"Slight decrease","Massive decrease","","deforestation"
"74-41-47-70","Firewood",144,"Bunches","","No",,,"",,,"No",,"The same","The same","",""
"74-41-47-70","Timber or poles",10,"Numbers","","Yes",4,"Numbers","","No",5,"No",,"The same","Massive decrease","",""
"52-43-66-41","Firewood",3,"Oxcart","","No",,,"",,,"No",,"The same","The same","",""
"83-13-77-99","Firewood",49,"Bale / Bundle","","No",,,"",,,"No",,"The same","The same","",""
"83-13-77-99","Timber or poles",40,"Numbers","","No",,,"",,,"No",,"The same","The same","",""
"83-13-77-99","Wild fruits",3,"50 kg bag","","No",,,"",,,"No",,"The same","The same","",""
"83-13-77-99","Other➡️specify",30,"Bale / Bundle","","No",,,"",,,"No",,"The same","The same","",""
"61-91-44-04","Firewood",3,"Oxcart","","No",,,"",,,"Yes",100,"The same","The same","",""
"61-31-17-62","Firewood",144,"Bale / Bundle","","No",,,"",,,"No",,"The same","The same","",""
"61-31-17-62","Wild fruits",2,"10kg bag","","No",,,"",,,"No",,"The same","The same","",""
"01-73-77-56","Firewood",5,"Oxcart","","No",,,"",,,"No",,"Slight increase","Slight increase","trees are not cut anyhow",""
"01-73-77-56","Sand, stone, mud",6,"Oxcart","","No",,,"",,,"No",,"The same","The same","",""
"01-73-77-56","Wild fruits",1,"25kg bag","","No",,,"",,,"No",,"Slight increase","Slight increase","more trees are growing in the forest",""
"01-73-77-56","Mushrooms",1,"25kg bag","","No",,,"",,,"No",,"The same","The same","",""
"47-87-04-23","Firewood",12,"Bale / Bundle","","No",,,"",,,"No",,"Massive decrease","Massive decrease","","increase in timber more people are cutting down trees"
"47-87-04-23","Wild fruits",2,"Kilograms","","No",,,"",,,"No",,"The same","The same","",""
"46-77-22-22","Firewood",1,"Oxcart","","No",,,"",,,"No",,"Slight decrease","Slight decrease","","Bush fire"
"54-46-59-23","Firewood",15,"Oxcart","","No",,,"",,,"No",,"Slight decrease","Slight decrease","","Bush fires"
"54-46-59-23","Sand, stone, mud",2,"Oxcart","","No",,,"",,,"No",,"The same","The same","",""
"54-46-59-23","Wild fruits",15,"Basins","","No",,,"",,,"No",,"Slight decrease","Slight decrease","","Bush fires"
"47-72-11-03","Firewood",10,"Oxcart","","No",,,"",,,"No",,"Slight decrease","Massive decrease","","Deforestation"
"47-72-11-03","Wild fruits",1,"50 kg bag","","No",,,"",,,"No",,"The same","The same","",""
"47-72-11-03","Mushrooms",1,"25kg bag","","No",,,"",,,"No",,"The same","The same","",""
"75-19-56-83","Firewood",12,"Oxcart","","No",,,"",,,"No",,"The same","Slight decrease","",""
"17-63-18-37","Firewood",1,"Bale / Bundle","","No",,,"",,,"No",,"The same","The same","",""
"36-67-78-55","Firewood",12,"Oxcart","","No",,,"",,,"No",,"Massive decrease","Massive decrease","","people are cutting down alote of tree for timber"
"57-94-56-04","Firewood",52,"Oxcart","","No",,,"",,,"No",,"Slight increase","Slight decrease","Because they are growing",""
"50-78-72-42","Firewood",152,"Bale / Bundle","","No",,,"",,,"No",,"Slight increase","The same","Because there are so many trees",""
"50-78-72-42","Other➡️specify",50,"Oxcart","","No",,,"",,,"Yes",5000,"Slight increase","The same","They always grow back",""
"39-32-15-43","Firewood",72,"Bunches","","No",,,"",,,"No",,"Slight increase","Slight increase","defrostation",""
"39-32-15-43","Wild fruits",1,"Basins","","No",,,"",,,"No",,"The same","The same","",""
"83-43-24-20","Firewood",200,"Bale / Bundle","","No",,,"",,,"No",,"Slight decrease","Slight decrease","","People cut them down at a fast rate then they replace them"
"86-15-33-66","Firewood",150,"Bale / Bundle","","No",,,"",,,"No",,"Slight decrease","Massive decrease","","cutting trees"
"86-15-33-66","Wild fruits",5,"Kilograms","","No",,,"",,,"No",,"The same","The same","",""
"86-15-33-66","Honey",1,"Liters","","No",,,"",,,"No",,"Massive decrease","Massive decrease","","burning"
"44-68-45-91","Firewood",5,"Oxcart","","No",,,"",,,"No",,"Slight decrease","Massive decrease","","Deforestation"
"44-68-45-91","Wild fruits",2,"Basins","","No",,,"",,,"No",,"The same","The same","",""
"44-68-45-91","Mushrooms",8,"Basins","","No",,,"",,,"No",,"The same","Massive decrease","",""
"92-79-83-19","Firewood",20,"Bale / Bundle","","No",,,"",,,"No",,"The same","Massive decrease","",""
"92-79-83-19","Wild fruits",25,"Kilograms","","No",,,"",,,"No",,"The same","The same","",""
"92-79-83-19","Medicinal plants",5,"Numbers","","No",,,"",,,"No",,"Slight decrease","Massive decrease","","cutting trees"
"92-79-83-19","Mushrooms",2,"Numbers","","No",,,"",,,"No",,"Slight decrease","Slight decrease","","no rain"
"92-79-83-19","Honey",2,"Liters","","No",,,"",,,"No",,"Massive decrease","Massive decrease","","too far away"
"84-11-52-01","Firewood",7,"Oxcart","","No",,,"",,,"No",,"Slight decrease","Massive decrease","","Deforestation"
"84-11-52-01","Wild fruits",1,"25kg bag","","No",,,"",,,"No",,"The same","The same","",""
"84-11-52-01","Mushrooms",3,"Basins","","No",,,"",,,"No",,"Slight decrease","Slight increase","","There was no enough rain"
"04-80-79-59","Firewood",8,"Oxcart","","No",,,"",,,"No",,"Slight decrease","Massive decrease","","Deforestation"
"86-90-94-39","Firewood",210,"Bale / Bundle","","No",,,"",,,"No",,"Slight increase","Slight decrease","Respondent claims they are not cut down",""
"60-18-28-01","Firewood",7,"Oxcart","","No",,,"",,,"No",,"Slight decrease","Massive decrease","","Deforestation"
"95-75-71-60","Firewood",6,"Oxcart","","No",,,"",,,"No",,"The same","The same","",""
"92-06-91-29","Firewood",49,"Bale / Bundle","","No",,,"",,,"No",,"The same","The same","",""
"54-44-90-07","Firewood",1,"Oxcart","","No",,,"",,,"No",,"Slight decrease","Massive decrease","","Deforestation"
"03-23-51-60","Firewood",68,"Bale / Bundle","","No",,,"",,,"No",,"Slight decrease","Massive decrease","","cutting trees"
"03-23-51-60","Sand, stone, mud",50,"Oxcart","","No",,,"",,,"No",,"Slight decrease","Massive decrease","","too many mud houses"
"03-23-51-60","Wild fruits",5,"Kilograms","","No",,,"",,,"No",,"Massive decrease","Massive decrease","","cutting trees and wild animals"
"00-90-52-98","Firewood",300,"Bale / Bundle","","No",,,"",,,"No",,"Slight decrease","Slight decrease","","Too many people  cut them down"
"00-90-52-98","Other➡️specify",17,"Bale / Bundle","","No",,,"",,,"No",,"The same","The same","",""
"94-81-42-69","Firewood",12,"Oxcart","","No",,,"",,,"No",,"Slight decrease","Massive decrease","","Deforestation"
"93-63-81-71","Firewood",365,"Bunches","","No",,,"",,,"No",,"The same","The same","",""
"93-63-81-71","Wild fruits",2,"25kg bag","","No",,,"",,,"No",,"The same","The same","",""
"93-63-81-71","Other➡️specify",26,"Bale / Bundle","","No",,,"",,,"No",,"The same","The same","",""
"98-80-95-52","Firewood",1,"Bale / Bundle","","No",,,"",,,"No",,"The same","The same","",""
"98-80-95-52","Wild fruits",1,"10kg bag","","No",,,"",,,"No",,"Slight decrease","Slight decrease","","deforestation"
"43-02-26-99","Firewood",144,"Bale / Bundle","","No",,,"",,,"No",,"Massive decrease","Massive decrease","","population increase"
"43-02-26-99","Timber or poles",51,"Numbers","","No",,,"",,,"No",,"The same","The same","",""
"43-02-26-99","Wild fruits",10,"10kg bag","","No",,,"",,,"No",,"The same","The same","",""
"53-75-34-84","Firewood",5,"Oxcart","","No",,,"",,,"No",,"Slight decrease","Slight decrease","","High use of firewood in the villages"
"53-75-34-84","Sand, stone, mud",5,"Oxcart","","No",,,"",,,"No",,"The same","The same","",""
"27-49-80-27","Firewood",2,"Bale / Bundle","","No",,,"",,,"No",,"The same","The same","",""
"27-49-80-27","Wild fruits",1,"10kg bag","","No",,,"",,,"No",,"Slight decrease","Slight decrease","","climate change"
"27-49-80-27","Medicinal plants",1,"Basins","","No",,,"",,,"No",,"Slight decrease","Slight decrease","","climate change"
"33-72-39-68","Firewood",14,"Oxcart","","No",,,"",,,"No",,"Slight decrease","Slight decrease","","Over harvesting"
"33-72-39-68","Wild fruits",10,"Basins","","No",,,"",,,"No",,"Slight decrease","Slight decrease","","Wild animals have been feeding on the same"
"33-72-39-68","Small game (warthog, duiker, turtle, wild birds)",5,"Numbers","","No",,,"",,,"No",,"The same","The same","",""
"17-79-25-12","Firewood",365,"Bunches","","No",,,"",,,"No",,"The same","The same","",""
"17-79-25-12","Wild fruits",4,"Other (please specify)","kopokopo","Yes",3,"Other (please specify)","kopokopo","No",0,"No",,"The same","The same","",""
"74-51-58-80","Firewood",30,"Bale / Bundle","","No",,,"",,,"Yes",0,"Slight decrease","Massive decrease","","cutting trees"
"74-51-58-80","Sand, stone, mud",150,"Basins","","No",,,"",,,"No",,"The same","The same","",""
"22-03-45-06","Firewood",5,"Oxcart","","No",,,"",,,"No",,"Massive decrease","Massive decrease","","Deforestation"
"22-03-45-06","Wild fruits",5,"Basins","","No",,,"",,,"No",,"Slight decrease","Massive decrease","","Because people are sharing with wild animals"
"29-14-83-70","Firewood",1,"Tonnes","","Yes",5,"Tonnes","","No",50,"No",,"Slight decrease","Massive decrease","","Because of the distance of were to get the firewood"
"54-67-39-05","Firewood",240,"Bale / Bundle","","No",,,"",,,"No",,"Slight decrease","Slight decrease","","Different generations dependent on the same firewood for survival"
"72-58-55-05","Firewood",58,"Other (please specify)","Slags","No",,,"",,,"No",,"Slight increase","Slight decrease","Because they are the only one benefitting from the forest.",""
"72-58-55-05","Other➡️specify",30,"Bale / Bundle","","No",,,"",,,"No",,"The same","Slight decrease","",""
"04-15-15-88","Firewood",10,"Oxcart","","No",,,"",,,"Yes",500,"Slight decrease","Slight decrease","","High practice of timber and deforestation"
"04-15-15-88","Sand, stone, mud",5,"Oxcart","","No",,,"",,,"Yes",500,"The same","The same","",""
"04-15-15-88","Wild fruits",1,"Basins","","No",,,"",,,"No",,"Slight decrease","Slight decrease","","they are been eaten by elephants"
"04-15-15-88","Mushrooms",1,"Basins","","No",,,"",,,"No",,"Slight decrease","Slight decrease","","poor rainfall"
"27-95-56-36","Firewood",1,"Oxcart","","No",,,"",,,"No",,"The same","The same","",""
"53-49-41-59","Firewood",144,"Bunches","","No",,,"",,,"No",,"The same","The same","",""
"39-17-22-92","Firewood",5,"Oxcart","","No",,,"",,,"No",,"Slight increase","Slight increase","No timber practice",""
"39-17-22-92","Sand, stone, mud",12,"Oxcart","","No",,,"",,,"No",,"The same","The same","",""
"74-39-55-58","Firewood",12,"Oxcart","","No",,,"",,,"No",,"Slight decrease","Massive decrease","","Deforestation"
"26-22-03-23","Firewood",9,"Oxcart","","No",,,"",,,"No",,"Slight decrease","Slight decrease","","Human population increase"
"26-22-03-23","Medicinal plants",6,"Basins","","No",,,"",,,"No",,"The same","The same","",""
"09-03-01-05","Firewood",8,"Oxcart","","No",,,"",,,"No",,"Slight increase","Slight increase","Low practice of deforestation",""
"09-03-01-05","Sand, stone, mud",17,"Oxcart","","No",,,"",,,"No",,"The same","The same","",""
"09-03-01-05","Wild fruits",2,"25kg bag","","No",,,"",,,"No",,"Slight increase","Slight increase","Low practice of deforestation in the villages",""
"15-07-16-66","Firewood",96,"Bale / Bundle","","No",,,"",,,"No",,"Massive decrease","Massive decrease","","people are cutting down trees"
"06-67-11-07","Firewood",12,"Oxcart","","No",,,"",,,"No",,"The same","The same","",""
"66-85-51-19","Firewood",5,"Oxcart","","No",,,"",,,"No",,"The same","The same","",""
"66-85-51-19","Medicinal plants",5,"Kilograms","","No",,,"",,,"No",,"The same","The same","",""
"62-23-34-43","Firewood",6,"Oxcart","","No",,,"",,,"No",,"The same","Slight decrease","",""
"40-89-37-32","Firewood",12,"Oxcart","","No",,,"",,,"No",,"The same","The same","",""
"47-88-11-20","Firewood",12,"Oxcart","","No",,,"",,,"No",,"The same","The same","",""
"92-32-27-35","Firewood",49,"Bale / Bundle","","No",,,"",,,"No",,"Massive decrease","Massive decrease","","population increase"
"67-30-34-31","Firewood",250,"Bale / Bundle","","No",,,"",,,"No",,"Slight decrease","Slight decrease","","They cut down at a fast rate"
"41-24-19-16","Firewood",49,"Bale / Bundle","","No",,,"",,,"No",,"The same","The same","",""
"45-68-78-48","Firewood",50,"Bale / Bundle","","No",,,"",,,"No",,"Massive decrease","Massive decrease","","cutting trees"
"45-68-78-48","Sand, stone, mud",30,"Other (please specify)","buckets","No",,,"",,,"No",,"The same","The same","",""
"45-68-78-48","Wild fruits",2,"Kilograms","","No",,,"",,,"No",,"Massive decrease","Massive decrease","","cutting trees"
"45-68-78-48","Medicinal plants",6,"Numbers","","No",,,"",,,"No",,"Massive decrease","Massive decrease","","cutting trees"
"02-28-32-41","Firewood",3,"Bale / Bundle","","No",,,"",,,"No",,"The same","The same","",""
"42-76-32-22","Firewood",20,"Bale / Bundle","","No",,,"",,,"No",,"The same","Massive decrease","",""
"42-76-32-22","Sand, stone, mud",50,"25kg bag","","No",,,"",,,"No",,"The same","The same","",""
"42-76-32-22","Honey",1,"Other (please specify)","bucket","No",,,"",,,"No",,"Slight decrease","Massive decrease","","burning and lack of rain"
"79-53-86-42","Firewood",10,"Oxcart","","No",,,"",,,"No",,"Slight increase","Slight increase","low practice of deforestation",""
"79-53-86-42","Sand, stone, mud",6,"Oxcart","","No",,,"",,,"No",,"The same","The same","",""
"27-88-22-86","Firewood",365,"Bunches","","No",,,"",,,"No",,"The same","Slight decrease","",""
"92-15-50-98","Firewood",1,"Oxcart","","No",,,"",,,"No",,"The same","The same","",""
"92-15-50-98","Wild fruits",2,"Gorogoro","","No",,,"",,,"No",,"The same","Slight decrease","",""
"59-62-31-80","Firewood",7,"Oxcart","","No",,,"",,,"No",,"Slight increase","Slight increase","low practice of deforestation",""
"59-62-31-80","Timber or poles",24,"Numbers","","No",,,"",,,"No",,"Slight decrease","Slight decrease","","high practice of cutting poles in the villages"
"59-62-31-80","Sand, stone, mud",1,"Oxcart","","No",,,"",,,"No",,"The same","The same","",""
"36-99-50-88","Firewood",120,"Numbers","","No",,,"",,,"No",,"The same","The same","",""
"44-25-16-47","Firewood",1,"Bale / Bundle","","No",,,"",,,"No",,"The same","The same","",""
"59-82-52-95","Firewood",12,"Oxcart","","No",,,"",,,"No",,"Slight decrease","Slight increase","","Over harvesting"
"59-82-52-95","Timber or poles",35,"Numbers","","No",,,"",,,"No",,"Slight decrease","Slight decrease","","Over harvesting"
"59-82-52-95","Sand, stone, mud",1,"Oxcart","","No",,,"",,,"No",,"The same","The same","",""
"74-78-76-52","Firewood",144,"Bunches","","No",,,"",,,"No",,"The same","Slight decrease","",""
"83-63-78-61","Firewood",9,"Oxcart","","No",,,"",,,"No",,"Slight decrease","Massive decrease","","Deforestation"
"83-63-78-61","Mushrooms",4,"Basins","","No",,,"",,,"No",,"Slight decrease","Slight increase","","There was no enough rain."
"38-59-12-03","Firewood",6,"Oxcart","","No",,,"",,,"No",,"The same","Slight decrease","",""
"52-04-43-36","Firewood",48,"Oxcart","","No",,,"",,,"Yes",2400,"The same","The same","",""
"13-43-00-98","Firewood",2,"Oxcart","","No",,,"",,,"No",,"The same","Slight decrease","",""
"52-45-15-44","Firewood",6,"Oxcart","","No",,,"",,,"No",,"Slight decrease","Massive decrease","","Deforestation"
"84-06-43-96","Firewood",48,"Bale / Bundle","","No",,,"",,,"No",,"The same","The same","",""
"84-06-43-96","Sand, stone, mud",4,"Other (please specify)","canoe","No",,,"",,,"No",,"The same","The same","",""
"84-06-43-96","Wild fruits",10,"Kilograms","","No",,,"",,,"No",,"Slight decrease","Massive decrease","","cutting trees"
"85-25-67-57","Firewood",5,"Oxcart","","No",,,"",,,"No",,"Slight increase","Slight increase","low practice of deforestation and timber",""
"85-25-67-57","Timber or poles",2,"Oxcart","","No",,,"",,,"No",,"Slight decrease","Slight decrease","","the cutting down of poles is high in the community"
"85-25-67-57","Sand, stone, mud",6,"Oxcart","","No",,,"",,,"No",,"The same","The same","",""
"85-25-67-57","Wild fruits",2,"Basins","","No",,,"",,,"No",,"The same","The same","",""
"85-25-67-57","Mushrooms",2,"25kg bag","","No",,,"",,,"No",,"The same","The same","",""
"99-71-69-71","Firewood",96,"Bunches","","No",,,"",,,"No",,"The same","Slight decrease","",""
"90-84-04-84","Firewood",13,"Oxcart","","No",,,"",,,"No",,"The same","The same","",""
"90-84-04-84","Timber or poles",13,"Numbers","","No",,,"",,,"Yes",200,"The same","The same","",""
"90-84-04-84","Sand, stone, mud",1,"Oxcart","","No",,,"",,,"No",,"Slight decrease","Slight decrease","","Population  increase and resources are diminishing."
"75-65-72-44","Firewood",250,"Bale / Bundle","","No",,,"",,,"No",,"Slight decrease","Slight decrease","","People from other areas cut them down"
"56-76-80-56","Firewood",40,"Bale / Bundle","","No",,,"",,,"No",,"Massive decrease","Massive decrease","","cutting trees"
"56-76-80-56","Sand, stone, mud",80,"Other (please specify)","buckets","No",,,"",,,"No",,"The same","The same","",""
"56-76-80-56","Wild fruits",5,"Kilograms","","No",,,"",,,"No",,"The same","The same","",""
"56-76-80-56","Mushrooms",7,"Numbers","","No",,,"",,,"No",,"Slight decrease","Slight decrease","","depends on the rain"
"95-24-62-42","Firewood",9,"Oxcart","","No",,,"",,,"No",,"Slight decrease","Slight decrease","","Population increase and over harvesting"
"95-24-62-42","Wild fruits",100,"Kilograms","","No",,,"",,,"No",,"The same","The same","",""
"95-24-62-42","Medicinal plants",10,"Basins","","No",,,"",,,"No",,"The same","The same","",""
"42-51-00-37","Firewood",1,"Bale / Bundle","","No",,,"",,,"No",,"The same","The same","",""
"42-51-00-37","Medicinal plants",1,"2kg packet","","No",,,"",,,"No",,"The same","The same","",""
"36-23-13-87","Firewood",365,"Bale / Bundle","","No",,,"",,,"No",,"The same","The same","",""
"36-23-13-87","Timber or poles",46,"Numbers","","No",,,"",,,"No",,"The same","The same","",""
"36-23-13-87","Wild fruits",1,"25kg bag","","No",,,"",,,"No",,"Massive decrease","Massive decrease","","elephants are destroying the trees"
"36-23-13-87","Mushrooms",3,"Numbers","","No",,,"",,,"No",,"The same","The same","",""
"70-84-37-07","Firewood",13,"Oxcart","","No",,,"",,,"No",,"Slight decrease","Massive decrease","","Over harvesting"
"70-84-37-07","Wild fruits",5,"Basins","","No",,,"",,,"No",,"Slight decrease","Slight decrease","","wild fires"
"70-84-37-07","Other➡️specify",15,"Bunches","","No",,,"",,,"No",,"Slight decrease","Slight decrease","","Wild fires"
"99-94-97-40","Firewood",7,"Oxcart","","No",,,"",,,"No",,"Slight decrease","Slight decrease","","it's of high utility in the villages"
"99-94-97-40","Sand, stone, mud",1,"Oxcart","","No",,,"",,,"No",,"The same","The same","",""
"99-94-97-40","Wild fruits",1,"25kg bag","","No",,,"",,,"No",,"Slight decrease","Slight decrease","","Poor rainfall"
"40-68-37-93","Firewood",365,"Bunches","","No",,,"",,,"No",,"The same","The same","",""
"40-68-37-93","Timber or poles",150,"Numbers","","No",,,"",,,"No",,"The same","Slight decrease","",""
"40-68-37-93","Other➡️specify",4,"Oxcart","","No",,,"",,,"No",,"The same","The same","",""
"08-64-31-45","Firewood",122,"Numbers","","No",,,"",,,"No",,"The same","The same","",""
"08-64-31-45","Wild fruits",24,"Gorogoro","","No",,,"",,,"No",,"The same","Slight decrease","",""
"24-71-47-80","Firewood",8,"Oxcart","","No",,,"",,,"No",,"Slight decrease","Slight decrease","","high practice of deforestation"
"24-71-47-80","Timber or poles",1,"Oxcart","","No",,,"",,,"No",,"Slight decrease","Slight decrease","","high practice of timber"
"24-71-47-80","Wild fruits",1,"25kg bag","","No",,,"",,,"No",,"Slight decrease","Slight decrease","","due to bad rainfall and unnecessary burning in the forest"
"53-67-73-98","Firewood",1,"Oxcart","","No",,,"",,,"No",,"Slight decrease","Slight decrease","","High practice of deforestation and timber"
"53-67-73-98","Wild fruits",2,"Basins","","No",,,"",,,"No",,"Slight decrease","Slight decrease","","due to the uncontrollable burning of the forests"
"89-30-04-89","Firewood",1,"Oxcart","","No",,,"",,,"No",,"Slight decrease","Massive decrease","","Because of timber dealers"
"85-35-76-75","Firewood",12,"Oxcart","","No",,,"",,,"No",,"The same","Slight decrease","",""
"34-78-22-26","Firewood",96,"Bale / Bundle","","No",,,"",,,"No",,"The same","The same","",""
"34-78-22-26","Wild fruits",12,"Basins","","No",,,"",,,"No",,"The same","The same","",""
"59-51-95-60","Firewood",144,"Bale / Bundle","","No",,,"",,,"No",,"Massive decrease","Massive decrease","","people are cutting down trees for timber"
"59-51-95-60","Wild fruits",3,"10kg bag","","No",,,"",,,"No",,"The same","The same","",""
"22-44-88-72","Firewood",4,"Oxcart","","No",,,"",,,"No",,"The same","The same","",""
"35-56-47-30","Firewood",144,"Bunches","","No",,,"",,,"No",,"The same","The same","",""
"35-56-47-30","Wild fruits",2,"50 kg bag","","No",,,"",,,"No",,"The same","The same","",""
"35-56-47-30","Other➡️specify",2,"25kg bag","","Yes",2,"25kg bag","","No",150,"No",,"The same","The same","",""
"43-44-87-36","Firewood",6,"Oxcart","","No",,,"",,,"No",,"The same","The same","",""
"25-90-73-61","Firewood",96,"Bale / Bundle","","No",,,"",,,"No",,"The same","The same","",""
"25-90-73-61","Wild fruits",12,"25kg bag","","No",,,"",,,"No",,"The same","The same","",""
"00-81-85-48","Firewood",12,"Oxcart","","No",,,"",,,"No",,"The same","The same","",""
"00-81-85-48","Sand, stone, mud",5,"Oxcart","","No",,,"",,,"No",,"The same","The same","",""
"00-81-85-48","Honey",10,"Kilograms","","No",,,"",,,"No",,"Slight decrease","Slight decrease","","Bush fires"
"82-05-74-76","Firewood",192,"Bale / Bundle","","No",,,"",,,"No",,"Slight decrease","Massive decrease","","People cut them down for sell"
"69-02-12-40","Firewood",10,"Oxcart","","No",,,"",,,"Yes",300,"Slight decrease","Massive decrease","","cutting trees"
"68-49-12-16","Firewood",2,"Bale / Bundle","","No",,,"",,,"No",,"The same","The same","",""
"68-49-12-16","Wild fruits",1,"2kg packet","","No",,,"",,,"No",,"Slight decrease","Slight decrease","","deforestation rates has increased"
"47-72-15-93","Firewood",144,"Bunches","","No",,,"",,,"No",,"The same","Slight decrease","",""
"47-72-15-93","Wild fruits",1,"50 kg bag","","No",,,"",,,"No",,"The same","The same","",""
"46-77-79-60","Firewood",3,"Oxcart","","No",,,"",,,"No",,"Slight decrease","Slight decrease","","It's of high demand in the villages"
"46-77-79-60","Timber or poles",50,"Numbers","","No",,,"",,,"No",,"Slight decrease","Slight decrease","","High utilities of poles in the community"
"46-77-79-60","Sand, stone, mud",5,"Oxcart","","No",,,"",,,"No",,"The same","The same","",""
"46-77-79-60","Wild fruits",1,"Basins","","No",,,"",,,"No",,"Slight decrease","Slight decrease","","poor rainfall"
"46-77-79-60","Mushrooms",3,"Basins","","No",,,"",,,"No",,"Slight decrease","Slight decrease","","Due to poor rainfall"
"54-41-53-68","Firewood",2,"Bale / Bundle","","No",,,"",,,"No",,"The same","The same","",""
"35-84-29-80","Firewood",2,"Oxcart","","No",,,"",,,"No",,"Slight decrease","Massive decrease","","Deforestation"
"82-89-49-08","Firewood",1,"Bale / Bundle","","No",,,"",,,"No",,"The same","The same","",""
"13-17-77-46","Firewood",189,"Bale / Bundle","","No",,,"",,,"No",,"Slight decrease","Slight decrease","","Because of a phenomenal increase in fields and household always cut trees to extend their farms"
"87-42-29-56","Firewood",1,"Bale / Bundle","","No",,,"",,,"No",,"The same","The same","",""
"87-42-29-56","Wild fruits",2,"Basins","","No",,,"",,,"No",,"Slight decrease","Slight decrease","","Deforestation and Bush fire"
"24-84-60-85","Firewood",300,"Bale / Bundle","","No",,,"",,,"No",,"Slight decrease","Slight decrease","","Other people use machines to cut down the trees for sell"
"24-84-60-85","Other➡️specify",26,"Bale / Bundle","","No",,,"",,,"No",,"Slight decrease","Slight decrease","","Because of lack of rainfall in the previous  years"
"78-85-83-52","Firewood",49,"Bale / Bundle","","No",,,"",,,"No",,"The same","The same","",""
"78-85-83-52","Wild fruits",5,"Other (please specify)","plastic bag","No",,,"",,,"No",,"The same","The same","",""
"78-33-54-01","Firewood",18,"Bale / Bundle","","No",,,"",,,"No",,"Slight decrease","Massive decrease","","cutting trees"
"78-33-54-01","Sand, stone, mud",80,"Other (please specify)","buckets","No",,,"",,,"No",,"The same","Slight decrease","",""
"54-69-71-08","Firewood",12,"Oxcart","","No",,,"",,,"Yes",80,"Massive decrease","Massive decrease","","Because of timber dealers"
"54-69-71-08","Wild fruits",2,"Tins (eg milk tins)","","No",,,"",,,"No",,"Slight increase","Massive decrease","Because more fruit trees are growing",""
"30-10-42-29","Firewood",12,"Oxcart","","No",,,"",,,"No",,"The same","The same","",""
"30-10-42-29","Wild fruits",12,"Gorogoro","","No",,,"",,,"No",,"The same","The same","",""
"52-71-69-48","Firewood",8,"Oxcart","","No",,,"",,,"Yes",20,"Slight decrease","Massive decrease","","cutting trees"
"88-38-32-86","Firewood",12,"Oxcart","","No",,,"",,,"Yes",90,"The same","Massive decrease","",""
"78-51-51-91","Firewood",6,"Oxcart","","No",,,"",,,"No",,"The same","The same","",""
"98-42-68-21","Firewood",7,"Oxcart","","No",,,"",,,"No",,"Slight decrease","Massive decrease","","Deforestation"
"23-92-64-64","Firewood",200,"Bale / Bundle","","No",,,"",,,"No",,"Slight decrease","Slight decrease","","People cut down timber for sell, hence there a reduction in rainfall"
"33-60-76-52","Firewood",1,"Bale / Bundle","","No",,,"",,,"No",,"The same","The same","",""
"33-60-76-52","Wild fruits",2,"10kg bag","","No",,,"",,,"No",,"The same","The same","",""
"99-53-97-21","Firewood",6,"Oxcart","","No",,,"",,,"No",,"The same","The same","",""
"35-30-07-09","Firewood",3,"Oxcart","","No",,,"",,,"No",,"Slight decrease","Slight decrease","","It's of high use in the community"
"35-30-07-09","Wild fruits",2,"25kg bag","","No",,,"",,,"No",,"Slight decrease","Slight decrease","","poor rainfall"
"35-30-07-09","Mushrooms",1,"Basins","","No",,,"",,,"No",,"Slight decrease","Slight decrease","","poor rainfall"
"84-39-86-14","Firewood",1,"Bale / Bundle","","No",,,"",,,"No",,"The same","The same","",""
"84-39-86-14","Wild fruits",1,"25kg bag","","No",,,"",,,"No",,"Slight decrease","Slight decrease","","few trees caused by high deforestation rates"
"33-93-88-48","Firewood",24,"Other (please specify)","sledge","No",,,"",,,"No",,"Massive decrease","Massive decrease","","population increase"
"33-93-88-48","Wild fruits",2,"Basins","","No",,,"",,,"No",,"The same","The same","",""
"93-94-24-13","Firewood",288,"Bale / Bundle","","No",,,"",,,"No",,"Slight increase","The same","Because they do not burn them",""
"93-94-24-13","Medicinal plants",50,"Kilograms","","Yes",50,"Kilograms","","No",250,"No",,"Slight decrease","Massive decrease","","They are exploited as people use to sell them"
"02-86-42-10","Firewood",10,"Oxcart","","No",,,"",,,"No",,"Slight decrease","Slight decrease","","Population increase"
"18-90-95-90","Firewood",3,"Bale / Bundle","","No",,,"",,,"No",,"The same","The same","",""
"71-80-40-68","Firewood",10,"Other (please specify)","canoe","No",,,"",,,"No",,"Slight decrease","Massive decrease","","cutting trees"
"71-80-40-68","Honey",5,"Liters","","No",,,"",,,"No",,"Slight decrease","Massive decrease","","cutting trees"
"03-80-12-55","Firewood",20,"Bale / Bundle","","No",,,"",,,"No",,"The same","Slight decrease","",""
"03-80-12-55","Sand, stone, mud",80,"25kg bag","","No",,,"",,,"No",,"The same","Slight decrease","",""
"03-80-12-55","Wild fruits",20,"Kilograms","","No",,,"",,,"No",,"Slight decrease","Massive decrease","","not enough rain"
"03-80-12-55","Honey",5,"Liters","","No",,,"",,,"No",,"Slight decrease","Massive decrease","","cutting trees"
"03-05-82-85","Firewood",5,"Oxcart","","No",,,"",,,"No",,"Slight decrease","Slight decrease","","it's of high usage in the communities"
"96-34-34-83","Firewood",3,"Oxcart","","No",,,"",,,"No",,"Slight decrease","Massive decrease","","Deforestation"
"96-34-34-83","Wild fruits",1,"Basins","","No",,,"",,,"No",,"Slight decrease","Slight decrease","","No enough rain"
"84-86-67-50","Firewood",24,"Oxcart","","No",,,"",,,"No",,"The same","The same","",""
"65-50-61-63","Firewood",13,"Oxcart","","No",,,"",,,"No",,"Slight decrease","Slight decrease","","Over harvesting"
"65-50-61-63","Timber or poles",20,"Numbers","","No",,,"",,,"No",,"Slight decrease","Slight decrease","","Deforestation"
"65-50-61-63","Sand, stone, mud",2,"Oxcart","","No",,,"",,,"No",,"The same","The same","",""
"65-50-61-63","Other➡️specify",7,"Bunches","","No",,,"",,,"No",,"Slight decrease","Slight decrease","","Bush fires"
"14-25-07-27","Firewood",156,"Bunches","","No",,,"",,,"No",,"The same","Slight decrease","",""
"95-81-39-58","Firewood",20,"Bale / Bundle","","No",,,"",,,"No",,"Massive decrease","Massive decrease","","cutting trees"
"63-48-87-87","Firewood",6,"Oxcart","","No",,,"",,,"No",,"The same","The same","",""
"49-38-87-08","Firewood",2,"Oxcart","","No",,,"",,,"No",,"The same","The same","",""
"56-09-22-69","Firewood",12,"Oxcart","","No",,,"",,,"No",,"The same","The same","",""
"56-09-22-69","Sand, stone, mud",3,"Oxcart","","No",,,"",,,"No",,"The same","The same","",""
"56-09-22-69","Wild fruits",5,"Basins","","No",,,"",,,"No",,"Slight decrease","Slight decrease","","Bush fires"
"52-67-58-90","Firewood",30,"Bale / Bundle","","No",,,"",,,"No",,"The same","The same","",""
"61-51-30-74","Firewood",144,"Bale / Bundle","","No",,,"",,,"No",,"The same","The same","",""
"61-51-30-74","Wild fruits",10,"Numbers","","No",,,"",,,"No",,"The same","The same","",""
"90-75-70-65","Firewood",10,"Oxcart","","No",,,"",,,"No",,"Slight decrease","Slight decrease","","high practice of timber"
"90-75-70-65","Timber or poles",1,"Oxcart","","No",,,"",,,"No",,"Slight decrease","Slight decrease","","high practice of deforestation and timber"
"70-34-30-04","Firewood",2,"Oxcart","","No",,,"",,,"No",,"Massive decrease","Massive decrease","","Deforestation"
"70-34-30-04","Honey",1,"Liters","","No",,,"",,,"No",,"Massive decrease","Slight decrease","","Because of deforestation, there are no good trees."
"00-18-21-78","Firewood",2,"Bale / Bundle","","No",,,"",,,"No",,"The same","Slight decrease","",""
"80-41-37-09","Firewood",6,"Oxcart","","No",,,"",,,"No",,"Slight decrease","Slight decrease","","High practice of timber"
"80-41-37-09","Sand, stone, mud",8,"Oxcart","","No",,,"",,,"No",,"The same","The same","",""
"80-41-37-09","Wild fruits",3,"Basins","","No",,,"",,,"No",,"Slight decrease","Slight decrease","","Unnecessary burning of the forest and poor rainfall"
"62-10-09-84","Firewood",5,"Oxcart","","No",,,"",,,"No",,"The same","The same","",""
"62-10-09-84","Timber or poles",1,"Oxcart","","No",,,"",,,"No",,"Slight decrease","Slight decrease","","high practice of deforestation"
"62-10-09-84","Sand, stone, mud",12,"Oxcart","","No",,,"",,,"No",,"The same","The same","",""
"62-10-09-84","Wild fruits",2,"Basins","","No",,,"",,,"No",,"Slight decrease","Slight decrease","","poor rainfall"
"62-10-09-84","Mushrooms",2,"10kg bag","","No",,,"",,,"No",,"Slight decrease","Slight decrease","","poor rainfall"
"14-78-47-78","Firewood",6,"Oxcart","","No",,,"",,,"No",,"The same","The same","",""
"07-03-43-18","Firewood",10,"Oxcart","","No",,,"",,,"No",,"Slight decrease","Slight decrease","","over harvesting"
"07-03-43-18","Sand, stone, mud",2,"Oxcart","","No",,,"",,,"No",,"The same","The same","",""
"87-80-74-34","Firewood",144,"Bale / Bundle","","No",,,"",,,"No",,"Slight decrease","Slight decrease","","climate change"
"87-80-74-34","Wild fruits",1,"Basins","","No",,,"",,,"No",,"The same","The same","",""
"39-19-95-41","Firewood",7,"Oxcart","","No",,,"",,,"No",,"The same","The same","",""
"39-19-95-41","Wild fruits",4,"Basins","","No",,,"",,,"No",,"The same","The same","",""
"39-19-95-41","Mushrooms",1,"Basins","","No",,,"",,,"No",,"Slight decrease","The same","","There was no enough rain"
"13-94-38-36","Firewood",12,"Oxcart","","No",,,"",,,"Yes",400,"Slight decrease","Massive decrease","","Deforestation"
"13-94-38-36","Wild fruits",1,"50 kg bag","","No",,,"",,,"No",,"The same","The same","",""
"64-10-30-77","Firewood",300,"Bale / Bundle","","No",,,"",,,"No",,"Slight decrease","Massive decrease","","People cutting wood for timber"
"98-88-46-23","Firewood",2,"Bale / Bundle","","No",,,"",,,"No",,"The same","The same","",""
"35-26-63-26","Firewood",144,"Bale / Bundle","","No",,,"",,,"No",,"Slight decrease","Slight decrease","","High Population density"
"35-26-63-26","Timber or poles",1,"Oxcart","","Yes",1,"Oxcart","","Yes",20,"No",,"Slight decrease","Slight decrease","","People cut down timber for sale"
"77-44-63-61","Firewood",13,"Oxcart","","No",,,"",,,"No",,"Massive decrease","Massive decrease","","Deforestation"
"77-44-63-61","Wild fruits",15,"Basins","","No",,,"",,,"No",,"Slight decrease","Slight decrease","","Forest fires"
"77-44-63-61","Small game (warthog, duiker, turtle, wild birds)",3,"Numbers","","No",,,"",,,"No",,"The same","The same","",""
"26-64-90-32","Firewood",52,"Other (please specify)","Ox-drawn Slag","No",,,"",,,"No",,"Slight decrease","Slight decrease","","Extensions of farming fields and excessive burning"
"15-44-39-66","Firewood",10,"Oxcart","","No",,,"",,,"No",,"Slight decrease","Massive decrease","","Deforestation"
"15-44-39-66","Mushrooms",1,"Basins","","No",,,"",,,"No",,"The same","The same","",""
"97-96-32-80","Firewood",12,"Oxcart","","No",,,"",,,"No",,"The same","Slight decrease","",""
"97-96-32-80","Timber or poles",136,"Numbers","","No",,,"",,,"Yes",20,"The same","Slight decrease","",""
"65-28-62-87","Firewood",12,"Oxcart","","No",,,"",,,"No",,"Slight decrease","Massive decrease","","Deforestation"
"91-95-41-16","Firewood",12,"Oxcart","","No",,,"",,,"No",,"The same","Slight decrease","",""
"65-02-00-05","Firewood",1,"Bale / Bundle","","No",,,"",,,"No",,"The same","The same","",""
"65-02-00-05","Wild fruits",2,"10kg bag","","No",,,"",,,"No",,"Slight decrease","Slight decrease","","high deforestation rates"
"48-22-83-32","Firewood",15,"Bale / Bundle","","No",,,"",,,"No",,"Slight decrease","Massive decrease","","cutting trees"
"48-22-83-32","Sand, stone, mud",5,"Oxcart","","No",,,"",,,"No",,"The same","The same","",""
"48-22-83-32","Wild fruits",1,"Tins (eg milk tins)","","No",,,"",,,"No",,"Slight decrease","Massive decrease","","cutting trees"
"53-04-96-58","Firewood",144,"Bunches","","No",,,"",,,"No",,"Slight decrease","Slight decrease","","defrostation"
"93-77-89-30","Firewood",1,"Oxcart","","No",,,"",,,"Yes",100,"Slight decrease","Slight decrease","","Deforestation"
"03-06-71-34","Firewood",10,"Oxcart","","No",,,"",,,"No",,"The same","The same","",""
"03-06-71-34","Wild fruits",200,"Kilograms","","No",,,"",,,"No",,"The same","Slight decrease","",""
"03-06-71-34","Medicinal plants",10,"Basins","","No",,,"",,,"No",,"Slight decrease","Slight decrease","","Unsustainable harvesting methods"
"03-06-71-34","Small game (warthog, duiker, turtle, wild birds)",3,"Numbers","","No",,,"",,,"No",,"The same","The same","",""
"38-24-53-68","Firewood",2,"Oxcart","","No",,,"",,,"No",,"Slight decrease","Massive decrease","","Because of the timber dealers"
"38-24-53-68","Mushrooms",2,"Basins","","No",,,"",,,"No",,"The same","The same","",""
"76-44-39-80","Firewood",6,"Oxcart","","No",,,"",,,"No",,"Massive decrease","Massive decrease","","Deforestation"
"76-44-39-80","Wild fruits",1,"Basins","","No",,,"",,,"No",,"The same","The same","",""
"76-44-39-80","Mushrooms",2,"Basins","","No",,,"",,,"No",,"The same","The same","",""
"17-98-15-90","Firewood",9,"Oxcart","","No",,,"",,,"No",,"Massive decrease","Massive decrease","","Because of timber dealers"
"43-89-48-48","Firewood",10,"Bale / Bundle","","No",,,"",,,"No",,"The same","The same","",""
"43-89-48-48","Wild fruits",25,"Kilograms","","No",,,"",,,"No",,"Slight decrease","Massive decrease","","not enough rain"
"46-95-44-44","Firewood",13,"Oxcart","","No",,,"",,,"No",,"Slight decrease","Slight decrease","","Over harvesting"
"46-95-44-44","Wild fruits",5,"Basins","","No",,,"",,,"No",,"Slight decrease","Slight decrease","","Forest fires"
"46-95-44-44","Other➡️specify",2,"Oxcart","","No",,,"",,,"No",,"The same","The same","",""
"79-36-03-31","Firewood",144,"Bale / Bundle","","No",,,"",,,"No",,"Slight decrease","Slight decrease","","Because of people cutting down forests for timber"
"37-08-68-08","Firewood",5,"Oxcart","","No",,,"",,,"No",,"Slight increase","Slight decrease","no practice of deforestation",""
"37-08-68-08","Mushrooms",5,"Numbers","","No",,,"",,,"No",,"Slight decrease","Slight decrease","","low rainfall"
"76-66-08-56","Firewood",144,"Bunches","","No",,,"",,,"No",,"Slight decrease","Slight decrease","","defrostation and timber production"
"76-66-08-56","Timber or poles",45,"Numbers","","No",,,"",,,"No",,"Slight decrease","Massive decrease","","many people cutting down trees for building houses, courtyards and timber production"
"76-66-08-56","Other➡️specify",10,"Bale / Bundle","","No",,,"",,,"No",,"The same","The same","",""
"84-78-41-82","Firewood",12,"Oxcart","","No",,,"",,,"No",,"Slight decrease","Slight increase","","Because the area is rich 8n vegetation"
"84-78-41-82","Other➡️specify",1,"Oxcart","","No",,,"",,,"No",,"Slight increase","Slight decrease","Because they do not burn in the area",""
"33-73-65-41","Firewood",2,"Bale / Bundle","","No",,,"",,,"No",,"The same","The same","",""
"33-73-65-41","Wild fruits",2,"10kg bag","","No",,,"",,,"No",,"Slight decrease","Slight decrease","","Bush fire"
"15-05-96-27","Firewood",30,"Bale / Bundle","","No",,,"",,,"No",,"Slight decrease","Massive decrease","","cutting trees"
"15-05-96-27","Wild fruits",5,"Kilograms","","No",,,"",,,"No",,"Slight decrease","Massive decrease","","wild animals"
"04-08-02-81","Firewood",5,"Oxcart","","No",,,"",,,"No",,"Slight decrease","Massive decrease","","Because of timber dealers."
"04-08-02-81","Wild fruits",1,"Tins (eg milk tins)","","No",,,"",,,"No",,"The same","Slight increase","",""
"48-12-37-19","Firewood",7,"Oxcart","","No",,,"",,,"No",,"Slight increase","Slight decrease","Low practice of deforestation",""
"48-12-37-19","Sand, stone, mud",2,"Oxcart","","No",,,"",,,"No",,"The same","The same","",""
"99-22-87-46","Firewood",2,"Bale / Bundle","","No",,,"",,,"No",,"The same","The same","",""
"99-22-87-46","Wild fruits",2,"10kg bag","","No",,,"",,,"No",,"Slight decrease","Slight decrease","","Drought and Bush fire"
"05-46-14-17","Firewood",10,"Bale / Bundle","","No",,,"",,,"No",,"Slight decrease","Massive decrease","","cutting trees"
"05-46-14-17","Wild fruits",1,"Tins (eg milk tins)","","No",,,"",,,"No",,"Slight decrease","Massive decrease","","cutting trees and not enough rain"
"05-46-14-17","Mushrooms",5,"Numbers","","No",,,"",,,"No",,"Slight decrease","Massive decrease","","not enough rain"
"21-68-94-15","Firewood",12,"Oxcart","","No",,,"",,,"No",,"The same","Massive decrease","",""
"40-56-04-29","Firewood",20,"Bale / Bundle","","No",,,"",,,"No",,"Slight decrease","Massive decrease","","cutting trees"
"40-56-04-29","Sand, stone, mud",20,"Other (please specify)","buckets","No",,,"",,,"No",,"Slight decrease","Massive decrease","","most people in the area live in mud houses"
"58-04-84-61","Firewood",4,"Oxcart","","No",,,"",,,"No",,"Massive decrease","Massive decrease","","population increase"
"58-04-84-61","Wild fruits",2,"Basins","","No",,,"",,,"No",,"The same","The same","",""
"92-36-21-21","Firewood",4,"Oxcart","","No",,,"",,,"No",,"Massive decrease","Massive decrease","","Deforestation"
"92-36-21-21","Wild fruits",1,"Basins","","No",,,"",,,"No",,"The same","The same","",""
"14-57-41-87","Firewood",5,"Oxcart","","No",,,"",,,"No",,"Massive decrease","Massive decrease","","Deforestation"
"96-30-76-58","Firewood",9,"Oxcart","","No",,,"",,,"No",,"Slight decrease","Slight increase","","Overharvesting"
"96-30-76-58","Timber or poles",35,"Numbers","","No",,,"",,,"No",,"The same","The same","",""
"96-30-76-58","Sand, stone, mud",3,"Oxcart","","No",,,"",,,"No",,"The same","The same","",""
"96-30-76-58","Medicinal plants",5,"Basins","","No",,,"",,,"No",,"The same","The same","",""
"94-10-09-72","Firewood",8,"Bale / Bundle","","No",,,"",,,"No",,"Slight decrease","Massive decrease","","cutting trees"
"94-10-09-72","Sand, stone, mud",19,"Other (please specify)","canoe","No",,,"",,,"No",,"The same","The same","",""
"94-10-09-72","Wild fruits",1,"Tins (eg milk tins)","","No",,,"",,,"No",,"Slight decrease","Massive decrease","","not enough rain and wild animals"
"94-10-09-72","Mushrooms",3,"Numbers","","No",,,"",,,"No",,"Massive decrease","Massive decrease","","not enough rain"
"63-44-25-02","Firewood",96,"Bale / Bundle","","No",,,"",,,"No",,"Slight increase","The same","Because people are few",""
"66-67-56-06","Firewood",14,"Oxcart","","No",,,"",,,"No",,"Slight decrease","Slight decrease","","Over harvesting"
"66-67-56-06","Timber or poles",20,"Numbers","","No",,,"",,,"No",,"The same","The same","",""
"66-67-56-06","Sand, stone, mud",2,"Oxcart","","No",,,"",,,"No",,"The same","The same","",""
"66-67-56-06","Wild fruits",15,"Basins","","No",,,"",,,"No",,"The same","The same","",""
"61-94-69-82","Firewood",216,"Bale / Bundle","","No",,,"",,,"No",,"Slight decrease","Slight decrease","","Population growth and all the people depend on the wood"
"72-52-17-18","Firewood",4,"Oxcart","","No",,,"",,,"No",,"Slight increase","Slight increase","low practice of deforestation",""
"72-52-17-18","Sand, stone, mud",4,"Oxcart","","No",,,"",,,"No",,"The same","The same","",""
"72-52-17-18","Mushrooms",2,"Basins","","No",,,"",,,"No",,"Slight decrease","Slight decrease","","poor rainfall"
"90-79-08-36","Firewood",15,"Oxcart","","No",,,"",,,"No",,"Slight decrease","Slight decrease","","Deforestation"
