interview__key,ctry,region,consti,ea,hhid,res_ident,attempt_1,reason_not_interviewed,reason_not_interviewed_other,replacement,is_replacement,interviewed_consent,res_head,res_rel,interview_possible
"77-20-39-35","Namibia","Zambezi","Katima Mulilo Rural","Mafuta 1","300011010203","Yes",,,"",,"No",1,"Head of the household",,"Yes"
"71-78-53-70","Namibia","Zambezi","Katima Mulilo Rural","Mafuta 1","300011010208","Yes",,,"",,"No",1,"Head of the household",,"Yes"
"46-91-82-56","Namibia","Zambezi","Katima Mulilo Rural","Mafuta 1","300011010204","Yes",,,"",,"No",1,"Head of the household",,"Yes"
"20-85-85-47","Namibia","Zambezi","Katima Mulilo Rural","Mafuta 2","300011010310","Yes",,,"",,"No",1,"Representative of the head","Sister","Yes"
"34-53-75-33","Namibia","Zambezi","Katima Mulilo Rural","Mafuta 2","300011010313","No","Yes","Other (Specify)","Available","Yes","Yes",1,"Representative of the head","Spouse","Yes"
"56-13-50-35","Namibia","Zambezi","Katima Mulilo Rural","Mafuta 2","300011010305","Yes",,,"",,"No",1,"Head of the household",,"Yes"
"58-38-99-88","Namibia","Zambezi","Katima Mulilo Rural","Mafuta 1","300011010212","Yes",,,"",,"No",1,"Head of the household",,"Yes"
"81-26-40-75","Namibia","Zambezi","Katima Mulilo Rural","Mafuta 1","300011010213","Yes",,,"",,"No",1,"Head of the household",,"Yes"
"39-76-70-00","Namibia","Zambezi","Katima Mulilo Rural","Mafuta 2","300011010308","Yes",,,"",,"No",1,"Head of the household",,"Yes"
"84-11-99-46","Namibia","Zambezi","Katima Mulilo Rural","Mafuta 1","300011010207","Yes",,,"",,"No",1,"Representative of the head","Father","Yes"
"07-72-86-35","Namibia","Zambezi","Katima Mulilo Rural","Mafuta 2","300011010306","Yes",,,"",,"No",1,"Representative of the head","Spouse","Yes"
"76-67-31-58","Namibia","Zambezi","Katima Mulilo Rural","Mafuta 1","300011010202","Yes",,,"",,"No",1,"Head of the household",,"Yes"
"37-57-47-28","Namibia","Zambezi","Katima Mulilo Rural","Mafuta 2","300011010315","Yes",,,"",,"No",1,"Representative of the head","Spouse","Yes"
"01-40-66-32","Namibia","Zambezi","Katima Mulilo Rural","Mafuta 3","300011011015","Yes",,,"",,"No",1,"Head of the household",,"Yes"
"13-26-58-11","Namibia","Zambezi","Katima Mulilo Rural","Mafuta 3","300011011025","Yes",,,"",,"No",1,"Head of the household",,"Yes"
"53-48-83-71","Namibia","Zambezi","Katima Mulilo Rural","Mafuta 3","300011011003","Yes",,,"",,"No",1,"Representative of the head","Spouse","Yes"
"27-13-62-90","Namibia","Zambezi","Katima Mulilo Rural","Mafuta 1","300011010211","Yes",,,"",,"No",1,"Representative of the head","Mother","Yes"
"85-22-01-46","Namibia","Zambezi","Katima Mulilo Rural","Mafuta 2","300011010309","Yes",,,"",,"No",1,"Head of the household",,"Yes"
"69-98-12-23","Namibia","Zambezi","Katima Mulilo Rural","Mafuta 3","300011011018","Yes",,,"",,"No",1,"Head of the household",,"Yes"
"13-16-89-71","Namibia","Zambezi","Katima Mulilo Rural","Mafuta 1","300011010210","Yes",,,"",,"No",1,"Head of the household",,"Yes"
"56-66-41-20","Namibia","Zambezi","Katima Mulilo Rural","Mafuta 3","300011011004","No","Yes","None at home for extended amount of time","","Yes","Yes",1,"Head of the household",,"Yes"
"81-47-86-65","Namibia","Zambezi","Katima Mulilo Rural","Mafuta 2","300011010314","Yes",,,"",,"No",1,"Head of the household",,"Yes"
"93-67-97-18","Namibia","Zambezi","Katima Mulilo Rural","Mafuta 3","300011011021","Yes",,,"",,"No",1,"Representative of the head","Son","Yes"
"38-26-42-37","Namibia","Zambezi","Katima Mulilo Rural","Mafuta 3","300011011011","No","Yes","Household not found","","Yes","Yes",1,"Representative of the head","Spouse","Yes"
"05-99-34-61","Namibia","Zambezi","Katima Mulilo Rural","Mafuta 3","300011011005","Yes",,,"",,"No",1,"Head of the household",,"Yes"
"82-77-34-88","Namibia","Zambezi","Katima Mulilo Rural","Mafuta 3","300011011009","Yes",,,"",,"No",1,"Head of the household",,"Yes"
"58-42-23-81","Namibia","Zambezi","Katima Mulilo Rural","Mafuta 3","300011011019","Yes",,,"",,"No",1,"Head of the household",,"Yes"
"41-08-83-81","Namibia","Zambezi","Katima Mulilo Rural","Mafuta 3","300011011013","Yes",,,"",,"No",1,"Head of the household",,"Yes"
"37-72-45-16","Namibia","Zambezi","Katima Mulilo Rural","Mafuta 3","300011011012","Yes",,,"",,"No",1,"Representative of the head","Daughter","Yes"
"86-82-46-77","Namibia","Zambezi","Katima Mulilo Rural","Mafuta 3","300011011001","Yes",,,"",,"No",1,"Representative of the head","Daughter","Yes"
"35-59-75-62","Namibia","Zambezi","Katima Mulilo Rural","Mafuta 3","300011011016","Yes",,,"",,"No",1,"Head of the household",,"Yes"
"31-89-28-30","Namibia","Zambezi","Katima Mulilo Rural","Mafuta 3","300011011002","Yes",,,"",,"No",1,"Head of the household",,"Yes"
"61-82-08-02","Namibia","Zambezi","Katima Mulilo Rural","Mafuta 3","300011011014","Yes",,,"",,"No",1,"Representative of the head","Spouse","Yes"
"67-96-75-77","Namibia","Zambezi","Katima Mulilo Rural","Mafuta 1","300011010205","Yes",,,"",,"No",1,"Head of the household",,"Yes"
"19-03-14-53","Namibia","Zambezi","Katima Mulilo Rural","Mafuta 3","300011011022","No","Yes","Household not found","","Yes","Yes",1,"Representative of the head","Spouse","Yes"
"12-01-31-29","Namibia","Zambezi","Katima Mulilo Rural","Mafuta 3","300011011017","Yes",,,"",,"No",1,"Head of the household",,"Yes"
"16-72-17-16","Namibia","Zambezi","Katima Mulilo Rural","Mafuta 2","300011010301","Yes",,,"",,"No",1,"Head of the household",,"Yes"
"38-21-18-12","Namibia","Zambezi","Katima Mulilo Rural","Mafuta 2","300011010304","Yes",,,"",,"No",1,"Representative of the head","Spouse","Yes"
"75-80-02-90","Namibia","Zambezi","Katima Mulilo Rural","Mafuta 1","300011010215","Yes",,,"",,"No",1,"Representative of the head","Mother","Yes"
"43-41-21-85","Namibia","Zambezi","Katima Mulilo Rural","Mafuta 1","300011010206","Yes",,,"",,"No",1,"Head of the household",,"Yes"
"66-22-88-29","Namibia","Zambezi","Katima Mulilo Rural","Mafuta 3","300011011006","Yes",,,"",,"No",1,"Head of the household",,"Yes"
"42-66-53-78","Namibia","Zambezi","Katima Mulilo Rural","Mafuta 3","300011011024","Yes",,,"",,"No",1,"Representative of the head","Other female relative","Yes"
"19-23-31-06","Namibia","Zambezi","Katima Mulilo Rural","Mafuta 2","300011010302","Yes",,,"",,"No",1,"Head of the household",,"Yes"
"62-33-60-14","Namibia","Zambezi","Katima Mulilo Rural","Mafuta 3","300011011010","Yes",,,"",,"No",1,"Representative of the head","Spouse","Yes"
"89-36-04-43","Namibia","Zambezi","Katima Mulilo Rural","Mafuta 2","300011010312","Yes",,,"",,"No",1,"Representative of the head","Spouse","Yes"
"87-86-68-37","Namibia","Zambezi","Linyanti","Sitanta","300017054409","Yes",,,"",,"No",1,"Head of the household",,"Yes"
"12-94-76-31","Namibia","Zambezi","Kabbe North","Namyundu","300012021710","Yes",,,"",,"No",1,"Head of the household",,"Yes"
"25-74-03-84","Namibia","Zambezi","Kabbe South","Impalila North","300016043606","Yes",,,"",,"No",1,"Representative of the head","Spouse","Yes"
"98-23-98-25","Namibia","Zambezi","Sibbinda","Bito","300013032104","Yes",,,"",,"No",1,"Head of the household",,"Yes"
"01-01-07-49","Namibia","Zambezi","Kabbe South","Impalila North","300016043607","Yes",,,"",,"No",1,"Head of the household",,"Yes"
"05-21-83-90","Namibia","Zambezi","Katima Mulilo Rural","Mafuta 1","300011010214","Yes",,,"",,"No",1,"Head of the household",,"Yes"
"77-16-48-10","Namibia","Zambezi","Kabbe South","Impalila North","300016043612","Yes",,,"",,"No",1,"Head of the household",,"Yes"
"75-23-18-05","Namibia","Zambezi","Kabbe South","Impalila North","300016043613","Yes",,,"",,"No",1,"Head of the household",,"Yes"
"83-84-60-99","Namibia","Zambezi","Kabbe South","Kasika","300016054204","Yes",,,"",,"No",1,"Head of the household",,"Yes"
"56-18-51-85","Namibia","Zambezi","Kabbe South","Impalila North","300016043604","Yes",,,"",,"No",1,"Head of the household",,"Yes"
"26-38-66-11","Namibia","Zambezi","Kabbe South","Impalila North","300016043609","Yes",,,"",,"No",1,"Head of the household",,"Yes"
"46-68-27-34","Namibia","Zambezi","Kabbe North","Ntonda","300012021602","No","Yes","Household moved to unknown location","","Yes","Yes",1,"Head of the household",,"Yes"
"78-16-14-09","Namibia","Zambezi","Linyanti","Sitanta","300017054402","Yes",,,"",,"No",1,"Head of the household",,"Yes"
"01-32-09-43","Namibia","Zambezi","Sibbinda","Lusu","300013032314","Yes",,,"",,"No",1,"Head of the household",,"Yes"
"11-29-18-58","Namibia","Zambezi","Kabbe South","Kasika","300016054207","No","Yes","Household not found","","Yes","Yes",1,"Head of the household",,"Yes"
"53-42-47-52","Namibia","Zambezi","Kabbe South","Impalila North","300016043602","No","No",,"","Yes","Yes",1,"Representative of the head","Daughter","Yes"
"01-17-72-49","Namibia","Zambezi","Linyanti","Sitanta","300017054415","No","Yes","Household not found","","Yes","Yes",1,"Head of the household",,"Yes"
"40-86-48-02","Namibia","Zambezi","Kabbe South","Impalila North","300016043611","No","Yes","Other (Specify)","Household head's young brother passed on","Yes","Yes",1,"Head of the household",,"Yes"
"67-11-34-32","Namibia","Zambezi","Linyanti","Sitanta","300017054410","No","Yes","Other (Specify)","Deceased","Yes","Yes",1,"Head of the household",,"Yes"
"47-85-49-06","Namibia","Zambezi","Kabbe South","Impalila North","300016043608","Yes",,,"",,"No",1,"Head of the household",,"Yes"
"68-03-09-51","Namibia","Zambezi","Kabbe South","Impalila South","300016043702","Yes",,,"",,"No",1,"Head of the household",,"Yes"
"14-68-63-82","Namibia","Zambezi","Kabbe South","Impalila South","300016043708","Yes",,,"",,"No",1,"Head of the household",,"Yes"
"80-91-19-12","Namibia","Zambezi","Linyanti","Sitanta","300017054411","Yes",,,"",,"No",1,"Head of the household",,"Yes"
"25-98-38-14","Namibia","Zambezi","Linyanti","Sitanta","300017054414","Yes",,,"",,"No",1,"Head of the household",,"Yes"
"50-33-61-65","Namibia","Zambezi","Linyanti","Sitanta","300017054406","Yes",,,"",,"No",1,"Representative of the head","Spouse","Yes"
"88-90-25-85","Namibia","Zambezi","Linyanti","Sitanta","300017054412","No","Yes","Household moved to another village/town/district","","Yes","Yes",1,"Head of the household",,"Yes"
"04-83-20-68","Namibia","Zambezi","Kabbe South","Impalila South","300016043714","Yes",,,"",,"No",1,"Head of the household",,"Yes"
"09-59-67-21","Namibia","Zambezi","Kabbe South","Impalila South","300016043709","Yes",,,"",,"No",1,"Representative of the head","Daughter","Yes"
"35-03-03-59","Namibia","Zambezi","Sibbinda","Sachinga","300013032501","Yes",,,"",,"No",1,"Head of the household",,"Yes"
"10-50-64-24","Namibia","Zambezi","Kabbe South","Impalila North","300016043615","Yes",,,"",,"No",1,"Representative of the head","Daughter","Yes"
"13-56-95-25","Namibia","Zambezi","Kabbe South","Impalila South","300016043707","Yes",,,"",,"No",1,"Representative of the head","Niece","Yes"
"36-88-00-01","Namibia","Zambezi","Kabbe South","Kasika","300016054210","Yes",,,"",,"No",1,"Head of the household",,"Yes"
"63-25-21-02","Namibia","Zambezi","Kabbe South","Impalila South","300016043713","No","Yes","Household moved to unknown location","","Yes","Yes",1,"Head of the household",,"Yes"
"08-07-30-74","Namibia","Zambezi","Sibbinda","Bito","300013032112","Yes",,,"",,"No",1,"Head of the household",,"Yes"
"18-39-69-08","Namibia","Zambezi","Kabbe South","Impalila North","300016043603","Yes",,,"",,"No",1,"Representative of the head","Spouse","Yes"
"97-46-11-48","Namibia","Zambezi","Sibbinda","Makolanga","300013032613","Yes",,,"",,"No",1,"Head of the household",,"Yes"
"12-85-99-43","Namibia","Zambezi","Linyanti","Sitanta","300017054401","Yes",,,"",,"No",1,"Head of the household",,"Yes"
"55-14-49-61","Namibia","Zambezi","Kabbe South","Impalila North","300016043601","Yes",,,"",,"No",1,"Head of the household",,"Yes"
"94-26-98-86","Namibia","Zambezi","Kabbe South","Impalila South","300016043712","No","Yes","Household moved to unknown location","","Yes","Yes",1,"Head of the household",,"Yes"
"32-96-01-37","Namibia","Zambezi","Linyanti","Sitanta","300017054404","Yes",,,"",,"No",1,"Head of the household",,"Yes"
"41-92-38-71","Namibia","Zambezi","Linyanti","Sitanta","300017054413","No","Yes","Refused","","Yes","Yes",1,"Representative of the head","Spouse","Yes"
"43-40-50-14","Namibia","Zambezi","Linyanti","Sitanta","300017054407","Yes",,,"",,"No",1,"Head of the household",,"Yes"
"33-52-73-44","Namibia","Zambezi","Linyanti","Sitanta","300017054405","Yes",,,"",,"No",1,"Head of the household",,"Yes"
"17-65-44-15","Namibia","Zambezi","Linyanti","Sitanta","300017054408","Yes",,,"",,"No",1,"Head of the household",,"Yes"
"77-00-14-73","Namibia","Zambezi","Linyanti","Sitanta","300017054403","Yes",,,"",,"No",1,"Head of the household",,"Yes"
"78-98-94-60","Namibia","Zambezi","Kabbe South","Impalila North","300016043610","Yes",,,"",,"No",1,"Representative of the head","Spouse","Yes"
"50-51-12-24","Namibia","Zambezi","Sibbinda","Sachinga","300013032503","Yes",,,"",,"No",1,"Representative of the head","Daughter","Yes"
"45-72-98-81","Namibia","Zambezi","Kabbe South","Impalila South","300016043710","Yes",,,"",,"No",1,"Head of the household",,"Yes"
"98-20-22-18","Namibia","Zambezi","Kabbe South","Impalila South","300016043715","Yes",,,"",,"No",1,"Representative of the head","Granddaughter","Yes"
"12-87-62-64","Namibia","Zambezi","Sibbinda","Bito","300013032111","No","Yes","Household moved to unknown location","","Yes","Yes",1,"Head of the household",,"Yes"
"02-24-60-64","Namibia","Zambezi","Sibbinda","Sachinga","300013032506","Yes",,,"",,"No",1,"Head of the household",,"Yes"
"35-93-85-84","Namibia","Zambezi","Kabbe South","Impalila North","300016043614","Yes",,,"",,"No",1,"Head of the household",,"Yes"
"25-08-98-52","Namibia","Zambezi","Kabbe South","Impalila South","300016043711","Yes",,,"",,"No",1,"Head of the household",,"Yes"
"46-54-30-66","Namibia","Zambezi","Sibbinda","Bito","300013032109","Yes",,,"",,"No",1,"Head of the household",,"Yes"
"19-66-62-79","Namibia","Zambezi","Sibbinda","Bito","300013032105","No","Yes","None at home for extended amount of time","","Yes","Yes",1,"Head of the household",,"Yes"
"38-52-59-99","Namibia","Zambezi","Sibbinda","Bito","300013032107","Yes",,,"",,"No",1,"Head of the household",,"Yes"
"18-01-52-21","Namibia","Zambezi","Sibbinda","Bito","300013032106","Yes",,,"",,"No",1,"Head of the household",,"Yes"
"52-91-87-71","Namibia","Zambezi","Kabbe South","Impalila South","300016043705","No","Yes","Other (Specify)","In Zambia camping","Yes","Yes",1,"Head of the household",,"Yes"
"86-58-98-12","Namibia","Zambezi","Kabbe South","Impalila South","300016043706","Yes",,,"",,"No",1,"Head of the household",,"Yes"
"18-53-78-30","Namibia","Zambezi","Sibbinda","Bito","300013032103","Yes",,,"",,"No",1,"Representative of the head","Spouse","Yes"
"21-70-10-93","Namibia","Zambezi","Kabbe South","Impalila South","300016043703","Yes",,,"",,"No",1,"Head of the household",,"Yes"
"51-51-64-02","Namibia","Zambezi","Sibbinda","Bito","300013032113","Yes",,,"",,"No",1,"Representative of the head","Spouse","Yes"
"65-04-27-87","Namibia","Zambezi","Sibbinda","Sachinga","300013032509","No","Yes","Other (Specify)","The couple is not mentally stable for the interview","Yes","Yes",1,"Head of the household",,"Yes"
"26-67-17-34","Namibia","Zambezi","Sibbinda","Sachinga","300013032512","Yes",,,"",,"No",1,"Head of the household",,"Yes"
"12-55-61-25","Namibia","Zambezi","Sibbinda","Sachinga","300013032508","Yes",,,"",,"No",1,"Head of the household",,"Yes"
"70-21-00-12","Namibia","Zambezi","Kabbe South","Impalila South","300016043701","No","Yes","Other (Specify)","Household HEAD  in Zambia for Medical reasons","Yes","Yes",1,"Representative of the head","Spouse","Yes"
"09-96-00-56","Namibia","Zambezi","Sibbinda","Bito","300013032102","Yes",,,"",,"No",1,"Head of the household",,"Yes"
"93-46-32-90","Namibia","Zambezi","Sibbinda","Sachinga","300013032505","Yes",,,"",,"No",1,"Head of the household",,"Yes"
"39-76-52-63","Namibia","Zambezi","Sibbinda","Sachinga","300013032513","No","Yes","Household moved to another village/town/district","","Yes","Yes",1,"Head of the household",,"Yes"
"44-39-76-83","Namibia","Zambezi","Sibbinda","Sachinga","300013032514","Yes",,,"",,"No",1,"Representative of the head","Sister","Yes"
"57-92-68-31","Namibia","Zambezi","Sibbinda","Sachinga","300013032510","Yes",,,"",,"No",1,"Head of the household",,"Yes"
"70-75-80-97","Namibia","Zambezi","Kabbe South","Kasika","300016054215","Yes",,,"",,"No",1,"Head of the household",,"Yes"
"37-91-43-52","Namibia","Zambezi","Kabbe South","Kasika","300016054216","Yes",,,"",,"No",1,"Head of the household",,"Yes"
"93-94-95-33","Namibia","Zambezi","Kabbe South","Kasika","300016054201","Yes",,,"",,"No",1,"Head of the household",,"Yes"
"50-37-72-10","Namibia","Zambezi","Sibbinda","Makolanga","300013032603","Yes",,,"",,"No",1,"Head of the household",,"Yes"
"29-63-76-51","Namibia","Zambezi","Katima Mulilo Rural","Mafuta 1","300011010201","No","Yes","Other (Specify)","Deceased","Yes","Yes",1,"Head of the household",,"Yes"
"71-36-35-44","Namibia","Zambezi","Sibbinda","Bito","300013032115","Yes",,,"",,"No",1,"Head of the household",,"Yes"
"20-65-14-78","Namibia","Zambezi","Kabbe South","Kasika","300016054206","Yes",,,"",,"No",1,"Head of the household",,"Yes"
"60-95-57-22","Namibia","Zambezi","Kabbe North","Imukusi","300012021313","Yes",,,"",,"No",1,"Head of the household",,"Yes"
"17-61-49-75","Namibia","Zambezi","Sibbinda","Sachinga","300013032515","Yes",,,"",,"No",1,"Head of the household",,"Yes"
"02-95-98-52","Namibia","Zambezi","Kabbe South","Kasika","300016054214","Yes",,,"",,"No",1,"Head of the household",,"Yes"
"77-54-37-57","Namibia","Zambezi","Sibbinda","Sachinga","300013032511","Yes",,,"",,"No",1,"Head of the household",,"Yes"
"49-81-42-49","Namibia","Zambezi","Kabbe South","Kasika","300016054208","No","Yes","Household not found","","Yes","Yes",1,"Head of the household",,"Yes"
"07-97-99-00","Namibia","Zambezi","Sibbinda","Sachinga","300013032507","Yes",,,"",,"No",1,"Head of the household",,"Yes"
"61-38-38-57","Namibia","Zambezi","Sibbinda","Makolanga","300013032611","Yes",,,"",,"No",1,"Head of the household",,"Yes"
"80-45-81-35","Namibia","Zambezi","Katima Mulilo Rural","Liselo","300011010103","Yes",,,"",,"No",1,"Head of the household",,"Yes"
"47-70-03-35","Namibia","Zambezi","Kabbe South","Kasika","300016054211","Yes",,,"",,"No",1,"Head of the household",,"Yes"
"73-01-72-24","Namibia","Zambezi","Sibbinda","Lusu","300013032315","Yes",,,"",,"No",1,"Representative of the head","Niece","Yes"
"70-18-85-80","Namibia","Zambezi","Sibbinda","Bito","300013032101","No","Yes","Household moved to another village/town/district","","Yes","Yes",1,"Head of the household",,"Yes"
"59-96-51-48","Namibia","Zambezi","Katima Mulilo Rural","Liselo","300011010109","Yes",,,"",,"No",1,"Head of the household",,"Yes"
"47-24-68-80","Namibia","Zambezi","Sibbinda","Bito","300013032108","No","Yes","Household moved to unknown location","","Yes","Yes",1,"Head of the household",,"Yes"
"98-95-69-34","Namibia","Zambezi","Kabbe North","Imukusi","300012021302","Yes",,,"",,"No",1,"Head of the household",,"Yes"
"94-61-58-26","Namibia","Zambezi","Kabbe North","Imukusi","300012021305","Yes",,,"",,"No",1,"Representative of the head","Daughter","Yes"
"84-70-48-38","Namibia","Zambezi","Katima Mulilo Rural","Liselo","300011010102","Yes",,,"",,"No",1,"Representative of the head","Daughter","Yes"
"46-07-52-30","Namibia","Zambezi","Katima Mulilo Rural","Liselo","300011010110","Yes",,,"",,"No",1,"Head of the household",,"Yes"
"65-50-88-07","Namibia","Zambezi","Kabbe North","Imukusi","300012021303","No","No",,"","Yes","Yes",1,"Head of the household",,"Yes"
"05-43-02-62","Namibia","Zambezi","Sibbinda","Lusu","300013032316","No","Yes","Other (Specify)","Deceased","Yes","Yes",1,"Head of the household",,"Yes"
"83-84-84-67","Namibia","Zambezi","Kabbe North","Imukusi","300012021311","Yes",,,"",,"No",1,"Head of the household",,"Yes"
"16-35-19-29","Namibia","Zambezi","Kabbe North","Imukusi","300012021304","Yes",,,"",,"No",1,"Head of the household",,"Yes"
"83-90-14-37","Namibia","Zambezi","Katima Mulilo Rural","Liselo","300011010106","Yes",,,"",,"No",1,"Representative of the head","Spouse","Yes"
"56-16-94-47","Namibia","Zambezi","Katima Mulilo Rural","Liselo","300011010115","Yes",,,"",,"No",1,"Head of the household",,"Yes"
"16-24-71-47","Namibia","Zambezi","Katima Mulilo Rural","Liselo","300011010114","Yes",,,"",,"No",1,"Head of the household",,"Yes"
"22-33-09-47","Namibia","Zambezi","Kabbe North","Imukusi","300012021312","Yes",,,"",,"No",1,"Head of the household",,"Yes"
"89-17-95-50","Namibia","Zambezi","Sibbinda","Sibbinda 1","300013021904","Yes",,,"",,"No",1,"Head of the household",,"Yes"
"71-12-87-82","Namibia","Zambezi","Kabbe South","Kasika","300016054209","Yes",,,"",,"No",1,"Representative of the head","Daughter","Yes"
"93-78-86-25","Namibia","Zambezi","Kabbe South","Kasika","300016054203","Yes",,,"",,"No",1,"Head of the household",,"Yes"
"34-03-26-96","Namibia","Zambezi","Kabbe North","Imukusi","300012021307","Yes",,,"",,"No",1,"Head of the household",,"Yes"
"83-62-75-30","Namibia","Zambezi","Kabbe South","Kasika","300016054212","Yes",,,"",,"No",1,"Representative of the head","Mother","Yes"
"39-30-68-16","Namibia","Zambezi","Kabbe South","Kasika","300016054202","Yes",,,"",,"No",1,"Head of the household",,"Yes"
"25-67-10-82","Namibia","Zambezi","Kabbe North","Imukusi","300012021314","Yes",,,"",,"No",1,"Head of the household",,"Yes"
"87-90-13-56","Namibia","Zambezi","Kabbe North","Imukusi","300012021306","Yes",,,"",,"No",1,"Representative of the head","Daughter","Yes"
"38-81-07-74","Namibia","Zambezi","Sibbinda","Sachinga","300013032502","Yes",,,"",,"No",1,"Head of the household",,"Yes"
"29-17-63-12","Namibia","Zambezi","Kabbe South","Kasika","300016054213","Yes",,,"",,"No",1,"Representative of the head","Spouse","Yes"
"09-87-36-18","Namibia","Zambezi","Sibbinda","Masokotwane","300013032204","Yes",,,"",,"No",1,"Representative of the head","Granddaughter","Yes"
"37-47-43-04","Namibia","Zambezi","Sibbinda","Sibbinda 1","300013021908","Yes",,,"",,"No",1,"Representative of the head","Daughter","Yes"
"19-94-92-45","Namibia","Zambezi","Sibbinda","Masokotwane","300013032207","Yes",,,"",,"No",1,"Head of the household",,"Yes"
"01-51-77-20","Namibia","Zambezi","Sibbinda","Lusu","300013032305","Yes",,,"",,"No",1,"Head of the household",,"Yes"
"14-21-66-73","Namibia","Zambezi","Sibbinda","Masokotwane","300013032210","Yes",,,"",,"No",1,"Head of the household",,"Yes"
"10-12-38-23","Namibia","Zambezi","Sibbinda","Sibbinda 1","300013021913","Yes",,,"",,"No",1,"Head of the household",,"Yes"
"06-71-23-79","Namibia","Zambezi","Katima Mulilo Rural","Mpyuu","300011010709","No","Yes","Other (Specify)","Respondent not available to be interviewed. He is angry and we couldn't change his mind to accept To Be interviewed. I informed my supervisor Vanessa","Yes","Yes",1,"Head of the household",,"Yes"
"09-86-92-43","Namibia","Zambezi","Sibbinda","Lusu","300013032303","Yes",,,"",,"No",1,"Head of the household",,"Yes"
"65-52-71-81","Namibia","Zambezi","Sibbinda","Masokotwane","300013032211","No","Yes","Other (Specify)","Deceased","Yes","Yes",1,"Representative of the head","Spouse","Yes"
"88-09-14-40","Namibia","Zambezi","Sibbinda","Sibbinda 1","300013021901","Yes",,,"",,"No",1,"Head of the household",,"Yes"
"51-32-55-02","Namibia","Zambezi","Katima Mulilo Rural","Mpyuu","300011010701","Yes",,,"",,"No",1,"Head of the household",,"Yes"
"25-85-18-57","Namibia","Zambezi","Sibbinda","Masokotwane","300013032214","Yes",,,"",,"No",1,"Head of the household",,"Yes"
"08-01-73-79","Namibia","Zambezi","Sibbinda","Sibbinda 1","300013021909","No","Yes","Household moved to another village/town/district","","Yes","Yes",1,"Representative of the head","Daughter","Yes"
"30-31-42-54","Namibia","Zambezi","Katima Mulilo Rural","Mpyuu","300011010703","Yes",,,"",,"No",1,"Head of the household",,"Yes"
"59-41-41-82","Namibia","Zambezi","Sibbinda","Sibbinda 1","300013021911","Yes",,,"",,"No",1,"Representative of the head","Daughter","Yes"
"86-80-66-75","Namibia","Zambezi","Sibbinda","Sibbinda 1","300013021902","Yes",,,"",,"No",1,"Representative of the head","Nephew","Yes"
"36-82-19-46","Namibia","Zambezi","Sibbinda","Masokotwane","300013032213","Yes",,,"",,"No",1,"Representative of the head","Grandson","Yes"
"87-16-84-48","Namibia","Zambezi","Sibbinda","Masokotwane","300013032202","Yes",,,"",,"No",1,"Representative of the head","Spouse","Yes"
"85-15-56-74","Namibia","Zambezi","Sibbinda","Sibbinda 1","300013021907","Yes",,,"",,"No",1,"Head of the household",,"Yes"
"99-52-45-97","Namibia","Zambezi","Kabbe North","Imukusi","300012021301","No","Yes","Household not found","","Yes","Yes",1,"Head of the household",,"Yes"
"22-42-05-31","Namibia","Zambezi","Kabbe North","Imukusi","300012021310","Yes",,,"",,"No",1,"Head of the household",,"Yes"
"17-88-76-49","Namibia","Zambezi","Katima Mulilo Rural","Mafuta 3","300011011023","No","Yes","Other (Specify)","Withdrew","Yes","Yes",1,"Head of the household",,"Yes"
"95-93-26-61","Namibia","Zambezi","Sibbinda","Masokotwane","300013032201","Yes",,,"",,"No",1,"Head of the household",,"Yes"
"66-25-20-13","Namibia","Zambezi","Sibbinda","Lusu","300013032301","Yes",,,"",,"No",1,"Head of the household",,"Yes"
"56-49-46-49","Namibia","Zambezi","Katima Mulilo Rural","Chabalala","300011010602","No","Yes","Household moved to another village/town/district","","Yes","Yes",1,"Representative of the head","Daughter","Yes"
"00-63-35-41","Namibia","Zambezi","Kabbe North","Libula","300012021811","Yes",,,"",,"No",1,"Head of the household",,"Yes"
"35-73-88-21","Namibia","Zambezi","Kabbe North","Libula","300012021813","Yes",,,"",,"No",1,"Head of the household",,"Yes"
"90-22-40-74","Namibia","Zambezi","Katima Mulilo Rural","Miyako","300011021115","Yes",,,"",,"No",1,"Head of the household",,"Yes"
"71-58-33-81","Namibia","Zambezi","Katima Mulilo Rural","Miyako","300011021109","No","Yes","Household moved to unknown location","","Yes","Yes",1,"Head of the household",,"Yes"
"85-67-71-58","Namibia","Zambezi","Sibbinda","Masokotwane","300013032209","Yes",,,"",,"No",1,"Head of the household",,"Yes"
"01-61-71-69","Namibia","Zambezi","Kabbe North","Libula South","300012054322","Yes",,,"",,"No",1,"Representative of the head","Spouse","Yes"
"75-50-19-75","Namibia","Zambezi","Sibbinda","Makolanga","300013032612","No","No",,"","Yes","Yes",1,"Representative of the head","Spouse","Yes"
"89-26-96-48","Namibia","Zambezi","Sibbinda","Makolanga","300013032601","No","Yes","Household moved to unknown location","","Yes","Yes",1,"Head of the household",,"Yes"
"73-20-13-57","Namibia","Zambezi","Sibbinda","Makolanga","300013032605","Yes",,,"",,"No",1,"Head of the household",,"Yes"
"55-53-09-17","Namibia","Zambezi","Katima Mulilo Rural","Miyako","300011021106","Yes",,,"",,"No",1,"Head of the household",,"Yes"
"16-20-70-88","Namibia","Zambezi","Katima Mulilo Rural","Liselo","300011010108","No","Yes","Household moved to another village/town/district","","Yes","Yes",1,"Head of the household",,"Yes"
"14-74-46-71","Namibia","Zambezi","Katima Mulilo Rural","Miyako","300011021108","No","Yes","Other (Specify)","household is in prison","Yes","Yes",1,"Head of the household",,"Yes"
"15-43-32-03","Namibia","Zambezi","Katima Mulilo Rural","Miyako","300011021105","Yes",,,"",,"No",1,"Head of the household",,"Yes"
"62-79-94-11","Namibia","Zambezi","Katima Mulilo Rural","Miyako","300011021103","Yes",,,"",,"No",1,"Head of the household",,"Yes"
"74-11-35-62","Namibia","Zambezi","Sibbinda","Masokotwane","300013032206","Yes",,,"",,"No",1,"Head of the household",,"Yes"
"07-05-49-00","Namibia","Zambezi","Katima Mulilo Rural","Miyako","300011021113","Yes",,,"",,"No",1,"Head of the household",,"Yes"
"12-21-07-33","Namibia","Zambezi","Sibbinda","Masokotwane","300013032212","Yes",,,"",,"No",1,"Head of the household",,"Yes"
"23-59-76-04","Namibia","Zambezi","Sibbinda","Makolanga","300013032610","No","Yes","Household not found","","Yes","Yes",1,"Head of the household",,"Yes"
"93-87-90-66","Namibia","Zambezi","Katima Mulilo Rural","Mpyuu","300011010706","Yes",,,"",,"No",1,"Head of the household",,"Yes"
"16-34-09-13","Namibia","Zambezi","Sibbinda","Makolanga","300013032604","No","Yes","Household not found","","Yes","Yes",1,"Head of the household",,"Yes"
"85-82-50-77","Namibia","Zambezi","Sibbinda","Makolanga","300013032609","No","Yes","Household moved to unknown location","","Yes","Yes",1,"Head of the household",,"Yes"
"89-27-41-66","Namibia","Zambezi","Katima Mulilo Rural","Mpyuu","300011010705","Yes",,,"",,"No",1,"Head of the household",,"Yes"
"22-81-16-32","Namibia","Zambezi","Katima Mulilo Rural","Miyako","300011021107","No","Yes","Household not found","","Yes","Yes",1,"Head of the household",,"Yes"
"54-44-06-88","Namibia","Zambezi","Katima Mulilo Rural","Miyako","300011021114","Yes",,,"",,"No",1,"Representative of the head","Daughter","Yes"
"47-49-80-52","Namibia","Zambezi","Katima Mulilo Rural","Miyako","300011021102","Yes",,,"",,"No",1,"Head of the household",,"Yes"
"93-73-35-44","Namibia","Zambezi","Sibbinda","Makolanga","300013032606","Yes",,,"",,"No",1,"Head of the household",,"Yes"
"08-77-46-38","Namibia","Zambezi","Kabbe North","Libula South","300012054309","Yes",,,"",,"No",1,"Head of the household",,"Yes"
"85-57-73-17","Namibia","Zambezi","Katima Mulilo Rural","Miyako","300011021104","No","Yes","Household moved to another village/town/district","","Yes","Yes",1,"Representative of the head","Spouse","Yes"
"48-05-99-35","Namibia","Zambezi","Katima Mulilo Rural","Miyako","300011021110","No","Yes","Other (Specify)","Got Arrested","Yes","Yes",1,"Representative of the head","Spouse","Yes"
"67-13-56-73","Namibia","Zambezi","Katima Mulilo Rural","Chabalala","300011010601","Yes",,,"",,"No",1,"Head of the household",,"Yes"
"97-33-85-90","Namibia","Zambezi","Katima Mulilo Rural","Miyako","300011021111","Yes",,,"",,"No",1,"Head of the household",,"Yes"
"10-54-97-94","Namibia","Zambezi","Sibbinda","Masokotwane","300013032205","Yes",,,"",,"No",1,"Head of the household",,"Yes"
"50-35-50-04","Namibia","Zambezi","Sibbinda","Masokotwane","300013032203","Yes",,,"",,"No",1,"Head of the household",,"Yes"
"62-96-39-45","Namibia","Zambezi","Sibbinda","Makolanga","300013032614","Yes",,,"",,"No",1,"Representative of the head","Spouse","Yes"
"44-55-26-98","Namibia","Zambezi","Katima Mulilo Rural","Miyako","300011021112","Yes",,,"",,"No",1,"Head of the household",,"Yes"
"93-47-96-78","Namibia","Zambezi","Katima Mulilo Rural","Bukalo A","300011010408","Yes",,,"",,"No",1,"Head of the household",,"Yes"
"18-43-28-32","Namibia","Zambezi","Sibbinda","Sibbinda 1","300013021903","Yes",,,"",,"No",1,"Head of the household",,"Yes"
"37-21-15-22","Namibia","Zambezi","Katima Mulilo Rural","Bukalo A","300011010414","No","Yes","None at home for extended amount of time","","Yes","Yes",1,"Head of the household",,"Yes"
"87-15-89-67","Namibia","Zambezi","Katima Mulilo Rural","Bukalo B","300011010507","Yes",,,"",,"No",1,"Representative of the head","Daughter","Yes"
"79-26-09-22","Namibia","Zambezi","Katima Mulilo Rural","Mpyuu","300011010714","Yes",,,"",,"No",1,"Head of the household",,"Yes"
"75-05-90-14","Namibia","Zambezi","Katima Mulilo Rural","Mpyuu","300011010702","Yes",,,"",,"No",1,"Head of the household",,"Yes"
"24-85-21-24","Namibia","Zambezi","Katima Mulilo Rural","Bukalo A","300011010403","No","Yes","Other (Specify)","Judith was interviewed during another replacement","Yes","Yes",1,"Head of the household",,"Yes"
"91-48-78-65","Namibia","Zambezi","Katima Mulilo Rural","Bukalo B","300011010515","Yes",,,"",,"No",1,"Head of the household",,"Yes"
"32-52-77-66","Namibia","Zambezi","Katima Mulilo Rural","Chabalala","300011010610","Yes",,,"",,"No",1,"Head of the household",,"Yes"
"26-89-84-58","Namibia","Zambezi","Katima Mulilo Rural","Bukalo B","300011010503","Yes",,,"",,"No",1,"Representative of the head","Spouse","Yes"
"59-38-71-66","Namibia","Zambezi","Katima Mulilo Rural","Mpyuu","300011010712","Yes",,,"",,"No",1,"Head of the household",,"Yes"
"02-07-52-84","Namibia","Zambezi","Katima Mulilo Rural","Bukalo B","300011010513","Yes",,,"",,"No",1,"Representative of the head","Daughter","Yes"
"77-80-39-86","Namibia","Zambezi","Katima Mulilo Rural","Bukalo B","300011010509","Yes",,,"",,"No",1,"Head of the household",,"Yes"
"72-51-39-42","Namibia","Zambezi","Katima Mulilo Rural","Bukalo A","300011010409","Yes",,,"",,"No",1,"Head of the household",,"Yes"
"87-64-80-93","Namibia","Zambezi","Kongola","Mawizyu","300015043315","Yes",,,"",,"No",1,"Head of the household",,"Yes"
"36-99-07-56","Namibia","Zambezi","Katima Mulilo Rural","Bukalo B","300011010510","No","Yes","Household not found","","Yes","Yes",1,"Head of the household",,"Yes"
"75-89-92-79","Namibia","Zambezi","Katima Mulilo Rural","Bukalo A","300011010406","Yes",,,"",,"No",1,"Representative of the head","Daughter","Yes"
"44-34-32-32","Namibia","Zambezi","Sibbinda","Masokotwane","300013032208","Yes",,,"",,"No",1,"Head of the household",,"Yes"
"53-52-93-15","Namibia","Zambezi","Katima Mulilo Rural","Bukalo B","300011010502","Yes",,,"",,"No",1,"Head of the household",,"Yes"
"58-35-74-86","Namibia","Zambezi","Katima Mulilo Rural","Mpyuu","300011010707","Yes",,,"",,"No",1,"Representative of the head","Spouse","Yes"
"23-82-30-50","Namibia","Zambezi","Katima Mulilo Rural","Mpyuu","300011010711","Yes",,,"",,"No",1,"Representative of the head","Spouse","Yes"
"76-76-95-07","Namibia","Zambezi","Katima Mulilo Rural","Bukalo A","300011010405","Yes",,,"",,"No",1,"Head of the household",,"Yes"
"69-18-54-45","Namibia","Zambezi","Katima Mulilo Rural","Chabalala","300011010607","No","Yes","Dwelling destroyed","","Yes","Yes",1,"Head of the household",,"Yes"
"99-14-10-16","Namibia","Zambezi","Katima Mulilo Rural","Bukalo B","300011010505","Yes",,,"",,"No",1,"Head of the household",,"Yes"
"55-02-31-58","Namibia","Zambezi","Katima Mulilo Rural","Mpyuu","300011010710","Yes",,,"",,"No",1,"Head of the household",,"Yes"
"55-65-32-92","Namibia","Zambezi","Sibbinda","Lusu","300013032306","No","Yes","Other (Specify)","The old respondent passed away","Yes","Yes",1,"Head of the household",,"Yes"
"66-00-67-40","Namibia","Zambezi","Sibbinda","Sibbinda 1","300013021914","Yes",,,"",,"No",1,"Head of the household",,"Yes"
"41-51-06-54","Namibia","Zambezi","Katima Mulilo Rural","Chabalala","300011010612","Yes",,,"",,"No",1,"Head of the household",,"Yes"
"07-18-54-62","Namibia","Zambezi","Katima Mulilo Rural","Bukalo B","300011010508","Yes",,,"",,"No",1,"Representative of the head","Spouse","Yes"
"73-70-79-76","Namibia","Zambezi","Katima Mulilo Rural","Bukalo B","300011010504","Yes",,,"",,"No",1,"Head of the household",,"Yes"
"40-83-72-17","Namibia","Zambezi","Katima Mulilo Rural","Bukalo B","300011010511","Yes",,,"",,"No",0,,,
"23-74-18-51","Namibia","Zambezi","Sibbinda","Lusu","300013032304","No","Yes","Household moved to another village/town/district","","Yes","Yes",1,"Head of the household",,"Yes"
"18-88-43-52","Namibia","Zambezi","Sibbinda","Lusu","300013032310","Yes",,,"",,"No",1,"Head of the household",,"Yes"
"72-37-85-07","Namibia","Zambezi","Katima Mulilo Rural","Bukalo A","300011010404","Yes",,,"",,"No",1,"Head of the household",,"Yes"
"84-90-52-18","Namibia","Zambezi","Katima Mulilo Rural","Bukalo B","300011010501","Yes",,,"",,"No",1,"Representative of the head","Sister","Yes"
"94-23-16-05","Namibia","Zambezi","Katima Mulilo Rural","Bukalo B","300011010506","Yes",,,"",,"No",1,"Head of the household",,"Yes"
"52-32-19-59","Namibia","Zambezi","Sibbinda","Lusu","300013032317","Yes",,,"",,"No",1,"Head of the household",,"Yes"
"99-83-95-63","Namibia","Zambezi","Kongola","Gesthemane","300015043210","Yes",,,"",,"No",1,"Head of the household",,"Yes"
"46-29-66-50","Namibia","Zambezi","Sibbinda","Lusu","300013032311","Yes",,,"",,"No",1,"Representative of the head","Spouse","Yes"
"82-09-67-93","Namibia","Zambezi","Sibbinda","Sibbinda 1","300013021915","Yes",,,"",,"No",1,"Head of the household",,"Yes"
"53-00-44-01","Namibia","Zambezi","Sibbinda","Masokotwane","300013032215","Yes",,,"",,"No",1,"Head of the household",,"Yes"
"34-98-47-22","Namibia","Zambezi","Katima Mulilo Rural","25-26 Miles","300011010810","No","Yes","Household moved to another village/town/district","","Yes","Yes",1,"Head of the household",,"Yes"
"78-72-01-35","Namibia","Zambezi","Kabbe South","Impalila North","300016043605","Yes",,,"",,"No",1,"Head of the household",,"Yes"
"04-97-48-20","Namibia","Zambezi","Judea Lyaboloma","Lianshulu 1","300014032801","Yes",,,"",,"No",1,"Representative of the head","Daughter","Yes"
"99-10-52-87","Namibia","Zambezi","Katima Mulilo Rural","27-28 Miles","300011010908","Yes",,,"",,"No",1,"Head of the household",,"Yes"
"92-62-56-72","Namibia","Zambezi","Kongola","Gesthemane","300015043207","Yes",,,"",,"No",1,"Representative of the head","Spouse","Yes"
"39-32-10-47","Namibia","Zambezi","Judea Lyaboloma","Lianshulu 1","300014032804","Yes",,,"",,"No",1,"Head of the household",,"Yes"
"25-20-66-75","Namibia","Zambezi","Kongola","Gesthemane","300015043203","Yes",,,"",,"No",1,"Head of the household",,"Yes"
"98-95-69-84","Namibia","Zambezi","Kabbe South","Ngoma","300016043902","Yes",,,"",,"No",1,"Head of the household",,"Yes"
"18-35-44-26","Namibia","Zambezi","Katima Mulilo Rural","27-28 Miles","300011010902","Yes",,,"",,"No",1,"Representative of the head","Daughter","Yes"
"59-94-58-22","Namibia","Zambezi","Kongola","Gesthemane","300015043212","Yes",,,"",,"No",1,"Head of the household",,"Yes"
"40-32-33-96","Namibia","Zambezi","Katima Mulilo Rural","25-26 Miles","300011010809","Yes",,,"",,"No",1,"Representative of the head","Mother","Yes"
"18-30-46-42","Namibia","Zambezi","Judea Lyaboloma","Lianshulu 1","300014032802","Yes",,,"",,"No",1,"Representative of the head","Daughter","Yes"
"42-15-88-64","Namibia","Zambezi","Kabbe South","Kasika","300016054205","Yes",,,"",,"No",1,"Head of the household",,"Yes"
"19-83-07-46","Namibia","Zambezi","Judea Lyaboloma","Lianshulu 1","300014032815","Yes",,,"",,"No",1,"Head of the household",,"Yes"
"16-76-24-92","Namibia","Zambezi","Kongola","Mayuni","300015043411","Yes",,,"",,"No",1,"Representative of the head","Spouse","Yes"
"16-98-25-56","Namibia","Zambezi","Judea Lyaboloma","Lianshulu 2","300014032915","Yes",,,"",,"No",1,"Head of the household",,"Yes"
"08-81-97-68","Namibia","Zambezi","Katima Mulilo Rural","Miyako","300011021101","Yes",,,"",,"No",1,"Head of the household",,"Yes"
"90-75-59-18","Namibia","Zambezi","Kongola","Gesthemane","300015043213","Yes",,,"",,"No",1,"Representative of the head","Niece","Yes"
"01-70-02-35","Namibia","Zambezi","Kabbe South","Ngoma","300016043903","Yes",,,"",,"No",1,"Head of the household",,"Yes"
"23-94-09-23","Namibia","Zambezi","Kabbe South","Ngoma","300016043905","Yes",,,"",,"No",1,"Representative of the head","Niece","Yes"
"08-72-61-50","Namibia","Zambezi","Sibbinda","Lusu","300013032312","Yes",,,"",,"No",1,"Representative of the head","Spouse","Yes"
"83-59-21-47","Namibia","Zambezi","Judea Lyaboloma","Nongozi","300014033005","Yes",,,"",,"No",1,"Head of the household",,"Yes"
"78-07-95-11","Namibia","Zambezi","Judea Lyaboloma","Sachona","300014032711","Yes",,,"",,"No",1,"Head of the household",,"Yes"
"70-58-67-82","Namibia","Zambezi","Kabbe South","Ngoma","300016043911","Yes",,,"",,"No",1,"Head of the household",,"Yes"
"47-04-86-67","Namibia","Zambezi","Sibbinda","Sibbinda 2","300013022012","Yes",,,"",,"No",1,"Head of the household",,"Yes"
"92-02-45-21","Namibia","Zambezi","Kongola","Mayuni","300015043414","Yes",,,"",,"No",1,"Head of the household",,"Yes"
"88-75-68-17","Namibia","Zambezi","Kabbe South","Ngoma","300016043906","Yes",,,"",,"No",1,"Head of the household",,"Yes"
"24-82-46-82","Namibia","Zambezi","Kabbe South","Ngoma","300016043914","Yes",,,"",,"No",1,"Head of the household",,"Yes"
"21-42-97-88","Namibia","Zambezi","Judea Lyaboloma","Lianshulu 2","300014032904","Yes",,,"",,"No",1,"Head of the household",,"Yes"
"87-09-20-52","Namibia","Zambezi","Katima Mulilo Rural","27-28 Miles","300011010912","Yes",,,"",,"No",1,"Head of the household",,"Yes"
"68-10-75-89","Namibia","Zambezi","Judea Lyaboloma","Lianshulu 1","300014032810","Yes",,,"",,"No",1,"Head of the household",,"Yes"
"43-52-85-97","Namibia","Zambezi","Kongola","Gesthemane","300015043208","Yes",,,"",,"No",1,"Representative of the head","Daughter","Yes"
"00-31-45-58","Namibia","Zambezi","Judea Lyaboloma","Mbambazi","300014043111","Yes",,,"",,"No",1,"Head of the household",,"Yes"
"89-47-55-13","Namibia","Zambezi","Judea Lyaboloma","Lianshulu 2","300014032909","Yes",,,"",,"No",1,"Representative of the head","Daughter","Yes"
"86-75-09-05","Namibia","Zambezi","Kabbe South","Ngoma","300016043907","Yes",,,"",,"No",1,"Representative of the head","Spouse","Yes"
"70-15-38-18","Namibia","Zambezi","Judea Lyaboloma","Lianshulu 2","300014032911","Yes",,,"",,"No",1,"Head of the household",,"Yes"
"13-43-56-11","Namibia","Zambezi","Katima Mulilo Rural","27-28 Miles","300011010914","Yes",,,"",,"No",1,"Head of the household",,"Yes"
"41-78-59-34","Namibia","Zambezi","Judea Lyaboloma","Nongozi","300014033010","Yes",,,"",,"No",1,"Representative of the head","Nephew","Yes"
"76-42-64-83","Namibia","Zambezi","Judea Lyaboloma","Nongozi","300014033013","Yes",,,"",,"No",1,"Head of the household",,"Yes"
"60-08-55-10","Namibia","Zambezi","Katima Mulilo Rural","27-28 Miles","300011010903","Yes",,,"",,"No",1,"Head of the household",,"Yes"
"09-76-96-87","Namibia","Zambezi","Judea Lyaboloma","Lianshulu 1","300014032806","No","Yes","Other (Specify)","Elefina Litaba  now lives with her daughter chaze Litaba, she no longer have her own household ... replaced","Yes","Yes",1,"Head of the household",,"Yes"
"24-13-90-91","Namibia","Zambezi","Kabbe South","Ngoma","300016043908","Yes",,,"",,"No",1,"Head of the household",,"Yes"
"79-64-90-22","Namibia","Zambezi","Katima Mulilo Rural","27-28 Miles","300011010913","Yes",,,"",,"No",1,"Head of the household",,"Yes"
"88-15-47-53","Namibia","Zambezi","Kabbe South","Ngoma","300016043912","Yes",,,"",,"No",1,"Head of the household",,"Yes"
"74-17-56-50","Namibia","Zambezi","Sibbinda","Sibbinda 1","300013021905","Yes",,,"",,"No",1,"Representative of the head","Spouse","Yes"
"65-73-74-13","Namibia","Zambezi","Judea Lyaboloma","Mbambazi","300014043104","Yes",,,"",,"No",1,"Representative of the head","Daughter","Yes"
"78-26-64-75","Namibia","Zambezi","Katima Mulilo Rural","25-26 Miles","300011010807","No","Yes","Household moved to another village/town/district","","Yes","Yes",1,"Head of the household",,"Yes"
"57-56-64-78","Namibia","Zambezi","Kongola","Mawizyu","300015043301","Yes",,,"",,"No",1,"Head of the household",,"Yes"
"79-27-11-92","Namibia","Zambezi","Katima Mulilo Rural","25-26 Miles","300011010803","Yes",,,"",,"No",1,"Head of the household",,"Yes"
"01-06-16-47","Namibia","Zambezi","Kongola","Gesthemane","300015043206","Yes",,,"",,"No",1,"Representative of the head","Daughter","Yes"
"80-39-36-38","Namibia","Zambezi","Kongola","Gesthemane","300015043204","Yes",,,"",,"No",1,"Head of the household",,"Yes"
"96-17-52-94","Namibia","Zambezi","Kabbe South","Makoma","300016044012","Yes",,,"",,"No",1,"Head of the household",,"Yes"
"67-51-54-29","Namibia","Zambezi","Judea Lyaboloma","Sachona","300014032713","Yes",,,"",,"No",1,"Head of the household",,"Yes"
"94-25-30-28","Namibia","Zambezi","Judea Lyaboloma","Lianshulu 1","300014032808","Yes",,,"",,"No",1,"Head of the household",,"Yes"
"99-05-99-45","Namibia","Zambezi","Sibbinda","Sibbinda 2","300013022002","Yes",,,"",,"No",1,"Head of the household",,"Yes"
"55-49-77-29","Namibia","Zambezi","Kongola","Mayuni","300015043405","Yes",,,"",,"No",1,"Head of the household",,"Yes"
"59-94-70-54","Namibia","Zambezi","Kabbe South","Nakabolelwa","300016043802","No","Yes","No competent respondent at time of the visit","","Yes","Yes",1,"Head of the household",,"Yes"
"18-48-78-90","Namibia","Zambezi","Kabbe South","Nakabolelwa","300016043812","Yes",,,"",,"No",1,"Representative of the head","Spouse","Yes"
"91-78-23-71","Namibia","Zambezi","Kongola","Mayuni","300015043401","Yes",,,"",,"No",1,"Head of the household",,"Yes"
"79-02-43-99","Namibia","Zambezi","Kabbe South","Nakabolelwa","300016043803","Yes",,,"",,"No",1,"Head of the household",,"Yes"
"05-99-22-70","Namibia","Zambezi","Judea Lyaboloma","Sachona","300014032714","Yes",,,"",,"No",1,"Head of the household",,"Yes"
"19-70-78-40","Namibia","Zambezi","Judea Lyaboloma","Sachona","300014032704","Yes",,,"",,"No",1,"Head of the household",,"Yes"
"24-76-11-61","Namibia","Zambezi","Kabbe South","Makoma","300016044010","Yes",,,"",,"No",1,"Representative of the head","Spouse","Yes"
"01-56-68-49","Namibia","Zambezi","Kongola","Mayuni","300015043415","Yes",,,"",,"No",1,"Head of the household",,"Yes"
"48-81-58-75","Namibia","Zambezi","Judea Lyaboloma","Lianshulu 2","300014032914","Yes",,,"",,"No",1,"Representative of the head","Spouse","Yes"
"88-17-46-63","Namibia","Zambezi","Katima Mulilo Rural","Chabalala","300011010603","Yes",,,"",,"No",1,"Head of the household",,"Yes"
"64-24-89-62","Namibia","Zambezi","Kabbe South","Ngoma","300016043904","Yes",,,"",,"No",1,"Head of the household",,"Yes"
"79-97-16-20","Namibia","Zambezi","Judea Lyaboloma","Sachona","300014032708","Yes",,,"",,"No",1,"Representative of the head","Son","Yes"
"22-78-59-76","Namibia","Zambezi","Judea Lyaboloma","Lianshulu 2","300014032906","Yes",,,"",,"No",1,"Head of the household",,"Yes"
"68-66-94-81","Namibia","Zambezi","Kongola","Mayuni","300015043407","Yes",,,"",,"No",1,"Representative of the head","Spouse","Yes"
"55-05-77-24","Namibia","Zambezi","Judea Lyaboloma","Mbambazi","300014043106","Yes",,,"",,"No",1,"Representative of the head","Son","Yes"
"96-11-62-92","Namibia","Zambezi","Kabbe South","Ngoma","300016043913","Yes",,,"",,"No",1,"Representative of the head","Spouse","Yes"
"78-34-55-08","Namibia","Zambezi","Kabbe South","Nakabolelwa","300016043815","No","Yes","Other (Specify)","death","Yes","Yes",1,"Head of the household",,"Yes"
"62-52-92-33","Namibia","Zambezi","Kongola","Gesthemane","300015043201","Yes",,,"",,"No",1,"Head of the household",,"Yes"
"11-84-22-34","Namibia","Zambezi","Kongola","Mayuni","300015043413","Yes",,,"",,"No",1,"Representative of the head","Sister","Yes"
"75-25-19-33","Namibia","Zambezi","Judea Lyaboloma","Sachona","300014032706","Yes",,,"",,"No",1,"Head of the household",,"Yes"
"25-28-42-89","Namibia","Zambezi","Kongola","Gesthemane","300015043216","Yes",,,"",,"No",1,"Head of the household",,"Yes"
"17-22-63-49","Namibia","Zambezi","Judea Lyaboloma","Lianshulu 2","300014032903","Yes",,,"",,"No",1,"Representative of the head","Spouse","Yes"
"75-11-04-39","Namibia","Zambezi","Judea Lyaboloma","Lianshulu 1","300014032809","Yes",,,"",,"No",1,"Representative of the head","Spouse","Yes"
"42-13-72-77","Namibia","Zambezi","Judea Lyaboloma","Sachona","300014032709","Yes",,,"",,"No",1,"Representative of the head","Spouse","Yes"
"22-71-31-86","Namibia","Zambezi","Judea Lyaboloma","Sachona","300014032715","Yes",,,"",,"No",1,"Representative of the head","Spouse","Yes"
"72-79-67-76","Namibia","Zambezi","Kongola","Gesthemane","300015043215","Yes",,,"",,"No",1,"Head of the household",,"Yes"
"55-61-00-58","Namibia","Zambezi","Kabbe North","Ntonda","300012021603","Yes",,,"",,"No",1,"Representative of the head","Sister","Yes"
"83-84-11-33","Namibia","Zambezi","Judea Lyaboloma","Lianshulu 2","300014032907","Yes",,,"",,"No",1,"Head of the household",,"Yes"
"57-06-39-78","Namibia","Zambezi","Judea Lyaboloma","Lianshulu 2","300014032912","Yes",,,"",,"No",1,"Representative of the head","Granddaughter","Yes"
"28-44-47-60","Namibia","Zambezi","Judea Lyaboloma","Mbambazi","300014043115","Yes",,,"",,"No",1,"Head of the household",,"Yes"
"99-83-86-30","Namibia","Zambezi","Kabbe North","Ntonda","300012021613","No","Yes","Household not found","","Yes","Yes",1,"Head of the household",,"Yes"
"95-87-87-82","Namibia","Zambezi","Judea Lyaboloma","Lianshulu 2","300014032908","Yes",,,"",,"No",1,"Head of the household",,"Yes"
"51-10-14-61","Namibia","Zambezi","Kabbe South","Ngoma","300016043901","Yes",,,"",,"No",1,"Head of the household",,"Yes"
"38-80-77-22","Namibia","Zambezi","Judea Lyaboloma","Sachona","300014032705","Yes",,,"",,"No",1,"Head of the household",,"Yes"
"32-85-49-35","Namibia","Zambezi","Kongola","Mayuni","300015043409","No","Yes","Refused","","Yes","Yes",1,"Head of the household",,"Yes"
"67-57-93-16","Namibia","Zambezi","Kongola","Mayuni","300015043404","Yes",,,"",,"No",1,"Representative of the head","Spouse","Yes"
"66-09-29-33","Namibia","Zambezi","Sibbinda","Sibbinda 1","300013021910","Yes",,,"",,"No",1,"Head of the household",,"Yes"
"88-76-61-78","Namibia","Zambezi","Katima Mulilo Rural","Ioma","300011021205","No","Yes","Other (Specify)","Death","Yes","Yes",1,"Head of the household",,"Yes"
"45-30-93-43","Namibia","Zambezi","Judea Lyaboloma","Sachona","300014032712","Yes",,,"",,"No",1,"Head of the household",,"Yes"
"39-72-47-05","Namibia","Zambezi","Judea Lyaboloma","Lianshulu 2","300014032905","Yes",,,"",,"No",1,"Head of the household",,"Yes"
"91-78-19-91","Namibia","Zambezi","Judea Lyaboloma","Sachona","300014032702","Yes",,,"",,"No",1,"Head of the household",,"Yes"
"80-88-34-81","Namibia","Zambezi","Katima Mulilo Rural","Impalila South","300011043716","Yes",,,"",,"No",1,"Head of the household",,"Yes"
"00-93-28-41","Namibia","Zambezi","Judea Lyaboloma","Sachona","300014032701","Yes",,,"",,"No",1,"Head of the household",,"Yes"
"15-34-12-49","Namibia","Zambezi","Judea Lyaboloma","Lianshulu 1","300014032812","Yes",,,"",,"No",1,"Head of the household",,"Yes"
"57-48-46-10","Namibia","Zambezi","Judea Lyaboloma","Lianshulu 2","300014032913","Yes",,,"",,"No",1,"Representative of the head","Spouse","Yes"
"17-87-43-63","Namibia","Zambezi","Kabbe South","Makoma","300016044007","Yes",,,"",,"No",1,"Head of the household",,"Yes"
"11-23-87-11","Namibia","Zambezi","Kabbe South","Makoma","300016044013","Yes",,,"",,"No",1,"Representative of the head","Spouse","Yes"
"33-90-70-88","Namibia","Zambezi","Kongola","Mayuni","300015043402","Yes",,,"",,"No",1,"Head of the household",,"Yes"
"42-88-20-46","Namibia","Zambezi","Kabbe South","Nakabolelwa","300016043807","Yes",,,"",,"No",1,"Representative of the head","Spouse","Yes"
"56-60-42-49","Namibia","Zambezi","Kongola","Mayuni","300015043403","Yes",,,"",,"No",1,"Head of the household",,"Yes"
"06-49-16-95","Namibia","Zambezi","Judea Lyaboloma","Lianshulu 2","300014032902","Yes",,,"",,"No",1,"Representative of the head","Granddaughter","Yes"
"14-59-43-81","Namibia","Zambezi","Kongola","Mayuni","300015043406","Yes",,,"",,"No",1,"Representative of the head","Granddaughter","Yes"
"43-19-04-75","Namibia","Zambezi","Kabbe North","Ntonda","300012021611","Yes",,,"",,"No",1,"Head of the household",,"Yes"
"25-55-58-39","Namibia","Zambezi","Kongola","Mayuni","300015043408","Yes",,,"",,"No",1,"Representative of the head","Spouse","Yes"
"56-55-71-21","Namibia","Zambezi","Kabbe South","Nakabolelwa","300016043811","Yes",,,"",,"No",1,"Head of the household",,"Yes"
"26-16-97-29","Namibia","Zambezi","Kabbe South","Nakabolelwa","300016043809","Yes",,,"",,"No",1,"Head of the household",,"Yes"
"94-40-34-45","Namibia","Zambezi","Kabbe South","Nakabolelwa","300016043801","Yes",,,"",,"No",1,"Head of the household",,"Yes"
"57-09-13-31","Namibia","Zambezi","Kongola","Gesthemane","300015043211","Yes",,,"",,"No",1,"Head of the household",,"Yes"
"06-81-92-15","Namibia","Zambezi","Judea Lyaboloma","Sachona","300014032710","Yes",,,"",,"No",1,"Head of the household",,"Yes"
"71-51-46-91","Namibia","Zambezi","Linyanti","Malengalenga 1","300017054511","No","Yes","None at home for extended amount of time","","Yes","Yes",1,"Head of the household",,"Yes"
"99-70-86-40","Namibia","Zambezi","Katima Mulilo Rural","Ioma","300011021204","Yes",,,"",,"No",1,"Head of the household",,"Yes"
"54-72-28-02","Namibia","Zambezi","Kongola","Mawizyu","300015043314","No","Yes","Other (Specify)","not available","Yes","Yes",1,"Head of the household",,"Yes"
"93-06-95-85","Namibia","Zambezi","Kabbe North","Ntonda","300012021604","Yes",,,"",,"No",1,"Head of the household",,"Yes"
"44-70-83-36","Namibia","Zambezi","Linyanti","Malengalenga 1","300017054503","Yes",,,"",,"No",1,"Representative of the head","Son","Yes"
"76-32-33-95","Namibia","Zambezi","Kabbe North","Ntonda","300012021606","Yes",,,"",,"No",1,"Head of the household",,"Yes"
"01-38-25-96","Namibia","Zambezi","Katima Mulilo Rural","Ioma","300011021212","Yes",,,"",,"No",1,"Head of the household",,"Yes"
"89-39-79-72","Namibia","Zambezi","Judea Lyaboloma","Sachona","300014032707","Yes",,,"",,"No",1,"Head of the household",,"Yes"
"00-49-63-51","Namibia","Zambezi","Judea Lyaboloma","Mbambazi","300014043110","Yes",,,"",,"No",1,"Head of the household",,"Yes"
"76-58-89-37","Namibia","Zambezi","Katima Mulilo Rural","Ioma","300011021216","Yes",,,"",,"No",1,"Representative of the head","Spouse","Yes"
"20-56-52-98","Namibia","Zambezi","Linyanti","Malengalenga 2","300017054611","Yes",,,"",,"No",1,"Head of the household",,"Yes"
"64-47-42-17","Namibia","Zambezi","Kongola","Gesthemane","300015043205","Yes",,,"",,"No",1,"Representative of the head","Spouse","Yes"
"13-81-47-95","Namibia","Zambezi","Judea Lyaboloma","Lianshulu 1","300014032811","Yes",,,"",,"No",1,"Head of the household",,"Yes"
"29-99-72-08","Namibia","Zambezi","Linyanti","Malengalenga 2","300017054615","Yes",,,"",,"No",1,"Head of the household",,"Yes"
"24-83-83-50","Namibia","Zambezi","Kabbe North","Ntonda","300012021607","Yes",,,"",,"No",1,"Head of the household",,"Yes"
"47-22-90-00","Namibia","Zambezi","Judea Lyaboloma","Mbambazi","300014043114","Yes",,,"",,"No",1,"Head of the household",,"Yes"
"98-86-29-38","Namibia","Zambezi","Linyanti","Malengalenga 2","300017054606","Yes",,,"",,"No",1,"Head of the household",,"Yes"
"38-47-12-60","Namibia","Zambezi","Kabbe North","Ntonda","300012021605","Yes",,,"",,"No",1,"Representative of the head","Spouse","Yes"
"28-88-27-77","Namibia","Zambezi","Kabbe North","Ntonda","300012021612","Yes",,,"",,"No",1,"Head of the household",,"Yes"
"29-11-74-01","Namibia","Zambezi","Kongola","Mayuni","300015043412","Yes",,,"",,"No",1,"Representative of the head","Spouse","Yes"
"23-17-08-61","Namibia","Zambezi","Kongola","Mawizyu","300015043302","Yes",,,"",,"No",1,"Representative of the head","Spouse","Yes"
"09-04-42-43","Namibia","Zambezi","Katima Mulilo Rural","Ioma","300011021214","Yes",,,"",,"No",1,"Head of the household",,"Yes"
"60-44-87-63","Namibia","Zambezi","Linyanti","Malengalenga 2","300017054609","Yes",,,"",,"No",1,"Head of the household",,"Yes"
"37-91-11-53","Namibia","Zambezi","Katima Mulilo Rural","Ioma","300011021207","Yes",,,"",,"No",1,"Representative of the head","Spouse","Yes"
"24-83-18-16","Namibia","Zambezi","Katima Mulilo Rural","27-28 Miles","300011010904","Yes",,,"",,"No",1,"Head of the household",,"Yes"
"43-94-30-73","Namibia","Zambezi","Linyanti","Malengalenga 2","300017054612","Yes",,,"",,"No",1,"Head of the household",,"Yes"
"98-89-20-76","Namibia","Zambezi","Katima Mulilo Rural","27-28 Miles","300011010906","Yes",,,"",,"No",1,"Head of the household",,"Yes"
"18-82-94-56","Namibia","Zambezi","Linyanti","Malengalenga 2","300017054613","Yes",,,"",,"No",1,"Head of the household",,"Yes"
"15-08-96-97","Namibia","Zambezi","Kongola","Mawizyu","300015043308","Yes",,,"",,"No",1,"Head of the household",,"Yes"
"59-27-01-58","Namibia","Zambezi","Kongola","Mawizyu","300015043313","Yes",,,"",,"No",1,"Head of the household",,"Yes"
"06-40-81-20","Namibia","Zambezi","Kongola","Mawizyu","300015043306","Yes",,,"",,"No",1,"Head of the household",,"Yes"
"63-00-59-35","Namibia","Zambezi","Linyanti","Malengalenga 1","300017054504","Yes",,,"",,"No",1,"Head of the household",,"Yes"
"20-12-20-33","Namibia","Zambezi","Kabbe South","Nakabolelwa","300016043806","Yes",,,"",,"No",1,"Head of the household",,"Yes"
"13-16-46-47","Namibia","Zambezi","Kabbe South","Nakabolelwa","300016043808","No","Yes","Other (Specify)","passed away and no one lives in the household","Yes","Yes",1,"Head of the household",,"Yes"
"12-47-95-08","Namibia","Zambezi","Judea Lyaboloma","Mbambazi","300014043112","Yes",,,"",,"No",1,"Head of the household",,"Yes"
"49-36-47-00","Namibia","Zambezi","Linyanti","Malengalenga 1","300017054514","Yes",,,"",,"No",1,"Head of the household",,"Yes"
"69-98-34-60","Namibia","Zambezi","Linyanti","Malengalenga 1","300017054505","Yes",,,"",,"No",1,"Head of the household",,"Yes"
"11-55-67-72","Namibia","Zambezi","Sibbinda","Sibbinda 1","300013021906","Yes",,,"",,"No",1,"Head of the household",,"Yes"
"86-18-52-98","Namibia","Zambezi","Kabbe South","Nakabolelwa","300016043805","Yes",,,"",,"No",1,"Representative of the head","Grandson","Yes"
"59-98-46-38","Namibia","Zambezi","Linyanti","Malengalenga 1","300017054510","Yes",,,"",,"No",1,"Head of the household",,"Yes"
"87-83-58-77","Namibia","Zambezi","Kabbe South","Nakabolelwa","300016043813","Yes",,,"",,"No",1,"Head of the household",,"Yes"
"15-59-01-11","Namibia","Zambezi","Kabbe South","Nakabolelwa","300016043814","Yes",,,"",,"No",1,"Representative of the head","Spouse","Yes"
"74-82-76-84","Namibia","Zambezi","Kongola","Gesthemane","300015043214","Yes",,,"",,"No",1,"Representative of the head","Spouse","Yes"
"08-93-57-76","Namibia","Zambezi","Kabbe North","Ntonda","300012021608","Yes",,,"",,"No",1,"Head of the household",,"Yes"
"70-90-57-92","Namibia","Zambezi","Katima Mulilo Rural","Ioma","300011021215","Yes",,,"",,"No",1,"Head of the household",,"Yes"
"50-31-04-37","Namibia","Zambezi","Katima Mulilo Rural","Mpyuu","300011010708","Yes",,,"",,"No",1,"Head of the household",,"Yes"
"67-02-08-74","Namibia","Zambezi","Kongola","Mawizyu","300015043304","Yes",,,"",,"No",1,"Representative of the head","Spouse","Yes"
"53-15-78-38","Namibia","Zambezi","Linyanti","Malengalenga 1","300017054513","Yes",,,"",,"No",1,"Head of the household",,"Yes"
"32-33-43-26","Namibia","Zambezi","Katima Mulilo Rural","27-28 Miles","300011010909","Yes",,,"",,"No",1,"Head of the household",,"Yes"
"46-04-74-49","Namibia","Zambezi","Katima Mulilo Rural","Ioma","300011021203","No","Yes","Other (Specify)","household member passed on.","Yes","Yes",1,"Head of the household",,"Yes"
"35-13-76-39","Namibia","Zambezi","Linyanti","Malengalenga 1","300017054509","Yes",,,"",,"No",1,"Head of the household",,"Yes"
"16-06-75-38","Namibia","Zambezi","Judea Lyaboloma","Lianshulu 1","300014032814","Yes",,,"",,"No",1,"Head of the household",,"Yes"
"27-27-07-57","Namibia","Zambezi","Kongola","Mawizyu","300015043312","Yes",,,"",,"No",1,"Head of the household",,"Yes"
"02-68-96-18","Namibia","Zambezi","Kabbe South","Nakabolelwa","300016043810","No","Yes","Other (Specify)","household passed away there's no one left at the house","Yes","Yes",1,"Head of the household",,"Yes"
"43-77-79-21","Namibia","Zambezi","Kongola","Mawizyu","300015043311","Yes",,,"",,"No",1,"Head of the household",,"Yes"
"11-26-50-63","Namibia","Zambezi","Linyanti","Malengalenga 1","300017054506","Yes",,,"",,"No",1,"Representative of the head","Grandson","Yes"
"28-01-01-55","Namibia","Zambezi","Katima Mulilo Rural","Ioma","300011021211","Yes",,,"",,"No",1,"Head of the household",,"Yes"
"32-20-61-73","Namibia","Zambezi","Judea Lyaboloma","Lianshulu 2","300014032901","No","No",,"","Yes","Yes",1,"Representative of the head","Spouse","Yes"
"20-30-02-96","Namibia","Zambezi","Judea Lyaboloma","Mbambazi","300014043103","Yes",,,"",,"No",1,"Representative of the head","Daughter","Yes"
"91-05-38-43","Namibia","Zambezi","Kabbe North","Ntonda","300012021610","Yes",,,"",,"No",1,"Head of the household",,"Yes"
"44-19-28-63","Namibia","Zambezi","Katima Mulilo Rural","Ioma","300011021201","Yes",,,"",,"No",1,"Head of the household",,"Yes"
"72-93-96-93","Namibia","Zambezi","Katima Mulilo Rural","27-28 Miles","300011010905","Yes",,,"",,"No",1,"Head of the household",,"Yes"
"97-14-34-77","Namibia","Zambezi","Kongola","Mawizyu","300015043307","No","Yes","Dwelling destroyed","","Yes","Yes",1,"Head of the household",,"Yes"
"23-83-04-10","Namibia","Zambezi","Linyanti","Malengalenga 2","300017054610","Yes",,,"",,"No",1,"Representative of the head","Spouse","Yes"
"66-67-12-43","Namibia","Zambezi","Katima Mulilo Rural","27-28 Miles","300011010907","Yes",,,"",,"No",1,"Head of the household",,"Yes"
"10-88-25-17","Namibia","Zambezi","Kongola","Gesthemane","300015043209","Yes",,,"",,"No",1,"Representative of the head","Daughter","Yes"
"15-20-57-47","Namibia","Zambezi","Katima Mulilo Rural","Ioma","300011021209","Yes",,,"",,"No",1,"Head of the household",,"Yes"
"36-81-71-64","Namibia","Zambezi","Linyanti","Malengalenga 2","300017054601","Yes",,,"",,"No",1,"Head of the household",,"Yes"
"34-71-72-72","Namibia","Zambezi","Kabbe North","Ntonda","300012021615","Yes",,,"",,"No",1,"Head of the household",,"Yes"
"66-60-15-44","Namibia","Zambezi","Katima Mulilo Rural","Ioma","300011021208","Yes",,,"",,"No",1,"Head of the household",,"Yes"
"86-30-61-13","Namibia","Zambezi","Kabbe North","Ntonda","300012021601","Yes",,,"",,"No",1,"Head of the household",,"Yes"
"36-54-39-30","Namibia","Zambezi","Kongola","Mawizyu","300015043305","Yes",,,"",,"No",1,"Head of the household",,"Yes"
"74-23-76-31","Namibia","Zambezi","Kabbe North","Ntonda","300012021614","Yes",,,"",,"No",1,"Representative of the head","Daughter","Yes"
"22-34-78-24","Namibia","Zambezi","Kongola","Mawizyu","300015043303","Yes",,,"",,"No",1,"Representative of the head","Spouse","Yes"
"78-05-45-34","Namibia","Zambezi","Kongola","Mawizyu","300015043309","Yes",,,"",,"No",1,"Representative of the head","Spouse","Yes"
"05-02-80-96","Namibia","Zambezi","Judea Lyaboloma","Sachona","300014032703","Yes",,,"",,"No",1,"Head of the household",,"Yes"
"83-39-85-57","Namibia","Zambezi","Kongola","Mawizyu","300015043310","Yes",,,"",,"No",1,"Head of the household",,"Yes"
"02-11-27-45","Namibia","Zambezi","Katima Mulilo Rural","25-26 Miles","300011010813","Yes",,,"",,"No",1,"Head of the household",,"Yes"
"66-26-16-39","Namibia","Zambezi","Katima Mulilo Rural","Ioma","300011021202","Yes",,,"",,"No",1,"Head of the household",,"Yes"
"74-47-09-34","Namibia","Zambezi","Linyanti","Malengalenga 2","300017054604","Yes",,,"",,"No",1,"Head of the household",,"Yes"
"74-42-03-33","Namibia","Zambezi","Katima Mulilo Rural","25-26 Miles","300011010802","Yes",,,"",,"No",1,"Head of the household",,"Yes"
"24-64-36-53","Namibia","Zambezi","Katima Mulilo Rural","27-28 Miles","300011010901","No","No",,"","Yes","Yes",1,"Head of the household",,"Yes"
"39-16-84-49","Namibia","Zambezi","Judea Lyaboloma","Nongozi","300014033004","Yes",,,"",,"No",1,"Head of the household",,"Yes"
"65-82-18-72","Namibia","Zambezi","Linyanti","Malengalenga 1","300017054512","Yes",,,"",,"No",1,"Head of the household",,"Yes"
"98-04-19-51","Namibia","Zambezi","Katima Mulilo Rural","25-26 Miles","300011010806","Yes",,,"",,"No",1,"Head of the household",,"Yes"
"33-66-03-17","Namibia","Zambezi","Judea Lyaboloma","Mbambazi","300014043113","Yes",,,"",,"No",1,"Representative of the head","Other female relative","Yes"
"23-12-49-21","Namibia","Zambezi","Judea Lyaboloma","Mbambazi","300014043107","Yes",,,"",,"No",1,"Head of the household",,"Yes"
"95-95-21-82","Namibia","Zambezi","Judea Lyaboloma","Mbambazi","300014043105","Yes",,,"",,"No",1,"Representative of the head","Spouse","Yes"
"84-16-65-13","Namibia","Zambezi","Judea Lyaboloma","Lianshulu 1","300014032807","Yes",,,"",,"No",1,"Head of the household",,"Yes"
"35-36-66-35","Namibia","Zambezi","Katima Mulilo Rural","25-26 Miles","300011010808","Yes",,,"",,"No",1,"Head of the household",,"Yes"
"22-48-72-19","Namibia","Zambezi","Katima Mulilo Rural","25-26 Miles","300011010805","No","Yes","Other (Specify)","deceased","Yes","Yes",1,"Head of the household",,"Yes"
"16-02-48-49","Namibia","Zambezi","Judea Lyaboloma","Lianshulu 1","300014032813","Yes",,,"",,"No",1,"Head of the household",,"Yes"
"88-09-49-72","Namibia","Zambezi","Judea Lyaboloma","Nongozi","300014033007","Yes",,,"",,"No",1,"Head of the household",,"Yes"
"46-87-53-18","Namibia","Zambezi","Katima Mulilo Rural","25-26 Miles","300011010804","Yes",,,"",,"No",1,"Head of the household",,"Yes"
"24-20-26-70","Namibia","Zambezi","Judea Lyaboloma","Mbambazi","300014043109","Yes",,,"",,"No",1,"Head of the household",,"Yes"
"52-82-33-48","Namibia","Zambezi","Kabbe North","Imukusi","300012021309","No","Yes","Household moved to another village/town/district","","Yes","Yes",1,"Head of the household",,"Yes"
"26-48-97-52","Namibia","Zambezi","Judea Lyaboloma","Nongozi","300014033008","Yes",,,"",,"No",1,"Head of the household",,"Yes"
"33-86-77-56","Namibia","Zambezi","Judea Lyaboloma","Mbambazi","300014043101","Yes",,,"",,"No",1,"Head of the household",,"Yes"
"78-86-05-10","Namibia","Zambezi","Katima Mulilo Rural","Liselo","300011010105","No","Yes","Household not found","","Yes","Yes",1,"Head of the household",,"Yes"
"15-96-39-00","Namibia","Zambezi","Katima Mulilo Rural","Bukalo B","300011010512","No","Yes","Household not found","","Yes","Yes",1,"Head of the household",,"Yes"
"39-41-06-02","Namibia","Zambezi","Judea Lyaboloma","Nongozi","300014033002","Yes",,,"",,"No",1,"Head of the household",,"Yes"
"95-15-78-87","Namibia","Zambezi","Judea Lyaboloma","Lianshulu 1","300014032805","Yes",,,"",,"No",1,"Head of the household",,"Yes"
"52-97-51-26","Namibia","Zambezi","Kabbe North","Imukusi","300012021308","Yes",,,"",,"No",1,"Representative of the head","Spouse","Yes"
"02-78-29-37","Namibia","Zambezi","Linyanti","Malengalenga 2","300017054608","Yes",,,"",,"No",1,"Head of the household",,"Yes"
"27-36-10-42","Namibia","Zambezi","Linyanti","Malengalenga 2","300017054603","Yes",,,"",,"No",1,"Head of the household",,"Yes"
"45-97-40-37","Namibia","Zambezi","Katima Mulilo Rural","Liselo","300011010104","Yes",,,"",,"No",1,"Head of the household",,"Yes"
"41-24-37-83","Namibia","Zambezi","Judea Lyaboloma","Nongozi","300014033011","Yes",,,"",,"No",1,"Head of the household",,"Yes"
"90-44-42-58","Namibia","Zambezi","Judea Lyaboloma","Nongozi","300014033012","Yes",,,"",,"No",1,"Head of the household",,"Yes"
"15-49-26-93","Namibia","Zambezi","Katima Mulilo Rural","Liselo","300011010107","Yes",,,"",,"No",1,"Representative of the head","Self/HH head","Yes"
"29-96-24-29","Namibia","Zambezi","Linyanti","Malengalenga 2","300017054602","Yes",,,"",,"No",1,"Representative of the head","Spouse","Yes"
"88-98-18-23","Namibia","Zambezi","Kabbe South","Ngoma","300016043909","Yes",,,"",,"No",1,"Head of the household",,"Yes"
"03-33-61-52","Namibia","Zambezi","Linyanti","Malengalenga 2","300017054614","No","Yes","None at home for extended amount of time","","Yes","Yes",1,"Representative of the head","Spouse","Yes"
"95-42-30-88","Namibia","Zambezi","Judea Lyaboloma","Nongozi","300014033003","Yes",,,"",,"No",1,"Representative of the head","Granddaughter","Yes"
"41-58-71-65","Namibia","Zambezi","Katima Mulilo Rural","Liselo","300011010111","Yes",,,"",,"No",1,"Head of the household",,"Yes"
"47-41-93-44","Namibia","Zambezi","Sibbinda","Sibbinda 2","300013022015","Yes",,,"",,"No",1,"Head of the household",,"Yes"
"44-97-44-34","Namibia","Zambezi","Linyanti","Malengalenga 2","300017054607","Yes",,,"",,"No",1,"Head of the household",,"Yes"
"39-60-71-79","Namibia","Zambezi","Linyanti","Malengalenga 1","300017054507","Yes",,,"",,"No",1,"Head of the household",,"Yes"
"02-67-41-60","Namibia","Zambezi","Sibbinda","Sibbinda 2","300013022006","Yes",,,"",,"No",1,"Head of the household",,"Yes"
"83-56-74-03","Namibia","Zambezi","Linyanti","Malengalenga 1","300017054508","Yes",,,"",,"No",1,"Representative of the head","Spouse","Yes"
"04-28-47-30","Namibia","Zambezi","Kabbe South","Makoma","300016044015","Yes",,,"",,"No",1,"Head of the household",,"Yes"
"01-68-97-25","Namibia","Zambezi","Judea Lyaboloma","Nongozi","300014033009","Yes",,,"",,"No",1,"Head of the household",,"Yes"
"66-08-16-26","Namibia","Zambezi","Linyanti","Malengalenga 2","300017054605","Yes",,,"",,"No",1,"Representative of the head","Granddaughter","Yes"
"93-32-02-54","Namibia","Zambezi","Kabbe South","Makoma","300016044009","Yes",,,"",,"No",1,"Representative of the head","Spouse","Yes"
"83-94-17-95","Namibia","Zambezi","Katima Mulilo Rural","Ioma","300011021206","Yes",,,"",,"No",1,"Head of the household",,"Yes"
"60-60-16-78","Namibia","Zambezi","Judea Lyaboloma","Nongozi","300014033001","No","Yes","Other (Specify)","Death (Household Head died)","Yes","Yes",1,"Head of the household",,"Yes"
"26-78-47-00","Namibia","Zambezi","Katima Mulilo Rural","Ioma","300011021210","Yes",,,"",,"No",1,"Head of the household",,"Yes"
"79-98-45-89","Namibia","Zambezi","Sibbinda","Sibbinda 2","300013022008","Yes",,,"",,"No",1,"Head of the household",,"Yes"
"90-54-49-60","Namibia","Zambezi","Katima Mulilo Rural","27-28 Miles","300011010910","Yes",,,"",,"No",1,"Representative of the head","Spouse","Yes"
"31-84-01-85","Namibia","Zambezi","Linyanti","Malengalenga 1","300017054515","No","Yes","Household moved to unknown location","","Yes","Yes",1,"Head of the household",,"Yes"
"40-47-23-70","Namibia","Zambezi","Sibbinda","Sibbinda 2","300013022007","Yes",,,"",,"No",1,"Head of the household",,"Yes"
"97-69-93-58","Namibia","Zambezi","Linyanti","Malengalenga 1","300017054501","Yes",,,"",,"No",1,"Head of the household",,"Yes"
"58-00-80-50","Namibia","Zambezi","Kabbe South","Makoma","300016044014","Yes",,,"",,"No",1,"Representative of the head","Son","Yes"
"16-58-48-79","Namibia","Zambezi","Katima Mulilo Rural","27-28 Miles","300011010915","Yes",,,"",,"No",1,"Representative of the head","Granddaughter","Yes"
"05-01-86-08","Namibia","Zambezi","Judea Lyaboloma","Nongozi","300014033006","Yes",,,"",,"No",1,"Head of the household",,"Yes"
"89-75-04-06","Namibia","Zambezi","Sibbinda","Sibbinda 2","300013022014","No","Yes","None at home for extended amount of time","","Yes","Yes",1,"Head of the household",,"Yes"
"52-25-69-44","Namibia","Zambezi","Judea Lyaboloma","Mbambazi","300014043102","Yes",,,"",,"No",1,"Head of the household",,"Yes"
"71-97-04-61","Namibia","Zambezi","Katima Mulilo Rural","25-26 Miles","300011010811","Yes",,,"",,"No",1,"Head of the household",,"Yes"
"46-80-42-17","Namibia","Zambezi","Kabbe South","Makoma","300016044008","Yes",,,"",,"No",1,"Head of the household",,"Yes"
"58-78-23-20","Namibia","Zambezi","Linyanti","Malengalenga 1","300017054502","Yes",,,"",,"No",1,"Head of the household",,"Yes"
"35-69-94-08","Namibia","Zambezi","Sibbinda","Sibbinda 2","300013022011","Yes",,,"",,"No",1,"Representative of the head","Daughter-in-law","Yes"
"10-25-31-32","Namibia","Zambezi","Katima Mulilo Rural","Liselo","300011010113","Yes",,,"",,"No",1,"Head of the household",,"Yes"
"38-79-29-34","Namibia","Zambezi","Judea Lyaboloma","Mbambazi","300014043108","No","Yes","None at home for extended amount of time","","Yes","Yes",1,"Head of the household",,"Yes"
"89-83-56-79","Namibia","Zambezi","Katima Mulilo Rural","25-26 Miles","300011010814","Yes",,,"",,"No",1,"Head of the household",,"Yes"
"50-21-50-41","Namibia","Zambezi","Sibbinda","Sibbinda 2","300013022009","No","Yes","Other (Specify)","household was used as a replacement on sibbinda 1 list while she is on sibbinda 2. she was already interviewed that's why we replaced her.","Yes","Yes",1,"Representative of the head","Spouse","Yes"
"44-19-49-55","Namibia","Zambezi","Judea Lyaboloma","Nongozi","300014033014","Yes",,,"",,"No",1,"Representative of the head","Daughter","Yes"
"55-68-88-94","Namibia","Zambezi","Kabbe South","Makoma","300016044005","Yes",,,"",,"No",1,"Head of the household",,"Yes"
"59-93-51-03","Namibia","Zambezi","Katima Mulilo Rural","25-26 Miles","300011010812","Yes",,,"",,"No",1,"Head of the household",,"Yes"
"07-70-44-38","Namibia","Zambezi","Judea Lyaboloma","Nongozi","300014033015","Yes",,,"",,"No",1,"Representative of the head","Daughter","Yes"
"59-31-16-60","Namibia","Zambezi","Kabbe South","Makoma","300016044004","No","Yes","Household moved to unknown location","","Yes","Yes",1,"Head of the household",,"Yes"
"84-43-04-55","Namibia","Zambezi","Katima Mulilo Rural","25-26 Miles","300011010801","Yes",,,"",,"No",1,"Head of the household",,"Yes"
"90-23-91-34","Namibia","Zambezi","Kabbe South","Makoma","300016044001","Yes",,,"",,"No",1,"Head of the household",,"Yes"
"00-25-69-00","Namibia","Zambezi","Kabbe North","Cheza (Mangongo)","300012021409","Yes",,,"",,"No",1,"Representative of the head","Spouse","Yes"
"43-06-63-67","Namibia","Zambezi","Katima Mulilo Rural","Mafuta 3","300011011007","No","Yes","Other (Specify)","Not available","Yes","Yes",1,"Head of the household",,"Yes"
"28-10-90-34","Namibia","Zambezi","Sibbinda","Sibbinda 2","300013022003","Yes",,,"",,"No",1,"Representative of the head","Mother","Yes"
"13-06-00-33","Namibia","Zambezi","Katima Mulilo Rural","Mafuta 3","300011011020","No","Yes","Other (Specify)","Replacement","Yes","Yes",1,"Head of the household",,"Yes"
"93-88-34-77","Namibia","Zambezi","Sibbinda","Sibbinda 2","300013022010","Yes",,,"",,"No",1,"Head of the household",,"Yes"
"77-13-46-95","Namibia","Zambezi","Kabbe South","Makoma","300016044006","Yes",,,"",,"No",1,"Representative of the head","Grandson","Yes"
"54-15-29-03","Namibia","Zambezi","Katima Mulilo Rural","Chabalala","300011010611","Yes",,,"",,"No",1,"Head of the household",,"Yes"
"58-43-21-07","Namibia","Zambezi","Kabbe South","Makoma","300016044003","Yes",,,"",,"No",1,"Head of the household",,"Yes"
"54-82-42-61","Namibia","Zambezi","Sibbinda","Sibbinda 2","300013022013","Yes",,,"",,"No",1,"Head of the household",,"Yes"
"31-76-77-10","Namibia","Zambezi","Kabbe South","Ngoma","300016043910","Yes",,,"",,"No",1,"Head of the household",,"Yes"
"75-33-12-39","Namibia","Zambezi","Katima Mulilo Rural","Chabalala","300011010604","Yes",,,"",,"No",1,"Head of the household",,"Yes"
"47-33-25-93","Namibia","Zambezi","Kabbe North","Lisikili-Kalimbeza","300012021514","Yes",,,"",,"No",1,"Head of the household",,"Yes"
"35-34-76-48","Namibia","Zambezi","Sibbinda","Sibbinda 2","300013022001","Yes",,,"",,"No",1,"Representative of the head","Daughter","Yes"
"26-98-60-20","Namibia","Zambezi","Kabbe North","Lisikili-Kalimbeza","300012021507","Yes",,,"",,"No",1,"Head of the household",,"Yes"
"20-88-32-55","Namibia","Zambezi","Katima Mulilo Rural","Mafuta 3","300011011008","No","Yes","Household not found","","Yes","Yes",1,"Head of the household",,"Yes"
"73-42-30-97","Namibia","Zambezi","Katima Mulilo Rural","Bukalo A","300011010401","Yes",,,"",,"No",1,"Head of the household",,"Yes"
"38-84-78-59","Namibia","Zambezi","Kabbe North","Cheza (Mangongo)","300012021413","No","Yes","Other (Specify)","household deceased","Yes","Yes",1,"Head of the household",,"Yes"
"70-09-32-42","Namibia","Zambezi","Katima Mulilo Rural","Bukalo A","300011010410","Yes",,,"",,"No",1,"Head of the household",,"Yes"
"76-04-07-19","Namibia","Zambezi","Kabbe North","Cheza (Mangongo)","300012021415","Yes",,,"",,"No",1,"Head of the household",,"Yes"
"70-32-51-26","Namibia","Zambezi","Katima Mulilo Rural","Bukalo A","300011010402","Yes",,,"",,"No",1,"Head of the household",,"Yes"
"56-61-77-64","Namibia","Zambezi","Kabbe North","Lisikili-Kalimbeza","300012021513","Yes",,,"",,"No",1,"Head of the household",,"Yes"
"50-82-91-34","Namibia","Zambezi","Kabbe North","Lisikili-Kalimbeza","300012021506","Yes",,,"",,"No",1,"Representative of the head","Mother","Yes"
"83-60-63-11","Namibia","Zambezi","Kabbe North","Lisikili-Kalimbeza","300012021511","No","Yes","Household not found","","Yes","Yes",1,"Head of the household",,"Yes"
"80-51-82-08","Namibia","Zambezi","Kabbe North","Cheza (Mangongo)","300012021414","No","Yes","Household moved to unknown location","","Yes","Yes",1,"Head of the household",,"Yes"
"49-80-85-60","Namibia","Zambezi","Sibbinda","Sibbinda 2","300013022004","Yes",,,"",,"No",1,"Head of the household",,"Yes"
"81-64-86-08","Namibia","Zambezi","Kabbe North","Lisikili-Kalimbeza","300012021515","Yes",,,"",,"No",1,"Head of the household",,"Yes"
"33-82-62-40","Namibia","Zambezi","Katima Mulilo Rural","Chabalala","300011010609","Yes",,,"",,"No",1,"Head of the household",,"Yes"
"56-48-48-33","Namibia","Zambezi","Kabbe North","Cheza (Mangongo)","300012021416","Yes",,,"",,"No",1,"Head of the household",,"Yes"
"19-43-49-26","Namibia","Zambezi","Katima Mulilo Rural","Chabalala","300011010615","Yes",,,"",,"No",1,"Head of the household",,"Yes"
"52-63-91-75","Namibia","Zambezi","Kabbe North","Cheza (Mangongo)","300012021410","No","Yes","Household moved to another village/town/district","","Yes","Yes",1,"Head of the household",,"Yes"
"60-93-32-66","Namibia","Zambezi","Kabbe North","Libula","300012021815","Yes",,,"",,"No",1,"Head of the household",,"Yes"
"37-44-93-64","Namibia","Zambezi","Kabbe North","Lisikili-Kalimbeza","300012021504","Yes",,,"",,"No",1,"Head of the household",,"Yes"
"83-19-87-02","Namibia","Zambezi","Kabbe North","Libula","300012021801","Yes",,,"",,"No",1,"Representative of the head","Daughter","Yes"
"83-26-13-29","Namibia","Zambezi","Kabbe North","Lisikili-Kalimbeza","300012021501","Yes",,,"",,"No",1,"Representative of the head","Brother","Yes"
"02-40-91-04","Namibia","Zambezi","Katima Mulilo Rural","Chabalala","300011010608","Yes",,,"",,"No",1,"Head of the household",,"Yes"
"31-74-57-88","Namibia","Zambezi","Kabbe North","Cheza (Mangongo)","300012021407","No","Yes","None at home for extended amount of time","","Yes","Yes",1,"Head of the household",,"Yes"
"09-16-66-27","Namibia","Zambezi","Kabbe North","Cheza (Mangongo)","300012021406","Yes",,,"",,"No",1,"Head of the household",,"Yes"
"02-99-67-45","Namibia","Zambezi","Kabbe North","Libula","300012021803","Yes",,,"",,"No",1,"Head of the household",,"Yes"
"18-26-92-76","Namibia","Zambezi","Kabbe North","Lisikili-Kalimbeza","300012021509","Yes",,,"",,"No",1,"Head of the household",,"Yes"
"54-98-92-77","Namibia","Zambezi","Judea Lyaboloma","Lianshulu 1","300014032803","Yes",,,"",,"No",1,"Head of the household",,"Yes"
"94-90-21-30","Namibia","Zambezi","Kabbe North","Cheza (Mangongo)","300012021408","Yes",,,"",,"No",1,"Head of the household",,"Yes"
"34-25-16-71","Namibia","Zambezi","Kabbe North","Lisikili-Kalimbeza","300012021503","Yes",,,"",,"No",1,"Representative of the head","Spouse","Yes"
"26-18-25-14","Namibia","Zambezi","Kabbe North","Cheza (Mangongo)","300012021412","No","Yes","Household moved to unknown location","","Yes","Yes",1,"Head of the household",,"Yes"
"62-93-86-46","Namibia","Zambezi","Katima Mulilo Rural","Chabalala","300011010613","Yes",,,"",,"No",1,"Head of the household",,"Yes"
"85-20-92-08","Namibia","Zambezi","Katima Mulilo Rural","Chabalala","300011010606","Yes",,,"",,"No",1,"Head of the household",,"Yes"
"65-60-16-01","Namibia","Zambezi","Judea Lyaboloma","Lianshulu 2","300014032910","Yes",,,"",,"No",1,"Representative of the head","Spouse","Yes"
"83-41-72-29","Namibia","Zambezi","Kabbe North","Lisikili-Kalimbeza","300012021502","Yes",,,"",,"No",1,"Head of the household",,"Yes"
"21-46-08-35","Namibia","Zambezi","Kabbe North","Libula South","300012054313","Yes",,,"",,"No",1,"Head of the household",,"Yes"
"37-32-34-84","Namibia","Zambezi","Kabbe North","Lisikili-Kalimbeza","300012021508","No","Yes","Household not found","","Yes","Yes",1,"Representative of the head","Spouse","Yes"
"13-52-22-69","Namibia","Zambezi","Kabbe North","Lisikili-Kalimbeza","300012021512","Yes",,,"",,"No",1,"Representative of the head","Spouse","Yes"
"39-17-92-41","Namibia","Zambezi","Sibbinda","Lusu","300013032308","Yes",,,"",,"No",1,"Representative of the head","Spouse","Yes"
"33-45-72-89","Namibia","Zambezi","Kabbe North","Libula","300012021809","Yes",,,"",,"No",1,"Representative of the head","Spouse","Yes"
"31-31-05-64","Namibia","Zambezi","Kabbe North","Cheza (Mangongo)","300012021404","No","Yes","Household moved to unknown location","","Yes","Yes",1,"Head of the household",,"Yes"
"86-99-45-42","Namibia","Zambezi","Kabbe South","Nakabolelwa","300016043804","Yes",,,"",,"No",1,"Head of the household",,"Yes"
"56-98-53-98","Namibia","Zambezi","Katima Mulilo Rural","Chabalala","300011010614","Yes",,,"",,"No",1,"Representative of the head","Spouse","Yes"
"56-36-96-19","Namibia","Zambezi","Kabbe North","Cheza (Mangongo)","300012021403","Yes",,,"",,"No",1,"Representative of the head","Daughter","Yes"
"50-58-13-59","Namibia","Zambezi","Kabbe North","Libula","300012021812","Yes",,,"",,"No",1,"Head of the household",,"Yes"
"96-16-19-85","Namibia","Zambezi","Sibbinda","Lusu","300013032307","Yes",,,"",,"No",1,"Head of the household",,"Yes"
"64-96-31-31","Namibia","Zambezi","Kabbe North","Cheza (Mangongo)","300012021402","Yes",,,"",,"No",1,"Head of the household",,"Yes"
"12-39-25-67","Namibia","Zambezi","Kabbe North","Libula","300012021802","Yes",,,"",,"No",1,"Representative of the head","Spouse","Yes"
"94-38-82-64","Namibia","Zambezi","Katima Mulilo Rural","Chabalala","300011010605","Yes",,,"",,"No",1,"Head of the household",,"Yes"
"32-40-73-26","Namibia","Zambezi","Kabbe North","Cheza (Mangongo)","300012021401","Yes",,,"",,"No",1,"Representative of the head","Other female relative","Yes"
"27-85-21-15","Namibia","Zambezi","Katima Mulilo Rural","Mafuta 2","300011010307","Yes",,,"",,"No",1,"Representative of the head","Spouse","Yes"
"31-68-89-01","Namibia","Zambezi","Kabbe North","Cheza (Mangongo)","300012021405","Yes",,,"",,"No",1,"Representative of the head","Son","Yes"
"72-31-90-61","Namibia","Zambezi","Kabbe North","Libula","300012021814","Yes",,,"",,"No",1,"Head of the household",,"Yes"
"80-54-37-07","Namibia","Zambezi","Katima Mulilo Rural","Liselo","300011010112","Yes",,,"",,"No",1,"Representative of the head","Spouse","Yes"
"36-19-32-95","Namibia","Zambezi","Kabbe North","Lisikili-Kalimbeza","300012021505","Yes",,,"",,"No",1,"Head of the household",,"Yes"
"75-71-40-40","Namibia","Zambezi","Sibbinda","Makolanga","300013032607","Yes",,,"",,"No",1,"Head of the household",,"Yes"
"37-54-02-07","Namibia","Zambezi","Katima Mulilo Rural","Bukalo A","300011010413","Yes",,,"",,"No",1,"Representative of the head","Spouse","Yes"
"60-74-79-59","Namibia","Zambezi","Kabbe North","Lisikili-Kalimbeza","300012021510","No","Yes","Household not found","","Yes","Yes",1,"Representative of the head","Spouse","Yes"
"96-89-11-69","Namibia","Zambezi","Sibbinda","Lusu","300013032313","Yes",,,"",,"No",1,"Representative of the head","Spouse","Yes"
"44-81-28-86","Namibia","Zambezi","Kabbe North","Libula","300012021808","Yes",,,"",,"No",1,"Representative of the head","Spouse","Yes"
"33-26-68-81","Namibia","Zambezi","Katima Mulilo Rural","Mpyuu","300011010713","Yes",,,"",,"No",1,"Head of the household",,"Yes"
"12-27-31-91","Namibia","Zambezi","Sibbinda","Lusu","300013032309","Yes",,,"",,"No",1,"Head of the household",,"Yes"
"44-39-19-46","Namibia","Zambezi","Katima Mulilo Rural","Bukalo A","300011010412","Yes",,,"",,"No",1,"Representative of the head","Spouse","Yes"
"19-73-20-43","Namibia","Zambezi","Sibbinda","Makolanga","300013032615","No","Yes","Household not found","","Yes","Yes",1,"Representative of the head","Spouse","Yes"
"86-42-35-25","Namibia","Zambezi","Katima Mulilo Rural","Mpyuu","300011010704","Yes",,,"",,"No",1,"Head of the household",,"Yes"
"21-53-70-02","Namibia","Zambezi","Kabbe South","Itomba","300016054109","No","Yes","Household not found","","Yes","Yes",1,"Head of the household",,"Yes"
"36-25-22-73","Namibia","Zambezi","Katima Mulilo Rural","Mpyuu","300011010715","Yes",,,"",,"No",1,"Head of the household",,"Yes"
"61-61-32-11","Namibia","Zambezi","Kabbe North","Libula","300012021810","Yes",,,"",,"No",1,"Head of the household",,"Yes"
"57-36-34-63","Namibia","Zambezi","Sibbinda","Makolanga","300013032602","Yes",,,"",,"No",1,"Head of the household",,"Yes"
"53-72-73-00","Namibia","Zambezi","Kabbe North","Cheza (Mangongo)","300012021411","No","Yes","Household not found","","Yes","Yes",1,"Representative of the head","Spouse","Yes"
"33-70-72-42","Namibia","Zambezi","Katima Mulilo Rural","Mafuta 1","300011010209","No","Yes","Household moved to unknown location","","Yes","Yes",1,"Head of the household",,"Yes"
"52-18-64-85","Namibia","Zambezi","Sibbinda","Makolanga","300013032608","Yes",,,"",,"No",1,"Head of the household",,"Yes"
"42-07-25-32","Namibia","Zambezi","Kabbe North","Libula","300012021806","Yes",,,"",,"No",1,"Head of the household",,"Yes"
"39-53-01-83","Namibia","Zambezi","Kabbe North","Libula South","300012054318","Yes",,,"",,"No",1,"Representative of the head","Daughter","Yes"
"33-51-31-80","Namibia","Zambezi","Kabbe North","Libula","300012021805","Yes",,,"",,"No",1,"Head of the household",,"Yes"
"94-39-43-68","Namibia","Zambezi","Kabbe North","Namyundu","300012021714","Yes",,,"",,"No",1,"Head of the household",,"Yes"
"03-54-18-25","Namibia","Zambezi","Kabbe South","Itomba","300016054101","Yes",,,"",,"No",1,"Representative of the head","Spouse","Yes"
"27-58-94-59","Namibia","Zambezi","Kabbe North","Libula","300012021804","Yes",,,"",,"No",1,"Representative of the head","Spouse","Yes"
"33-86-19-67","Namibia","Zambezi","Kabbe North","Namyundu","300012021707","Yes",,,"",,"No",1,"Head of the household",,"Yes"
"09-53-75-86","Namibia","Zambezi","Kabbe South","Itomba","300016054107","Yes",,,"",,"No",1,"Head of the household",,"Yes"
"85-34-92-87","Namibia","Zambezi","Kabbe North","Namyundu","300012021704","Yes",,,"",,"No",1,"Head of the household",,"Yes"
"75-94-09-47","Namibia","Zambezi","Katima Mulilo Rural","Bukalo B","300011010514","Yes",,,"",,"No",1,"Head of the household",,"Yes"
"84-71-43-61","Namibia","Zambezi","Kabbe South","Itomba","300016054110","No","Yes","Other (Specify)","Mr Robson is an old man who could not travel in a canoe to meet us to to floods. and so he was replaced by the grandson Mr Sibalatani.","Yes","Yes",1,"Head of the household",,"Yes"
"07-42-93-10","Namibia","Zambezi","Kabbe North","Namyundu","300012021702","Yes",,,"",,"No",1,"Head of the household",,"Yes"
"06-11-12-17","Namibia","Zambezi","Katima Mulilo Rural","Mafuta 2","300011010303","No","Yes","Household not found","","Yes","Yes",1,"Head of the household",,"Yes"
"15-55-21-38","Namibia","Zambezi","Kabbe South","Itomba","300016054104","Yes",,,"",,"No",1,"Head of the household",,"Yes"
"61-89-87-62","Namibia","Zambezi","Kabbe South","Itomba","300016054102","Yes",,,"",,"No",1,"Head of the household",,"Yes"
"05-53-30-00","Namibia","Zambezi","Katima Mulilo Rural","Mafuta 2","300011010311","No","Yes","Household moved to unknown location","","Yes","Yes",1,"Representative of the head","Spouse","Yes"
"00-18-71-95","Namibia","Zambezi","Kabbe North","Namyundu","300012021701","Yes",,,"",,"No",1,"Head of the household",,"Yes"
"93-03-74-23","Namibia","Zambezi","Kabbe North","Namyundu","300012021705","Yes",,,"",,"No",1,"Head of the household",,"Yes"
"98-02-00-97","Namibia","Zambezi","Katima Mulilo Rural","Bukalo A","300011010407","No","Yes","Household moved to a neighboring country","","Yes","Yes",1,"Head of the household",,"Yes"
"39-55-54-03","Namibia","Zambezi","Kabbe South","Itomba","300016054103","Yes",,,"",,"No",1,"Head of the household",,"Yes"
"55-64-77-57","Namibia","Zambezi","Katima Mulilo Rural","Bukalo A","300011010411","No","Yes","Household moved to unknown location","","Yes","Yes",1,"Head of the household",,"Yes"
"12-97-85-94","Namibia","Zambezi","Kabbe North","Namyundu","300012021703","No","Yes","Household not found","","Yes","Yes",1,"Head of the household",,"Yes"
"85-58-05-93","Namibia","Zambezi","Kabbe South","Itomba","300016054108","Yes",,,"",,"No",1,"Head of the household",,"Yes"
"36-06-01-35","Namibia","Zambezi","Kabbe North","Namyundu","300012021713","Yes",,,"",,"No",1,"Head of the household",,"Yes"
"11-36-65-74","Namibia","Zambezi","Kabbe South","Makoma","300016044011","Yes",,,"",,"No",1,"Head of the household",,"Yes"
"87-74-62-05","Namibia","Zambezi","Kabbe North","Namyundu","300012021709","Yes",,,"",,"No",1,"Head of the household",,"Yes"
"74-09-83-15","Namibia","Zambezi","Kabbe South","Makoma","300016044002","Yes",,,"",,"No",1,"Representative of the head","Spouse","Yes"
"99-86-29-88","Namibia","Zambezi","Kabbe North","Ntonda","300012021609","Yes",,,"",,"No",1,"Representative of the head","Spouse","Yes"
"10-97-13-34","Namibia","Zambezi","Kabbe South","Itomba","300016054112","Yes",,,"",,"No",1,"Head of the household",,"Yes"
"53-72-96-12","Namibia","Zambezi","Kabbe North","Namyundu","300012021708","Yes",,,"",,"No",1,"Head of the household",,"Yes"
"22-21-62-20","Namibia","Zambezi","Kabbe South","Itomba","300016054106","Yes",,,"",,"No",1,"Representative of the head","Grandmother","Yes"
"64-31-79-16","Namibia","Zambezi","Katima Mulilo Rural","27-28 Miles","300011010911","No","Yes","Household not found","","Yes","Yes",1,"Representative of the head","Spouse","Yes"
"01-18-26-42","Namibia","Zambezi","Kabbe South","Itomba","300016054111","No","Yes","Household not found","","Yes","Yes",1,"Head of the household",,"Yes"
"82-55-52-94","Namibia","Zambezi","Sibbinda","Bito","300013032114","Yes",,,"",,"No",1,"Head of the household",,"Yes"
"19-07-40-38","Namibia","Zambezi","Sibbinda","Bito","300013032110","Yes",,,"",,"No",1,"Head of the household",,"Yes"
"65-17-55-88","Namibia","Zambezi","Sibbinda","Sachinga","300013032504","No","Yes","Household moved to another village/town/district","","Yes","Yes",1,"Head of the household",,"Yes"
"71-44-93-64","Namibia","Zambezi","Kabbe South","Itomba","300016054113","No","Yes","Refused","","Yes","Yes",1,"Head of the household",,"Yes"
"34-19-14-62","Namibia","Zambezi","Kabbe North","Namyundu","300012021711","No","Yes","Other (Specify)","He is sick","Yes","Yes",1,"Head of the household",,"Yes"
"22-51-06-37","Namibia","Zambezi","Kabbe North","Namyundu","300012021706","No","Yes","Other (Specify)","Could not be reached","Yes","Yes",1,"Head of the household",,"Yes"
"27-70-53-20","Namibia","Zambezi","Katima Mulilo Rural","Bukalo A","300011010415","Yes",,,"",,"No",1,"Head of the household",,"Yes"
"98-81-19-82","Namibia","Zambezi","Kabbe South","Itomba","300016054114","No","Yes","Household moved to unknown location","","Yes","Yes",1,"Representative of the head","Spouse","Yes"
"39-67-03-82","Namibia","Zambezi","Sibbinda","Lusu","300013032302","Yes",,,"",,"No",1,"Head of the household",,"Yes"
"46-14-07-81","Namibia","Zambezi","Kabbe North","Namyundu","300012021712","No","Yes","Household not found","","Yes","Yes",1,"Head of the household",,"Yes"
