interview__key,h09,h09_oth,h09_1__1,h09_1__2,h09_1__3,h09_1__4,h09_1__5,h09_1__6,h09_1__96,h09_6__1,h09_6__2,h09_6__3,h09_6__4,h09_6__96,h10,h10_1,h11,h11_1
"77-20-39-35","household is connected to the electrical grid","","Yes","No","Yes","Yes","Yes","No","No","No","No","No","Yes","No","Firewood","","Electricity",""
"71-78-53-70","household is connected to the electrical grid","","Yes","No","No","No","Yes","Yes","No","No","Yes","Yes","No","No","Firewood","","Electricity",""
"46-91-82-56","household is connected to the electrical grid","","Yes","No","No","Yes","No","No","No","Yes","Yes","No","No","No","Firewood","","Electricity",""
"20-85-85-47","NONE","",,,,,,,,,,,,,"Firewood","","Torch",""
"34-53-75-33","household is connected to the electrical grid","","Yes","No","Yes","Yes","Yes","No","No","Yes","No","No","No","No","Electric cookers","","Electricity",""
"56-13-50-35","household is connected to the electrical grid","","Yes","No","No","No","No","No","No","Yes","Yes","No","Yes","No","Charcoal","","Electricity",""
"58-38-99-88","household is connected to the electrical grid","","Yes","No","No","Yes","No","No","No","No","No","No","No","Yes","Firewood","","Electricity",""
"81-26-40-75","household is connected to the electrical grid","","Yes","No","No","Yes","Yes","Yes","No","No","Yes","Yes","No","No","Firewood","","Electricity",""
"39-76-70-00","NONE","",,,,,,,,,,,,,"Firewood","","Torch",""
"84-11-99-46","household is connected to the electrical grid","","Yes","No","No","Yes","No","No","No","Yes","No","No","No","No","Firewood","","Electricity",""
"07-72-86-35","household is connected to the electrical grid","","Yes","No","No","Yes","Yes","No","No","Yes","Yes","No","No","No","Firewood","","Electricity",""
"76-67-31-58","household is connected to the electrical grid","","Yes","No","No","No","No","No","No","No","No","Yes","No","No","Firewood","","Electricity",""
"37-57-47-28","household is connected to the electrical grid","","Yes","No","No","Yes","Yes","No","No","Yes","Yes","No","No","No","Firewood","","Electricity",""
"01-40-66-32","NONE","",,,,,,,,,,,,,"Firewood","","Torch",""
"13-26-58-11","NONE","",,,,,,,,,,,,,"Firewood","","Torch",""
"53-48-83-71","NONE","",,,,,,,,,,,,,"Firewood","","Torch",""
"27-13-62-90","NONE","",,,,,,,,,,,,,"Firewood","","Candle",""
"85-22-01-46","household is connected to the electrical grid","","Yes","No","No","Yes","No","No","No","Yes","Yes","No","Yes","No","Firewood","","Electricity",""
"69-98-12-23","own electricity generation: solar panel","","Yes","No","No","No","No","No","No","No","No","No","Yes","No","Firewood","","Torch",""
"13-16-89-71","household is connected to the electrical grid","","Yes","No","No","Yes","No","No","No","Yes","Yes","Yes","No","No","Firewood","","Electricity",""
"56-66-41-20","NONE","",,,,,,,,,,,,,"Firewood","","Torch",""
"81-47-86-65","household is connected to the electrical grid","","Yes","No","Yes","Yes","No","No","No","Yes","No","No","Yes","No","Firewood","","Electricity",""
"93-67-97-18","own electricity generation: solar panel","","Yes","No","No","Yes","No","No","No","No","Yes","No","No","No","Firewood","","Solar",""
"38-26-42-37","household is connected to the electrical grid","","Yes","No","No","Yes","No","Yes","No","No","Yes","No","No","No","Firewood","","Electricity",""
"05-99-34-61","household is connected to the electrical grid","","Yes","No","Yes","Yes","Yes","Yes","No","Yes","Yes","Yes","No","No","Electric cookers","","Electricity",""
"82-77-34-88","household is connected to the electrical grid","","Yes","No","No","Yes","Yes","No","No","No","Yes","No","No","No","Firewood","","Electricity",""
"58-42-23-81","NONE","",,,,,,,,,,,,,"Firewood","","Solar",""
"41-08-83-81","household is connected to the electrical grid","","Yes","Yes","No","Yes","Yes","No","No","Yes","Yes","Yes","No","No","Firewood","","Electricity",""
"37-72-45-16","household is connected to the electrical grid","","Yes","Yes","Yes","Yes","Yes","No","No","Yes","No","No","No","No","Firewood","","Electricity",""
"86-82-46-77","household is connected to the electrical grid","","Yes","No","No","No","Yes","No","No","Yes","Yes","No","No","No","Firewood","","Electricity",""
"35-59-75-62","NONE","",,,,,,,,,,,,,"Firewood","","Candle",""
"31-89-28-30","NONE","",,,,,,,,,,,,,"Firewood","","Torch",""
"61-82-08-02","NONE","",,,,,,,,,,,,,"Firewood","","Torch",""
"67-96-75-77","NONE","",,,,,,,,,,,,,"Firewood","","Torch",""
"19-03-14-53","household is connected to the electrical grid","","Yes","No","No","Yes","Yes","No","No","No","No","No","Yes","No","Firewood","","Electricity",""
"12-01-31-29","household is connected to the electrical grid","","Yes","Yes","No","Yes","No","No","No","No","Yes","No","No","No","Firewood","","Electricity",""
"16-72-17-16","household is connected to the electrical grid","","Yes","No","Yes","No","No","No","No","Yes","Yes","No","No","No","Electric cookers","","Electricity",""
"38-21-18-12","household is connected to the electrical grid","","Yes","No","No","Yes","Yes","No","No","Yes","Yes","No","Yes","No","Firewood","","Electricity",""
"75-80-02-90","household is connected to the electrical grid","","Yes","No","No","Yes","No","No","No","No","Yes","No","No","No","Firewood","","Electricity",""
"43-41-21-85","household is connected to the electrical grid","","Yes","No","No","No","No","No","No","No","Yes","No","No","No","Firewood","","Electricity",""
"66-22-88-29","household is connected to the electrical grid","","Yes","No","No","Yes","No","No","No","Yes","No","No","No","Yes","Firewood","","Electricity",""
"42-66-53-78","NONE","",,,,,,,,,,,,,"Firewood","","Torch",""
"19-23-31-06","household is connected to the electrical grid","","Yes","No","No","Yes","No","No","No","Yes","Yes","No","Yes","No","Firewood","","Electricity",""
"62-33-60-14","household is connected to the electrical grid","","Yes","No","No","Yes","No","No","No","Yes","Yes","No","No","No","Firewood","","Electricity",""
"89-36-04-43","household is connected to the electrical grid","","Yes","No","No","Yes","Yes","No","No","Yes","Yes","No","No","No","Firewood","","Electricity",""
"87-86-68-37","household is connected to the electrical grid","","Yes","No","Yes","Yes","Yes","Yes","No","Yes","Yes","No","Yes","No","Electric cookers","","Electricity",""
"12-94-76-31","NONE","",,,,,,,,,,,,,"Firewood","","Torch",""
"25-74-03-84","NONE","",,,,,,,,,,,,,"Firewood","","Torch",""
"98-23-98-25","household is connected to the electrical grid","","Yes","Yes","Yes","Yes","Yes","No","No","Yes","Yes","No","Yes","No","Firewood","","Electricity",""
"01-01-07-49","NONE","",,,,,,,,,,,,,"Firewood","","Torch",""
"05-21-83-90","household is connected to the electrical grid","","Yes","No","No","No","No","No","No","No","Yes","No","No","No","Firewood","","Electricity",""
"77-16-48-10","NONE","",,,,,,,,,,,,,"Firewood","","Torch",""
"75-23-18-05","NONE","",,,,,,,,,,,,,"Firewood","","Torch",""
"83-84-60-99","NONE","",,,,,,,,,,,,,"Firewood","","Solar",""
"56-18-51-85","own electricity generation: electric generator","","Yes","No","No","No","No","No","No","No","Yes","No","No","No","Firewood","","Private generator",""
"26-38-66-11","NONE","",,,,,,,,,,,,,"Firewood","","Torch",""
"46-68-27-34","NONE","",,,,,,,,,,,,,"Firewood","","Torch",""
"78-16-14-09","NONE","",,,,,,,,,,,,,"Firewood","","Torch",""
"01-32-09-43","NONE","",,,,,,,,,,,,,"Firewood","","Torch",""
"11-29-18-58","own electricity generation: solar panel","","Yes","No","No","No","Yes","No","No","Yes","Yes","No","Yes","No","Firewood","","Electricity",""
"53-42-47-52","NONE","",,,,,,,,,,,,,"Firewood","","Candle",""
"01-17-72-49","NONE","",,,,,,,,,,,,,"Firewood","","Torch",""
"40-86-48-02","NONE","",,,,,,,,,,,,,"Firewood","","Torch",""
"67-11-34-32","NONE","",,,,,,,,,,,,,"Firewood","","Torch",""
"47-85-49-06","NONE","",,,,,,,,,,,,,"Firewood","","Torch",""
"68-03-09-51","NONE","",,,,,,,,,,,,,"Firewood","","Solar",""
"14-68-63-82","NONE","",,,,,,,,,,,,,"Firewood","","Torch",""
"80-91-19-12","NONE","",,,,,,,,,,,,,"Firewood","","Torch",""
"25-98-38-14","household is connected to the electrical grid","","Yes","No","No","Yes","No","No","No","Yes","Yes","No","No","No","Firewood","","Electricity",""
"50-33-61-65","household is connected to the electrical grid","","Yes","Yes","No","Yes","Yes","No","No","Yes","Yes","No","No","No","Firewood","","Electricity",""
"88-90-25-85","household is connected to the electrical grid","","Yes","Yes","No","Yes","No","No","No","No","Yes","No","No","No","Firewood","","Electricity",""
"04-83-20-68","NONE","",,,,,,,,,,,,,"Firewood","","Candle",""
"09-59-67-21","NONE","",,,,,,,,,,,,,"Firewood","","Torch",""
"35-03-03-59","NONE","",,,,,,,,,,,,,"Firewood","","Torch",""
"10-50-64-24","NONE","",,,,,,,,,,,,,"Firewood","","Torch",""
"13-56-95-25","household is connected to an off-grid solar system","","Yes","No","No","Yes","No","No","No","No","Yes","No","No","No","Firewood","","Solar",""
"36-88-00-01","NONE","",,,,,,,,,,,,,"Firewood","","Torch",""
"63-25-21-02","NONE","",,,,,,,,,,,,,"Firewood","","Torch",""
"08-07-30-74","household is connected to the electrical grid","","Yes","Yes","Yes","Yes","Yes","No","No","Yes","Yes","Yes","Yes","No","Firewood","","Electricity",""
"18-39-69-08","NONE","",,,,,,,,,,,,,"Firewood","","Torch",""
"97-46-11-48","NONE","",,,,,,,,,,,,,"Firewood","","Torch",""
"12-85-99-43","NONE","",,,,,,,,,,,,,"Firewood","","Torch",""
"55-14-49-61","household is connected to the electrical grid","","Yes","No","Yes","No","No","No","No","Yes","Yes","Yes","Yes","No","Firewood","","Electricity",""
"94-26-98-86","household is connected to the electrical grid","","Yes","Yes","No","Yes","No","No","No","Yes","No","No","No","No","Firewood","","Electricity",""
"32-96-01-37","household is connected to the electrical grid","","Yes","No","No","No","No","No","No","Yes","No","No","Yes","No","Firewood","","Electricity",""
"41-92-38-71","household is connected to the electrical grid","","Yes","No","Yes","Yes","Yes","No","No","Yes","Yes","No","No","No","Firewood","","Electricity",""
"43-40-50-14","NONE","",,,,,,,,,,,,,"Firewood","","Torch",""
"33-52-73-44","NONE","",,,,,,,,,,,,,"Firewood","","Torch",""
"17-65-44-15","NONE","",,,,,,,,,,,,,"Firewood","","Torch",""
"77-00-14-73","household is connected to the electrical grid","","Yes","No","No","No","No","No","No","Yes","Yes","No","Yes","No","Firewood","","Electricity",""
"78-98-94-60","own electricity generation: solar panel","","No","No","No","Yes","No","No","No","No","Yes","No","No","No","Firewood","","Torch",""
"50-51-12-24","household is connected to the electrical grid","","Yes","Yes","No","Yes","Yes","No","No","Yes","Yes","No","No","No","Firewood","","Electricity",""
"45-72-98-81","NONE","",,,,,,,,,,,,,"Firewood","","Torch",""
"98-20-22-18","NONE","",,,,,,,,,,,,,"Firewood","","Solar",""
"12-87-62-64","household is connected to the electrical grid","","Yes","No","No","Yes","Yes","Yes","No","No","No","Yes","No","No","Firewood","","Electricity",""
"02-24-60-64","NONE","",,,,,,,,,,,,,"Firewood","","Torch",""
"35-93-85-84","own electricity generation: solar panel","","Yes","No","No","Yes","No","No","No","Yes","Yes","Yes","No","No","Firewood","","Solar",""
"25-08-98-52","own electricity generation: solar panel","","Yes","No","No","Yes","No","No","No","Yes","Yes","Yes","No","No","Firewood","","Solar",""
"46-54-30-66","household is connected to the electrical grid","","Yes","No","No","Yes","Yes","No","No","Yes","Yes","No","No","No","Firewood","","Electricity",""
"19-66-62-79","household is connected to the electrical grid","","Yes","No","No","Yes","Yes","No","No","Yes","Yes","No","No","No","Firewood","","Electricity",""
"38-52-59-99","NONE","",,,,,,,,,,,,,"Firewood","","Torch",""
"18-01-52-21","household is connected to the electrical grid","","Yes","No","No","Yes","Yes","No","No","Yes","Yes","No","No","No","Firewood","","Electricity",""
"52-91-87-71","household is connected to the electrical grid","","Yes","No","Yes","Yes","No","No","No","Yes","Yes","Yes","No","No","Firewood","","Electricity",""
"86-58-98-12","NONE","",,,,,,,,,,,,,"Firewood","","Candle",""
"18-53-78-30","household is connected to the electrical grid","","Yes","No","No","No","No","No","No","No","Yes","Yes","No","No","Firewood","","Electricity",""
"21-70-10-93","NONE","",,,,,,,,,,,,,"Firewood","","Torch",""
"51-51-64-02","household is connected to the electrical grid","","Yes","No","No","Yes","Yes","No","No","Yes","Yes","No","No","No","Firewood","","Electricity",""
"65-04-27-87","NONE","",,,,,,,,,,,,,"Firewood","","Torch",""
"26-67-17-34","NONE","",,,,,,,,,,,,,"Firewood","","Torch",""
"12-55-61-25","NONE","",,,,,,,,,,,,,"Firewood","","Torch",""
"70-21-00-12","NONE","",,,,,,,,,,,,,"Firewood","","Torch",""
"09-96-00-56","household is connected to the electrical grid","","Yes","No","No","Yes","Yes","No","No","Yes","Yes","No","No","No","Firewood","","Electricity",""
"93-46-32-90","own electricity generation: electric generator","","Yes","No","No","Yes","Yes","Yes","No","No","Yes","No","No","No","Firewood","","Private generator",""
"39-76-52-63","NONE","",,,,,,,,,,,,,"Firewood","","Torch",""
"44-39-76-83","NONE","",,,,,,,,,,,,,"Firewood","","Torch",""
"57-92-68-31","NONE","",,,,,,,,,,,,,"Firewood","","Torch",""
"70-75-80-97","NONE","",,,,,,,,,,,,,"Firewood","","Torch",""
"37-91-43-52","NONE","",,,,,,,,,,,,,"Firewood","","Torch",""
"93-94-95-33","household is connected to the electrical grid","","Yes","No","No","No","No","No","No","No","Yes","No","No","No","Firewood","","Electricity",""
"50-37-72-10","NONE","",,,,,,,,,,,,,"Firewood","","Torch",""
"29-63-76-51","household is connected to the electrical grid","","Yes","No","No","Yes","Yes","No","No","Yes","Yes","No","No","No","Firewood","","Electricity",""
"71-36-35-44","household is connected to the electrical grid","","Yes","No","No","Yes","Yes","No","No","No","Yes","No","No","No","Firewood","","Electricity",""
"20-65-14-78","household is connected to the electrical grid","","No","No","Yes","No","No","No","No","Yes","Yes","No","No","No","Firewood","","Electricity",""
"60-95-57-22","household is connected to the electrical grid","","Yes","No","No","Yes","Yes","No","No","Yes","Yes","No","Yes","No","Firewood","","Electricity",""
"17-61-49-75","I don't know","",,,,,,,,,,,,,"Firewood","","Torch",""
"02-95-98-52","household is connected to the electrical grid","","Yes","No","No","Yes","Yes","No","No","Yes","Yes","No","No","No","Firewood","","Electricity",""
"77-54-37-57","NONE","",,,,,,,,,,,,,"Firewood","","Torch",""
"49-81-42-49","household is connected to the electrical grid","","Yes","No","Yes","Yes","Yes","No","No","Yes","Yes","Yes","No","No","Electric cookers","","Electricity",""
"07-97-99-00","NONE","",,,,,,,,,,,,,"Firewood","","Torch",""
"61-38-38-57","NONE","",,,,,,,,,,,,,"Firewood","","Solar",""
"80-45-81-35","NONE","",,,,,,,,,,,,,"Firewood","","Torch",""
"47-70-03-35","NONE","",,,,,,,,,,,,,"Firewood","","Torch",""
"73-01-72-24","NONE","",,,,,,,,,,,,,"Firewood","","Torch",""
"70-18-85-80","household is connected to the electrical grid","","Yes","No","No","Yes","No","No","No","Yes","No","Yes","Yes","No","Firewood","","Electricity",""
"59-96-51-48","NONE","",,,,,,,,,,,,,"Firewood","","Torch",""
"47-24-68-80","household is connected to the electrical grid","","Yes","No","No","Yes","No","No","No","Yes","Yes","Yes","No","No","Firewood","","Electricity",""
"98-95-69-34","NONE","",,,,,,,,,,,,,"Firewood","","Torch",""
"94-61-58-26","household is connected to the electrical grid","","Yes","No","No","Yes","Yes","No","No","Yes","Yes","No","Yes","No","Firewood","","Electricity",""
"84-70-48-38","NONE","",,,,,,,,,,,,,"Firewood","","Torch",""
"46-07-52-30","NONE","",,,,,,,,,,,,,"Firewood","","Torch",""
"65-50-88-07","NONE","",,,,,,,,,,,,,"Firewood","","Torch",""
"05-43-02-62","NONE","",,,,,,,,,,,,,"Firewood","","Torch",""
"83-84-84-67","NONE","",,,,,,,,,,,,,"Firewood","","Torch",""
"16-35-19-29","household is connected to the electrical grid","","Yes","No","No","Yes","No","No","No","Yes","Yes","No","No","No","Firewood","","Electricity",""
"83-90-14-37","household is connected to the electrical grid","","Yes","No","No","Yes","No","No","No","No","Yes","Yes","No","No","Firewood","","Electricity",""
"56-16-94-47","own electricity generation: solar panel","","No","No","No","Yes","No","No","No","No","Yes","No","No","No","Firewood","","Candle",""
"16-24-71-47","NONE","",,,,,,,,,,,,,"Firewood","","Candle",""
"22-33-09-47","NONE","",,,,,,,,,,,,,"Firewood","","Torch",""
"89-17-95-50","NONE","",,,,,,,,,,,,,"Firewood","","Torch",""
"71-12-87-82","household is connected to the electrical grid","","Yes","No","No","No","No","No","No","Yes","Yes","No","No","No","Firewood","","Electricity",""
"93-78-86-25","NONE","",,,,,,,,,,,,,"Firewood","","Candle",""
"34-03-26-96","household is connected to the electrical grid","","Yes","No","No","Yes","Yes","No","No","Yes","Yes","No","No","No","Firewood","","Electricity",""
"83-62-75-30","NONE","",,,,,,,,,,,,,"Firewood","","Torch",""
"39-30-68-16","household is connected to the electrical grid","","Yes","No","No","No","No","No","No","No","Yes","No","No","No","Firewood","","Electricity",""
"25-67-10-82","NONE","",,,,,,,,,,,,,"Firewood","","Torch",""
"87-90-13-56","own electricity generation: solar panel","","Yes","No","No","Yes","No","No","No","Yes","Yes","No","No","No","Firewood","","Solar",""
"38-81-07-74","NONE","",,,,,,,,,,,,,"Firewood","","Torch",""
"29-17-63-12","household is connected to the electrical grid","","Yes","No","No","Yes","Yes","No","No","Yes","Yes","No","No","No","Firewood","","Electricity",""
"09-87-36-18","own electricity generation: solar panel","","Yes","No","No","No","No","No","No","No","Yes","No","No","No","Firewood","","Solar",""
"37-47-43-04","NONE","",,,,,,,,,,,,,"Firewood","","Torch",""
"19-94-92-45","NONE","",,,,,,,,,,,,,"Firewood","","Torch",""
"01-51-77-20","NONE","",,,,,,,,,,,,,"Firewood","","Torch",""
"14-21-66-73","NONE","",,,,,,,,,,,,,"Firewood","","Torch",""
"10-12-38-23","household is connected to the electrical grid","","Yes","No","No","Yes","No","No","No","Yes","Yes","No","No","No","Firewood","","Electricity",""
"06-71-23-79","household is connected to the electrical grid","","Yes","No","No","Yes","No","No","No","Yes","Yes","No","No","No","Firewood","","Electricity",""
"09-86-92-43","NONE","",,,,,,,,,,,,,"Firewood","","Torch",""
"65-52-71-81","NONE","",,,,,,,,,,,,,"Firewood","","Torch",""
"88-09-14-40","NONE","",,,,,,,,,,,,,"Firewood","","Candle",""
"51-32-55-02","household is connected to the electrical grid","","Yes","No","No","Yes","Yes","No","No","Yes","Yes","No","Yes","No","Firewood","","Electricity",""
"25-85-18-57","NONE","",,,,,,,,,,,,,"Firewood","","Torch",""
"08-01-73-79","NONE","",,,,,,,,,,,,,"Firewood","","Torch",""
"30-31-42-54","NONE","",,,,,,,,,,,,,"Firewood","","Torch",""
"59-41-41-82","NONE","",,,,,,,,,,,,,"Firewood","","Torch",""
"86-80-66-75","NONE","",,,,,,,,,,,,,"Firewood","","Candle",""
"36-82-19-46","household is connected to the electrical grid","","Yes","Yes","No","Yes","No","No","No","Yes","Yes","Yes","No","No","Firewood","","Electricity",""
"87-16-84-48","NONE","",,,,,,,,,,,,,"Firewood","","Torch",""
"85-15-56-74","NONE","",,,,,,,,,,,,,"Firewood","","Torch",""
"99-52-45-97","own electricity generation: electric generator","","Yes","No","No","Yes","Yes","No","No","No","Yes","Yes","No","No","Firewood","","Solar",""
"22-42-05-31","NONE","",,,,,,,,,,,,,"Firewood","","Torch",""
"17-88-76-49","NONE","",,,,,,,,,,,,,"Firewood","","Torch",""
"95-93-26-61","NONE","",,,,,,,,,,,,,"Firewood","","Torch",""
"66-25-20-13","NONE","",,,,,,,,,,,,,"Firewood","","Torch",""
"56-49-46-49","NONE","",,,,,,,,,,,,,"Firewood","","Candle",""
"00-63-35-41","NONE","",,,,,,,,,,,,,"Firewood","","Torch",""
"35-73-88-21","household is connected to the electrical grid","","Yes","No","No","Yes","No","No","No","No","Yes","No","No","No","Firewood","","Electricity",""
"90-22-40-74","NONE","",,,,,,,,,,,,,"Firewood","","Candle",""
"71-58-33-81","NONE","",,,,,,,,,,,,,"Firewood","","Torch",""
"85-67-71-58","NONE","",,,,,,,,,,,,,"Firewood","","Torch",""
"01-61-71-69","household is connected to the electrical grid","","Yes","No","No","Yes","Yes","No","No","Yes","Yes","No","No","No","Firewood","","Electricity",""
"75-50-19-75","NONE","",,,,,,,,,,,,,"Firewood","","Torch",""
"89-26-96-48","NONE","",,,,,,,,,,,,,"Firewood","","Torch",""
"73-20-13-57","Refused to answer","",,,,,,,,,,,,,"Firewood","","Torch",""
"55-53-09-17","household is connected to the electrical grid","","Yes","No","No","No","No","No","No","No","Yes","No","No","No","Firewood","","Electricity",""
"16-20-70-88","household is connected to the electrical grid","","Yes","No","No","No","Yes","No","No","No","Yes","No","No","No","Firewood","","Electricity",""
"14-74-46-71","NONE","",,,,,,,,,,,,,"Firewood","","Any other energy for lighting","phone"
"15-43-32-03","NONE","",,,,,,,,,,,,,"Firewood","","Torch",""
"62-79-94-11","NONE","",,,,,,,,,,,,,"Firewood","","Torch",""
"74-11-35-62","household is connected to the electrical grid","","Yes","No","No","Yes","No","No","No","Yes","Yes","No","No","No","Firewood","","Electricity",""
"07-05-49-00","household is connected to the electrical grid","","Yes","Yes","No","Yes","Yes","No","No","Yes","Yes","No","Yes","No","Firewood","","Electricity",""
"12-21-07-33","NONE","",,,,,,,,,,,,,"Firewood","","Torch",""
"23-59-76-04","household is connected to the electrical grid","","Yes","Yes","Yes","Yes","Yes","No","No","Yes","Yes","Yes","Yes","No","Gas (incl. biogas)","","Electricity",""
"93-87-90-66","NONE","",,,,,,,,,,,,,"Firewood","","Torch",""
"16-34-09-13","household is connected to the electrical grid","","Yes","No","No","Yes","Yes","Yes","No","No","Yes","Yes","No","No","Firewood","","Electricity",""
"85-82-50-77","NONE","",,,,,,,,,,,,,"Firewood","","Torch",""
"89-27-41-66","NONE","",,,,,,,,,,,,,"Firewood","","Torch",""
"22-81-16-32","NONE","",,,,,,,,,,,,,"Firewood","","Torch",""
"54-44-06-88","NONE","",,,,,,,,,,,,,"Firewood","","Torch",""
"47-49-80-52","NONE","",,,,,,,,,,,,,"Firewood","","Torch",""
"93-73-35-44","household is connected to the electrical grid","","Yes","No","No","Yes","Yes","Yes","No","Yes","Yes","No","No","No","Firewood","","Firewood",""
"08-77-46-38","NONE","",,,,,,,,,,,,,"Firewood","","Torch",""
"85-57-73-17","NONE","",,,,,,,,,,,,,"Firewood","","Torch",""
"48-05-99-35","NONE","",,,,,,,,,,,,,"Firewood","","Torch",""
"67-13-56-73","NONE","",,,,,,,,,,,,,"Firewood","","Torch",""
"97-33-85-90","household is connected to the electrical grid","","Yes","No","No","Yes","No","No","No","Yes","Yes","No","No","No","Firewood","","Electricity",""
"10-54-97-94","NONE","",,,,,,,,,,,,,"Firewood","","Torch",""
"50-35-50-04","NONE","",,,,,,,,,,,,,"Firewood","","Torch",""
"62-96-39-45","NONE","",,,,,,,,,,,,,"Firewood","","Any other energy for lighting","phone"
"44-55-26-98","NONE","",,,,,,,,,,,,,"Firewood","","Torch",""
"93-47-96-78","NONE","",,,,,,,,,,,,,"Firewood","","Candle",""
"18-43-28-32","household is connected to the electrical grid","","Yes","No","No","No","No","No","No","No","Yes","No","No","No","Firewood","","Electricity",""
"37-21-15-22","NONE","",,,,,,,,,,,,,"Firewood","","Torch",""
"87-15-89-67","household is connected to the electrical grid","","Yes","No","No","Yes","No","No","No","Yes","Yes","No","No","No","Firewood","","Electricity",""
"79-26-09-22","NONE","",,,,,,,,,,,,,"Firewood","","Candle",""
"75-05-90-14","NONE","",,,,,,,,,,,,,"Firewood","","Torch",""
"24-85-21-24","NONE","",,,,,,,,,,,,,"Firewood","","Torch",""
"91-48-78-65","household is connected to the electrical grid","","Yes","No","No","No","No","No","No","Yes","Yes","No","No","No","Firewood","","Electricity",""
"32-52-77-66","NONE","",,,,,,,,,,,,,"Firewood","","Torch",""
"26-89-84-58","NONE","",,,,,,,,,,,,,"Firewood","","Torch",""
"59-38-71-66","own electricity generation: solar panel","","Yes","No","No","Yes","No","No","No","Yes","Yes","No","No","No","Firewood","","Solar",""
"02-07-52-84","household is connected to the electrical grid","","Yes","No","No","Yes","Yes","No","No","Yes","Yes","Yes","No","No","Firewood","","Electricity",""
"77-80-39-86","NONE","",,,,,,,,,,,,,"Firewood","","Torch",""
"72-51-39-42","household is connected to the electrical grid","","Yes","No","No","Yes","No","No","No","No","Yes","No","No","No","Firewood","","Electricity",""
"87-64-80-93","NONE","",,,,,,,,,,,,,"Firewood","","Torch",""
"36-99-07-56","NONE","",,,,,,,,,,,,,"Firewood","","Any other energy for lighting","Phones"
"75-89-92-79","household is connected to the electrical grid","","Yes","No","No","Yes","Yes","No","No","No","Yes","No","No","No","Firewood","","Electricity",""
"44-34-32-32","NONE","",,,,,,,,,,,,,"Firewood","","Torch",""
"53-52-93-15","household is connected to the electrical grid","","Yes","No","No","Yes","No","No","No","Yes","Yes","No","No","No","Firewood","","Electricity",""
"58-35-74-86","NONE","",,,,,,,,,,,,,"Firewood","","Torch",""
"23-82-30-50","NONE","",,,,,,,,,,,,,"Firewood","","Torch",""
"76-76-95-07","household is connected to the electrical grid","","Yes","No","Yes","Yes","Yes","No","No","Yes","Yes","No","No","No","Firewood","","Electricity",""
"69-18-54-45","own electricity generation: solar panel","","Yes","No","No","Yes","Yes","No","No","No","Yes","No","No","No","Firewood","","Solar",""
"99-14-10-16","household is connected to the electrical grid","","Yes","No","No","No","No","No","No","No","No","No","No","Yes","Firewood","","Electricity",""
"55-02-31-58","NONE","",,,,,,,,,,,,,"Firewood","","Torch",""
"55-65-32-92","NONE","",,,,,,,,,,,,,"Firewood","","Torch",""
"66-00-67-40","NONE","",,,,,,,,,,,,,"Firewood","","Torch",""
"41-51-06-54","household is connected to the electrical grid","","Yes","No","No","Yes","Yes","No","No","No","Yes","No","No","No","Firewood","","Electricity",""
"07-18-54-62","household is connected to the electrical grid","","Yes","No","No","Yes","Yes","No","No","Yes","Yes","No","No","No","Firewood","","Electricity",""
"73-70-79-76","household is connected to the electrical grid","","Yes","No","No","Yes","Yes","No","No","Yes","Yes","No","No","Yes","Firewood","","Electricity",""
"40-83-72-17","NONE","",,,,,,,,,,,,,"Firewood","","Candle",""
"23-74-18-51","NONE","",,,,,,,,,,,,,"Firewood","","Torch",""
"18-88-43-52","household is connected to the electrical grid","","Yes","No","No","Yes","Yes","No","No","Yes","Yes","No","No","No","Firewood","","Electricity",""
"72-37-85-07","NONE","",,,,,,,,,,,,,"Firewood","","Candle",""
"84-90-52-18","household is connected to the electrical grid","","Yes","No","No","Yes","Yes","No","No","Yes","Yes","No","No","No","Firewood","","Electricity",""
"94-23-16-05","NONE","",,,,,,,,,,,,,"Firewood","","Torch",""
"52-32-19-59","own electricity generation: solar panel","","No","No","No","Yes","Yes","Yes","No","No","Yes","Yes","No","No","Firewood","","Solar",""
"99-83-95-63","NONE","",,,,,,,,,,,,,"Firewood","","Torch",""
"46-29-66-50","NONE","",,,,,,,,,,,,,"Firewood","","Torch",""
"82-09-67-93","NONE","",,,,,,,,,,,,,"Firewood","","Candle",""
"53-00-44-01","NONE","",,,,,,,,,,,,,"Firewood","","Torch",""
"34-98-47-22","NONE","",,,,,,,,,,,,,"Firewood","","Torch",""
"78-72-01-35","own electricity generation: solar panel","","Yes","No","No","No","No","No","No","No","Yes","No","No","No","Firewood","","Solar",""
"04-97-48-20","NONE","",,,,,,,,,,,,,"Firewood","","Candle",""
"99-10-52-87","NONE","",,,,,,,,,,,,,"Firewood","","Torch",""
"92-62-56-72","NONE","",,,,,,,,,,,,,"Firewood","","Torch",""
"39-32-10-47","NONE","",,,,,,,,,,,,,"Firewood","","Torch",""
"25-20-66-75","household is connected to the electrical grid","","Yes","No","No","No","No","No","No","Yes","Yes","No","No","No","Firewood","","Electricity",""
"98-95-69-84","NONE","",,,,,,,,,,,,,"Firewood","","Candle",""
"18-35-44-26","I don't know","",,,,,,,,,,,,,"Firewood","","Torch",""
"59-94-58-22","NONE","",,,,,,,,,,,,,"Firewood","","Any other energy for lighting","Phone"
"40-32-33-96","NONE","",,,,,,,,,,,,,"Firewood","","Torch",""
"18-30-46-42","NONE","",,,,,,,,,,,,,"Firewood","","Torch",""
"42-15-88-64","household is connected to the electrical grid","","Yes","No","No","No","No","No","No","No","Yes","No","No","No","Firewood","","Electricity",""
"19-83-07-46","NONE","",,,,,,,,,,,,,"Firewood","","Torch",""
"16-76-24-92","household is connected to the electrical grid","","Yes","No","No","Yes","Yes","No","No","Yes","Yes","No","No","No","Firewood","","Electricity",""
"16-98-25-56","NONE","",,,,,,,,,,,,,"Firewood","","Torch",""
"08-81-97-68","household is connected to the electrical grid","","Yes","No","No","No","No","No","No","No","Yes","No","No","No","Firewood","","Electricity",""
"90-75-59-18","NONE","",,,,,,,,,,,,,"Firewood","","Torch",""
"01-70-02-35","household is connected to the electrical grid","","Yes","No","No","Yes","Yes","No","No","Yes","Yes","No","Yes","No","Firewood","","Electricity",""
"23-94-09-23","household is connected to the electrical grid","","No","No","No","Yes","Yes","Yes","No","Yes","Yes","No","No","No","Firewood","","Torch",""
"08-72-61-50","NONE","",,,,,,,,,,,,,"Firewood","","Torch",""
"83-59-21-47","NONE","",,,,,,,,,,,,,"Firewood","","Torch",""
"78-07-95-11","NONE","",,,,,,,,,,,,,"Firewood","","Torch",""
"70-58-67-82","NONE","",,,,,,,,,,,,,"Firewood","","Solar",""
"47-04-86-67","NONE","",,,,,,,,,,,,,"Firewood","","Torch",""
"92-02-45-21","NONE","",,,,,,,,,,,,,"Firewood","","Torch",""
"88-75-68-17","NONE","",,,,,,,,,,,,,"Firewood","","Torch",""
"24-82-46-82","NONE","",,,,,,,,,,,,,"Firewood","","Torch",""
"21-42-97-88","NONE","",,,,,,,,,,,,,"Firewood","","Torch",""
"87-09-20-52","NONE","",,,,,,,,,,,,,"Firewood","","Torch",""
"68-10-75-89","NONE","",,,,,,,,,,,,,"Firewood","","Torch",""
"43-52-85-97","NONE","",,,,,,,,,,,,,"Firewood","","Candle",""
"00-31-45-58","NONE","",,,,,,,,,,,,,"Firewood","","Torch",""
"89-47-55-13","NONE","",,,,,,,,,,,,,"Firewood","","Torch",""
"86-75-09-05","NONE","",,,,,,,,,,,,,"Firewood","","Candle",""
"70-15-38-18","NONE","",,,,,,,,,,,,,"Firewood","","Any other energy for lighting","Phones"
"13-43-56-11","NONE","",,,,,,,,,,,,,"Firewood","","Torch",""
"41-78-59-34","NONE","",,,,,,,,,,,,,"Firewood","","Torch",""
"76-42-64-83","NONE","",,,,,,,,,,,,,"Firewood","","Torch",""
"60-08-55-10","I don't know","",,,,,,,,,,,,,"Firewood","","Torch",""
"09-76-96-87","NONE","",,,,,,,,,,,,,"Firewood","","Torch",""
"24-13-90-91","NONE","",,,,,,,,,,,,,"Firewood","","Candle",""
"79-64-90-22","NONE","",,,,,,,,,,,,,"Firewood","","Candle",""
"88-15-47-53","NONE","",,,,,,,,,,,,,"Firewood","","Torch",""
"74-17-56-50","household is connected to the electrical grid","","Yes","No","No","No","No","No","No","No","Yes","No","No","No","Firewood","","Electricity",""
"65-73-74-13","NONE","",,,,,,,,,,,,,"Firewood","","Torch",""
"78-26-64-75","NONE","",,,,,,,,,,,,,"Firewood","","Any other energy for lighting","cellphone"
"57-56-64-78","NONE","",,,,,,,,,,,,,"Firewood","","Torch",""
"79-27-11-92","NONE","",,,,,,,,,,,,,"Firewood","","Torch",""
"01-06-16-47","NONE","",,,,,,,,,,,,,"Firewood","","Torch",""
"80-39-36-38","household is connected to the electrical grid","","Yes","No","No","Yes","Yes","No","No","Yes","Yes","No","No","No","Firewood","","Electricity",""
"96-17-52-94","NONE","",,,,,,,,,,,,,"Firewood","","Torch",""
"67-51-54-29","NONE","",,,,,,,,,,,,,"Firewood","","Torch",""
"94-25-30-28","NONE","",,,,,,,,,,,,,"Firewood","","Torch",""
"99-05-99-45","NONE","",,,,,,,,,,,,,"Firewood","","Torch",""
"55-49-77-29","household is connected to the electrical grid","","Yes","No","No","Yes","No","No","No","Yes","Yes","No","No","No","Firewood","","Electricity",""
"59-94-70-54","NONE","",,,,,,,,,,,,,"Firewood","","Torch",""
"18-48-78-90","household is connected to the electrical grid","","Yes","No","No","Yes","No","No","No","No","Yes","No","No","No","Firewood","","Electricity",""
"91-78-23-71","NONE","",,,,,,,,,,,,,"Firewood","","Torch",""
"79-02-43-99","NONE","",,,,,,,,,,,,,"Firewood","","Torch",""
"05-99-22-70","NONE","",,,,,,,,,,,,,"Firewood","","Firewood",""
"19-70-78-40","NONE","",,,,,,,,,,,,,"Firewood","","Torch",""
"24-76-11-61","NONE","",,,,,,,,,,,,,"Firewood","","Torch",""
"01-56-68-49","household is connected to the electrical grid","","Yes","No","No","Yes","Yes","No","No","Yes","Yes","Yes","No","No","Firewood","","Electricity",""
"48-81-58-75","NONE","",,,,,,,,,,,,,"Firewood","","Torch",""
"88-17-46-63","NONE","",,,,,,,,,,,,,"Firewood","","Torch",""
"64-24-89-62","NONE","",,,,,,,,,,,,,"Firewood","","Candle",""
"79-97-16-20","NONE","",,,,,,,,,,,,,"Firewood","","Candle",""
"22-78-59-76","NONE","",,,,,,,,,,,,,"Firewood","","Lamp oil",""
"68-66-94-81","NONE","",,,,,,,,,,,,,"Firewood","","Torch",""
"55-05-77-24","NONE","",,,,,,,,,,,,,"Firewood","","Torch",""
"96-11-62-92","NONE","",,,,,,,,,,,,,"Firewood","","Torch",""
"78-34-55-08","household is connected to the electrical grid","","Yes","No","No","Yes","No","No","No","Yes","Yes","No","No","No","Firewood","","Electricity",""
"62-52-92-33","NONE","",,,,,,,,,,,,,"Firewood","","Torch",""
"11-84-22-34","NONE","",,,,,,,,,,,,,"Firewood","","Candle",""
"75-25-19-33","NONE","",,,,,,,,,,,,,"Firewood","","Torch",""
"25-28-42-89","NONE","",,,,,,,,,,,,,"Firewood","","Any other energy for lighting","Phone"
"17-22-63-49","NONE","",,,,,,,,,,,,,"Firewood","","Torch",""
"75-11-04-39","NONE","",,,,,,,,,,,,,"Firewood","","Torch",""
"42-13-72-77","NONE","",,,,,,,,,,,,,"Firewood","","Torch",""
"22-71-31-86","NONE","",,,,,,,,,,,,,"Firewood","","Candle",""
"72-79-67-76","NONE","",,,,,,,,,,,,,"Firewood","","Torch",""
"55-61-00-58","own electricity generation: solar panel","","Yes","No","No","Yes","No","No","No","Yes","Yes","No","No","No","Firewood","","Solar",""
"83-84-11-33","NONE","",,,,,,,,,,,,,"Firewood","","Torch",""
"57-06-39-78","NONE","",,,,,,,,,,,,,"Firewood","","Torch",""
"28-44-47-60","NONE","",,,,,,,,,,,,,"Firewood","","Torch",""
"99-83-86-30","own electricity generation: solar panel","","Yes","No","No","Yes","No","No","No","Yes","Yes","No","No","No","Firewood","","Solar",""
"95-87-87-82","NONE","",,,,,,,,,,,,,"Firewood","","Torch",""
"51-10-14-61","NONE","",,,,,,,,,,,,,"Firewood","","Any other energy for lighting","Phone"
"38-80-77-22","NONE","",,,,,,,,,,,,,"Firewood","","Torch",""
"32-85-49-35","NONE","",,,,,,,,,,,,,"Firewood","","Torch",""
"67-57-93-16","NONE","",,,,,,,,,,,,,"Firewood","","Torch",""
"66-09-29-33","NONE","",,,,,,,,,,,,,"Firewood","","Torch",""
"88-76-61-78","NONE","",,,,,,,,,,,,,"Firewood","","Torch",""
"45-30-93-43","NONE","",,,,,,,,,,,,,"Firewood","","Torch",""
"39-72-47-05","NONE","",,,,,,,,,,,,,"Firewood","","Torch",""
"91-78-19-91","NONE","",,,,,,,,,,,,,"Firewood","","Torch",""
"80-88-34-81","NONE","",,,,,,,,,,,,,"Firewood","","Candle",""
"00-93-28-41","NONE","",,,,,,,,,,,,,"Firewood","","Torch",""
"15-34-12-49","NONE","",,,,,,,,,,,,,"Firewood","","Torch",""
"57-48-46-10","NONE","",,,,,,,,,,,,,"Firewood","","Torch",""
"17-87-43-63","NONE","",,,,,,,,,,,,,"Firewood","","Torch",""
"11-23-87-11","NONE","",,,,,,,,,,,,,"Firewood","","Torch",""
"33-90-70-88","NONE","",,,,,,,,,,,,,"Firewood","","Torch",""
"42-88-20-46","household is connected to the electrical grid","","Yes","No","No","Yes","No","No","No","No","Yes","No","No","No","Firewood","","Electricity",""
"56-60-42-49","household is connected to the electrical grid","","Yes","No","No","Yes","No","No","No","Yes","Yes","No","No","No","Firewood","","Electricity",""
"06-49-16-95","NONE","",,,,,,,,,,,,,"Firewood","","Torch",""
"14-59-43-81","NONE","",,,,,,,,,,,,,"Firewood","","Torch",""
"43-19-04-75","household is connected to the electrical grid","","Yes","No","No","Yes","Yes","No","No","Yes","Yes","No","No","No","Firewood","","Electricity",""
"25-55-58-39","household is connected to the electrical grid","","Yes","No","No","Yes","Yes","No","No","Yes","No","No","No","No","Firewood","","Electricity",""
"56-55-71-21","NONE","",,,,,,,,,,,,,"Firewood","","Torch",""
"26-16-97-29","NONE","",,,,,,,,,,,,,"Firewood","","Torch",""
"94-40-34-45","NONE","",,,,,,,,,,,,,"Firewood","","Torch",""
"57-09-13-31","NONE","",,,,,,,,,,,,,"Firewood","","Torch",""
"06-81-92-15","NONE","",,,,,,,,,,,,,"Firewood","","Torch",""
"71-51-46-91","NONE","",,,,,,,,,,,,,"Firewood","","Torch",""
"99-70-86-40","household is connected to the electrical grid","","Yes","No","No","Yes","No","No","No","Yes","Yes","No","No","No","Firewood","","Electricity",""
"54-72-28-02","NONE","",,,,,,,,,,,,,"Firewood","","Torch",""
"93-06-95-85","NONE","",,,,,,,,,,,,,"Firewood","","Torch",""
"44-70-83-36","NONE","",,,,,,,,,,,,,"Firewood","","Torch",""
"76-32-33-95","NONE","",,,,,,,,,,,,,"Firewood","","Torch",""
"01-38-25-96","household is connected to the electrical grid","","Yes","No","No","Yes","Yes","No","No","Yes","Yes","No","No","No","Firewood","","Electricity",""
"89-39-79-72","NONE","",,,,,,,,,,,,,"Firewood","","Any other energy for lighting","phone"
"00-49-63-51","NONE","",,,,,,,,,,,,,"Firewood","","Torch",""
"76-58-89-37","household is connected to the electrical grid","","Yes","No","No","Yes","Yes","No","No","No","Yes","No","No","No","Firewood","","Electricity",""
"20-56-52-98","NONE","",,,,,,,,,,,,,"Firewood","","Any other energy for lighting","nothing"
"64-47-42-17","NONE","",,,,,,,,,,,,,"Firewood","","Torch",""
"13-81-47-95","NONE","",,,,,,,,,,,,,"Firewood","","Torch",""
"29-99-72-08","NONE","",,,,,,,,,,,,,"Firewood","","Torch",""
"24-83-83-50","NONE","",,,,,,,,,,,,,"Firewood","","Torch",""
"47-22-90-00","NONE","",,,,,,,,,,,,,"Firewood","","Torch",""
"98-86-29-38","NONE","",,,,,,,,,,,,,"Firewood","","Torch",""
"38-47-12-60","NONE","",,,,,,,,,,,,,"Firewood","","Torch",""
"28-88-27-77","NONE","",,,,,,,,,,,,,"Firewood","","Torch",""
"29-11-74-01","household is connected to the electrical grid","","Yes","Yes","No","Yes","Yes","No","No","Yes","Yes","No","Yes","No","Firewood","","Electricity",""
"23-17-08-61","own electricity generation: solar panel","","Yes","No","No","No","No","No","No","No","Yes","No","No","No","Firewood","","Solar",""
"09-04-42-43","NONE","",,,,,,,,,,,,,"Firewood","","Torch",""
"60-44-87-63","NONE","",,,,,,,,,,,,,"Firewood","","Torch",""
"37-91-11-53","household is connected to the electrical grid","","Yes","No","No","Yes","Yes","No","No","Yes","Yes","Yes","Yes","No","Firewood","","Electricity",""
"24-83-18-16","NONE","",,,,,,,,,,,,,"Firewood","","Torch",""
"43-94-30-73","NONE","",,,,,,,,,,,,,"Firewood","","Torch",""
"98-89-20-76","household is connected to the electrical grid","","Yes","Yes","Yes","Yes","Yes","No","No","Yes","Yes","No","No","No","Firewood","","Electricity",""
"18-82-94-56","NONE","",,,,,,,,,,,,,"Firewood","","Torch",""
"15-08-96-97","NONE","",,,,,,,,,,,,,"Firewood","","Torch",""
"59-27-01-58","NONE","",,,,,,,,,,,,,"Firewood","","Candle",""
"06-40-81-20","own electricity generation: solar panel","","Yes","No","No","No","No","No","No","No","No","No","Yes","No","Firewood","","Torch",""
"63-00-59-35","NONE","",,,,,,,,,,,,,"Firewood","","Torch",""
"20-12-20-33","household is connected to the electrical grid","","Yes","No","No","Yes","No","No","No","No","Yes","No","No","No","Firewood","","Electricity",""
"13-16-46-47","household is connected to the electrical grid","","Yes","No","No","Yes","Yes","No","No","Yes","Yes","Yes","No","No","Firewood","","Electricity",""
"12-47-95-08","NONE","",,,,,,,,,,,,,"Firewood","","Torch",""
"49-36-47-00","NONE","",,,,,,,,,,,,,"Firewood","","Torch",""
"69-98-34-60","NONE","",,,,,,,,,,,,,"Firewood","","Torch",""
"11-55-67-72","household is connected to the electrical grid","","Yes","No","No","No","No","No","No","Yes","Yes","No","No","No","Firewood","","Electricity",""
"86-18-52-98","household is connected to the electrical grid","","Yes","No","No","No","No","No","No","No","Yes","No","No","No","Firewood","","Electricity",""
"59-98-46-38","NONE","",,,,,,,,,,,,,"Firewood","","Any other energy for lighting","phone"
"87-83-58-77","NONE","",,,,,,,,,,,,,"Firewood","","Any other energy for lighting","phone"
"15-59-01-11","household is connected to the electrical grid","","Yes","No","No","No","No","No","No","No","Yes","No","No","No","Firewood","","Electricity",""
"74-82-76-84","household is connected to the electrical grid","","Yes","No","Yes","Yes","Yes","No","No","Yes","No","No","Yes","No","Firewood","","Electricity",""
"08-93-57-76","NONE","",,,,,,,,,,,,,"Firewood","","Torch",""
"70-90-57-92","NONE","",,,,,,,,,,,,,"Firewood","","Candle",""
"50-31-04-37","NONE","",,,,,,,,,,,,,"Firewood","","Torch",""
"67-02-08-74","NONE","",,,,,,,,,,,,,"Firewood","","Torch",""
"53-15-78-38","NONE","",,,,,,,,,,,,,"Firewood","","Torch",""
"32-33-43-26","NONE","",,,,,,,,,,,,,"Firewood","","Torch",""
"46-04-74-49","household is connected to the electrical grid","","Yes","No","No","Yes","Yes","Yes","No","Yes","Yes","No","Yes","No","Firewood","","Electricity",""
"35-13-76-39","NONE","",,,,,,,,,,,,,"Firewood","","Torch",""
"16-06-75-38","NONE","",,,,,,,,,,,,,"Firewood","","Torch",""
"27-27-07-57","NONE","",,,,,,,,,,,,,"Firewood","","Torch",""
"02-68-96-18","household is connected to the electrical grid","","Yes","No","No","No","No","No","No","Yes","Yes","Yes","Yes","No","Firewood","","Electricity",""
"43-77-79-21","NONE","",,,,,,,,,,,,,"Firewood","","Candle",""
"11-26-50-63","NONE","",,,,,,,,,,,,,"Firewood","","Torch",""
"28-01-01-55","NONE","",,,,,,,,,,,,,"Firewood","","Torch",""
"32-20-61-73","NONE","",,,,,,,,,,,,,"Firewood","","Torch",""
"20-30-02-96","NONE","",,,,,,,,,,,,,"Firewood","","Torch",""
"91-05-38-43","NONE","",,,,,,,,,,,,,"Firewood","","Solar",""
"44-19-28-63","household is connected to the electrical grid","","Yes","No","No","No","Yes","No","No","Yes","Yes","No","No","No","Firewood","","Electricity",""
"72-93-96-93","NONE","",,,,,,,,,,,,,"Firewood","","Torch",""
"97-14-34-77","NONE","",,,,,,,,,,,,,"Firewood","","Torch",""
"23-83-04-10","NONE","",,,,,,,,,,,,,"Firewood","","Torch",""
"66-67-12-43","NONE","",,,,,,,,,,,,,"Firewood","","Torch",""
"10-88-25-17","NONE","",,,,,,,,,,,,,"Firewood","","Torch",""
"15-20-57-47","NONE","",,,,,,,,,,,,,"Firewood","","Torch",""
"36-81-71-64","NONE","",,,,,,,,,,,,,"Firewood","","Solar",""
"34-71-72-72","own electricity generation: solar panel","","Yes","No","No","No","No","No","No","Yes","Yes","No","No","No","Firewood","","Solar",""
"66-60-15-44","NONE","",,,,,,,,,,,,,"Firewood","","Torch",""
"86-30-61-13","NONE","",,,,,,,,,,,,,"Firewood","","Torch",""
"36-54-39-30","NONE","",,,,,,,,,,,,,"Firewood","","Torch",""
"74-23-76-31","NONE","",,,,,,,,,,,,,"Firewood","","Torch",""
"22-34-78-24","NONE","",,,,,,,,,,,,,"Firewood","","Torch",""
"78-05-45-34","NONE","",,,,,,,,,,,,,"Firewood","","Torch",""
"05-02-80-96","NONE","",,,,,,,,,,,,,"Firewood","","Torch",""
"83-39-85-57","NONE","",,,,,,,,,,,,,"Firewood","","Torch",""
"02-11-27-45","NONE","",,,,,,,,,,,,,"Firewood","","Torch",""
"66-26-16-39","NONE","",,,,,,,,,,,,,"Firewood","","Torch",""
"74-47-09-34","NONE","",,,,,,,,,,,,,"Firewood","","Lamp oil",""
"74-42-03-33","NONE","",,,,,,,,,,,,,"Firewood","","Torch",""
"24-64-36-53","NONE","",,,,,,,,,,,,,"Firewood","","Torch",""
"39-16-84-49","NONE","",,,,,,,,,,,,,"Firewood","","Torch",""
"65-82-18-72","NONE","",,,,,,,,,,,,,"Firewood","","Torch",""
"98-04-19-51","own electricity generation: solar panel","","Yes","No","No","Yes","No","No","No","Yes","Yes","Yes","No","No","Firewood","","Solar",""
"33-66-03-17","NONE","",,,,,,,,,,,,,"Firewood","","Torch",""
"23-12-49-21","NONE","",,,,,,,,,,,,,"Firewood","","Torch",""
"95-95-21-82","NONE","",,,,,,,,,,,,,"Firewood","","Torch",""
"84-16-65-13","NONE","",,,,,,,,,,,,,"Firewood","","Candle",""
"35-36-66-35","NONE","",,,,,,,,,,,,,"Firewood","","Torch",""
"22-48-72-19","NONE","",,,,,,,,,,,,,"Firewood","","Torch",""
"16-02-48-49","NONE","",,,,,,,,,,,,,"Firewood","","Torch",""
"88-09-49-72","NONE","",,,,,,,,,,,,,"Firewood","","Candle",""
"46-87-53-18","NONE","",,,,,,,,,,,,,"Firewood","","Torch",""
"24-20-26-70","NONE","",,,,,,,,,,,,,"Firewood","","Torch",""
"52-82-33-48","NONE","",,,,,,,,,,,,,"Firewood","","Torch",""
"26-48-97-52","own electricity generation: solar panel","","Yes","No","No","Yes","No","No","No","No","Yes","No","No","No","Firewood","","Solar",""
"33-86-77-56","NONE","",,,,,,,,,,,,,"Firewood","","Torch",""
"78-86-05-10","NONE","",,,,,,,,,,,,,"Firewood","","Torch",""
"15-96-39-00","NONE","",,,,,,,,,,,,,"Firewood","","Torch",""
"39-41-06-02","NONE","",,,,,,,,,,,,,"Firewood","","Torch",""
"95-15-78-87","NONE","",,,,,,,,,,,,,"Firewood","","Torch",""
"52-97-51-26","NONE","",,,,,,,,,,,,,"Firewood","","Torch",""
"02-78-29-37","NONE","",,,,,,,,,,,,,"Firewood","","Solar",""
"27-36-10-42","NONE","",,,,,,,,,,,,,"Firewood","","Torch",""
"45-97-40-37","NONE","",,,,,,,,,,,,,"Firewood","","Torch",""
"41-24-37-83","NONE","",,,,,,,,,,,,,"Firewood","","Torch",""
"90-44-42-58","NONE","",,,,,,,,,,,,,"Firewood","","Torch",""
"15-49-26-93","NONE","",,,,,,,,,,,,,"Firewood","","Torch",""
"29-96-24-29","NONE","",,,,,,,,,,,,,"Firewood","","Torch",""
"88-98-18-23","NONE","",,,,,,,,,,,,,"Firewood","","Torch",""
"03-33-61-52","own electricity generation: solar panel","","Yes","No","No","Yes","No","No","No","Yes","Yes","No","No","No","Firewood","","Solar",""
"95-42-30-88","NONE","",,,,,,,,,,,,,"Firewood","","Torch",""
"41-58-71-65","NONE","",,,,,,,,,,,,,"Firewood","","Candle",""
"47-41-93-44","NONE","",,,,,,,,,,,,,"Firewood","","Torch",""
"44-97-44-34","NONE","",,,,,,,,,,,,,"Firewood","","Torch",""
"39-60-71-79","NONE","",,,,,,,,,,,,,"Firewood","","Candle",""
"02-67-41-60","NONE","",,,,,,,,,,,,,"Firewood","","Torch",""
"83-56-74-03","NONE","",,,,,,,,,,,,,"Firewood","","Candle",""
"04-28-47-30","NONE","",,,,,,,,,,,,,"Firewood","","Torch",""
"01-68-97-25","own electricity generation: solar panel","","Yes","No","Yes","No","Yes","No","No","Yes","Yes","Yes","Yes","No","Firewood","","Electricity",""
"66-08-16-26","NONE","",,,,,,,,,,,,,"Firewood","","Torch",""
"93-32-02-54","NONE","",,,,,,,,,,,,,"Firewood","","Torch",""
"83-94-17-95","household is connected to the electrical grid","","Yes","Yes","Yes","Yes","Yes","Yes","No","Yes","Yes","Yes","Yes","No","Electric cookers","","Electricity",""
"60-60-16-78","NONE","",,,,,,,,,,,,,"Firewood","","Torch",""
"26-78-47-00","household is connected to the electrical grid","","Yes","No","No","Yes","No","No","No","Yes","Yes","No","No","No","Firewood","","Electricity",""
"79-98-45-89","NONE","",,,,,,,,,,,,,"Firewood","","Torch",""
"90-54-49-60","household is connected to the electrical grid","","Yes","Yes","No","Yes","Yes","No","No","Yes","Yes","No","No","No","Firewood","","Electricity",""
"31-84-01-85","NONE","",,,,,,,,,,,,,"Firewood","","Torch",""
"40-47-23-70","NONE","",,,,,,,,,,,,,"Firewood","","Torch",""
"97-69-93-58","NONE","",,,,,,,,,,,,,"Firewood","","Torch",""
"58-00-80-50","NONE","",,,,,,,,,,,,,"Firewood","","Torch",""
"16-58-48-79","household is connected to the electrical grid","","Yes","No","Yes","No","No","No","No","Yes","Yes","Yes","No","No","Firewood","","Electricity",""
"05-01-86-08","NONE","",,,,,,,,,,,,,"Firewood","","Torch",""
"89-75-04-06","NONE","",,,,,,,,,,,,,"Firewood","","Torch",""
"52-25-69-44","NONE","",,,,,,,,,,,,,"Firewood","","Torch",""
"71-97-04-61","NONE","",,,,,,,,,,,,,"Firewood","","Candle",""
"46-80-42-17","own electricity generation: solar panel","","Yes","Yes","No","Yes","Yes","Yes","No","Yes","Yes","No","Yes","No","Firewood","","Electricity",""
"58-78-23-20","household is connected to the electrical grid","","Yes","No","Yes","No","Yes","No","No","Yes","No","No","No","No","Firewood","","Electricity",""
"35-69-94-08","NONE","",,,,,,,,,,,,,"Firewood","","Torch",""
"10-25-31-32","household is connected to the electrical grid","","Yes","No","No","Yes","No","No","No","Yes","Yes","No","No","No","Firewood","","Electricity",""
"38-79-29-34","NONE","",,,,,,,,,,,,,"Firewood","","Torch",""
"89-83-56-79","NONE","",,,,,,,,,,,,,"Firewood","","Torch",""
"50-21-50-41","NONE","",,,,,,,,,,,,,"Firewood","","Torch",""
"44-19-49-55","NONE","",,,,,,,,,,,,,"Firewood","","Torch",""
"55-68-88-94","I don't know","",,,,,,,,,,,,,"Firewood","","Torch",""
"59-93-51-03","NONE","",,,,,,,,,,,,,"Firewood","","Candle",""
"07-70-44-38","NONE","",,,,,,,,,,,,,"Firewood","","Torch",""
"59-31-16-60","NONE","",,,,,,,,,,,,,"Gas (incl. biogas)","","Torch",""
"84-43-04-55","NONE","",,,,,,,,,,,,,"Firewood","","Solar",""
"90-23-91-34","NONE","",,,,,,,,,,,,,"Firewood","","Torch",""
"00-25-69-00","NONE","",,,,,,,,,,,,,"Firewood","","Torch",""
"43-06-63-67","household is connected to the electrical grid","","Yes","No","No","No","No","No","No","Yes","Yes","No","No","No","Firewood","","Electricity",""
"28-10-90-34","NONE","",,,,,,,,,,,,,"Firewood","","Torch",""
"13-06-00-33","household is connected to the electrical grid","","Yes","No","No","Yes","Yes","No","No","Yes","Yes","No","No","No","Firewood","","Lamp oil",""
"93-88-34-77","household is connected to an off-grid solar system","","Yes","No","No","Yes","No","No","No","Yes","Yes","Yes","No","No","Firewood","","Electricity",""
"77-13-46-95","own electricity generation: solar panel","","Yes","No","No","Yes","No","No","No","Yes","Yes","Yes","No","No","Firewood","","Electricity",""
"54-15-29-03","NONE","",,,,,,,,,,,,,"Firewood","","Torch",""
"58-43-21-07","household is connected to the electrical grid","","Yes","No","No","Yes","Yes","No","No","Yes","Yes","Yes","No","No","Firewood","","Electricity",""
"54-82-42-61","NONE","",,,,,,,,,,,,,"Firewood","","Candle",""
"31-76-77-10","NONE","",,,,,,,,,,,,,"Firewood","","Torch",""
"75-33-12-39","NONE","",,,,,,,,,,,,,"Firewood","","Torch",""
"47-33-25-93","NONE","",,,,,,,,,,,,,"Firewood","","Torch",""
"35-34-76-48","NONE","",,,,,,,,,,,,,"Firewood","","Torch",""
"26-98-60-20","NONE","",,,,,,,,,,,,,"Firewood","","Solar",""
"20-88-32-55","NONE","",,,,,,,,,,,,,"Firewood","","Candle",""
"73-42-30-97","household is connected to the electrical grid","","Yes","No","Yes","Yes","No","No","No","Yes","Yes","Yes","No","No","Firewood","","Electricity",""
"38-84-78-59","NONE","",,,,,,,,,,,,,"Firewood","","Torch",""
"70-09-32-42","household is connected to the electrical grid","","Yes","No","No","Yes","No","No","No","Yes","Yes","Yes","Yes","No","Firewood","","Electricity",""
"76-04-07-19","household is connected to the electrical grid","","Yes","No","No","Yes","No","No","No","Yes","Yes","Yes","Yes","No","Firewood","","Electricity",""
"70-32-51-26","household is connected to the electrical grid","","Yes","No","No","Yes","Yes","No","No","Yes","Yes","Yes","Yes","No","Firewood","","Electricity",""
"56-61-77-64","NONE","",,,,,,,,,,,,,"Firewood","","Candle",""
"50-82-91-34","NONE","",,,,,,,,,,,,,"Firewood","","Torch",""
"83-60-63-11","NONE","",,,,,,,,,,,,,"Firewood","","Torch",""
"80-51-82-08","NONE","",,,,,,,,,,,,,"Firewood","","Torch",""
"49-80-85-60","NONE","",,,,,,,,,,,,,"Firewood","","Torch",""
"81-64-86-08","NONE","",,,,,,,,,,,,,"Firewood","","Torch",""
"33-82-62-40","own electricity generation: solar panel","","Yes","No","No","Yes","Yes","No","No","No","Yes","No","No","No","Gas (incl. biogas)","","Electricity",""
"56-48-48-33","NONE","",,,,,,,,,,,,,"Firewood","","Torch",""
"19-43-49-26","NONE","",,,,,,,,,,,,,"Firewood","","Torch",""
"52-63-91-75","NONE","",,,,,,,,,,,,,"Firewood","","Firewood",""
"60-93-32-66","NONE","",,,,,,,,,,,,,"Firewood","","Torch",""
"37-44-93-64","household is connected to the electrical grid","","Yes","No","No","No","No","No","No","No","Yes","No","No","No","Firewood","","Electricity",""
"83-19-87-02","household is connected to the electrical grid","","Yes","No","No","Yes","Yes","No","No","Yes","Yes","No","No","No","Firewood","","Electricity",""
"83-26-13-29","NONE","",,,,,,,,,,,,,"Firewood","","Torch",""
"02-40-91-04","NONE","",,,,,,,,,,,,,"Firewood","","Torch",""
"31-74-57-88","NONE","",,,,,,,,,,,,,"Firewood","","Torch",""
"09-16-66-27","NONE","",,,,,,,,,,,,,"Firewood","","Torch",""
"02-99-67-45","NONE","",,,,,,,,,,,,,"Firewood","","Torch",""
"18-26-92-76","NONE","",,,,,,,,,,,,,"Firewood","","Torch",""
"54-98-92-77","NONE","",,,,,,,,,,,,,"Firewood","","Torch",""
"94-90-21-30","household is connected to an off-grid solar system","","Yes","No","No","Yes","No","No","No","Yes","Yes","No","No","No","Firewood","","Solar",""
"34-25-16-71","NONE","",,,,,,,,,,,,,"Firewood","","Torch",""
"26-18-25-14","NONE","",,,,,,,,,,,,,"Firewood","","Torch",""
"62-93-86-46","NONE","",,,,,,,,,,,,,"Firewood","","Torch",""
"85-20-92-08","NONE","",,,,,,,,,,,,,"Firewood","","Torch",""
"65-60-16-01","NONE","",,,,,,,,,,,,,"Firewood","","Torch",""
"83-41-72-29","NONE","",,,,,,,,,,,,,"Firewood","","Torch",""
"21-46-08-35","household is connected to the electrical grid","","Yes","Yes","No","Yes","Yes","No","No","Yes","Yes","Yes","Yes","No","Firewood","","Electricity",""
"37-32-34-84","NONE","",,,,,,,,,,,,,"Firewood","","Torch",""
"13-52-22-69","household is connected to the electrical grid","","No","No","Yes","No","No","No","No","No","Yes","Yes","Yes","No","Firewood","","Electricity",""
"39-17-92-41","NONE","",,,,,,,,,,,,,"Firewood","","Torch",""
"33-45-72-89","household is connected to the electrical grid","","Yes","No","No","Yes","No","No","No","Yes","Yes","No","No","No","Firewood","","Electricity",""
"31-31-05-64","NONE","",,,,,,,,,,,,,"Firewood","","Torch",""
"86-99-45-42","household is connected to the electrical grid","","Yes","No","No","No","No","No","No","No","Yes","No","No","No","Firewood","","Electricity",""
"56-98-53-98","NONE","",,,,,,,,,,,,,"Firewood","","Torch",""
"56-36-96-19","NONE","",,,,,,,,,,,,,"Firewood","","Torch",""
"50-58-13-59","NONE","",,,,,,,,,,,,,"Firewood","","Candle",""
"96-16-19-85","NONE","",,,,,,,,,,,,,"Firewood","","Torch",""
"64-96-31-31","NONE","",,,,,,,,,,,,,"Firewood","","Torch",""
"12-39-25-67","household is connected to the electrical grid","","Yes","No","No","No","Yes","No","No","Yes","No","No","No","No","Firewood","","Electricity",""
"94-38-82-64","NONE","",,,,,,,,,,,,,"Firewood","","Torch",""
"32-40-73-26","NONE","",,,,,,,,,,,,,"Firewood","","Torch",""
"27-85-21-15","NONE","",,,,,,,,,,,,,"Firewood","","Torch",""
"31-68-89-01","NONE","",,,,,,,,,,,,,"Firewood","","Torch",""
"72-31-90-61","NONE","",,,,,,,,,,,,,"Firewood","","Torch",""
"80-54-37-07","NONE","",,,,,,,,,,,,,"Firewood","","Torch",""
"36-19-32-95","household is connected to the electrical grid","","Yes","No","No","No","No","No","No","No","Yes","No","No","No","Firewood","","Electricity",""
"75-71-40-40","NONE","",,,,,,,,,,,,,"Firewood","","Torch",""
"37-54-02-07","household is connected to the electrical grid","","Yes","No","No","Yes","Yes","No","No","Yes","Yes","Yes","No","No","Firewood","","Electricity",""
"60-74-79-59","household is connected to the electrical grid","","Yes","No","No","Yes","No","No","No","Yes","Yes","Yes","No","No","Firewood","","Electricity",""
"96-89-11-69","NONE","",,,,,,,,,,,,,"Firewood","","Torch",""
"44-81-28-86","household is connected to the electrical grid","","Yes","No","No","No","No","No","No","No","Yes","No","No","No","Firewood","","Electricity",""
"33-26-68-81","NONE","",,,,,,,,,,,,,"Firewood","","Candle",""
"12-27-31-91","NONE","",,,,,,,,,,,,,"Firewood","","Candle",""
"44-39-19-46","household is connected to the electrical grid","","Yes","No","No","Yes","No","No","No","Yes","Yes","No","No","No","Firewood","","Electricity",""
"19-73-20-43","NONE","",,,,,,,,,,,,,"Firewood","","Torch",""
"86-42-35-25","NONE","",,,,,,,,,,,,,"Firewood","","Candle",""
"21-53-70-02","NONE","",,,,,,,,,,,,,"Firewood","","Torch",""
"36-25-22-73","NONE","",,,,,,,,,,,,,"Firewood","","Torch",""
"61-61-32-11","household is connected to the electrical grid","","Yes","No","No","Yes","No","No","No","No","Yes","No","No","No","Firewood","","Electricity",""
"57-36-34-63","NONE","",,,,,,,,,,,,,"Firewood","","Candle",""
"53-72-73-00","NONE","",,,,,,,,,,,,,"Firewood","","Torch",""
"33-70-72-42","household is connected to the electrical grid","","Yes","No","No","Yes","Yes","No","No","Yes","No","No","No","No","Firewood","","Electricity",""
"52-18-64-85","NONE","",,,,,,,,,,,,,"Firewood","","Torch",""
"42-07-25-32","NONE","",,,,,,,,,,,,,"Firewood","","Torch",""
"39-53-01-83","household is connected to the electrical grid","","Yes","No","No","Yes","Yes","No","No","Yes","Yes","No","No","No","Firewood","","Electricity",""
"33-51-31-80","household is connected to the electrical grid","","Yes","No","No","No","No","No","No","No","Yes","No","No","No","Firewood","","Electricity",""
"94-39-43-68","NONE","",,,,,,,,,,,,,"Firewood","","Torch",""
"03-54-18-25","NONE","",,,,,,,,,,,,,"Firewood","","Torch",""
"27-58-94-59","NONE","",,,,,,,,,,,,,"Firewood","","Torch",""
"33-86-19-67","NONE","",,,,,,,,,,,,,"Firewood","","Torch",""
"09-53-75-86","NONE","",,,,,,,,,,,,,"Firewood","","Torch",""
"85-34-92-87","NONE","",,,,,,,,,,,,,"Firewood","","Torch",""
"75-94-09-47","household is connected to the electrical grid","","Yes","Yes","No","Yes","Yes","No","No","Yes","Yes","No","Yes","No","Firewood","","Electricity",""
"84-71-43-61","NONE","",,,,,,,,,,,,,"Firewood","","Candle",""
"07-42-93-10","NONE","",,,,,,,,,,,,,"Firewood","","Torch",""
"06-11-12-17","household is connected to the electrical grid","","Yes","No","No","Yes","Yes","Yes","No","Yes","Yes","No","Yes","No","Firewood","","Electricity",""
"15-55-21-38","NONE","",,,,,,,,,,,,,"Firewood","","Torch",""
"61-89-87-62","NONE","",,,,,,,,,,,,,"Firewood","","Candle",""
"05-53-30-00","household is connected to the electrical grid","","Yes","No","No","No","Yes","No","No","No","Yes","No","No","No","Firewood","","Electricity",""
"00-18-71-95","NONE","",,,,,,,,,,,,,"Firewood","","Candle",""
"93-03-74-23","NONE","",,,,,,,,,,,,,"Firewood","","Candle",""
"98-02-00-97","household is connected to the electrical grid","","Yes","No","Yes","Yes","No","No","No","No","Yes","No","No","No","Electric cookers","","Electricity",""
"39-55-54-03","NONE","",,,,,,,,,,,,,"Firewood","","Torch",""
"55-64-77-57","household is connected to the electrical grid","","Yes","No","No","Yes","No","No","No","Yes","Yes","No","No","No","Firewood","","Electricity",""
"12-97-85-94","NONE","",,,,,,,,,,,,,"Firewood","","Torch",""
"85-58-05-93","NONE","",,,,,,,,,,,,,"Firewood","","Torch",""
"36-06-01-35","I don't know","",,,,,,,,,,,,,"Firewood","","Torch",""
"11-36-65-74","NONE","",,,,,,,,,,,,,"Firewood","","Candle",""
"87-74-62-05","NONE","",,,,,,,,,,,,,"Firewood","","Torch",""
"74-09-83-15","household is connected to the electrical grid","","Yes","No","No","No","No","No","No","No","Yes","No","No","No","Charcoal","","Electricity",""
"99-86-29-88","household is connected to an off-grid solar system","","Yes","No","No","Yes","No","No","No","Yes","Yes","Yes","No","No","Firewood","","Solar",""
"10-97-13-34","NONE","",,,,,,,,,,,,,"Firewood","","Torch",""
"53-72-96-12","NONE","",,,,,,,,,,,,,"Firewood","","Torch",""
"22-21-62-20","NONE","",,,,,,,,,,,,,"Firewood","","Torch",""
"64-31-79-16","NONE","",,,,,,,,,,,,,"Firewood","","Torch",""
"01-18-26-42","NONE","",,,,,,,,,,,,,"Firewood","","Torch",""
"82-55-52-94","NONE","",,,,,,,,,,,,,"Firewood","","Torch",""
"19-07-40-38","NONE","",,,,,,,,,,,,,"Firewood","","Torch",""
"65-17-55-88","NONE","",,,,,,,,,,,,,"Firewood","","Candle",""
"71-44-93-64","NONE","",,,,,,,,,,,,,"Firewood","","Torch",""
"34-19-14-62","NONE","",,,,,,,,,,,,,"Firewood","","Torch",""
"22-51-06-37","I don't know","",,,,,,,,,,,,,"Firewood","","Torch",""
"27-70-53-20","NONE","",,,,,,,,,,,,,"Firewood","","Torch",""
"98-81-19-82","NONE","",,,,,,,,,,,,,"Firewood","","Torch",""
"39-67-03-82","NONE","",,,,,,,,,,,,,"Firewood","","Torch",""
"46-14-07-81","own electricity generation: solar panel","","Yes","No","No","Yes","No","No","No","Yes","Yes","No","No","No","Firewood","","Solar",""
