interview__key,r_otherincome__id,inc_oth_amt,int_oth_income,who_other_income__0,who_other_income__1,who_other_income__2,who_other_income__3,othinc_pr,othinc_pr_oth,othinc_provider,othinc_provider_oth,benefits,oth_benefits,oth_income_use__1,oth_income_use__2,oth_income_use__3,oth_income_use__4,oth_income_use__5,oth_income_use__6,oth_income_use__7,oth_income_use__96,otherinc_use_others
"20-85-85-47","Transfers (some kind of public/NGO transfer program (given money in daily/weekly/ monthly basis)",500,"Monthly",2,.a,.a,.a,"Poverty reduction program","","National government","","Cash","",0,1,0,0,0,0,0,0,""
"34-53-75-33","Transfers (some kind of public/NGO transfer program (given money in daily/weekly/ monthly basis)",750,"12",3,4,.a,.a,"Education subsidy","","National government","","Cash","",0,2,1,3,0,0,0,0,""
"56-13-50-35","Transfers (some kind of public/NGO transfer program (given money in daily/weekly/ monthly basis)",1300,"30",1,.a,.a,.a,"Pension","","National government","","Cash","",0,1,3,2,0,0,0,0,""
"58-38-99-88","Transfers (some kind of public/NGO transfer program (given money in daily/weekly/ monthly basis)",1300,"1300",1,.a,.a,.a,"Pension","","National government","","Cash","",0,1,0,0,2,0,0,0,""
"85-22-01-46","National remittances - cash transfers/gifts from individuals (relatives, friends) within the country",250,"Monthly",1,.a,.a,.a,,"",,"",,"",0,1,0,0,0,0,0,0,""
"69-98-12-23","Transfers (some kind of public/NGO transfer program (given money in daily/weekly/ monthly basis)",250,"Monthly",2,.a,.a,.a,"Education subsidy","","National government","","Cash","",0,1,2,3,0,0,0,0,""
"13-16-89-71","Savings, interest or other investment income",1000,"1000",1,.a,.a,.a,,"",,"",,"",0,1,0,0,0,0,0,0,""
"81-47-86-65","Transfers (some kind of public/NGO transfer program (given money in daily/weekly/ monthly basis)",500,"12",2,3,.a,.a,"Education subsidy","","National government","","Cash","",0,2,1,0,0,0,0,0,""
"93-67-97-18","Other➡️specify:",2000,"100",1,.a,.a,.a,,"",,"",,"",0,1,0,2,0,0,0,0,""
"05-99-34-61","National remittances - cash transfers/gifts from individuals (relatives, friends) within the country",2500,"2500",1,2,.a,.a,,"",,"",,"",0,1,0,2,0,0,0,0,""
"05-99-34-61","Other➡️specify:",1300,"13000",1,.a,.a,.a,,"",,"",,"",0,1,0,0,0,2,0,3,"Water and Electricity"
"37-72-45-16","National remittances - cash transfers/gifts from individuals (relatives, friends) within the country",3000,"Every 6 months",1,.a,.a,.a,,"",,"",,"",0,1,0,2,3,0,0,0,""
"38-21-18-12","Rental income, commercial (shop, store)",2200,"30",1,.a,.a,.a,,"",,"",,"",0,1,2,0,3,0,0,0,""
"43-41-21-85","Other➡️specify:",250,"250",1,.a,.a,.a,,"",,"",,"",0,0,1,0,0,0,0,0,""
"62-33-60-14","National remittances - cash transfers/gifts from individuals (relatives, friends) within the country",500,"500",2,.a,.a,.a,,"",,"",,"",0,0,0,1,0,0,0,0,""
"89-36-04-43","National remittances - cash transfers/gifts from individuals (relatives, friends) within the country",1500,"12",2,.a,.a,.a,,"",,"",,"",0,1,2,0,3,0,0,0,""
"87-86-68-37","National remittances - cash transfers/gifts from individuals (relatives, friends) within the country",12000,"Monthly",1,.a,.a,.a,"Pension","","National government","","Cash","",0,1,2,3,4,5,0,0,""
"87-86-68-37","Transfers (some kind of public/NGO transfer program (given money in daily/weekly/ monthly basis)",1300,"Monthly",3,.a,.a,.a,"Healthcare benefits","","National government","","Cash","",0,1,0,2,0,0,0,0,""
"12-94-76-31","National remittances - cash transfers/gifts from individuals (relatives, friends) within the country",500,"Monthly",2,.a,.a,.a,,"",,"",,"",0,1,0,2,0,0,0,0,""
"98-23-98-25","Transfers (some kind of public/NGO transfer program (given money in daily/weekly/ monthly basis)",750,"Monthly",3,4,5,.a,"Education subsidy","","National government","","Cash","",0,0,1,0,0,0,0,0,""
"01-01-07-49","Transfers (some kind of public/NGO transfer program (given money in daily/weekly/ monthly basis)",500,"Monthly",1,.a,.a,.a,"Poverty reduction program","","National government","","Cash","",0,0,1,0,0,0,0,0,""
"05-21-83-90","National remittances - cash transfers/gifts from individuals (relatives, friends) within the country",2000,,.a,.a,.a,.a,,"",,"",,"",.a,.a,.a,.a,.a,.a,.a,.a,""
"05-21-83-90","Transfers (some kind of public/NGO transfer program (given money in daily/weekly/ monthly basis)",.a,,.a,.a,.a,.a,,"",,"",,"",,,,,,,,,""
"77-16-48-10","Transfers (some kind of public/NGO transfer program (given money in daily/weekly/ monthly basis)",1300,"Monthly",1,.a,.a,.a,"Older persons cash transfer","","National government","","Cash","",0,1,2,3,0,0,0,0,""
"75-23-18-05","Transfers (some kind of public/NGO transfer program (given money in daily/weekly/ monthly basis)",1300,"Monthly",1,.a,.a,.a,"Older persons cash transfer","","NGO","","Cash","",0,1,2,0,0,0,0,0,""
"83-84-60-99","National remittances - cash transfers/gifts from individuals (relatives, friends) within the country",1500,"Monthly",1,2,.a,.a,,"",,"",,"",0,1,0,2,3,4,0,0,""
"26-38-66-11","National remittances - cash transfers/gifts from individuals (relatives, friends) within the country",2300,"Monthly",1,2,.a,.a,,"",,"",,"",0,1,0,0,0,0,0,0,""
"78-16-14-09","Transfers (some kind of public/NGO transfer program (given money in daily/weekly/ monthly basis)",1300,"Monthly",1,.a,.a,.a,"Older persons cash transfer","","National government","","Cash","",0,1,0,2,3,0,0,0,""
"01-32-09-43","Transfers (some kind of public/NGO transfer program (given money in daily/weekly/ monthly basis)",1300,"Monthly",1,.a,.a,.a,"Older persons cash transfer","","National government","","Cash","",0,1,0,2,3,4,0,0,""
"11-29-18-58","Transfers (some kind of public/NGO transfer program (given money in daily/weekly/ monthly basis)",250,"Monthly",4,5,.a,.a,"Education subsidy","","National government","","Cash","",0,1,2,3,0,4,0,0,""
"01-17-72-49","National remittances - cash transfers/gifts from individuals (relatives, friends) within the country",300,"Every three months",1,.a,.a,.a,,"",,"",,"",0,1,2,3,0,0,0,0,""
"40-86-48-02","Transfers (some kind of public/NGO transfer program (given money in daily/weekly/ monthly basis)",250,"Monthly",1,.a,.a,.a,"Poverty reduction program","","NGO","","Cash","",0,2,1,0,0,0,0,0,""
"67-11-34-32","Transfers (some kind of public/NGO transfer program (given money in daily/weekly/ monthly basis)",750,"Monthly",2,.a,.a,.a,"Poverty reduction program","","National government","","Cash","",0,1,2,0,0,0,0,0,""
"47-85-49-06","Transfers (some kind of public/NGO transfer program (given money in daily/weekly/ monthly basis)",2600,"Monthly",1,2,.a,.a,"Older persons cash transfer","","NGO","","Cash","",0,1,2,0,0,0,0,0,""
"68-03-09-51","National remittances - cash transfers/gifts from individuals (relatives, friends) within the country",250,"Monthly",5,.a,.a,.a,,"",,"",,"",0,1,2,0,0,0,0,0,""
"14-68-63-82","National remittances - cash transfers/gifts from individuals (relatives, friends) within the country",500,"Every three months",1,.a,.a,.a,"Emergency relief","","National government","","Cash","",0,1,0,2,0,0,0,0,""
"14-68-63-82","Transfers (some kind of public/NGO transfer program (given money in daily/weekly/ monthly basis)",1300,"Monthly",1,.a,.a,.a,"Older persons cash transfer","","NGO","","Cash","",0,2,0,0,0,1,0,0,""
"80-91-19-12","Transfers (some kind of public/NGO transfer program (given money in daily/weekly/ monthly basis)",1300,"Monthly",1,.a,.a,.a,"Older persons cash transfer","","National government","","Cash","",0,2,1,0,0,0,0,0,""
"50-33-61-65","Transfers (some kind of public/NGO transfer program (given money in daily/weekly/ monthly basis)",250,"Monthly",1,.a,.a,.a,"Education subsidy","","National government","","Cash","",0,2,1,0,0,0,0,0,""
"88-90-25-85","Transfers (some kind of public/NGO transfer program (given money in daily/weekly/ monthly basis)",5000,"Monthly",1,.a,.a,.a,"Pension","","National government","","Cash","",0,1,2,3,4,0,0,0,""
"04-83-20-68","National remittances - cash transfers/gifts from individuals (relatives, friends) within the country",500,"Monthly",3,4,.a,.a,,"",,"",,"",0,1,2,0,0,0,0,0,""
"09-59-67-21","Transfers (some kind of public/NGO transfer program (given money in daily/weekly/ monthly basis)",2600,"Monthly",1,2,.a,.a,"Older persons cash transfer","","NGO","","Cash","",0,1,2,3,0,0,0,0,""
"35-03-03-59","Transfers (some kind of public/NGO transfer program (given money in daily/weekly/ monthly basis)",250,"Monthly",3,.a,.a,.a,"Education subsidy","","National government","","Cash","",0,1,2,3,0,0,0,0,""
"10-50-64-24","Payments for environmental/ecological services or nature conservation for instance, payments by the conservancies",500,"Monthly",2,.a,.a,.a,,"",,"",,"",0,1,2,0,0,0,0,0,""
"13-56-95-25","Transfers (some kind of public/NGO transfer program (given money in daily/weekly/ monthly basis)",500,"Monthly",2,.a,.a,.a,"Poverty reduction program","","NGO","","Cash","",0,1,2,0,0,0,0,0,""
"36-88-00-01","National remittances - cash transfers/gifts from individuals (relatives, friends) within the country",500,"Monthly",3,5,.a,.a,,"",,"",,"",0,1,2,0,0,3,0,0,""
"36-88-00-01","Savings, interest or other investment income",600,"Monthly",1,.a,.a,.a,,"",,"",,"",0,1,2,0,0,0,0,0,""
"63-25-21-02","National remittances - cash transfers/gifts from individuals (relatives, friends) within the country",2500,"Monthly",1,.a,.a,.a,,"",,"",,"",0,1,2,0,0,0,0,0,""
"08-07-30-74","Transfers (some kind of public/NGO transfer program (given money in daily/weekly/ monthly basis)",250,"Monthly",2,4,.a,.a,"Education subsidy","","National government","","Cash","",0,1,2,0,0,0,0,0,""
"18-39-69-08","Transfers (some kind of public/NGO transfer program (given money in daily/weekly/ monthly basis)",500,"Monthly",2,.a,.a,.a,"Poverty reduction program","","National government","","Cash","",0,0,1,0,0,0,0,0,""
"97-46-11-48","National remittances - cash transfers/gifts from individuals (relatives, friends) within the country",8500,"Monthly",2,.a,.a,.a,,"",,"",,"",0,1,2,3,4,5,0,6,"also use the money for farming"
"55-14-49-61","National remittances - cash transfers/gifts from individuals (relatives, friends) within the country",1000,"Monthly",1,.a,.a,.a,,"",,"",,"",0,1,0,0,0,0,0,0,""
"32-96-01-37","Transfers (some kind of public/NGO transfer program (given money in daily/weekly/ monthly basis)",1550,"Monthly",1,2,.a,.a,"Older persons cash transfer","","National government","","Cash","",0,1,2,3,0,0,0,0,""
"43-40-50-14","National remittances - cash transfers/gifts from individuals (relatives, friends) within the country",250,"Monthly",1,.a,.a,.a,,"",,"",,"",0,1,2,0,0,0,0,0,""
"33-52-73-44","National remittances - cash transfers/gifts from individuals (relatives, friends) within the country",1300,"Monthly",1,2,.a,.a,,"",,"",,"",2,1,0,0,0,0,0,0,""
"77-00-14-73","National remittances - cash transfers/gifts from individuals (relatives, friends) within the country",2600,"Monthly",1,2,.a,.a,,"",,"",,"",0,1,2,3,0,4,0,0,""
"50-51-12-24","National remittances - cash transfers/gifts from individuals (relatives, friends) within the country",200,"Monthly",1,.a,.a,.a,"Emergency relief","","National government","","Cash","",0,1,0,0,0,0,0,0,""
"50-51-12-24","Transfers (some kind of public/NGO transfer program (given money in daily/weekly/ monthly basis)",1300,"Monthly",5,.a,.a,.a,"Pension","","National government","","Cash","",0,1,0,2,0,0,0,0,""
"45-72-98-81","National remittances - cash transfers/gifts from individuals (relatives, friends) within the country",1000,"Monthly",1,.a,.a,.a,"Others ➡️ Specify","money from my children","Other➡️specify","individual","Cash","",0,1,0,2,0,0,0,0,""
"45-72-98-81","Transfers (some kind of public/NGO transfer program (given money in daily/weekly/ monthly basis)",1300,"Monthly",1,.a,.a,.a,"Older persons cash transfer","","National government","","Cash","",0,1,0,2,0,0,0,0,""
"02-24-60-64","National remittances - cash transfers/gifts from individuals (relatives, friends) within the country",200,"Lump sum (single payment)",1,.a,.a,.a,,"",,"",,"",0,1,0,0,0,0,0,0,""
"38-52-59-99","National remittances - cash transfers/gifts from individuals (relatives, friends) within the country",1550,"Monthly",1,5,.a,.a,,"",,"",,"",0,1,0,2,0,0,0,0,""
"18-01-52-21","National remittances - cash transfers/gifts from individuals (relatives, friends) within the country",750,"Monthly",1,.a,.a,.a,,"",,"",,"",0,1,2,3,0,0,0,0,""
"86-58-98-12","National remittances - cash transfers/gifts from individuals (relatives, friends) within the country",1500,"Monthly",1,.a,.a,.a,"Others ➡️ Specify","He is just helping his family.","Other➡️specify","it's the son","Cash","",0,1,2,0,0,0,0,0,""
"86-58-98-12","Transfers (some kind of public/NGO transfer program (given money in daily/weekly/ monthly basis)",1300,"Monthly",1,.a,.a,.a,"Pension","","National government","","Cash","",0,1,0,2,0,0,0,0,""
"18-53-78-30","Transfers (some kind of public/NGO transfer program (given money in daily/weekly/ monthly basis)",750,"Monthly",1,.a,.a,.a,"Poverty reduction program","","National government","","Cash","",0,1,2,0,0,0,0,0,""
"21-70-10-93","National remittances - cash transfers/gifts from individuals (relatives, friends) within the country",500,"Monthly",1,2,.a,.a,"Others ➡️ Specify","money from my children for food and other expenses","Other➡️specify","individuals","Cash","",0,1,0,0,0,0,0,0,""
"21-70-10-93","Transfers (some kind of public/NGO transfer program (given money in daily/weekly/ monthly basis)",2600,"Monthly",1,2,.a,.a,"Older persons cash transfer","","National government","","Cash","",0,1,0,2,0,0,0,0,""
"51-51-64-02","Transfers (some kind of public/NGO transfer program (given money in daily/weekly/ monthly basis)",250,"Monthly",2,.a,.a,.a,"Poverty reduction program","","National government","","Cash","",0,1,0,0,0,0,0,0,""
"65-04-27-87","National remittances - cash transfers/gifts from individuals (relatives, friends) within the country",5000,"Every 6 months",1,.a,.a,.a,,"",,"",,"",0,1,0,2,3,4,0,0,""
"12-55-61-25","National remittances - cash transfers/gifts from individuals (relatives, friends) within the country",2600,"Monthly",2,4,.a,.a,,"",,"",,"",0,1,0,2,0,0,0,0,""
"70-21-00-12","Transfers (some kind of public/NGO transfer program (given money in daily/weekly/ monthly basis)",7000,"Monthly",1,.a,.a,.a,"Pension","","National government","","Cash","",0,1,2,0,0,0,0,0,""
"09-96-00-56","National remittances - cash transfers/gifts from individuals (relatives, friends) within the country",1300,"Monthly",1,.a,.a,.a,,"",,"",,"",0,1,0,2,0,3,0,0,""
"39-76-52-63","Transfers (some kind of public/NGO transfer program (given money in daily/weekly/ monthly basis)",250,"Monthly",1,.a,.a,.a,"Poverty reduction program","","National government","","Cash","",0,1,2,0,0,0,0,0,""
"44-39-76-83","Transfers (some kind of public/NGO transfer program (given money in daily/weekly/ monthly basis)",500,"Monthly",4,.a,.a,.a,"Education subsidy","","National government","","Cash","",0,3,1,2,0,0,0,0,""
"57-92-68-31","National remittances - cash transfers/gifts from individuals (relatives, friends) within the country",200,"Monthly",1,.a,.a,.a,,"",,"",,"",0,1,0,0,0,0,0,0,""
"70-75-80-97","Transfers (some kind of public/NGO transfer program (given money in daily/weekly/ monthly basis)",500,"Monthly",1,6,.a,.a,"Poverty reduction program","","NGO","","Cash","",0,1,2,0,0,0,0,0,""
"93-94-95-33","Transfers (some kind of public/NGO transfer program (given money in daily/weekly/ monthly basis)",250,"Monthly",1,.a,.a,.a,"Education subsidy","","National government","","Food","",0,1,0,0,0,0,0,0,""
"50-37-72-10","Savings, interest or other investment income",200,"Monthly",1,.a,.a,.a,,"",,"",,"",0,1,0,0,0,0,0,0,""
"29-63-76-51","National remittances - cash transfers/gifts from individuals (relatives, friends) within the country",400,"Lump sum (single payment)",2,.a,.a,.a,,"",,"",,"",0,1,0,0,0,0,0,0,""
"71-36-35-44","Transfers (some kind of public/NGO transfer program (given money in daily/weekly/ monthly basis)",750,"Monthly",3,4,7,.a,"Education subsidy","","National government","","Cash","",0,1,2,3,4,0,0,0,""
"20-65-14-78","National remittances - cash transfers/gifts from individuals (relatives, friends) within the country",500,"Monthly",1,.a,.a,.a,,"",,"",,"",0,2,1,0,0,0,0,0,""
"60-95-57-22","National remittances - cash transfers/gifts from individuals (relatives, friends) within the country",2000,"Monthly",1,2,.a,.a,,"",,"",,"",0,1,0,0,0,0,0,0,""
"17-61-49-75","Transfers (some kind of public/NGO transfer program (given money in daily/weekly/ monthly basis)",250,"Monthly",1,.a,.a,.a,"Poverty reduction program","","National government","","Cash","",0,1,2,0,0,0,0,0,""
"77-54-37-57","Transfers (some kind of public/NGO transfer program (given money in daily/weekly/ monthly basis)",1300,"Monthly",1,2,.a,.a,"Pension","","National government","","Cash","",0,1,0,2,0,3,0,0,""
"07-97-99-00","Transfers (some kind of public/NGO transfer program (given money in daily/weekly/ monthly basis)",1000,"Monthly",3,4,.a,.a,"Poverty reduction program","","National government","","Cash","",0,1,2,0,0,0,0,0,""
"61-38-38-57","National remittances - cash transfers/gifts from individuals (relatives, friends) within the country",1300,"Monthly",1,.a,.a,.a,,"",,"",,"",0,1,0,2,0,0,0,0,""
"47-70-03-35","National remittances - cash transfers/gifts from individuals (relatives, friends) within the country",100,"Lump sum (single payment)",1,.a,.a,.a,,"",,"",,"",0,1,0,0,0,0,0,0,""
"70-18-85-80","National remittances - cash transfers/gifts from individuals (relatives, friends) within the country",200,"Every three months",1,2,.a,.a,"Emergency relief","","National government","","Cash","",0,1,0,2,0,0,0,0,""
"70-18-85-80","Transfers (some kind of public/NGO transfer program (given money in daily/weekly/ monthly basis)",250,"Monthly",5,.a,.a,.a,"Education subsidy","","National government","","Cash","",0,2,1,0,0,0,0,0,""
"94-61-58-26","National remittances - cash transfers/gifts from individuals (relatives, friends) within the country",2000,"Monthly",2,.a,.a,.a,,"",,"",,"",0,1,0,0,0,0,0,0,""
"65-50-88-07","Transfers (some kind of public/NGO transfer program (given money in daily/weekly/ monthly basis)",250,"Monthly",1,.a,.a,.a,"Education subsidy","","National government","","Cash","",0,1,2,0,0,0,0,0,""
"05-43-02-62","Transfers (some kind of public/NGO transfer program (given money in daily/weekly/ monthly basis)",750,"Monthly",1,.a,.a,.a,"Poverty reduction program","","National government","","Cash","",0,1,2,0,0,0,0,0,""
"83-84-84-67","National remittances - cash transfers/gifts from individuals (relatives, friends) within the country",200,"Every three months",1,.a,.a,.a,"Others ➡️ Specify","gifts","Both national and local governments","","Cash","",0,1,0,0,0,0,0,0,""
"83-84-84-67","Transfers (some kind of public/NGO transfer program (given money in daily/weekly/ monthly basis)",1300,"Monthly",1,.a,.a,.a,"Healthcare benefits","","National government","","Cash","",0,1,4,3,2,0,0,0,""
"16-35-19-29","National remittances - cash transfers/gifts from individuals (relatives, friends) within the country",1300,"Monthly",2,.a,.a,.a,,"",,"",,"",0,1,0,0,0,0,0,0,""
"83-90-14-37","Transfers (some kind of public/NGO transfer program (given money in daily/weekly/ monthly basis)",500,"Monthly",2,.a,.a,.a,"Poverty reduction program","","National government","","Cash","",0,2,1,0,0,0,0,0,""
"83-90-14-37","Other➡️specify:",500,"Lump sum (single payment)",3,.a,.a,.a,"Others ➡️ Specify","From piece works in other people's homes","Other➡️specify","Local villagers","Cash","",0,1,2,6,5,4,3,0,""
"56-16-94-47","Transfers (some kind of public/NGO transfer program (given money in daily/weekly/ monthly basis)",1300,"Monthly",1,.a,.a,.a,"Pension","","National government","","Cash","",0,1,2,3,0,0,0,0,""
"22-33-09-47","Transfers (some kind of public/NGO transfer program (given money in daily/weekly/ monthly basis)",1300,"Monthly",2,5,.a,.a,"Pension","","National government","","Cash","",0,1,2,0,0,0,0,0,""
"89-17-95-50","National remittances - cash transfers/gifts from individuals (relatives, friends) within the country",1650,"Monthly",1,3,.a,.a,,"",,"",,"",0,1,2,3,4,5,0,0,""
"71-12-87-82","Transfers (some kind of public/NGO transfer program (given money in daily/weekly/ monthly basis)",250,"Monthly",1,.a,.a,.a,"Poverty reduction program","","National government","","Cash","",0,2,1,0,0,0,0,0,""
"83-62-75-30","Transfers (some kind of public/NGO transfer program (given money in daily/weekly/ monthly basis)",250,"Monthly",2,.a,.a,.a,"Poverty reduction program","","NGO","","Cash","",0,1,2,3,0,0,0,0,""
"39-30-68-16","Transfers (some kind of public/NGO transfer program (given money in daily/weekly/ monthly basis)",250,"Monthly",1,.a,.a,.a,"Education subsidy","","National government","","Food","",0,1,2,0,0,0,0,0,""
"25-67-10-82","National remittances - cash transfers/gifts from individuals (relatives, friends) within the country",1300,"Monthly",1,.a,.a,.a,,"",,"",,"",0,1,0,0,0,0,0,0,""
"87-90-13-56","National remittances - cash transfers/gifts from individuals (relatives, friends) within the country",500,"Monthly",1,.a,.a,.a,,"",,"",,"",0,1,0,0,0,0,0,0,""
"38-81-07-74","National remittances - cash transfers/gifts from individuals (relatives, friends) within the country",500,"Every three months",1,.a,.a,.a,"Others ➡️ Specify","Monthly allowance from son","NGO","","Cash","",0,2,0,0,0,0,1,0,""
"38-81-07-74","Transfers (some kind of public/NGO transfer program (given money in daily/weekly/ monthly basis)",1300,"Monthly",1,.a,.a,.a,"Older persons cash transfer","","National government","","Cash","",0,1,2,0,0,0,0,0,""
"29-17-63-12","Transfers (some kind of public/NGO transfer program (given money in daily/weekly/ monthly basis)",500,"Monthly",2,.a,.a,.a,"Poverty reduction program","","National government","","Cash","",0,1,0,0,0,0,0,0,""
"09-87-36-18","Transfers (some kind of public/NGO transfer program (given money in daily/weekly/ monthly basis)",1300,"Monthly",1,2,.a,.a,"Older persons cash transfer","","National government","","Cash","",0,1,2,3,4,5,0,0,""
"37-47-43-04","Transfers (some kind of public/NGO transfer program (given money in daily/weekly/ monthly basis)",1550,"Monthly",1,3,.a,.a,"Older persons cash transfer","","National government","","Cash","",0,1,0,0,0,0,0,0,""
"19-94-92-45","Transfers (some kind of public/NGO transfer program (given money in daily/weekly/ monthly basis)",2600,"Monthly",1,2,.a,.a,"Older persons cash transfer","","National government","","Cash","",0,1,2,0,0,0,0,0,""
"01-51-77-20","Transfers (some kind of public/NGO transfer program (given money in daily/weekly/ monthly basis)",1800,"Monthly",1,3,6,.a,"Education subsidy","","National government","","Cash","",0,1,2,3,4,0,0,0,""
"14-21-66-73","National remittances - cash transfers/gifts from individuals (relatives, friends) within the country",1000,"Monthly",1,2,.a,.a,,"",,"",,"",0,1,2,0,0,0,0,0,""
"06-71-23-79","National remittances - cash transfers/gifts from individuals (relatives, friends) within the country",1200,"Monthly",1,.a,.a,.a,,"",,"",,"",0,1,0,0,0,0,0,0,""
"09-86-92-43","National remittances - cash transfers/gifts from individuals (relatives, friends) within the country",500,"Every 6 months",1,.a,.a,.a,"Emergency relief","","National government","","Cash","",0,1,0,0,0,0,0,0,""
"09-86-92-43","Transfers (some kind of public/NGO transfer program (given money in daily/weekly/ monthly basis)",1300,"Every three months",1,.a,.a,.a,"Pension","","National government","","Cash","",0,1,0,2,0,0,0,0,""
"65-52-71-81","Transfers (some kind of public/NGO transfer program (given money in daily/weekly/ monthly basis)",750,"Monthly",2,.a,.a,.a,"Poverty reduction program","","National government","","Cash","",0,1,2,0,0,0,0,0,""
"88-09-14-40","Transfers (some kind of public/NGO transfer program (given money in daily/weekly/ monthly basis)",250,"Monthly",2,.a,.a,.a,"Poverty reduction program","","NGO","","Cash","",0,1,3,2,0,0,0,0,""
"51-32-55-02","National remittances - cash transfers/gifts from individuals (relatives, friends) within the country",500,"Monthly",1,.a,.a,.a,,"",,"",,"",0,1,0,0,0,0,0,0,""
"25-85-18-57","National remittances - cash transfers/gifts from individuals (relatives, friends) within the country",300,"Monthly",1,.a,.a,.a,,"",,"",,"",0,1,0,0,0,0,0,0,""
"08-01-73-79","Payments for environmental/ecological services or nature conservation for instance, payments by the conservancies",1800,"Monthly",1,2,.a,.a,,"",,"",,"",0,1,2,3,0,0,0,0,""
"30-31-42-54","Transfers (some kind of public/NGO transfer program (given money in daily/weekly/ monthly basis)",1000,"Monthly",1,.a,.a,.a,"Poverty reduction program","","National government","","Cash","",0,1,2,0,0,0,0,0,""
"59-41-41-82","National remittances - cash transfers/gifts from individuals (relatives, friends) within the country",600,"Monthly",2,.a,.a,.a,"Others ➡️ Specify","Child Support.","Other➡️specify","From the father of the child.","Cash","",0,1,0,0,0,0,0,0,""
"59-41-41-82","Transfers (some kind of public/NGO transfer program (given money in daily/weekly/ monthly basis)",1300,"Monthly",1,.a,.a,.a,"Pension","","National government","","Cash","",0,1,2,0,0,0,0,0,""
"86-80-66-75","Transfers (some kind of public/NGO transfer program (given money in daily/weekly/ monthly basis)",500,"Monthly",1,.a,.a,.a,"Poverty reduction program","","National government","","Cash","",0,1,2,0,0,0,0,0,""
"36-82-19-46","Transfers (some kind of public/NGO transfer program (given money in daily/weekly/ monthly basis)",1300,"Monthly",1,.a,.a,.a,"Pension","","National government","","Cash","",0,1,0,0,0,0,0,0,""
"87-16-84-48","Transfers (some kind of public/NGO transfer program (given money in daily/weekly/ monthly basis)",1300,"Monthly",1,2,.a,.a,"Pension","","National government","","Cash","",0,1,0,2,0,0,0,0,""
"99-52-45-97","National remittances - cash transfers/gifts from individuals (relatives, friends) within the country",400,"Every three months",1,.a,.a,.a,"Emergency relief","","National government","","Cash","",0,1,3,2,0,0,0,0,""
"99-52-45-97","Transfers (some kind of public/NGO transfer program (given money in daily/weekly/ monthly basis)",1000,"Monthly",1,.a,.a,.a,"Education subsidy","","National government","","Cash","",0,1,3,2,0,0,0,0,""
"22-42-05-31","Transfers (some kind of public/NGO transfer program (given money in daily/weekly/ monthly basis)",800,"Monthly",1,.a,.a,.a,"Older persons cash transfer","","National government","","Cash","",0,1,0,0,0,0,0,0,""
"17-88-76-49","Other➡️specify:",200,"Monthly",1,.a,.a,.a,,"",,"",,"",0,1,0,0,0,0,0,0,""
"95-93-26-61","National remittances - cash transfers/gifts from individuals (relatives, friends) within the country",1000,"Every three months",1,2,.a,.a,"Emergency relief","","National government","","Cash","",0,1,0,2,0,0,0,0,""
"95-93-26-61","Transfers (some kind of public/NGO transfer program (given money in daily/weekly/ monthly basis)",1300,"Monthly",1,2,.a,.a,"Pension","","National government","","Cash","",0,1,0,0,0,0,0,0,""
"66-25-20-13","National remittances - cash transfers/gifts from individuals (relatives, friends) within the country",1300,"Monthly",1,.a,.a,.a,,"",,"",,"",0,1,0,0,0,0,0,0,""
"35-73-88-21","Transfers (some kind of public/NGO transfer program (given money in daily/weekly/ monthly basis)",250,"Monthly",5,.a,.a,.a,"Poverty reduction program","","NGO","","Cash","",0,1,2,0,0,0,0,0,""
"90-22-40-74","Transfers (some kind of public/NGO transfer program (given money in daily/weekly/ monthly basis)",250,"Monthly",1,.a,.a,.a,"Education subsidy","","National government","","Food","",0,1,2,0,0,0,0,0,""
"71-58-33-81","National remittances - cash transfers/gifts from individuals (relatives, friends) within the country",1300,"Monthly",1,.a,.a,.a,,"",,"",,"",0,1,2,4,3,0,0,0,""
"85-67-71-58","International remittances - cash transfers/gifts from individuals (relatives, friends) from abroad",4700,"Monthly",1,.a,.a,.a,,"",,"",,"",0,1,2,3,4,6,5,0,""
"01-61-71-69","Transfers (some kind of public/NGO transfer program (given money in daily/weekly/ monthly basis)",1300,"Monthly",1,.a,.a,.a,"Older persons cash transfer","","National government","","Cash","",0,1,2,3,0,0,0,0,""
"73-20-13-57","Transfers (some kind of public/NGO transfer program (given money in daily/weekly/ monthly basis)",1550,"Monthly",2,.a,.a,.a,"Poverty reduction program","","National government","","Cash","",0,1,2,0,0,0,0,0,""
"55-53-09-17","Transfers (some kind of public/NGO transfer program (given money in daily/weekly/ monthly basis)",1300,"Monthly",1,2,.a,.a,"Pension","","National government","","Food","",0,1,0,2,0,0,0,0,""
"15-43-32-03","Transfers (some kind of public/NGO transfer program (given money in daily/weekly/ monthly basis)",1300,"Monthly",1,.a,.a,.a,"Older persons cash transfer","","National government","","Cash","",0,1,0,2,0,0,0,0,""
"74-11-35-62","National remittances - cash transfers/gifts from individuals (relatives, friends) within the country",1300,"Monthly",1,.a,.a,.a,,"",,"",,"",0,1,0,0,2,0,0,0,""
"07-05-49-00","National remittances - cash transfers/gifts from individuals (relatives, friends) within the country",2500,"Monthly",1,.a,.a,.a,,"",,"",,"",0,1,0,2,3,4,0,0,""
"12-21-07-33","National remittances - cash transfers/gifts from individuals (relatives, friends) within the country",1300,"Monthly",1,.a,.a,.a,,"",,"",,"",0,1,0,2,0,0,0,0,""
"23-59-76-04","National remittances - cash transfers/gifts from individuals (relatives, friends) within the country",700,"Monthly",1,.a,.a,.a,,"",,"",,"",0,1,0,0,0,0,0,2,"water bills"
"16-34-09-13","National remittances - cash transfers/gifts from individuals (relatives, friends) within the country",50,"Monthly",1,.a,.a,.a,"Others ➡️ Specify","Money from son","Other➡️specify","Son","Cash","",0,1,0,0,0,0,0,0,""
"16-34-09-13","Transfers (some kind of public/NGO transfer program (given money in daily/weekly/ monthly basis)",250,"Monthly",1,.a,.a,.a,"Poverty reduction program","","National government","","Cash","",0,1,0,0,0,0,0,0,""
"85-82-50-77","Transfers (some kind of public/NGO transfer program (given money in daily/weekly/ monthly basis)",500,"Monthly",4,5,.a,.a,"Education subsidy","","National government","","Cash","",0,1,2,3,0,0,0,0,""
"89-27-41-66","Savings, interest or other investment income",400,"Monthly",1,.a,.a,.a,,"",,"",,"",1,0,0,0,0,0,0,0,""
"54-44-06-88","National remittances - cash transfers/gifts from individuals (relatives, friends) within the country",700,"Monthly",2,4,.a,.a,"Education subsidy","","Local county government","","Cash","",0,1,2,3,0,0,0,0,""
"54-44-06-88","Transfers (some kind of public/NGO transfer program (given money in daily/weekly/ monthly basis)",250,"Monthly",2,.a,.a,.a,"Poverty reduction program","","NGO","","Cash","",0,2,1,0,0,0,0,0,""
"47-49-80-52","National remittances - cash transfers/gifts from individuals (relatives, friends) within the country",600,"Every three months",1,.a,.a,.a,"Emergency relief","","Local county government","","Cash","",0,1,0,2,0,0,0,0,""
"47-49-80-52","Transfers (some kind of public/NGO transfer program (given money in daily/weekly/ monthly basis)",1300,"Monthly",1,.a,.a,.a,"Older persons cash transfer","","NGO","","Cash","",0,1,0,2,0,3,0,0,""
"93-73-35-44","National remittances - cash transfers/gifts from individuals (relatives, friends) within the country",1250,"Monthly",1,.a,.a,.a,,"",,"",,"",0,1,2,0,0,0,0,0,""
"08-77-46-38","Transfers (some kind of public/NGO transfer program (given money in daily/weekly/ monthly basis)",1300,"Monthly",1,.a,.a,.a,"Pension","","National government","","Cash","",0,1,2,3,0,0,0,0,""
"85-57-73-17","Transfers (some kind of public/NGO transfer program (given money in daily/weekly/ monthly basis)",2600,"Monthly",1,6,.a,.a,"Older persons cash transfer","","National government","","Cash","",0,1,2,3,0,0,0,0,""
"48-05-99-35","National remittances - cash transfers/gifts from individuals (relatives, friends) within the country",1500,"Every three months",1,.a,.a,.a,,"",,"",,"",0,1,2,0,3,0,4,0,""
"97-33-85-90","National remittances - cash transfers/gifts from individuals (relatives, friends) within the country",300,"Every three months",1,.a,.a,.a,,"",,"",,"",0,1,0,2,0,0,0,0,""
"10-54-97-94","National remittances - cash transfers/gifts from individuals (relatives, friends) within the country",2600,"Monthly",2,5,.a,.a,,"",,"",,"",0,1,0,2,0,3,0,0,""
"50-35-50-04","National remittances - cash transfers/gifts from individuals (relatives, friends) within the country",2600,"Monthly",1,2,.a,.a,,"",,"",,"",0,1,0,0,0,0,0,0,""
"62-96-39-45","Transfers (some kind of public/NGO transfer program (given money in daily/weekly/ monthly basis)",1300,"Monthly",3,.a,.a,.a,"Pension","","National government","","Cash","",0,1,0,0,0,0,0,0,""
"44-55-26-98","Transfers (some kind of public/NGO transfer program (given money in daily/weekly/ monthly basis)",750,"Monthly",2,.a,.a,.a,"Poverty reduction program","","National government","","Cash","",0,1,2,0,0,0,0,0,""
"93-47-96-78","Transfers (some kind of public/NGO transfer program (given money in daily/weekly/ monthly basis)",1300,"Monthly",1,.a,.a,.a,"Older persons cash transfer","","NGO","","Cash","",0,1,2,0,0,0,0,0,""
"18-43-28-32","Transfers (some kind of public/NGO transfer program (given money in daily/weekly/ monthly basis)",1300,"Monthly",1,.a,.a,.a,"Pension","","National government","","Cash","",0,1,0,0,0,0,0,0,""
"87-15-89-67","National remittances - cash transfers/gifts from individuals (relatives, friends) within the country",500,"Monthly",2,.a,.a,.a,,"",,"",,"",0,1,0,0,0,0,0,0,""
"24-85-21-24","Transfers (some kind of public/NGO transfer program (given money in daily/weekly/ monthly basis)",1300,"Monthly",1,.a,.a,.a,"Older persons cash transfer","","NGO","","Cash","",0,1,2,0,0,0,0,0,""
"91-48-78-65","Transfers (some kind of public/NGO transfer program (given money in daily/weekly/ monthly basis)",1100,"Monthly",2,.a,.a,.a,"Education subsidy","","National government","","Cash","",0,1,2,0,0,0,0,0,""
"26-89-84-58","Transfers (some kind of public/NGO transfer program (given money in daily/weekly/ monthly basis)",1300,"Monthly",1,2,.a,.a,"Older persons cash transfer","","National government","","Cash","",0,1,2,3,0,0,0,0,""
"59-38-71-66","National remittances - cash transfers/gifts from individuals (relatives, friends) within the country",250,"Monthly",1,.a,.a,.a,,"",,"",,"",0,1,0,0,0,0,0,0,""
"59-38-71-66","Other➡️specify:",500,"Monthly",1,.a,.a,.a,,"",,"",,"",0,1,0,0,0,0,0,0,""
"77-80-39-86","Transfers (some kind of public/NGO transfer program (given money in daily/weekly/ monthly basis)",1300,"Monthly",1,.a,.a,.a,"Pension","","National government","","Cash","",0,1,0,0,0,0,0,2,"Paying water bills"
"36-99-07-56","National remittances - cash transfers/gifts from individuals (relatives, friends) within the country",1000,"Lump sum (single payment)",1,.a,.a,.a,"Others ➡️ Specify","support","National government","","Cash","",0,1,0,0,2,0,0,0,""
"36-99-07-56","Transfers (some kind of public/NGO transfer program (given money in daily/weekly/ monthly basis)",1300,"Monthly",2,.a,.a,.a,"Pension","","National government","","Cash","",0,1,0,3,2,0,0,0,""
"44-34-32-32","National remittances - cash transfers/gifts from individuals (relatives, friends) within the country",100,"Monthly",1,.a,.a,.a,,"",,"",,"",0,0,0,1,0,0,0,0,""
"53-52-93-15","National remittances - cash transfers/gifts from individuals (relatives, friends) within the country",250,"Monthly",2,.a,.a,.a,,"",,"",,"",0,1,0,0,0,0,0,0,""
"58-35-74-86","Transfers (some kind of public/NGO transfer program (given money in daily/weekly/ monthly basis)",1300,"Monthly",2,.a,.a,.a,"Older persons cash transfer","","National government","","Cash","",0,1,2,3,0,0,0,0,""
"23-82-30-50","National remittances - cash transfers/gifts from individuals (relatives, friends) within the country",900,"Lump sum (single payment)",1,.a,.a,.a,,"",,"",,"",0,1,0,2,0,0,0,0,""
"99-14-10-16","Transfers (some kind of public/NGO transfer program (given money in daily/weekly/ monthly basis)",1000,"Monthly",1,2,4,.a,"Poverty reduction program","","National government","","Cash","",0,1,2,0,0,0,0,0,""
"55-02-31-58","Other➡️specify:",300,"Every three months",1,.a,.a,.a,,"",,"",,"",0,1,0,0,0,0,0,0,""
"55-65-32-92","Transfers (some kind of public/NGO transfer program (given money in daily/weekly/ monthly basis)",1300,"Monthly",1,.a,.a,.a,"Pension","","National government","","Cash","",0,1,0,0,0,0,0,0,""
"41-51-06-54","National remittances - cash transfers/gifts from individuals (relatives, friends) within the country",6000,"Every three months",1,.a,.a,.a,,"",,"",,"",0,1,2,0,0,0,0,0,""
"07-18-54-62","National remittances - cash transfers/gifts from individuals (relatives, friends) within the country",300,"Monthly",2,.a,.a,.a,,"",,"",,"",0,1,0,0,0,0,0,0,""
"73-70-79-76","Rental income, commercial (shop, store)",800,"Monthly",1,2,.a,.a,"Others ➡️ Specify","Rent Money","Other➡️specify","None","Cash","",0,1,2,0,0,0,0,0,""
"73-70-79-76","Transfers (some kind of public/NGO transfer program (given money in daily/weekly/ monthly basis)",1300,"Monthly",1,.a,.a,.a,"Pension","","National government","","Cash","",0,1,2,0,0,0,0,0,""
"40-83-72-17","Transfers (some kind of public/NGO transfer program (given money in daily/weekly/ monthly basis)",250,"Monthly",2,.a,.a,.a,"Education subsidy","","National government","","Cash","",0,2,1,0,0,0,0,0,""
"23-74-18-51","Transfers (some kind of public/NGO transfer program (given money in daily/weekly/ monthly basis)",250,"Monthly",7,8,.a,.a,"Education subsidy","","National government","","Cash","",0,1,2,3,0,4,0,0,""
"18-88-43-52","National remittances - cash transfers/gifts from individuals (relatives, friends) within the country",500,"Monthly",1,.a,.a,.a,,"",,"",,"",0,1,0,2,0,3,0,0,""
"72-37-85-07","Transfers (some kind of public/NGO transfer program (given money in daily/weekly/ monthly basis)",250,"Monthly",4,5,.a,.a,"Poverty reduction program","","NGO","","Cash","",0,1,2,0,0,0,0,0,""
"84-90-52-18","National remittances - cash transfers/gifts from individuals (relatives, friends) within the country",600,"Every three months",1,.a,.a,.a,,"",,"",,"",0,1,0,0,0,0,0,0,""
"94-23-16-05","National remittances - cash transfers/gifts from individuals (relatives, friends) within the country",250,"Monthly",1,.a,.a,.a,,"",,"",,"",0,1,0,0,0,0,0,0,""
"99-83-95-63","Transfers (some kind of public/NGO transfer program (given money in daily/weekly/ monthly basis)",1300,"Monthly",1,2,.a,.a,"Older persons cash transfer","","National government","","Cash","",0,1,2,3,0,0,0,0,""
"46-29-66-50","National remittances - cash transfers/gifts from individuals (relatives, friends) within the country",250,"Monthly",1,.a,.a,.a,,"",,"",,"",0,1,0,0,0,0,0,0,""
"46-29-66-50","Savings, interest or other investment income",500,"Lump sum (single payment)",2,.a,.a,.a,,"",,"",,"",0,1,0,0,0,0,0,2,"Sometimes they just save the money"
"82-09-67-93","National remittances - cash transfers/gifts from individuals (relatives, friends) within the country",1300,"Monthly",1,.a,.a,.a,,"",,"",,"",0,1,0,2,3,4,0,0,""
"34-98-47-22","Transfers (some kind of public/NGO transfer program (given money in daily/weekly/ monthly basis)",1300,"Monthly",1,.a,.a,.a,"Older persons cash transfer","","National government","","Cash","",0,1,0,2,0,0,0,0,""
"04-97-48-20","Transfers (some kind of public/NGO transfer program (given money in daily/weekly/ monthly basis)",1300,"Monthly",1,.a,.a,.a,"Older persons cash transfer","","NGO","","Cash","",0,1,2,0,0,0,0,0,""
"99-10-52-87","Transfers (some kind of public/NGO transfer program (given money in daily/weekly/ monthly basis)",1300,"Monthly",1,.a,.a,.a,"Older persons cash transfer","","National government","","Cash","",0,1,0,0,0,0,0,0,""
"25-20-66-75","National remittances - cash transfers/gifts from individuals (relatives, friends) within the country",1300,"Monthly",1,.a,.a,.a,,"",,"",,"",0,1,0,0,0,0,0,0,""
"98-95-69-84","Transfers (some kind of public/NGO transfer program (given money in daily/weekly/ monthly basis)",250,"Monthly",3,.a,.a,.a,"Poverty reduction program","","National government","","Cash","",0,1,0,0,0,0,0,0,""
"59-94-58-22","Transfers (some kind of public/NGO transfer program (given money in daily/weekly/ monthly basis)",200,"Monthly",1,.a,.a,.a,"Education subsidy","","National government","","Cash","",0,1,2,0,0,0,0,0,""
"40-32-33-96","National remittances - cash transfers/gifts from individuals (relatives, friends) within the country",600,"Monthly",1,.a,.a,.a,"Others ➡️ Specify","from relatives","Other➡️specify","individual","Cash","",0,1,0,0,0,0,0,0,""
"40-32-33-96","Transfers (some kind of public/NGO transfer program (given money in daily/weekly/ monthly basis)",2600,"Monthly",1,2,.a,.a,"Older persons cash transfer","","National government","","Cash","",0,1,2,3,0,0,0,0,""
"18-30-46-42","Transfers (some kind of public/NGO transfer program (given money in daily/weekly/ monthly basis)",1800,"Monthly",1,2,.a,.a,"Older persons cash transfer","","National government","","Cash","",0,1,0,0,0,0,0,0,""
"16-76-24-92","Savings, interest or other investment income",2000,"Lump sum (single payment)",1,.a,.a,.a,,"",,"",,"",0,1,2,3,0,0,0,0,""
"90-75-59-18","Transfers (some kind of public/NGO transfer program (given money in daily/weekly/ monthly basis)",250,"Monthly",1,.a,.a,.a,"Poverty reduction program","","National government","","Cash","",0,1,0,0,0,0,0,0,""
"01-70-02-35","National remittances - cash transfers/gifts from individuals (relatives, friends) within the country",1550,"Monthly",1,.a,.a,.a,,"",,"",,"",0,1,2,3,0,4,0,0,""
"23-94-09-23","National remittances - cash transfers/gifts from individuals (relatives, friends) within the country",1300,"Monthly",1,.a,.a,.a,,"",,"",,"",0,1,2,3,0,0,0,0,""
"08-72-61-50","National remittances - cash transfers/gifts from individuals (relatives, friends) within the country",500,"Monthly",3,5,.a,.a,,"",,"",,"",0,1,2,0,0,0,0,0,""
"83-59-21-47","Transfers (some kind of public/NGO transfer program (given money in daily/weekly/ monthly basis)",1300,"Monthly",1,.a,.a,.a,"Older persons cash transfer","","National government","","Cash","",0,1,0,0,0,0,0,0,""
"78-07-95-11","Transfers (some kind of public/NGO transfer program (given money in daily/weekly/ monthly basis)",2600,"Monthly",1,2,.a,.a,"Older persons cash transfer","","NGO","","Cash","",0,1,2,0,0,0,0,0,""
"70-58-67-82","Transfers (some kind of public/NGO transfer program (given money in daily/weekly/ monthly basis)",250,"Monthly",1,.a,.a,.a,"Poverty reduction program","","National government","","Food","",0,1,0,0,0,0,0,0,""
"47-04-86-67","Transfers (some kind of public/NGO transfer program (given money in daily/weekly/ monthly basis)",1300,"Monthly",1,.a,.a,.a,"Older persons cash transfer","","National government","","Cash","",0,1,0,0,0,0,0,0,""
"92-02-45-21","National remittances - cash transfers/gifts from individuals (relatives, friends) within the country",400,"Every three months",1,.a,.a,.a,,"",,"",,"",0,1,0,0,0,0,0,0,""
"88-75-68-17","Transfers (some kind of public/NGO transfer program (given money in daily/weekly/ monthly basis)",1300,"Monthly",1,.a,.a,.a,"Older persons cash transfer","","National government","","Cash","",0,1,0,2,3,4,0,0,""
"24-82-46-82","Transfers (some kind of public/NGO transfer program (given money in daily/weekly/ monthly basis)",1300,"Monthly",1,.a,.a,.a,"Older persons cash transfer","","National government","","Cash","",0,1,0,0,0,0,0,0,""
"21-42-97-88","Transfers (some kind of public/NGO transfer program (given money in daily/weekly/ monthly basis)",250,"Monthly",1,.a,.a,.a,"Poverty reduction program","","National government","","Cash","",0,1,2,0,0,0,0,0,""
"43-52-85-97","National remittances - cash transfers/gifts from individuals (relatives, friends) within the country",1000,"Every three months",3,.a,.a,.a,,"",,"",,"",0,1,0,2,0,0,0,0,""
"00-31-45-58","National remittances - cash transfers/gifts from individuals (relatives, friends) within the country",250,"Monthly",1,.a,.a,.a,,"",,"",,"",0,1,0,0,0,0,0,0,""
"89-47-55-13","Transfers (some kind of public/NGO transfer program (given money in daily/weekly/ monthly basis)",1300,"Monthly",1,.a,.a,.a,"Older persons cash transfer","","National government","","Cash","",0,1,0,2,3,0,0,0,""
"86-75-09-05","Transfers (some kind of public/NGO transfer program (given money in daily/weekly/ monthly basis)",500,"Monthly",2,.a,.a,.a,"Education subsidy","","National government","","Cash","",0,2,1,0,0,0,0,0,""
"70-15-38-18","Transfers (some kind of public/NGO transfer program (given money in daily/weekly/ monthly basis)",250,"Monthly",3,.a,.a,.a,"Education subsidy","","National government","","Cash","",0,1,2,0,0,0,0,0,""
"13-43-56-11","National remittances - cash transfers/gifts from individuals (relatives, friends) within the country",750,"Monthly",1,.a,.a,.a,,"",,"",,"",0,1,2,3,0,0,0,0,""
"41-78-59-34","Transfers (some kind of public/NGO transfer program (given money in daily/weekly/ monthly basis)",130,"Monthly",1,.a,.a,.a,"Older persons cash transfer","","National government","","Cash","",0,1,0,0,0,0,0,0,""
"76-42-64-83","Payments for environmental/ecological services or nature conservation for instance, payments by the conservancies",250,"Monthly",1,.a,.a,.a,,"",,"",,"",0,0,1,0,0,0,0,0,""
"60-08-55-10","Transfers (some kind of public/NGO transfer program (given money in daily/weekly/ monthly basis)",500,"Monthly",1,2,.a,.a,"Poverty reduction program","","National government","","Cash","",0,1,0,0,0,0,0,0,""
"24-13-90-91","Transfers (some kind of public/NGO transfer program (given money in daily/weekly/ monthly basis)",500,"Monthly",2,4,.a,.a,"Education subsidy","","National government","","Cash","",0,1,2,0,0,0,0,0,""
"79-64-90-22","National remittances - cash transfers/gifts from individuals (relatives, friends) within the country",1000,"Monthly",2,.a,.a,.a,,"",,"",,"",0,1,2,3,0,0,0,0,""
"74-17-56-50","Transfers (some kind of public/NGO transfer program (given money in daily/weekly/ monthly basis)",1300,"Monthly",1,2,.a,.a,"Pension","","National government","","Food","",0,1,0,2,0,0,0,0,""
"78-26-64-75","National remittances - cash transfers/gifts from individuals (relatives, friends) within the country",1500,"Every three months",1,.a,.a,.a,,"",,"",,"",0,1,2,3,0,0,0,0,""
"79-27-11-92","National remittances - cash transfers/gifts from individuals (relatives, friends) within the country",3500,"Monthly",1,.a,.a,.a,,"",,"",,"",0,1,2,3,4,5,0,0,""
"01-06-16-47","Transfers (some kind of public/NGO transfer program (given money in daily/weekly/ monthly basis)",250,"Monthly",1,.a,.a,.a,"Poverty reduction program","","National government","","Cash","",0,1,2,0,0,0,0,0,""
"80-39-36-38","National remittances - cash transfers/gifts from individuals (relatives, friends) within the country",1500,"Monthly",1,.a,.a,.a,,"",,"",,"",0,1,2,3,0,0,0,0,""
"96-17-52-94","Transfers (some kind of public/NGO transfer program (given money in daily/weekly/ monthly basis)",500,"Monthly",2,.a,.a,.a,"Poverty reduction program","","National government","","Cash","",0,1,2,0,0,0,0,0,""
"67-51-54-29","Transfers (some kind of public/NGO transfer program (given money in daily/weekly/ monthly basis)",1300,"Monthly",1,.a,.a,.a,"Older persons cash transfer","","National government","","Cash","",0,1,0,0,0,0,0,0,""
"94-25-30-28","Transfers (some kind of public/NGO transfer program (given money in daily/weekly/ monthly basis)",500,"Monthly",3,4,.a,.a,"Poverty reduction program","","NGO","","Cash","",0,1,2,0,0,0,0,0,""
"99-05-99-45","Transfers (some kind of public/NGO transfer program (given money in daily/weekly/ monthly basis)",1300,"Monthly",1,.a,.a,.a,"Pension","","National government","","Cash","",0,1,2,0,3,0,0,0,""
"55-49-77-29","National remittances - cash transfers/gifts from individuals (relatives, friends) within the country",250,"Monthly",2,.a,.a,.a,,"",,"",,"",0,1,2,0,0,0,0,0,""
"59-94-70-54","National remittances - cash transfers/gifts from individuals (relatives, friends) within the country",1500,"Monthly",1,.a,.a,.a,,"",,"",,"",0,1,2,3,4,5,0,0,""
"18-48-78-90","Transfers (some kind of public/NGO transfer program (given money in daily/weekly/ monthly basis)",250,"Monthly",2,.a,.a,.a,"Poverty reduction program","","National government","","Cash","",0,1,0,2,0,0,0,0,""
"91-78-23-71","Transfers (some kind of public/NGO transfer program (given money in daily/weekly/ monthly basis)",1300,"Monthly",1,.a,.a,.a,"Pension","","National government","","Cash","",0,1,0,0,2,0,0,3,"Paying the cattle herder"
"79-02-43-99","Transfers (some kind of public/NGO transfer program (given money in daily/weekly/ monthly basis)",1300,"Monthly",1,.a,.a,.a,"Others ➡️ Specify","Disability","NGO","","Cash","",0,2,0,1,0,0,0,0,""
"05-99-22-70","National remittances - cash transfers/gifts from individuals (relatives, friends) within the country",1,"Monthly",1,.a,.a,.a,,"",,"",,"",0,1,0,0,2,0,0,0,""
"19-70-78-40","Transfers (some kind of public/NGO transfer program (given money in daily/weekly/ monthly basis)",250,"Monthly",3,.a,.a,.a,"Poverty reduction program","","NGO","","Cash","",0,1,2,0,0,0,0,0,""
"01-56-68-49","Transfers (some kind of public/NGO transfer program (given money in daily/weekly/ monthly basis)",13000,"Monthly",2,.a,.a,.a,"Others ➡️ Specify","Salary","National government","","Cash","",0,1,2,3,4,0,0,0,""
"64-24-89-62","Transfers (some kind of public/NGO transfer program (given money in daily/weekly/ monthly basis)",1300,"Monthly",1,.a,.a,.a,"Older persons cash transfer","","National government","","Cash","",1,2,0,3,4,5,0,0,""
"79-97-16-20","Payments for environmental/ecological services or nature conservation for instance, payments by the conservancies",1300,"Monthly",1,.a,.a,.a,,"",,"",,"",0,1,0,0,0,0,0,0,""
"68-66-94-81","Transfers (some kind of public/NGO transfer program (given money in daily/weekly/ monthly basis)",3100,"Monthly",1,2,3,.a,"Poverty reduction program","","Both national and local governments","","Cash","",0,2,1,0,0,0,0,3,"Bills like water"
"55-05-77-24","National remittances - cash transfers/gifts from individuals (relatives, friends) within the country",1300,"Monthly",1,.a,.a,.a,,"",,"",,"",0,1,0,2,0,0,0,0,""
"62-52-92-33","National remittances - cash transfers/gifts from individuals (relatives, friends) within the country",250,"Monthly",2,.a,.a,.a,,"",,"",,"",0,1,2,0,0,0,0,0,""
"11-84-22-34","Transfers (some kind of public/NGO transfer program (given money in daily/weekly/ monthly basis)",250,"Monthly",2,.a,.a,.a,"Poverty reduction program","","National government","","Cash","",0,1,0,0,0,0,0,0,""
"75-25-19-33","National remittances - cash transfers/gifts from individuals (relatives, friends) within the country",1300,"Monthly",1,.a,.a,.a,,"",,"",,"",0,1,0,2,3,0,0,0,""
"25-28-42-89","Transfers (some kind of public/NGO transfer program (given money in daily/weekly/ monthly basis)",250,"Monthly",1,.a,.a,.a,"Education subsidy","","National government","","Cash","",0,1,2,0,0,0,0,0,""
"17-22-63-49","National remittances - cash transfers/gifts from individuals (relatives, friends) within the country",1000,"Monthly",2,.a,.a,.a,,"",,"",,"",0,1,0,0,0,0,0,0,""
"75-11-04-39","National remittances - cash transfers/gifts from individuals (relatives, friends) within the country",200,"Lump sum (single payment)",1,.a,.a,.a,,"",,"",,"",0,1,0,0,0,0,0,0,""
"42-13-72-77","Transfers (some kind of public/NGO transfer program (given money in daily/weekly/ monthly basis)",250,"Monthly",2,.a,.a,.a,"Education subsidy","","National government","","Cash","",0,1,2,0,0,0,0,0,""
"72-79-67-76","Transfers (some kind of public/NGO transfer program (given money in daily/weekly/ monthly basis)",700,"Monthly",1,.a,.a,.a,"Pension","","National government","","Cash","",0,1,2,3,5,4,0,0,""
"55-61-00-58","Other➡️specify:",1000,"Monthly",1,.a,.a,.a,,"",,"",,"",0,1,0,2,3,0,0,0,""
"57-06-39-78","Transfers (some kind of public/NGO transfer program (given money in daily/weekly/ monthly basis)",1800,"Monthly",1,3,.a,.a,"Older persons cash transfer","","National government","","Cash","",0,1,2,0,0,0,0,0,""
"99-83-86-30","National remittances - cash transfers/gifts from individuals (relatives, friends) within the country",1000,"Monthly",1,.a,.a,.a,,"",,"",,"",0,1,4,2,0,3,0,0,""
"51-10-14-61","Transfers (some kind of public/NGO transfer program (given money in daily/weekly/ monthly basis)",750,"Monthly",2,3,4,.a,"Education subsidy","","National government","","Cash","",0,1,2,3,0,0,0,0,""
"32-85-49-35","National remittances - cash transfers/gifts from individuals (relatives, friends) within the country",1000,"Monthly",1,.a,.a,.a,,"",,"",,"",0,1,0,0,0,0,0,0,""
"66-09-29-33","National remittances - cash transfers/gifts from individuals (relatives, friends) within the country",800,"Monthly",1,.a,.a,.a,,"",,"",,"",0,1,2,3,4,5,0,0,""
"88-76-61-78","Transfers (some kind of public/NGO transfer program (given money in daily/weekly/ monthly basis)",750,"Monthly",1,.a,.a,.a,"Poverty reduction program","","NGO","","Cash","",0,1,2,3,0,0,0,0,""
"39-72-47-05","National remittances - cash transfers/gifts from individuals (relatives, friends) within the country",600,"Every three months",2,.a,.a,.a,,"",,"",,"",0,1,0,2,0,0,0,0,""
"91-78-19-91","National remittances - cash transfers/gifts from individuals (relatives, friends) within the country",1300,"Monthly",1,.a,.a,.a,,"",,"",,"",0,1,0,0,0,0,0,0,""
"80-88-34-81","Transfers (some kind of public/NGO transfer program (given money in daily/weekly/ monthly basis)",250,"Monthly",2,.a,.a,.a,"Education subsidy","","National government","","Food","",0,1,2,0,0,0,0,0,""
"00-93-28-41","Transfers (some kind of public/NGO transfer program (given money in daily/weekly/ monthly basis)",1300,"Monthly",1,.a,.a,.a,"Older persons cash transfer","","NGO","","Cash","",0,1,2,0,0,0,0,0,""
"15-34-12-49","National remittances - cash transfers/gifts from individuals (relatives, friends) within the country",450,"Monthly",1,.a,.a,.a,,"",,"",,"",0,1,2,0,0,0,0,0,""
"57-48-46-10","Transfers (some kind of public/NGO transfer program (given money in daily/weekly/ monthly basis)",3350,"Monthly",1,2,3,4,"Older persons cash transfer","","National government","","Cash","",0,1,2,0,0,0,0,0,""
"17-87-43-63","National remittances - cash transfers/gifts from individuals (relatives, friends) within the country",2800,"Monthly",1,.a,.a,.a,,"",,"",,"",0,1,2,3,0,4,0,0,""
"11-23-87-11","National remittances - cash transfers/gifts from individuals (relatives, friends) within the country",500,"Monthly",1,2,.a,.a,"Emergency relief","","National government","","Cash","",0,1,0,0,0,0,0,0,""
"11-23-87-11","Transfers (some kind of public/NGO transfer program (given money in daily/weekly/ monthly basis)",1300,"Monthly",1,2,.a,.a,"Emergency relief","","National government","","Cash","",0,1,0,0,0,0,0,0,""
"42-88-20-46","National remittances - cash transfers/gifts from individuals (relatives, friends) within the country",1000,"Monthly",1,2,.a,.a,"Others ➡️ Specify","money from my children","Other➡️specify","individual","Cash","",0,1,0,0,0,0,0,0,""
"42-88-20-46","Transfers (some kind of public/NGO transfer program (given money in daily/weekly/ monthly basis)",1800,"Monthly",1,2,.a,.a,"Older persons cash transfer","","National government","","Cash","",0,1,2,3,0,0,0,0,""
"56-60-42-49","National remittances - cash transfers/gifts from individuals (relatives, friends) within the country",250,"Monthly",1,.a,.a,.a,,"",,"",,"",0,1,0,0,0,0,0,0,""
"06-49-16-95","National remittances - cash transfers/gifts from individuals (relatives, friends) within the country",1300,"Monthly",1,.a,.a,.a,,"",,"",,"",0,1,0,0,0,0,0,0,""
"14-59-43-81","National remittances - cash transfers/gifts from individuals (relatives, friends) within the country",1300,"Monthly",1,.a,.a,.a,,"",,"",,"",0,1,0,0,0,0,0,0,""
"43-19-04-75","National remittances - cash transfers/gifts from individuals (relatives, friends) within the country",200,"Monthly",1,.a,.a,.a,"Emergency relief","","National government","","Cash","",0,1,0,0,0,0,0,0,""
"43-19-04-75","Transfers (some kind of public/NGO transfer program (given money in daily/weekly/ monthly basis)",1300,"Monthly",1,.a,.a,.a,"Pension","","National government","","Cash","",0,1,0,0,0,0,0,0,""
"56-55-71-21","Transfers (some kind of public/NGO transfer program (given money in daily/weekly/ monthly basis)",750,"Monthly",2,.a,.a,.a,"Poverty reduction program","","NGO","","Cash","",0,1,2,3,0,0,0,0,""
"26-16-97-29","National remittances - cash transfers/gifts from individuals (relatives, friends) within the country",2500,"Monthly",1,2,.a,.a,,"",,"",,"",0,1,2,0,3,4,0,0,""
"94-40-34-45","National remittances - cash transfers/gifts from individuals (relatives, friends) within the country",3600,"Monthly",1,5,.a,.a,,"",,"",,"",0,1,2,3,4,5,0,0,""
"93-06-95-85","National remittances - cash transfers/gifts from individuals (relatives, friends) within the country",1300,"Monthly",1,.a,.a,.a,,"",,"",,"",0,1,4,2,3,5,0,0,""
"44-70-83-36","National remittances - cash transfers/gifts from individuals (relatives, friends) within the country",200,"Every three months",1,.a,.a,.a,"Emergency relief","","Local county government","","Cash","",0,1,0,0,0,0,0,0,""
"44-70-83-36","Transfers (some kind of public/NGO transfer program (given money in daily/weekly/ monthly basis)",1300,"Monthly",1,.a,.a,.a,"Older persons cash transfer","","NGO","","Cash","",0,1,0,0,0,0,0,0,""
"01-38-25-96","Transfers (some kind of public/NGO transfer program (given money in daily/weekly/ monthly basis)",1300,"Monthly",1,.a,.a,.a,"Older persons cash transfer","","National government","","Cash","",0,1,0,0,0,0,0,0,""
"00-49-63-51","National remittances - cash transfers/gifts from individuals (relatives, friends) within the country",1300,"Monthly",1,.a,.a,.a,,"",,"",,"",0,1,2,3,0,0,0,0,""
"20-56-52-98","Transfers (some kind of public/NGO transfer program (given money in daily/weekly/ monthly basis)",250,"Monthly",3,5,6,.a,"Education subsidy","","National government","","Cash","",0,1,2,3,0,0,0,0,""
"64-47-42-17","Transfers (some kind of public/NGO transfer program (given money in daily/weekly/ monthly basis)",1300,"Monthly",1,.a,.a,.a,"Pension","","National government","","Cash","",0,1,0,0,0,0,0,0,""
"13-81-47-95","National remittances - cash transfers/gifts from individuals (relatives, friends) within the country",500,"Monthly",4,5,.a,.a,,"",,"",,"",0,0,1,0,0,0,0,0,""
"29-99-72-08","Transfers (some kind of public/NGO transfer program (given money in daily/weekly/ monthly basis)",4300,"Monthly",1,.a,.a,.a,"Pension","","National government","","Cash","",0,1,2,0,0,0,0,0,""
"24-83-83-50","National remittances - cash transfers/gifts from individuals (relatives, friends) within the country",300,"Every three months",1,.a,.a,.a,"Emergency relief","","National government","","Cash","",0,1,0,0,0,0,0,0,""
"24-83-83-50","Transfers (some kind of public/NGO transfer program (given money in daily/weekly/ monthly basis)",1300,"Every three months",1,.a,.a,.a,"Pension","","National government","","Cash","",0,1,2,0,0,0,0,0,""
"47-22-90-00","Transfers (some kind of public/NGO transfer program (given money in daily/weekly/ monthly basis)",2600,"Monthly",1,.a,.a,.a,"Older persons cash transfer","","National government","","Cash","",0,1,2,0,0,0,0,0,""
"98-86-29-38","Transfers (some kind of public/NGO transfer program (given money in daily/weekly/ monthly basis)",1300,"Monthly",1,2,.a,.a,"Pension","","National government","","Cash","",0,1,0,2,3,0,0,0,""
"38-47-12-60","Transfers (some kind of public/NGO transfer program (given money in daily/weekly/ monthly basis)",1300,"Monthly",2,.a,.a,.a,"Healthcare benefits","","National government","","Cash","",0,1,2,3,4,5,0,0,""
"28-88-27-77","Transfers (some kind of public/NGO transfer program (given money in daily/weekly/ monthly basis)",1300,"Monthly",1,.a,.a,.a,"Older persons cash transfer","","National government","","Cash","",0,1,2,3,5,4,0,0,""
"60-44-87-63","National remittances - cash transfers/gifts from individuals (relatives, friends) within the country",250,"Monthly",2,.a,.a,.a,,"",,"",,"",0,2,1,0,0,0,0,0,""
"24-83-18-16","National remittances - cash transfers/gifts from individuals (relatives, friends) within the country",3000,"Every 6 months",1,.a,.a,.a,,"",,"",,"",0,1,2,3,0,0,0,0,""
"43-94-30-73","National remittances - cash transfers/gifts from individuals (relatives, friends) within the country",200,"Monthly",1,2,.a,.a,"Emergency relief","","National government","","Cash","",0,1,0,2,0,0,0,0,""
"43-94-30-73","Transfers (some kind of public/NGO transfer program (given money in daily/weekly/ monthly basis)",1300,"Monthly",1,2,.a,.a,"Pension","","National government","","Cash","",0,1,0,0,0,0,0,0,""
"98-89-20-76","National remittances - cash transfers/gifts from individuals (relatives, friends) within the country",500,"Monthly",1,2,.a,.a,"Emergency relief","","National government","","Cash","",0,1,0,0,0,0,0,0,""
"98-89-20-76","Transfers (some kind of public/NGO transfer program (given money in daily/weekly/ monthly basis)",1300,"Monthly",1,2,.a,.a,"Pension","","National government","","Cash","",0,1,0,0,0,0,0,0,""
"18-82-94-56","Transfers (some kind of public/NGO transfer program (given money in daily/weekly/ monthly basis)",250,"Monthly",1,.a,.a,.a,"Poverty reduction program","","National government","","Cash","",0,1,2,0,0,0,0,0,""
"59-27-01-58","National remittances - cash transfers/gifts from individuals (relatives, friends) within the country",1300,"Monthly",1,.a,.a,.a,,"",,"",,"",0,2,1,0,0,0,0,0,""
"63-00-59-35","Transfers (some kind of public/NGO transfer program (given money in daily/weekly/ monthly basis)",250,"Monthly",1,.a,.a,.a,"Poverty reduction program","","NGO","","Cash","",0,1,2,3,0,0,0,0,""
"20-12-20-33","Transfers (some kind of public/NGO transfer program (given money in daily/weekly/ monthly basis)",1300,"Monthly",1,.a,.a,.a,"Older persons cash transfer","","National government","","Cash","",0,1,0,2,0,0,0,0,""
"69-98-34-60","Transfers (some kind of public/NGO transfer program (given money in daily/weekly/ monthly basis)",1300,"Monthly",1,.a,.a,.a,"Older persons cash transfer","","National government","","Cash","",0,1,0,0,0,0,0,0,""
"11-55-67-72","Savings, interest or other investment income",1500,"Every three months",1,.a,.a,.a,,"",,"",,"",0,2,1,0,0,0,0,0,""
"86-18-52-98","Transfers (some kind of public/NGO transfer program (given money in daily/weekly/ monthly basis)",1300,"Monthly",3,.a,.a,.a,"Pension","","National government","","Food","",0,1,0,2,0,3,0,0,""
"15-59-01-11","Transfers (some kind of public/NGO transfer program (given money in daily/weekly/ monthly basis)",250,"Monthly",3,.a,.a,.a,"Education subsidy","","National government","","Cash","",0,0,1,0,0,0,0,0,""
"08-93-57-76","Transfers (some kind of public/NGO transfer program (given money in daily/weekly/ monthly basis)",1300,"Monthly",1,.a,.a,.a,"Older persons cash transfer","","National government","","Cash","",0,1,2,0,0,0,0,0,""
"46-04-74-49","National remittances - cash transfers/gifts from individuals (relatives, friends) within the country",2600,"Monthly",1,3,6,.a,,"",,"",,"",0,1,2,3,4,5,0,0,""
"35-13-76-39","National remittances - cash transfers/gifts from individuals (relatives, friends) within the country",900,"Every three months",3,.a,.a,.a,"Emergency relief","","Other➡️specify","relative","Cash","",0,1,2,0,0,0,0,0,""
"35-13-76-39","Transfers (some kind of public/NGO transfer program (given money in daily/weekly/ monthly basis)",250,"Monthly",3,.a,.a,.a,"Poverty reduction program","","NGO","","Cash","",0,1,2,0,0,0,0,0,""
"43-77-79-21","Transfers (some kind of public/NGO transfer program (given money in daily/weekly/ monthly basis)",1300,"Monthly",1,.a,.a,.a,"Older persons cash transfer","","Local county government","","Cash","",0,1,0,0,0,0,0,0,""
"11-26-50-63","Transfers (some kind of public/NGO transfer program (given money in daily/weekly/ monthly basis)",250,"Monthly",3,.a,.a,.a,"Poverty reduction program","","National government","","Cash","",0,2,1,0,0,0,0,0,""
"32-20-61-73","National remittances - cash transfers/gifts from individuals (relatives, friends) within the country",250,"Monthly",2,.a,.a,.a,,"",,"",,"",0,1,0,0,0,0,0,0,""
"20-30-02-96","Transfers (some kind of public/NGO transfer program (given money in daily/weekly/ monthly basis)",250,"Monthly",3,.a,.a,.a,"Poverty reduction program","","National government","","Cash","",0,2,1,0,0,0,0,0,""
"44-19-28-63","National remittances - cash transfers/gifts from individuals (relatives, friends) within the country",1800,"Monthly",1,2,.a,.a,,"",,"",,"",0,1,2,3,4,5,0,0,""
"72-93-96-93","Transfers (some kind of public/NGO transfer program (given money in daily/weekly/ monthly basis)",500,"Monthly",3,4,.a,.a,"Education subsidy","","National government","","Cash","",0,1,2,0,0,0,0,0,""
"23-83-04-10","Transfers (some kind of public/NGO transfer program (given money in daily/weekly/ monthly basis)",250,"Monthly",1,.a,.a,.a,"Poverty reduction program","","National government","","Cash","",0,1,2,0,0,0,0,0,""
"66-67-12-43","National remittances - cash transfers/gifts from individuals (relatives, friends) within the country",700,"Monthly",1,.a,.a,.a,,"",,"",,"",0,1,0,0,0,0,0,0,""
"10-88-25-17","National remittances - cash transfers/gifts from individuals (relatives, friends) within the country",1300,"Monthly",2,.a,.a,.a,,"",,"",,"",0,1,0,2,0,0,0,0,""
"34-71-72-72","National remittances - cash transfers/gifts from individuals (relatives, friends) within the country",1300,"Monthly",1,.a,.a,.a,,"",,"",,"",0,1,0,0,0,0,0,0,""
"66-60-15-44","National remittances - cash transfers/gifts from individuals (relatives, friends) within the country",2000,"Monthly",1,2,.a,.a,"Others ➡️ Specify","money from their children","Other➡️specify","individual","Cash","",0,0,0,0,0,0,0,1,"cattle headers"
"66-60-15-44","Transfers (some kind of public/NGO transfer program (given money in daily/weekly/ monthly basis)",2600,"Monthly",1,2,.a,.a,"Older persons cash transfer","","National government","","Cash","",0,1,2,0,0,0,0,0,""
"36-54-39-30","Transfers (some kind of public/NGO transfer program (given money in daily/weekly/ monthly basis)",250,"Monthly",4,5,6,.a,"Poverty reduction program","","NGO","","Cash","",0,1,2,0,0,0,0,0,""
"74-23-76-31","Payments for environmental/ecological services or nature conservation for instance, payments by the conservancies",1300,"Monthly",1,.a,.a,.a,,"",,"",,"",0,1,2,0,0,0,0,0,""
"22-34-78-24","National remittances - cash transfers/gifts from individuals (relatives, friends) within the country",3500,"Monthly",2,.a,.a,.a,,"",,"",,"",0,1,2,0,0,0,0,0,""
"83-39-85-57","Transfers (some kind of public/NGO transfer program (given money in daily/weekly/ monthly basis)",800,"Monthly",1,.a,.a,.a,"Older persons cash transfer","","NGO","","Cash","",0,1,2,0,0,0,0,0,""
"66-26-16-39","National remittances - cash transfers/gifts from individuals (relatives, friends) within the country",2600,"Monthly",1,3,.a,.a,,"",,"",,"",0,1,2,3,4,5,0,0,""
"74-47-09-34","National remittances - cash transfers/gifts from individuals (relatives, friends) within the country",1300,"Monthly",2,.a,.a,.a,,"",,"",,"",0,1,2,0,0,3,0,0,""
"74-42-03-33","National remittances - cash transfers/gifts from individuals (relatives, friends) within the country",1800,"Monthly",1,2,.a,.a,,"",,"",,"",0,1,2,3,4,5,0,0,""
"24-64-36-53","Transfers (some kind of public/NGO transfer program (given money in daily/weekly/ monthly basis)",750,"Monthly",2,3,5,.a,"Education subsidy","","National government","","Cash","",0,1,2,0,0,0,0,0,""
"65-82-18-72","Transfers (some kind of public/NGO transfer program (given money in daily/weekly/ monthly basis)",2600,"Monthly",1,2,.a,.a,"Older persons cash transfer","","National government","","Cash","",0,1,2,3,0,0,0,0,""
"33-66-03-17","National remittances - cash transfers/gifts from individuals (relatives, friends) within the country",500,"Every three months",1,.a,.a,.a,"Others ➡️ Specify","food","Other➡️specify","Relatives","Cash","",0,1,0,2,0,0,0,0,""
"33-66-03-17","Transfers (some kind of public/NGO transfer program (given money in daily/weekly/ monthly basis)",1300,"Monthly",1,.a,.a,.a,"Pension","","National government","","Cash","",0,1,0,2,0,3,0,0,""
"23-12-49-21","National remittances - cash transfers/gifts from individuals (relatives, friends) within the country",500,"Every three months",1,.a,.a,.a,"Emergency relief","","Other➡️specify","relatives","Cash","",0,1,0,2,0,3,0,0,""
"23-12-49-21","Transfers (some kind of public/NGO transfer program (given money in daily/weekly/ monthly basis)",1300,"Monthly",1,.a,.a,.a,"Pension","","National government","","Cash","",0,1,0,0,0,0,0,0,""
"95-95-21-82","National remittances - cash transfers/gifts from individuals (relatives, friends) within the country",500,"Every three months",1,2,.a,.a,"Emergency relief","","Other➡️specify","relatives","Cash","",0,1,3,2,0,0,0,0,""
"95-95-21-82","Transfers (some kind of public/NGO transfer program (given money in daily/weekly/ monthly basis)",250,"Monthly",4,.a,.a,.a,"Education subsidy","","National government","","Cash","",0,1,2,0,0,0,0,0,""
"22-48-72-19","National remittances - cash transfers/gifts from individuals (relatives, friends) within the country",600,"Monthly",1,.a,.a,.a,"Others ➡️ Specify","support from my children","Other➡️specify","individual","Cash","",0,1,0,2,0,0,0,0,""
"22-48-72-19","Transfers (some kind of public/NGO transfer program (given money in daily/weekly/ monthly basis)",1300,"Monthly",1,.a,.a,.a,"Older persons cash transfer","","National government","","Cash","",0,1,0,2,3,0,0,0,""
"16-02-48-49","National remittances - cash transfers/gifts from individuals (relatives, friends) within the country",500,"Monthly",3,.a,.a,.a,,"",,"",,"",0,2,1,0,0,0,0,0,""
"88-09-49-72","Transfers (some kind of public/NGO transfer program (given money in daily/weekly/ monthly basis)",1300,"Monthly",10,.a,.a,.a,"Older persons cash transfer","","NGO","","Cash","",0,1,2,0,0,0,0,0,""
"46-87-53-18","National remittances - cash transfers/gifts from individuals (relatives, friends) within the country",1500,"Monthly",1,.a,.a,.a,,"",,"",,"",0,1,2,3,4,5,0,0,""
"33-86-77-56","Transfers (some kind of public/NGO transfer program (given money in daily/weekly/ monthly basis)",1300,"Monthly",1,.a,.a,.a,"Older persons cash transfer","","National government","","Cash","",0,1,2,0,0,0,0,0,""
"39-41-06-02","National remittances - cash transfers/gifts from individuals (relatives, friends) within the country",600,"Every three months",1,.a,.a,.a,,"",,"",,"",0,1,0,0,0,0,0,0,""
"52-97-51-26","National remittances - cash transfers/gifts from individuals (relatives, friends) within the country",200,"Lump sum (single payment)",2,.a,.a,.a,"Others ➡️ Specify","food","National government","","Cash","",0,1,0,0,0,0,0,0,""
"52-97-51-26","Transfers (some kind of public/NGO transfer program (given money in daily/weekly/ monthly basis)",1000,"Monthly",2,.a,.a,.a,"Education subsidy","","National government","","Cash","",0,1,2,3,0,0,0,0,""
"02-78-29-37","National remittances - cash transfers/gifts from individuals (relatives, friends) within the country",500,"Monthly",1,2,.a,.a,,"",,"",,"",0,1,2,0,0,0,0,0,""
"41-24-37-83","National remittances - cash transfers/gifts from individuals (relatives, friends) within the country",2600,"Monthly",1,2,.a,.a,,"",,"",,"",0,1,3,2,4,0,0,0,""
"90-44-42-58","National remittances - cash transfers/gifts from individuals (relatives, friends) within the country",2500,"Monthly",1,2,.a,.a,,"",,"",,"",0,1,2,0,3,0,0,0,""
"88-98-18-23","National remittances - cash transfers/gifts from individuals (relatives, friends) within the country",16000,"Monthly",1,2,.a,.a,,"",,"",,"",0,1,2,3,4,5,0,0,""
"95-42-30-88","Other➡️specify:",-88,,2,.a,.a,.a,,"",,"",,"",,,,,,,,,""
"47-41-93-44","Transfers (some kind of public/NGO transfer program (given money in daily/weekly/ monthly basis)",1300,"Monthly",1,.a,.a,.a,"Pension","","National government","","Cash","",0,1,2,0,0,0,0,0,""
"44-97-44-34","National remittances - cash transfers/gifts from individuals (relatives, friends) within the country",250,"Monthly",3,.a,.a,.a,,"",,"",,"",0,1,0,0,0,0,0,0,""
"39-60-71-79","Transfers (some kind of public/NGO transfer program (given money in daily/weekly/ monthly basis)",750,"Monthly",1,.a,.a,.a,"Poverty reduction program","","National government","","Cash","",0,1,2,0,0,0,0,0,""
"02-67-41-60","National remittances - cash transfers/gifts from individuals (relatives, friends) within the country",500,"Monthly",1,.a,.a,.a,,"",,"",,"",0,1,2,3,4,5,6,0,""
"02-67-41-60","Rental income, residential property (apartment, house)",4500,"Monthly",1,.a,.a,.a,,"",,"",,"",0,1,2,3,5,4,6,0,""
"04-28-47-30","National remittances - cash transfers/gifts from individuals (relatives, friends) within the country",300,"Monthly",1,.a,.a,.a,,"",,"",,"",0,1,0,0,0,0,0,0,""
"01-68-97-25","National remittances - cash transfers/gifts from individuals (relatives, friends) within the country",1000,"Every three months",1,2,.a,.a,,"",,"",,"",0,1,0,0,0,0,0,0,""
"01-68-97-25","Rental income, residential property (apartment, house)",3000,"Monthly",1,2,.a,.a,,"",,"",,"",0,1,3,0,2,0,0,0,""
"66-08-16-26","National remittances - cash transfers/gifts from individuals (relatives, friends) within the country",1300,"Monthly",1,.a,.a,.a,,"",,"",,"",0,1,0,0,0,2,0,0,""
"93-32-02-54","National remittances - cash transfers/gifts from individuals (relatives, friends) within the country",1000,"Monthly",2,.a,.a,.a,,"",,"",,"",0,1,2,3,5,4,0,0,""
"83-94-17-95","National remittances - cash transfers/gifts from individuals (relatives, friends) within the country",3500,"Monthly",1,.a,.a,.a,,"",,"",,"",0,1,2,3,4,5,6,0,""
"83-94-17-95","Rental income, residential property (apartment, house)",12000,"Monthly",1,.a,.a,.a,,"",,"",,"",0,1,2,3,4,5,6,0,""
"60-60-16-78","Transfers (some kind of public/NGO transfer program (given money in daily/weekly/ monthly basis)",1300,"Monthly",3,.a,.a,.a,"Older persons cash transfer","","NGO","","Cash","",0,1,0,0,0,0,0,0,""
"26-78-47-00","National remittances - cash transfers/gifts from individuals (relatives, friends) within the country",20,"Monthly",1,2,.a,.a,"Emergency relief","","Local county government","","Cash","",0,1,0,0,0,0,0,0,""
"26-78-47-00","Transfers (some kind of public/NGO transfer program (given money in daily/weekly/ monthly basis)",250,"Monthly",2,.a,.a,.a,"Poverty reduction program","","NGO","","Cash","",0,1,2,0,0,0,0,0,""
"79-98-45-89","Transfers (some kind of public/NGO transfer program (given money in daily/weekly/ monthly basis)",250,"Monthly",4,.a,.a,.a,"Poverty reduction program","","NGO","","Cash","",0,1,2,0,0,0,0,0,""
"90-54-49-60","National remittances - cash transfers/gifts from individuals (relatives, friends) within the country",500,"Monthly",1,2,.a,.a,"Emergency relief","","National government","","Cash","",0,1,0,0,0,0,0,0,""
"90-54-49-60","Transfers (some kind of public/NGO transfer program (given money in daily/weekly/ monthly basis)",1300,"Monthly",1,2,.a,.a,"Pension","","National government","","Cash","",0,1,0,2,0,0,0,0,""
"31-84-01-85","National remittances - cash transfers/gifts from individuals (relatives, friends) within the country",2600,"Monthly",1,2,.a,.a,,"",,"",,"",0,1,0,3,2,0,0,0,""
"40-47-23-70","National remittances - cash transfers/gifts from individuals (relatives, friends) within the country",2000,"Monthly",1,2,.a,.a,,"",,"",,"",0,1,2,3,4,5,0,0,""
"97-69-93-58","National remittances - cash transfers/gifts from individuals (relatives, friends) within the country",250,"Monthly",3,.a,.a,.a,,"",,"",,"",0,2,1,0,0,0,0,0,""
"16-58-48-79","Transfers (some kind of public/NGO transfer program (given money in daily/weekly/ monthly basis)",1300,"Monthly",1,.a,.a,.a,"Older persons cash transfer","","National government","","Cash","",2,1,3,4,5,6,0,0,""
"89-75-04-06","Transfers (some kind of public/NGO transfer program (given money in daily/weekly/ monthly basis)",1300,"Monthly",4,.a,.a,.a,"Older persons cash transfer","","NGO","","Cash","",0,1,0,2,0,0,0,0,""
"52-25-69-44","National remittances - cash transfers/gifts from individuals (relatives, friends) within the country",500,"Every three months",1,.a,.a,.a,"Emergency relief","","National government","","Cash","",0,1,0,0,0,0,0,0,""
"52-25-69-44","Transfers (some kind of public/NGO transfer program (given money in daily/weekly/ monthly basis)",1300,"Monthly",1,.a,.a,.a,"Pension","","National government","","Cash","",0,1,0,0,0,0,0,0,""
"71-97-04-61","National remittances - cash transfers/gifts from individuals (relatives, friends) within the country",500,"Every three months",2,.a,.a,.a,"Emergency relief","","Local county government","","Cash","",0,1,0,2,0,0,0,0,""
"71-97-04-61","Transfers (some kind of public/NGO transfer program (given money in daily/weekly/ monthly basis)",2600,"Monthly",1,2,.a,.a,"Older persons cash transfer","","NGO","","Cash","",0,1,0,2,0,0,0,0,""
"46-80-42-17","National remittances - cash transfers/gifts from individuals (relatives, friends) within the country",2300,"Monthly",1,.a,.a,.a,,"",,"",,"",0,1,3,2,0,4,0,0,""
"58-78-23-20","National remittances - cash transfers/gifts from individuals (relatives, friends) within the country",500,"Monthly",3,.a,.a,.a,,"",,"",,"",0,2,1,0,0,0,0,0,""
"58-78-23-20","Rental income, residential property (apartment, house)",7500,"Monthly",1,.a,.a,.a,,"",,"",,"",0,1,0,0,2,0,0,0,""
"35-69-94-08","Transfers (some kind of public/NGO transfer program (given money in daily/weekly/ monthly basis)",1300,"Monthly",1,.a,.a,.a,"Older persons cash transfer","","NGO","","Cash","",0,1,0,2,0,0,0,0,""
"38-79-29-34","Other➡️specify:",15000,"Monthly",1,.a,.a,.a,,"",,"",,"",0,1,2,3,0,0,0,0,""
"50-21-50-41","Transfers (some kind of public/NGO transfer program (given money in daily/weekly/ monthly basis)",750,"Monthly",1,.a,.a,.a,"Poverty reduction program","","National government","","Cash","",0,1,2,0,0,0,0,0,""
"44-19-49-55","Transfers (some kind of public/NGO transfer program (given money in daily/weekly/ monthly basis)",2600,"Monthly",1,2,.a,.a,"Older persons cash transfer","","National government","","Cash","",0,1,0,0,2,0,0,0,""
"55-68-88-94","Transfers (some kind of public/NGO transfer program (given money in daily/weekly/ monthly basis)",1300,"Monthly",1,.a,.a,.a,"Older persons cash transfer","","National government","","Cash","",0,1,0,0,0,0,0,0,""
"07-70-44-38","Transfers (some kind of public/NGO transfer program (given money in daily/weekly/ monthly basis)",250,"Monthly",2,.a,.a,.a,"Poverty reduction program","","NGO","","Cash","",0,1,2,0,0,0,0,0,""
"84-43-04-55","National remittances - cash transfers/gifts from individuals (relatives, friends) within the country",2600,"Monthly",1,3,.a,.a,,"",,"",,"",0,1,2,5,3,4,0,0,""
"90-23-91-34","Transfers (some kind of public/NGO transfer program (given money in daily/weekly/ monthly basis)",1300,"Monthly",1,.a,.a,.a,"Pension","","National government","","Food","",0,1,0,2,0,0,0,0,""
"00-25-69-00","Transfers (some kind of public/NGO transfer program (given money in daily/weekly/ monthly basis)",1300,"Monthly",1,2,.a,.a,"Pension","","National government","","Cash","",0,1,2,0,3,0,0,0,""
"43-06-63-67","Transfers (some kind of public/NGO transfer program (given money in daily/weekly/ monthly basis)",750,"Monthly",1,.a,.a,.a,"Poverty reduction program","","NGO","","Cash","",0,1,2,0,0,0,0,0,""
"28-10-90-34","Transfers (some kind of public/NGO transfer program (given money in daily/weekly/ monthly basis)",1550,"Monthly",1,2,.a,.a,"Older persons cash transfer","","NGO","","Cash","",0,1,2,3,0,0,0,0,""
"13-06-00-33","Rental income, commercial (shop, store)",700,"Monthly",2,.a,.a,.a,,"",,"",,"",2,1,0,0,0,0,0,0,""
"93-88-34-77","Rental income, residential property (apartment, house)",600,"Monthly",1,.a,.a,.a,,"",,"",,"",0,1,0,0,2,0,0,0,""
"77-13-46-95","Savings, interest or other investment income",5000,"Monthly",1,.a,.a,.a,"Older persons cash transfer","","National government","","Cash","",0,1,2,3,4,5,0,0,""
"77-13-46-95","Transfers (some kind of public/NGO transfer program (given money in daily/weekly/ monthly basis)",2600,"Monthly",1,2,.a,.a,"Older persons cash transfer","","National government","","Cash","",0,1,2,3,4,5,0,0,""
"54-15-29-03","National remittances - cash transfers/gifts from individuals (relatives, friends) within the country",1300,"Monthly",1,.a,.a,.a,,"",,"",,"",0,1,2,0,0,0,0,0,""
"58-43-21-07","Transfers (some kind of public/NGO transfer program (given money in daily/weekly/ monthly basis)",1300,"Monthly",1,.a,.a,.a,"Older persons cash transfer","","National government","","Cash","",0,1,2,3,4,5,0,0,""
"54-82-42-61","Transfers (some kind of public/NGO transfer program (given money in daily/weekly/ monthly basis)",1300,"Monthly",1,.a,.a,.a,"Older persons cash transfer","","National government","","Cash","",0,1,2,3,0,0,0,0,""
"31-76-77-10","Transfers (some kind of public/NGO transfer program (given money in daily/weekly/ monthly basis)",1300,"Monthly",1,.a,.a,.a,"Older persons cash transfer","","National government","","Cash","",0,1,0,0,0,0,0,0,""
"75-33-12-39","Other➡️specify:",500,"Every three months",1,.a,.a,.a,,"",,"",,"",0,1,2,0,0,0,0,0,""
"47-33-25-93","National remittances - cash transfers/gifts from individuals (relatives, friends) within the country",300,"Monthly",1,.a,.a,.a,,"",,"",,"",0,1,0,0,0,0,0,0,""
"35-34-76-48","Transfers (some kind of public/NGO transfer program (given money in daily/weekly/ monthly basis)",250,"Monthly",5,.a,.a,.a,"Poverty reduction program","","National government","","Cash","",0,2,1,0,0,0,0,0,""
"26-98-60-20","Transfers (some kind of public/NGO transfer program (given money in daily/weekly/ monthly basis)",250,"Monthly",3,.a,.a,.a,"Poverty reduction program","","National government","","Food","",0,1,0,0,0,0,0,0,""
"20-88-32-55","Other➡️specify:",100,"Monthly",2,.a,.a,.a,,"",,"",,"",0,1,0,0,0,0,0,0,""
"38-84-78-59","Transfers (some kind of public/NGO transfer program (given money in daily/weekly/ monthly basis)",250,"Monthly",3,5,.a,.a,"Poverty reduction program","","National government","","Food","",0,1,0,0,0,0,0,0,""
"76-04-07-19","Transfers (some kind of public/NGO transfer program (given money in daily/weekly/ monthly basis)",1300,"Monthly",1,.a,.a,.a,"Pension","","National government","","Cash","",0,1,0,3,2,0,0,0,""
"50-82-91-34","National remittances - cash transfers/gifts from individuals (relatives, friends) within the country",1300,"Monthly",1,.a,.a,.a,,"",,"",,"",0,1,0,2,0,3,0,0,""
"83-60-63-11","National remittances - cash transfers/gifts from individuals (relatives, friends) within the country",750,"Monthly",2,.a,.a,.a,,"",,"",,"",0,1,2,3,0,0,0,0,""
"80-51-82-08","Transfers (some kind of public/NGO transfer program (given money in daily/weekly/ monthly basis)",1300,"Monthly",2,.a,.a,.a,"Pension","","National government","","Cash","",0,2,1,0,3,0,0,0,""
"49-80-85-60","Transfers (some kind of public/NGO transfer program (given money in daily/weekly/ monthly basis)",250,"Monthly",3,4,.a,.a,"Poverty reduction program","","National government","","Food","",0,1,0,0,0,0,0,0,""
"33-82-62-40","National remittances - cash transfers/gifts from individuals (relatives, friends) within the country",1300,"Monthly",1,.a,.a,.a,"Older persons cash transfer","","National government","","Cash","",1,0,0,0,0,0,0,0,""
"33-82-62-40","Transfers (some kind of public/NGO transfer program (given money in daily/weekly/ monthly basis)",4000,"Monthly",1,.a,.a,.a,"Pension","","NGO","","Cash","",1,0,0,0,0,0,0,0,""
"56-48-48-33","National remittances - cash transfers/gifts from individuals (relatives, friends) within the country",2000,"Monthly",1,.a,.a,.a,,"",,"",,"",0,1,2,3,4,5,0,0,""
"60-93-32-66","Transfers (some kind of public/NGO transfer program (given money in daily/weekly/ monthly basis)",250,"Monthly",3,4,5,.a,"Poverty reduction program","","NGO","","Cash","",0,1,2,0,0,0,0,0,""
"37-44-93-64","Transfers (some kind of public/NGO transfer program (given money in daily/weekly/ monthly basis)",1300,"Monthly",4,.a,.a,.a,"Healthcare benefits","","National government","","Food","",0,1,0,0,0,0,0,0,""
"83-26-13-29","National remittances - cash transfers/gifts from individuals (relatives, friends) within the country",800,"Lump sum (single payment)",1,.a,.a,.a,,"",,"",,"",0,1,0,2,3,4,0,0,""
"31-74-57-88","National remittances - cash transfers/gifts from individuals (relatives, friends) within the country",500,"Monthly",3,.a,.a,.a,,"",,"",,"",0,1,2,4,3,0,0,0,""
"09-16-66-27","National remittances - cash transfers/gifts from individuals (relatives, friends) within the country",3000,"Monthly",1,.a,.a,.a,,"",,"",,"",0,1,0,2,0,3,0,0,""
"02-99-67-45","Transfers (some kind of public/NGO transfer program (given money in daily/weekly/ monthly basis)",1300,"Monthly",1,.a,.a,.a,"Older persons cash transfer","","NGO","","Cash","",0,1,2,0,0,0,0,0,""
"54-98-92-77","Rental income, residential property (apartment, house)",100,"Monthly",1,.a,.a,.a,,"",,"",,"",0,0,0,1,0,0,0,0,""
"94-90-21-30","Transfers (some kind of public/NGO transfer program (given money in daily/weekly/ monthly basis)",1300,"Monthly",1,.a,.a,.a,"Older persons cash transfer","","NGO","","Cash","",0,1,0,2,3,0,0,0,""
"34-25-16-71","National remittances - cash transfers/gifts from individuals (relatives, friends) within the country",500,"Every three months",1,2,.a,.a,"Emergency relief","","National government","","Cash","",0,1,0,0,0,0,0,0,""
"34-25-16-71","Transfers (some kind of public/NGO transfer program (given money in daily/weekly/ monthly basis)",1300,"Monthly",1,2,.a,.a,"Pension","","National government","","Cash","",0,1,0,0,0,0,0,0,""
"26-18-25-14","National remittances - cash transfers/gifts from individuals (relatives, friends) within the country",3500,"Monthly",1,.a,.a,.a,,"",,"",,"",0,4,1,2,5,3,0,0,""
"83-41-72-29","National remittances - cash transfers/gifts from individuals (relatives, friends) within the country",100,"Every three months",2,.a,.a,.a,"Emergency relief","","National government","","Cash","",0,1,0,0,0,0,0,0,""
"83-41-72-29","Transfers (some kind of public/NGO transfer program (given money in daily/weekly/ monthly basis)",250,"Monthly",5,.a,.a,.a,"Healthcare benefits","","National government","","Food","",0,0,2,1,0,0,0,0,""
"21-46-08-35","Transfers (some kind of public/NGO transfer program (given money in daily/weekly/ monthly basis)",1000,"Monthly",1,.a,.a,.a,"Pension","","National government","","Cash","",0,2,1,0,0,0,0,0,""
"37-32-34-84","Transfers (some kind of public/NGO transfer program (given money in daily/weekly/ monthly basis)",1300,"Monthly",1,.a,.a,.a,"Pension","","National government","","Cash","",0,1,0,0,0,0,0,0,""
"13-52-22-69","Transfers (some kind of public/NGO transfer program (given money in daily/weekly/ monthly basis)",1800,"Monthly",2,3,.a,.a,"Poverty reduction program","","National government","","Cash","",0,1,0,0,0,0,0,0,""
"39-17-92-41","National remittances - cash transfers/gifts from individuals (relatives, friends) within the country",1300,"Monthly",1,.a,.a,.a,,"",,"",,"",0,1,0,0,0,0,0,0,""
"31-31-05-64","National remittances - cash transfers/gifts from individuals (relatives, friends) within the country",1500,"Monthly",3,4,6,.a,,"",,"",,"",0,1,2,3,4,5,6,0,""
"86-99-45-42","National remittances - cash transfers/gifts from individuals (relatives, friends) within the country",500,"Monthly",1,.a,.a,.a,"Others ➡️ Specify","Cash gift","Other➡️specify","Daughter","Cash","",0,1,0,0,0,0,0,0,""
"86-99-45-42","Transfers (some kind of public/NGO transfer program (given money in daily/weekly/ monthly basis)",1300,"Monthly",1,.a,.a,.a,"Pension","","National government","","Cash","",0,1,0,0,0,0,0,0,""
"56-36-96-19","National remittances - cash transfers/gifts from individuals (relatives, friends) within the country",200,"Every three months",1,.a,.a,.a,"Emergency relief","","Local county government","","Cash","",0,1,2,3,0,0,0,0,""
"56-36-96-19","Transfers (some kind of public/NGO transfer program (given money in daily/weekly/ monthly basis)",500,"Monthly",1,.a,.a,.a,"Poverty reduction program","","NGO","","Cash","",0,1,2,3,0,0,0,0,""
"96-16-19-85","National remittances - cash transfers/gifts from individuals (relatives, friends) within the country",250,"Monthly",3,.a,.a,.a,,"",,"",,"",0,0,1,0,0,0,0,0,""
"64-96-31-31","Transfers (some kind of public/NGO transfer program (given money in daily/weekly/ monthly basis)",1300,"Monthly",1,.a,.a,.a,"Older persons cash transfer","","National government","","Cash","",0,1,0,2,0,0,0,0,""
"32-40-73-26","National remittances - cash transfers/gifts from individuals (relatives, friends) within the country",1200,"Every three months",1,.a,.a,.a,"Others ➡️ Specify","Support","National government","","Cash","",0,1,0,2,0,0,0,0,""
"32-40-73-26","Transfers (some kind of public/NGO transfer program (given money in daily/weekly/ monthly basis)",1300,"Monthly",1,.a,.a,.a,"Older persons cash transfer","","NGO","","Cash","",0,1,0,2,3,0,0,0,""
"27-85-21-15","National remittances - cash transfers/gifts from individuals (relatives, friends) within the country",500,"Lump sum (single payment)",2,.a,.a,.a,,"",,"",,"",0,1,0,0,0,0,0,0,""
"80-54-37-07","National remittances - cash transfers/gifts from individuals (relatives, friends) within the country",1800,"Monthly",1,7,8,.a,,"",,"",,"",0,1,2,3,4,5,0,0,""
"36-19-32-95","Transfers (some kind of public/NGO transfer program (given money in daily/weekly/ monthly basis)",250,"Monthly",4,.a,.a,.a,"Education subsidy","","National government","","Food","",0,1,0,0,0,0,0,0,""
"75-71-40-40","National remittances - cash transfers/gifts from individuals (relatives, friends) within the country",1500,"Monthly",1,.a,.a,.a,,"",,"",,"",0,1,2,3,0,4,0,0,""
"37-54-02-07","National remittances - cash transfers/gifts from individuals (relatives, friends) within the country",2500,"Monthly",1,.a,.a,.a,,"",,"",,"",0,1,2,0,3,0,0,0,""
"60-74-79-59","Transfers (some kind of public/NGO transfer program (given money in daily/weekly/ monthly basis)",1300,"Monthly",3,.a,.a,.a,"Healthcare benefits","","National government","","Cash","",0,1,0,2,3,4,0,0,""
"96-89-11-69","Transfers (some kind of public/NGO transfer program (given money in daily/weekly/ monthly basis)",1000,"Monthly",2,.a,.a,.a,"Education subsidy","","National government","","Cash","",0,1,2,0,0,0,0,0,""
"33-26-68-81","Other➡️specify:",200,"Monthly",1,.a,.a,.a,,"",,"",,"",0,1,0,0,0,0,0,0,""
"12-27-31-91","Transfers (some kind of public/NGO transfer program (given money in daily/weekly/ monthly basis)",500,"Monthly",2,.a,.a,.a,"Poverty reduction program","","National government","","Cash","",0,1,0,0,0,0,0,0,""
"44-39-19-46","National remittances - cash transfers/gifts from individuals (relatives, friends) within the country",500,"Monthly",1,.a,.a,.a,,"",,"",,"",0,1,2,0,0,0,0,0,""
"19-73-20-43","National remittances - cash transfers/gifts from individuals (relatives, friends) within the country",14300,"Monthly",2,.a,.a,.a,,"",,"",,"",0,1,2,3,4,5,0,0,""
"86-42-35-25","National remittances - cash transfers/gifts from individuals (relatives, friends) within the country",1300,"Monthly",3,.a,.a,.a,,"",,"",,"",0,1,0,0,0,0,0,0,""
"21-53-70-02","National remittances - cash transfers/gifts from individuals (relatives, friends) within the country",800,"Monthly",1,.a,.a,.a,,"",,"",,"",0,1,2,3,4,5,0,0,""
"39-53-01-83","National remittances - cash transfers/gifts from individuals (relatives, friends) within the country",1500,"Monthly",2,.a,.a,.a,,"",,"",,"",0,1,0,0,0,0,0,0,""
"94-39-43-68","Transfers (some kind of public/NGO transfer program (given money in daily/weekly/ monthly basis)",250,"Monthly",4,5,.a,.a,"Education subsidy","","National government","","Cash","",0,1,2,3,5,4,0,0,""
"03-54-18-25","National remittances - cash transfers/gifts from individuals (relatives, friends) within the country",3000,"Monthly",1,2,.a,.a,,"",,"",,"",0,1,2,3,4,5,0,0,""
"33-86-19-67","National remittances - cash transfers/gifts from individuals (relatives, friends) within the country",200,"Every three months",1,.a,.a,.a,"Emergency relief","","National government","","Cash","",0,1,0,0,0,0,0,0,""
"33-86-19-67","Transfers (some kind of public/NGO transfer program (given money in daily/weekly/ monthly basis)",250,"Monthly",2,.a,.a,.a,"Education subsidy","","National government","","Cash","",0,1,2,0,0,0,0,0,""
"09-53-75-86","National remittances - cash transfers/gifts from individuals (relatives, friends) within the country",2850,"Monthly",4,5,6,.a,,"",,"",,"",0,1,2,3,4,0,0,0,""
"85-34-92-87","Transfers (some kind of public/NGO transfer program (given money in daily/weekly/ monthly basis)",250,"Monthly",3,.a,.a,.a,"Education subsidy","","National government","","Cash","",0,1,2,0,0,0,0,0,""
"75-94-09-47","National remittances - cash transfers/gifts from individuals (relatives, friends) within the country",500,"Every three months",1,.a,.a,.a,"Emergency relief","","National government","","Cash","",0,1,0,0,0,0,0,0,""
"75-94-09-47","Transfers (some kind of public/NGO transfer program (given money in daily/weekly/ monthly basis)",250,"Monthly",3,5,.a,.a,"Education subsidy","","National government","","Cash","",0,1,2,0,0,0,0,0,""
"07-42-93-10","National remittances - cash transfers/gifts from individuals (relatives, friends) within the country",200,"Every three months",1,.a,.a,.a,"Emergency relief","","National government","","Cash","",0,1,0,0,0,0,0,0,""
"07-42-93-10","Transfers (some kind of public/NGO transfer program (given money in daily/weekly/ monthly basis)",1300,"Monthly",1,.a,.a,.a,"Pension","","National government","","Cash","",0,1,2,0,0,0,0,0,""
"06-11-12-17","Other➡️specify:",1500,"Monthly",2,.a,.a,.a,,"",,"",,"",0,1,2,3,0,4,0,0,""
"15-55-21-38","Transfers (some kind of public/NGO transfer program (given money in daily/weekly/ monthly basis)",250,"Monthly",1,.a,.a,.a,"Pension","","National government","","Cash","",0,1,2,0,0,0,0,0,""
"61-89-87-62","Transfers (some kind of public/NGO transfer program (given money in daily/weekly/ monthly basis)",250,"Monthly",6,.a,.a,.a,"Poverty reduction program","","National government","","Cash","",0,1,0,0,0,0,0,0,""
"00-18-71-95","Savings, interest or other investment income",1100,"Every three months",1,2,.a,.a,,"",,"",,"",2,1,4,3,0,5,0,0,""
"98-02-00-97","Transfers (some kind of public/NGO transfer program (given money in daily/weekly/ monthly basis)",8900,"Monthly",2,.a,.a,.a,"Education subsidy","","National government","","Cash","",0,1,2,3,4,0,0,0,""
"39-55-54-03","Transfers (some kind of public/NGO transfer program (given money in daily/weekly/ monthly basis)",250,"Monthly",3,.a,.a,.a,"Poverty reduction program","","National government","","Cash","",0,2,1,0,0,0,0,0,""
"85-58-05-93","Transfers (some kind of public/NGO transfer program (given money in daily/weekly/ monthly basis)",1300,"Monthly",2,.a,.a,.a,"Older persons cash transfer","","NGO","","Cash","",0,1,0,2,3,0,0,0,""
"36-06-01-35","Transfers (some kind of public/NGO transfer program (given money in daily/weekly/ monthly basis)",2150,"Monthly",1,2,.a,.a,"Older persons cash transfer","","National government","","Food","",0,1,0,0,0,0,0,0,""
"87-74-62-05","National remittances - cash transfers/gifts from individuals (relatives, friends) within the country",1500,"Monthly",1,2,.a,.a,,"",,"",,"",0,1,2,3,0,4,0,0,""
"74-09-83-15","Transfers (some kind of public/NGO transfer program (given money in daily/weekly/ monthly basis)",1300,"Monthly",1,2,.a,.a,"Pension","","National government","","Food","",0,1,0,0,0,0,0,0,""
"99-86-29-88","National remittances - cash transfers/gifts from individuals (relatives, friends) within the country",300,"Lump sum (single payment)",1,2,.a,.a,"Emergency relief","","National government","","Cash","",0,1,0,0,0,0,0,0,""
"99-86-29-88","Transfers (some kind of public/NGO transfer program (given money in daily/weekly/ monthly basis)",1,"Monthly",2,.a,.a,.a,"Education subsidy","","National government","","Cash","",0,2,1,0,0,0,0,0,""
"10-97-13-34","Transfers (some kind of public/NGO transfer program (given money in daily/weekly/ monthly basis)",750,"Monthly",2,.a,.a,.a,"Poverty reduction program","","NGO","","Cash","",0,1,2,0,0,0,0,0,""
"53-72-96-12","Transfers (some kind of public/NGO transfer program (given money in daily/weekly/ monthly basis)",750,"Monthly",1,.a,.a,.a,"Poverty reduction program","","National government","","Cash","",0,1,0,0,0,0,0,0,""
"22-21-62-20","Transfers (some kind of public/NGO transfer program (given money in daily/weekly/ monthly basis)",1300,"Monthly",1,.a,.a,.a,"Older persons cash transfer","","NGO","","Cash","",0,1,2,3,0,4,0,0,""
"64-31-79-16","Transfers (some kind of public/NGO transfer program (given money in daily/weekly/ monthly basis)",750,"Monthly",1,.a,.a,.a,"Poverty reduction program","","NGO","","Cash","",0,1,2,3,0,0,0,0,""
"01-18-26-42","Transfers (some kind of public/NGO transfer program (given money in daily/weekly/ monthly basis)",1300,"Monthly",1,.a,.a,.a,"Pension","","National government","","Cash","",0,1,2,0,0,0,0,0,""
"82-55-52-94","Transfers (some kind of public/NGO transfer program (given money in daily/weekly/ monthly basis)",1300,"Monthly",1,.a,.a,.a,"Pension","","National government","","Cash","",0,1,0,2,0,0,0,0,""
"19-07-40-38","Transfers (some kind of public/NGO transfer program (given money in daily/weekly/ monthly basis)",1300,"Monthly",1,.a,.a,.a,"Healthcare benefits","","National government","","Cash","",0,1,0,0,0,0,0,0,""
"65-17-55-88","Transfers (some kind of public/NGO transfer program (given money in daily/weekly/ monthly basis)",3000,"Monthly",1,.a,.a,.a,"Others ➡️ Specify","Work Salary","National government","","Food","",0,1,2,0,0,0,0,0,""
"71-44-93-64","Payments for environmental/ecological services or nature conservation for instance, payments by the conservancies",500,"Every 6 months",1,.a,.a,.a,,"",,"",,"",0,1,0,0,0,0,0,0,""
"34-19-14-62","Savings, interest or other investment income",500,"Monthly",1,.a,.a,.a,,"",,"",,"",0,1,0,2,0,0,0,0,""
"98-81-19-82","Transfers (some kind of public/NGO transfer program (given money in daily/weekly/ monthly basis)",1550,"Monthly",2,.a,.a,.a,"Others ➡️ Specify","disability benefit","National government","","Cash","",0,2,1,3,0,0,0,0,""
"39-67-03-82","National remittances - cash transfers/gifts from individuals (relatives, friends) within the country",1000,"Monthly",1,.a,.a,.a,,"",,"",,"",0,1,0,0,0,0,0,0,""
