interview__key,consev_hh,consev_name,consev_typ__1,consev_typ__2,consev_typ__3,consev_typ__4,consev_typ__5,consev_meb,consev_exphh,consev_expcom,consev_cash,consev_fd,consev_fdamt,consev_adben,consev_ad,consev_ben,consev_mt,wld_conft,wld_confl_frequ,wld_dmg__1,wld_dmg__2,wld_dmg__3,wld_dmg__96,wld_dmgcomp,comp_amt
"77-20-39-35","No","",,,,,,,,,,,,,"",,,"No",,,,,,,
"71-78-53-70","No","",,,,,,,,,,,,,"",,,"No",,,,,,,
"46-91-82-56","No","",,,,,,,,,,,,,"",,,"No",,,,,,,
"20-85-85-47","No","",,,,,,,,,,,,,"",,,"No",,,,,,,
"34-53-75-33","No","",,,,,,,,,,,,,"",,,"No",,,,,,,
"56-13-50-35","No","",,,,,,,,,,,,,"",,,"No",,,,,,,
"58-38-99-88","No","",,,,,,,,,,,,,"",,,"No",,,,,,,
"81-26-40-75","No","",,,,,,,,,,,,,"",,,"No",,,,,,,
"39-76-70-00","No","",,,,,,,,,,,,,"",,,"No",,,,,,,
"84-11-99-46","No","",,,,,,,,,,,,,"",,,"No",,,,,,,
"07-72-86-35","No","",,,,,,,,,,,,,"",,,"No",,,,,,,
"76-67-31-58","No","",,,,,,,,,,,,,"",,,"No",,,,,,,
"37-57-47-28","No","",,,,,,,,,,,,,"",,,"No",,,,,,,
"01-40-66-32","No","",,,,,,,,,,,,,"",,,"No",,,,,,,
"13-26-58-11","No","",,,,,,,,,,,,,"",,,"No",,,,,,,
"53-48-83-71","No","",,,,,,,,,,,,,"",,,"No",,,,,,,
"27-13-62-90","No","",,,,,,,,,,,,,"",,,"No",,,,,,,
"85-22-01-46","No","",,,,,,,,,,,,,"",,,"No",,,,,,,
"69-98-12-23","No","",,,,,,,,,,,,,"",,,"No",,,,,,,
"13-16-89-71","No","",,,,,,,,,,,,,"",,,"No",,,,,,,
"56-66-41-20","No","",,,,,,,,,,,,,"",,,"No",,,,,,,
"81-47-86-65","No","",,,,,,,,,,,,,"",,,"No",,,,,,,
"93-67-97-18","No","",,,,,,,,,,,,,"",,,"No",,,,,,,
"38-26-42-37","No","",,,,,,,,,,,,,"",,,"No",,,,,,,
"05-99-34-61","No","",,,,,,,,,,,,,"",,,"No",,,,,,,
"82-77-34-88","No","",,,,,,,,,,,,,"",,,"No",,,,,,,
"58-42-23-81","No","",,,,,,,,,,,,,"",,,"No",,,,,,,
"41-08-83-81","No","",,,,,,,,,,,,,"",,,"No",,,,,,,
"37-72-45-16","No","",,,,,,,,,,,,,"",,,"No",,,,,,,
"86-82-46-77","No","",,,,,,,,,,,,,"",,,"No",,,,,,,
"35-59-75-62","No","",,,,,,,,,,,,,"",,,"No",,,,,,,
"31-89-28-30","No","",,,,,,,,,,,,,"",,,"No",,,,,,,
"61-82-08-02","No","",,,,,,,,,,,,,"",,,"No",,,,,,,
"67-96-75-77","No","",,,,,,,,,,,,,"",,,"No",,,,,,,
"19-03-14-53","No","",,,,,,,,,,,,,"",,,"No",,,,,,,
"12-01-31-29","No","",,,,,,,,,,,,,"",,,"No",,,,,,,
"16-72-17-16","No","",,,,,,,,,,,,,"",,,"No",,,,,,,
"38-21-18-12","No","",,,,,,,,,,,,,"",,,"No",,,,,,,
"75-80-02-90","No","",,,,,,,,,,,,,"",,,"No",,,,,,,
"43-41-21-85","No","",,,,,,,,,,,,,"",,,"No",,,,,,,
"66-22-88-29","No","",,,,,,,,,,,,,"",,,"No",,,,,,,
"42-66-53-78","No","",,,,,,,,,,,,,"",,,"No",,,,,,,
"19-23-31-06","No","",,,,,,,,,,,,,"",,,"No",,,,,,,
"62-33-60-14","No","",,,,,,,,,,,,,"",,,"No",,,,,,,
"89-36-04-43","No","",,,,,,,,,,,,,"",,,"No",,,,,,,
"87-86-68-37","Yes","Sombe Conservancy","Yes","No","No","No","No","Yes","Positive effect","Neutral (or no effect)","No",1,5,"No","","Satisfied","Never","No",,,,,,,
"12-94-76-31","No","",,,,,,,,,,,,,"",,,"No",,,,,,,
"25-74-03-84","Yes","Impala conservancy","Yes","No","No","No","No","Yes","Positive effect","Positive effect","No",2,,"No","","Satisfied","Less than once a month","No",,,,,,,
"98-23-98-25","No","",,,,,,,,,,,,,"",,,"No",,,,,,,
"01-01-07-49","Yes","Impalila Conservancy","Yes","No","No","No","No","Yes","Very negative effect","Very negative effect","No",2,,"No","","Very dissatisfied","Less than once a month","No",,,,,,,
"05-21-83-90",,"",,,,,,,,,,,,,"",,,,,,,,,,
"77-16-48-10","Yes","Impalila conservancy","Yes","No","Yes","No","No","Yes","Neutral (or no effect)","Neutral (or no effect)","No",2,,"No","","dissatisfied","Never","No",,,,,,,
"75-23-18-05","Yes","Impalila Conservancy","Yes","No","No","No","No","Yes","Neutral (or no effect)","Neutral (or no effect)","No",0,,"No","","dissatisfied","Never","No",,,,,,,
"83-84-60-99","Yes","Kasika conservancy","Yes","No","No","No","No","Yes","Very negative effect","Very negative effect","No",2,,"No","","Very dissatisfied","Never","Yes",2,"No","No","Yes","No",,
"56-18-51-85","Yes","Impalila conservancy","Yes","No","Yes","No","No","No","Neutral (or no effect)","Neutral (or no effect)",,,,,"",,,"No",,,,,,,
"26-38-66-11","Yes","Impala conservancy","Yes","No","No","No","No","Yes","Very negative effect","Very negative effect","No",3,,"No","","Very dissatisfied","Less than once a month","No",,,,,,,
"46-68-27-34","Yes","salambala","Yes","No","Yes","No","No","No","Neutral (or no effect)","Neutral (or no effect)",,,,,"",,,"No",,,,,,,
"78-16-14-09","Yes","sobbe","Yes","No","Yes","No","No","Yes","Neutral (or no effect)","Neutral (or no effect)","No",6,,"No","","Satisfied","More than once per month","Yes",4,"Yes","No","No","No",,
"01-32-09-43","No","",,,,,,,,,,,,,"",,,"Yes",2,"Yes","No","No","No",,
"11-29-18-58","No","",,,,,,,,,,,,,"",,,"No",,,,,,,
"53-42-47-52","Yes","Impala conservancy","Yes","No","No","No","No","Yes","Very negative effect","Very negative effect","No",4,,"No","","Very dissatisfied","Less than once a month","Yes",1,"No","No","Yes","No",,
"01-17-72-49","Yes","Sobbe Conservancy","Yes","No","Yes","No","No","Yes","Positive effect","Positive effect","No",10,,"No","","Satisfied","Less than once a month","Yes",-888,"Yes","No","No","No",,
"40-86-48-02","Yes","Impalila Conservancy","Yes","No","No","No","No","Yes","Neutral (or no effect)","Neutral (or no effect)","No",2,,"No","","Satisfied","Less than once a month","No",,,,,,,
"67-11-34-32","Yes","Sobe Conservacy","Yes","No","No","No","No","Yes","Positive effect","Positive effect","Yes",1,1,"No","","dissatisfied","Less than once a month","No",,,,,,,
"47-85-49-06","Yes","Impalila Conservancy","Yes","No","No","No","No","Yes","Neutral (or no effect)","Neutral (or no effect)","No",0,,"No","","dissatisfied","Never","No",,,,,,,
"68-03-09-51","Yes","Impalila conservancy","Yes","No","No","No","No","Yes","Very negative effect","Very negative effect","No",3,,"No","","Very dissatisfied","Less than once a month","No",,,,,,,
"14-68-63-82","Yes","Impalila Conservancy","Yes","No","No","No","No","Yes","Neutral (or no effect)","Neutral (or no effect)","No",2,,"No","","Satisfied","Less than once a month","Yes",3,"No","Yes","No","No",,
"80-91-19-12","Yes","Sobe Conservacy","Yes","No","No","No","No","Yes","Positive effect","Positive effect","No",1,2,"No","","Satisfied","Less than once a month","No",,,,,,,
"25-98-38-14","Yes","Sobbe Conservancy","Yes","No","Yes","No","No","Yes","Very positive effect","Very positive effect","No",25,,"No","","Satisfied","Less than once a month","Yes",-888,"Yes","No","No","No",,
"50-33-61-65","Yes","Sobbe Conservancy","Yes","No","Yes","No","No","Yes","Positive effect","Positive effect","No",1,25,"No","","Satisfied","Less than once a month","No",,,,,,,
"88-90-25-85","Yes","sobbe","Yes","No","Yes","No","No","Yes","Neutral (or no effect)","Neutral (or no effect)","No",5,,"Yes","electricity","Satisfied","More than once per month","No",,,,,,,
"04-83-20-68","Yes","Impalila conservancy","Yes","No","No","No","No","Yes","Very negative effect","Very negative effect","No",1,15,"No","","Very dissatisfied","Less than once a month","No",,,,,,,
"09-59-67-21","Yes","Impalila Conservancy","Yes","No","No","No","No","Yes","Neutral (or no effect)","Neutral (or no effect)","No",2,,"No","","Satisfied","Never","No",,,,,,,
"35-03-03-59","No","",,,,,,,,,,,,,"",,,"No",,,,,,,
"10-50-64-24","Yes","Impalila Conservancy","Yes","No","No","No","No","No","Positive effect","Positive effect",,,,,"",,,"No",,,,,,,
"13-56-95-25","Yes","Impalila Conservancy","Yes","No","No","No","No","Yes","Neutral (or no effect)","Neutral (or no effect)","No",2,,"No","","Neither","Less than once a month","No",,,,,,,
"36-88-00-01","Yes","Kasika conservancy","Yes","No","No","No","No","Yes","Very negative effect","Very positive effect","No",2,,"No","","Very dissatisfied","More than once per month","No",,,,,,,
"63-25-21-02","Yes","Impalila conservancy","Yes","No","No","No","No","Yes","Positive effect","Positive effect","No",2,,"Yes","scholarships and during burials","Satisfied","Less than once a month","Yes",2,"Yes","Yes","Yes","No",,1500
"08-07-30-74","No","",,,,,,,,,,,,,"",,,"Yes",15,"Yes","No","No","No",,
"18-39-69-08","Yes","Impalila Conservancy","Yes","No","No","No","No","Yes","Very negative effect","Very negative effect","No",0,,"No","","dissatisfied","Never","Yes",8,"No","No","No","Yes",,
"97-46-11-48","No","",,,,,,,,,,,,,"",,,"Yes",4,"Yes","No","No","No",,
"12-85-99-43","Yes","sobbe conservancy","Yes","No","No","No","No","Yes","Negative effect","Neutral (or no effect)","No",2,,"No","","Satisfied","Less than once a month","Yes",2,"Yes","No","No","No",,
"55-14-49-61","Yes","impalila conservancy","Yes","No","No","No","No","No","Neutral (or no effect)","Neutral (or no effect)",,,,,"",,,"No",,,,,,,
"94-26-98-86","Yes","Impalila conservancy","Yes","No","Yes","No","No","Yes","Neutral (or no effect)","Neutral (or no effect)","No",1,10,"No","","dissatisfied","Never","No",,,,,,,
"32-96-01-37","Yes","Sobe Conservacy","Yes","No","No","No","No","Yes","Neutral (or no effect)","Positive effect","No",2,,"No","","Satisfied","More than once per month","Yes",1,"Yes","No","No","No",,
"41-92-38-71","Yes","SOBE","Yes","No","No","No","No","Yes","Positive effect","Positive effect","No",1,3,"No","","Satisfied","Less than once a month","Yes",10,"Yes","No","No","No",,
"43-40-50-14","Yes","SOBBE","Yes","No","No","No","No","Yes","Positive effect","Positive effect","No",1,3,"No","","Satisfied","More than once per month","Yes",2,"No","Yes","No","No",,3000
"33-52-73-44","Yes","SOBE","Yes","No","No","No","No","Yes","Positive effect","Positive effect","No",1,3,"No","","Very satisfied","More than once per month","No",,,,,,,
"17-65-44-15","Yes","Sombe conservancy","Yes","No","No","No","No","Yes","Very negative effect","Negative effect","No",1,2,"No","","Very dissatisfied","Less than once a month","Yes",4,"Yes","No","No","No",,
"77-00-14-73","Yes","Sobbe conservancy","Yes","No","No","No","No","Yes","Positive effect","Positive effect","No",2,,"Yes","They brought them electricity","Satisfied","More than once per month","Yes",5,"Yes","No","No","No",,
"78-98-94-60","Yes","impalila conservancy","Yes","No","No","No","No","Yes","Very negative effect","Very negative effect","No",0,,"No","","Satisfied","Less than once a month","No",,,,,,,
"50-51-12-24","No","",,,,,,,,,,,,,"",,,"No",,,,,,,
"45-72-98-81","Yes","Impalila Conservancy","Yes","No","No","No","No","No","Negative effect","Negative effect",,,,,"",,,"Yes",5,"Yes","No","No","No",,
"98-20-22-18","Yes","impalila conservancy","Yes","No","No","No","No","No","Very negative effect","Very negative effect",,,,,"",,,"No",,,,,,,
"12-87-62-64","No","",,,,,,,,,,,,,"",,,"No",,,,,,,
"02-24-60-64","No","",,,,,,,,,,,,,"",,,"No",,,,,,,
"35-93-85-84","Yes","impalila conservancy","Yes","No","No","No","No","Yes","Very positive effect","Very positive effect","No",0,,"No","","Satisfied","Less than once a month","No",,,,,,,
"25-08-98-52","Yes","impalila conservancy","Yes","No","No","No","No","Yes","Positive effect","Positive effect","No",0,,"No","","dissatisfied","Never","No",,,,,,,
"46-54-30-66","No","",,,,,,,,,,,,,"",,,"No",,,,,,,
"19-66-62-79","No","",,,,,,,,,,,,,"",,,"No",,,,,,,
"38-52-59-99","No","",,,,,,,,,,,,,"",,,"Yes",3,"Yes","No","No","No",,
"18-01-52-21","No","",,,,,,,,,,,,,"",,,"No",,,,,,,
"52-91-87-71","Yes","impalila conservancy","Yes","No","No","No","No","Yes","Very positive effect","Very positive effect","No",0,,"No","","Very dissatisfied","Less than once a month","Yes",1,"Yes","No","No","No",,
"86-58-98-12","Yes","Impalila conservancy","Yes","No","Yes","No","No","Yes","Neutral (or no effect)","Neutral (or no effect)","No",0,,"No","","Very dissatisfied","Less than once a month","No",,,,,,,
"18-53-78-30","No","",,,,,,,,,,,,,"",,,"No",,,,,,,
"21-70-10-93","Yes","Impalila Conservancy","Yes","No","No","No","No","Yes","Positive effect","Positive effect","No",0,,"No","","Neither","More than once per month","Yes",2,"No","Yes","No","No",,
"51-51-64-02","No","",,,,,,,,,,,,,"",,,"No",,,,,,,
"65-04-27-87","No","",,,,,,,,,,,,,"",,,"Yes",1,"Yes","No","No","No",,
"26-67-17-34","No","",,,,,,,,,,,,,"",,,"No",,,,,,,
"12-55-61-25","No","",,,,,,,,,,,,,"",,,"No",,,,,,,
"70-21-00-12","Yes","Impalila Conservancy","Yes","No","No","No","No","Yes","Positive effect","Positive effect","No",0,,"No","","Satisfied","Less than once a month","No",,,,,,,
"09-96-00-56","No","",,,,,,,,,,,,,"",,,"No",,,,,,,
"93-46-32-90","No","",,,,,,,,,,,,,"",,,"No",,,,,,,
"39-76-52-63","No","",,,,,,,,,,,,,"",,,"No",,,,,,,
"44-39-76-83","No","",,,,,,,,,,,,,"",,,"No",,,,,,,
"57-92-68-31","No","",,,,,,,,,,,,,"",,,"No",,,,,,,
"70-75-80-97","Yes","Kasika Conservancy","Yes","No","No","No","No","Yes","Neutral (or no effect)","Neutral (or no effect)","No",2,,"No","","Satisfied","More than once per month","No",,,,,,,
"37-91-43-52","Yes","Kasika Conservancy","Yes","No","No","No","No","Yes","Positive effect","Positive effect","No",2,,"Yes","supplying us with piped water","Satisfied","More than once per month","No",,,,,,,
"93-94-95-33","Yes","Kasika conservancy","Yes","No","Yes","No","No","No","Neutral (or no effect)","Neutral (or no effect)",,,,,"",,,"Yes",2,"No","No","Yes","No",,
"50-37-72-10","No","",,,,,,,,,,,,,"",,,"Yes",2,"Yes","No","No","No",,
"29-63-76-51","No","",,,,,,,,,,,,,"",,,"No",,,,,,,
"71-36-35-44","No","",,,,,,,,,,,,,"",,,"Yes",10,"Yes","No","No","No",,
"20-65-14-78","Yes","Kasika conservancy","Yes","No","No","No","No","Yes","Very positive effect","Very positive effect","No",2,,"No","","Very satisfied","Less than once a month","No",,,,,,,
"60-95-57-22","No","",,,,,,,,,,,,,"",,,"No",,,,,,,
"17-61-49-75","No","",,,,,,,,,,,,,"",,,"No",,,,,,,
"02-95-98-52","Yes","Kasika Conservancy","Yes","No","No","No","No","Yes","Negative effect","Negative effect","No",3,,"No","","dissatisfied","Less than once a month","Yes",2,"No","No","No","Yes",,
"77-54-37-57","No","",,,,,,,,,,,,,"",,,"Yes",15,"Yes","No","No","No",,
"49-81-42-49","Yes","kasika conservancy","Yes","No","No","No","No","Yes","Positive effect","Positive effect","No",0,,"No","","Satisfied","Less than once a month","No",,,,,,,
"07-97-99-00","No","",,,,,,,,,,,,,"",,,"No",,,,,,,
"61-38-38-57","No","",,,,,,,,,,,,,"",,,"Yes",6,"Yes","No","No","No",,
"80-45-81-35","No","",,,,,,,,,,,,,"",,,"Yes",2,"No","No","No","Yes",,
"47-70-03-35","Yes","kasika conservancy","Yes","No","No","No","No","Yes","Very positive effect","Very positive effect","No",3,,"No","","Very satisfied","Every day","No",,,,,,,
"73-01-72-24","No","",,,,,,,,,,,,,"",,,"No",,,,,,,
"70-18-85-80","No","",,,,,,,,,,,,,"",,,"Yes",1,"Yes","No","No","No",,
"59-96-51-48","No","",,,,,,,,,,,,,"",,,"No",,,,,,,
"47-24-68-80","No","",,,,,,,,,,,,,"",,,"Yes",10,"Yes","No","No","No",,
"98-95-69-34","No","",,,,,,,,,,,,,"",,,"No",,,,,,,
"94-61-58-26","No","",,,,,,,,,,,,,"",,,"No",,,,,,,
"84-70-48-38","No","",,,,,,,,,,,,,"",,,"No",,,,,,,
"46-07-52-30","No","",,,,,,,,,,,,,"",,,"No",,,,,,,
"65-50-88-07","No","",,,,,,,,,,,,,"",,,"Yes",3,"Yes","No","No","No",,
"05-43-02-62","No","",,,,,,,,,,,,,"",,,"Yes",20,"Yes","No","No","No",,
"83-84-84-67","No","",,,,,,,,,,,,,"",,,"Yes",10,"Yes","No","No","No",,
"16-35-19-29","No","",,,,,,,,,,,,,"",,,"No",,,,,,,
"83-90-14-37","No","",,,,,,,,,,,,,"",,,"Yes",2,"Yes","No","No","No",,
"56-16-94-47","No","",,,,,,,,,,,,,"",,,"No",,,,,,,
"16-24-71-47","No","",,,,,,,,,,,,,"",,,"No",,,,,,,
"22-33-09-47","No","",,,,,,,,,,,,,"",,,"Yes",15,"No","No","No","Yes",,
"89-17-95-50","No","",,,,,,,,,,,,,"",,,"Yes",1,"Yes","No","No","No",,
"71-12-87-82","Yes","Impalila Conservancy","Yes","No","No","No","No","Yes","Neutral (or no effect)","Neutral (or no effect)","No",2,,"No","","Satisfied","Less than once a month","No",,,,,,,
"93-78-86-25","Yes","kasika conservancy","Yes","No","No","No","No","Yes","Negative effect","Negative effect","No",1,5,"No","","Satisfied","Never","Yes",1,"No","Yes","No","No",,
"34-03-26-96","No","",,,,,,,,,,,,,"",,,"No",,,,,,,
"83-62-75-30","Yes","Kasika Conservancy","Yes","No","No","No","No","Yes","Positive effect","Positive effect","No",2,,"Yes","Supply us with piped water","Satisfied","More than once per month","No",,,,,,,
"39-30-68-16","Yes","kasika conservancy","Yes","No","Yes","No","No","No","Neutral (or no effect)","Neutral (or no effect)",,,,,"",,,"No",,,,,,,
"25-67-10-82","No","",,,,,,,,,,,,,"",,,"No",,,,,,,
"87-90-13-56","No","",,,,,,,,,,,,,"",,,"No",,,,,,,
"38-81-07-74","No","",,,,,,,,,,,,,"",,,"No",,,,,,,
"29-17-63-12","Yes","Impalila Conservancy","Yes","No","No","No","No","Yes","Negative effect","Negative effect","No",4,,"No","","Satisfied","Less than once a month","No",,,,,,,
"09-87-36-18","No","",,,,,,,,,,,,,"",,,"No",,,,,,,
"37-47-43-04","No","",,,,,,,,,,,,,"",,,"Yes",4,"Yes","No","No","No",,
"19-94-92-45","No","",,,,,,,,,,,,,"",,,"No",,,,,,,
"01-51-77-20","No","",,,,,,,,,,,,,"",,,"No",,,,,,,
"14-21-66-73","No","",,,,,,,,,,,,,"",,,"No",,,,,,,
"10-12-38-23","No","",,,,,,,,,,,,,"",,,"No",,,,,,,
"06-71-23-79","No","",,,,,,,,,,,,,"",,,"No",,,,,,,
"09-86-92-43","No","",,,,,,,,,,,,,"",,,"No",,,,,,,
"65-52-71-81","No","",,,,,,,,,,,,,"",,,"No",,,,,,,
"88-09-14-40","No","",,,,,,,,,,,,,"",,,"Yes",3,"Yes","No","No","No",,
"51-32-55-02","No","",,,,,,,,,,,,,"",,,"No",,,,,,,
"25-85-18-57","No","",,,,,,,,,,,,,"",,,"No",,,,,,,
"08-01-73-79","No","",,,,,,,,,,,,,"",,,"Yes",4,"Yes","No","No","No",,
"30-31-42-54","No","",,,,,,,,,,,,,"",,,"No",,,,,,,
"59-41-41-82","No","",,,,,,,,,,,,,"",,,"No",,,,,,,
"86-80-66-75","No","",,,,,,,,,,,,,"",,,"Yes",2,"Yes","No","No","No",,
"36-82-19-46","No","",,,,,,,,,,,,,"",,,"No",,,,,,,
"87-16-84-48","No","",,,,,,,,,,,,,"",,,"Yes",3,"Yes","No","No","No",,
"85-15-56-74","No","",,,,,,,,,,,,,"",,,"Yes",3,"Yes","No","No","No",,
"99-52-45-97","No","",,,,,,,,,,,,,"",,,"Yes",4,"Yes","No","Yes","No",,
"22-42-05-31","No","",,,,,,,,,,,,,"",,,"No",,,,,,,
"17-88-76-49","No","",,,,,,,,,,,,,"",,,"No",,,,,,,
"95-93-26-61","No","",,,,,,,,,,,,,"",,,"Yes",1,"Yes","No","No","No",,
"66-25-20-13","No","",,,,,,,,,,,,,"",,,"Yes",8,"Yes","No","No","No",,
"56-49-46-49","No","",,,,,,,,,,,,,"",,,"No",,,,,,,
"00-63-35-41","No","",,,,,,,,,,,,,"",,,"No",,,,,,,
"35-73-88-21","No","",,,,,,,,,,,,,"",,,"No",,,,,,,
"90-22-40-74","Yes","Salambala conservancy","Yes","No","No","No","No","Yes","Negative effect","Negative effect","No",1,1,"No","","Very dissatisfied","Less than once a month","No",,,,,,,
"71-58-33-81","No","",,,,,,,,,,,,,"",,,"No",,,,,,,
"85-67-71-58","No","",,,,,,,,,,,,,"",,,"Yes",3,"Yes","No","No","No",,
"01-61-71-69","No","",,,,,,,,,,,,,"",,,"No",,,,,,,
"75-50-19-75","No","",,,,,,,,,,,,,"",,,"No",,,,,,,
"89-26-96-48","No","",,,,,,,,,,,,,"",,,"Yes",5,"Yes","No","No","No",,
"73-20-13-57","No","",,,,,,,,,,,,,"",,,"No",,,,,,,
"55-53-09-17","Yes","Salambala conservancy","Yes","No","No","No","No","Yes","Neutral (or no effect)","Neutral (or no effect)","No",0,,"No","","Very dissatisfied","Never","No",,,,,,,
"16-20-70-88","No","",,,,,,,,,,,,,"",,,"No",,,,,,,
"14-74-46-71","Yes","salambala conservancy","Yes","No","No","No","No","Yes","Very positive effect","Very positive effect","No",0,,"No","","Very satisfied","Less than once a month","No",,,,,,,
"15-43-32-03","Yes","salambala conservancy","Yes","No","No","No","No","No","Positive effect","Positive effect",,,,,"",,,"No",,,,,,,
"62-79-94-11","Yes","salambala conservancy","Yes","No","No","No","No","Yes","Very negative effect","Very negative effect","No",0,,"No","","Very dissatisfied","Never","Yes",2,"Yes","No","No","No",,
"74-11-35-62","No","",,,,,,,,,,,,,"",,,"No",,,,,,,
"07-05-49-00","Yes","Salambala conservancy","Yes","No","No","No","No","No","Very positive effect","Very positive effect",,,,,"",,,"Yes",2,"Yes","No","No","No",,700
"12-21-07-33","No","",,,,,,,,,,,,,"",,,"Yes",10,"Yes","No","Yes","No",,
"23-59-76-04","No","",,,,,,,,,,,,,"",,,"No",,,,,,,
"93-87-90-66","No","",,,,,,,,,,,,,"",,,"Yes",10,"Yes","No","Yes","No",,
"16-34-09-13","No","",,,,,,,,,,,,,"",,,"Yes",2,"Yes","Yes","No","No",,
"85-82-50-77","No","",,,,,,,,,,,,,"",,,"Yes",3,"Yes","No","No","No",,
"89-27-41-66","No","",,,,,,,,,,,,,"",,,"Yes",5,"Yes","No","No","No",,
"22-81-16-32","Yes","salambala conservancy","Yes","No","No","No","No","No","Very positive effect","Very positive effect",,,,,"",,,"No",,,,,,,
"54-44-06-88","No","",,,,,,,,,,,,,"",,,"No",,,,,,,
"47-49-80-52","No","",,,,,,,,,,,,,"",,,"No",,,,,,,
"93-73-35-44","No","",,,,,,,,,,,,,"",,,"Yes",2,"Yes","No","No","No",,
"08-77-46-38","No","",,,,,,,,,,,,,"",,,"No",,,,,,,
"85-57-73-17","Yes","salambala conservancy","Yes","No","No","No","No","Yes","Negative effect","Negative effect","No",0,,"No","","dissatisfied","Less than once a month","No",,,,,,,
"48-05-99-35","No","",,,,,,,,,,,,,"",,,"No",,,,,,,
"67-13-56-73","No","",,,,,,,,,,,,,"",,,"No",,,,,,,
"97-33-85-90","Yes","Salambala Conservancy","Yes","No","No","No","No","Yes","Neutral (or no effect)","Neutral (or no effect)","No",1,2,"No","","Satisfied","Less than once a month","No",,,,,,,
"10-54-97-94","No","",,,,,,,,,,,,,"",,,"Yes",30,"Yes","No","No","No",,
"50-35-50-04","No","",,,,,,,,,,,,,"",,,"No",,,,,,,
"62-96-39-45","No","",,,,,,,,,,,,,"",,,"Yes",4,"Yes","No","No","No",,
"44-55-26-98","Yes","salambala conservancy","Yes","No","No","No","No","No","Positive effect","Positive effect",,,,,"",,,"No",,,,,,,
"93-47-96-78","No","",,,,,,,,,,,,,"",,,"No",,,,,,,
"18-43-28-32","No","",,,,,,,,,,,,,"",,,"No",,,,,,,
"37-21-15-22","Yes","Salambala conservancy","Yes","No","No","No","No","No","Very negative effect","Very negative effect",,,,,"",,,"No",,,,,,,
"87-15-89-67","Yes","Salambala conservancy","Yes","No","No","No","No","Yes","Positive effect","Positive effect","No",1,2,"Yes","built a market for us","Satisfied","More than once per month","No",,,,,,,
"79-26-09-22","No","",,,,,,,,,,,,,"",,,"Yes",1,"No","No","Yes","No",,
"75-05-90-14","No","",,,,,,,,,,,,,"",,,"No",,,,,,,
"24-85-21-24","No","",,,,,,,,,,,,,"",,,"No",,,,,,,
"91-48-78-65","Yes","Salamabala Conservacy","Yes","No","No","No","No","Yes","Positive effect","Positive effect","Yes",1,2,"Yes","They built an open market","dissatisfied","More than once per month","No",,,,,,,
"32-52-77-66","No","",,,,,,,,,,,,,"",,,"No",,,,,,,
"26-89-84-58","No","",,,,,,,,,,,,,"",,,"No",,,,,,,
"59-38-71-66","No","",,,,,,,,,,,,,"",,,"No",,,,,,,
"02-07-52-84","Yes","Salambala conservancy","Yes","No","No","No","No","No","Neutral (or no effect)","Neutral (or no effect)",,,,,"",,,"No",,,,,,,
"77-80-39-86","Yes","Salambala Conservancy","Yes","No","Yes","No","Yes","Yes","Neutral (or no effect)","Neutral (or no effect)","No",0,,"No","","Very dissatisfied","More than once per month","No",,,,,,,
"72-51-39-42","Yes","salambala","Yes","No","No","No","No","No","Positive effect","Positive effect",,,,,"",,,"No",,,,,,,
"87-64-80-93","Yes","Kwandu Conservancy","Yes","No","No","No","No","Yes","Neutral (or no effect)","Neutral (or no effect)","No",0,,"No","","Satisfied","More than once per month","No",,,,,,,
"36-99-07-56","No","",,,,,,,,,,,,,"",,,"No",,,,,,,
"75-89-92-79","Yes","salambala","Yes","No","No","No","No","No","Positive effect","Positive effect",,,,,"",,,"No",,,,,,,
"44-34-32-32","No","",,,,,,,,,,,,,"",,,"Yes",4,"Yes","No","No","No",,
"53-52-93-15","Yes","Salambala conservancy","Yes","No","No","No","No","Yes","Negative effect","Negative effect","No",1,3,"No","","Very dissatisfied","Less than once a month","No",,,,,,,
"58-35-74-86","No","",,,,,,,,,,,,,"",,,"No",,,,,,,
"23-82-30-50","No","",,,,,,,,,,,,,"",,,"Yes",2,"Yes","No","Yes","No",,
"76-76-95-07","Yes","salambala","Yes","No","No","No","No","No","Negative effect","Negative effect",,,,,"",,,"No",,,,,,,
"69-18-54-45","No","",,,,,,,,,,,,,"",,,"No",,,,,,,
"99-14-10-16","Yes","Salamabala Conservacy","Yes","No","No","No","No","No","Neutral (or no effect)","Neutral (or no effect)",,,,,"",,,"No",,,,,,,
"55-02-31-58","No","",,,,,,,,,,,,,"",,,"No",,,,,,,
"55-65-32-92","No","",,,,,,,,,,,,,"",,,"No",,,,,,,
"66-00-67-40","No","",,,,,,,,,,,,,"",,,"Yes",3,"Yes","No","No","No",,
"41-51-06-54","No","",,,,,,,,,,,,,"",,,"No",,,,,,,
"07-18-54-62","Yes","Salambala conservancy","Yes","No","No","No","No","Yes","Positive effect","Positive effect","No",1,2,"Yes","built a market for us","Satisfied","More than once per month","No",,,,,,,
"73-70-79-76","Yes","Salamabala Conservacy","Yes","No","No","No","No","No","Neutral (or no effect)","Neutral (or no effect)",,,,,"",,,"No",,,,,,,
"40-83-72-17","Yes","Sambala Conservancy","Yes","No","Yes","No","No","No","Positive effect","Positive effect",,,,,"",,,"No",,,,,,,
"23-74-18-51","No","",,,,,,,,,,,,,"",,,"No",,,,,,,
"18-88-43-52","No","",,,,,,,,,,,,,"",,,"No",,,,,,,
"72-37-85-07","No","",,,,,,,,,,,,,"",,,"No",,,,,,,
"84-90-52-18","Yes","Salambala conservancy","Yes","No","No","No","No","Yes","Negative effect","Negative effect","No",4,,"No","","Very dissatisfied","Less than once a month","No",,,,,,,
"94-23-16-05","Yes","Salambala conservancy","Yes","No","No","No","No","No","Positive effect","Positive effect",,,,,"",,,"No",,,,,,,
"52-32-19-59","No","",,,,,,,,,,,,,"",,,"Yes",50,"Yes","No","No","No",,
"99-83-95-63","Yes","kwandu","Yes","No","Yes","No","No","Yes","Neutral (or no effect)","Negative effect","No",0,,"No","","Very dissatisfied","Less than once a month","Yes",2,"No","Yes","No","No",,
"46-29-66-50","No","",,,,,,,,,,,,,"",,,"Yes",2,"Yes","No","No","No",,
"82-09-67-93","No","",,,,,,,,,,,,,"",,,"No",,,,,,,
"53-00-44-01","No","",,,,,,,,,,,,,"",,,"Yes",4,"Yes","No","No","No",,
"34-98-47-22","Yes","Salambala conservancy","Yes","No","No","No","No","No","Very negative effect","Very negative effect",,,,,"",,,"No",,,,,,,
"78-72-01-35","Yes","Impalila conservancy","No","No","Yes","No","No","Yes","Neutral (or no effect)","Neutral (or no effect)","No",1,1,"No","","Very dissatisfied","Less than once a month","No",,,,,,,
"04-97-48-20","Yes","Balyerwa Conservancy","Yes","No","No","No","No","Yes","Neutral (or no effect)","Neutral (or no effect)","No",0,,"No","","dissatisfied","Less than once a month","No",,,,,,,
"99-10-52-87","Yes","Salqmbala","Yes","No","No","No","No","Yes","Positive effect","Positive effect","No",0,,"No","","Neither","Less than once a month","No",,,,,,,
"92-62-56-72","Yes","kwandu conservancy","Yes","No","Yes","No","No","Yes","Neutral (or no effect)","Neutral (or no effect)","No",0,,"No","","dissatisfied","Never","Yes",4,"Yes","No","No","No",,
"39-32-10-47","Yes","Balyerwa Conservancy","Yes","No","No","No","No","Yes","Neutral (or no effect)","Neutral (or no effect)","No",2,,"No","","Satisfied","More than once per month","Yes",3,"No","Yes","No","No",,
"25-20-66-75","Yes","kwandu","Yes","No","No","No","No","Yes","Positive effect","Positive effect","Yes",4,,"Yes","should benefits for children","Very satisfied","More than once per month","Yes",3,"Yes","Yes","No","No",,
"98-95-69-84","No","",,,,,,,,,,,,,"",,,"Yes",30,"No","No","No","Yes",,
"18-35-44-26","Yes","Salambala","Yes","No","No","No","No","Yes","Negative effect","Negative effect","No",0,,"No","","dissatisfied","Less than once a month","No",,,,,,,
"59-94-58-22","Yes","Kwandu Conservancy","Yes","No","Yes","No","No","Yes","Very negative effect","Very negative effect","No",0,,"No","","Very dissatisfied","Less than once a month","Yes",3,"Yes","No","No","No",,
"40-32-33-96","Yes","Salambala conservancy","Yes","No","No","No","No","No","Positive effect","Positive effect",,,,,"",,,"No",,,,,,,
"18-30-46-42","Yes","Balyelwa Conservation","Yes","No","No","No","No","Yes","Neutral (or no effect)","Neutral (or no effect)","No",0,,"No","","dissatisfied","Never","Yes",3,"Yes","No","No","No",,
"42-15-88-64","Yes","Kasika conservancy","Yes","No","Yes","No","No","Yes","Positive effect","Positive effect","No",1,1,"No","","Neither","Less than once a month","No",,,,,,,
"19-83-07-46","Yes","Barerwa conservancy","Yes","No","No","No","No","Yes","Very negative effect","Very negative effect","No",5,,"No","","Very satisfied","Less than once a month","Yes",2,"No","No","Yes","No",,
"16-76-24-92","Yes","Mayuni conservancy","Yes","No","No","No","No","Yes","Very negative effect","Neutral (or no effect)","No",2,,"No","","Satisfied","Less than once a month","No",,,,,,,
"16-98-25-56","Yes","Balelwa Conservancy","Yes","No","Yes","No","No","Yes","Very negative effect","Very negative effect","No",0,,"No","","Very dissatisfied","More than once per month","Yes",3,"Yes","No","No","No",,2000
"08-81-97-68","Yes","Salambala conservancy","Yes","No","No","No","No","Yes","Negative effect","Negative effect","No",1,1,"No","","Very dissatisfied","Less than once a month","No",,,,,,,
"90-75-59-18","Yes","Kwandu Conservacy","Yes","No","No","No","No","No","Neutral (or no effect)","Neutral (or no effect)",,,,,"",,,"No",,,,,,,
"01-70-02-35","Yes","Salambala conservancy","Yes","No","No","No","No","Yes","Very negative effect","Very negative effect","No",0,,"No","","Very dissatisfied","Less than once a month","Yes",5,"Yes","No","No","No",,
"23-94-09-23","Yes","Salambala conservancy","Yes","No","No","No","No","No","Very negative effect","Very negative effect",,,,,"",,,"No",,,,,,,
"08-72-61-50","No","",,,,,,,,,,,,,"",,,"No",,,,,,,
"83-59-21-47","Yes","Balyelwa Conservation","Yes","No","No","No","No","Yes","Negative effect","Negative effect","No",0,,"No","","dissatisfied","Less than once a month","No",,,,,,,
"78-07-95-11","Yes","Mashi Conservancy","Yes","No","No","No","No","Yes","Neutral (or no effect)","Neutral (or no effect)","No",1,2,"No","","Satisfied","Less than once a month","No",,,,,,,
"70-58-67-82","Yes","Salambala conservancy","Yes","No","No","No","No","No","Positive effect","Positive effect",,,,,"",,,"No",,,,,,,
"47-04-86-67","No","",,,,,,,,,,,,,"",,,"No",,,,,,,
"92-02-45-21","Yes","Mayuni conservancy","Yes","No","No","No","No","Yes","Negative effect","Negative effect","No",2,,"No","","Satisfied","Less than once a month","No",,,,,,,
"88-75-68-17","Yes","salambala","Yes","No","Yes","No","No","No","Neutral (or no effect)","Neutral (or no effect)",,,,,"",,,"Yes",2,"No","Yes","No","No",,
"24-82-46-82","No","",,,,,,,,,,,,,"",,,"Yes",4,"Yes","Yes","No","No",,
"21-42-97-88","Yes","Balyerwa Conservacy","Yes","No","No","No","No","Yes","Negative effect","Negative effect","No",0,,"No","","Very dissatisfied","Less than once a month","Yes",1,"Yes","No","No","No",,
"87-09-20-52","Yes","salambala","Yes","No","Yes","No","No","No","Neutral (or no effect)","Negative effect",,,,,"",,,"No",,,,,,,
"68-10-75-89","Yes","balyelwa Conservation","Yes","No","No","No","No","Yes","Negative effect","Negative effect","No",2,,"No","","Neither","More than once per month","No",,,,,,,
"43-52-85-97","Yes","Kwandu Conservancy","Yes","No","No","No","No","No","Very negative effect","Very negative effect",,,,,"",,,"No",,,,,,,
"00-31-45-58","Yes","balyerwa","Yes","No","No","No","No","Yes","Negative effect","Negative effect","No",3,,"No","","dissatisfied","Less than once a month","No",,,,,,,
"89-47-55-13","Yes","balelwa","Yes","No","Yes","No","No","Yes","Neutral (or no effect)","Neutral (or no effect)","No",0,,"No","","Neither","Never","No",,,,,,,
"86-75-09-05","No","",,,,,,,,,,,,,"",,,"No",,,,,,,
"70-15-38-18","Yes","Balelwa Conservancy","Yes","No","Yes","No","No","Yes","Very negative effect","Very negative effect","No",0,,"No","","Very dissatisfied","More than once per month","Yes",6,"Yes","No","No","No",,
"13-43-56-11","Yes","Salambala conservancy","Yes","No","No","No","No","Yes","Neutral (or no effect)","Neutral (or no effect)","No",1,5,"No","","Very dissatisfied","Less than once a month","No",,,,,,,
"41-78-59-34","Yes","Balyelwa Conservation","Yes","No","No","No","No","Yes","Negative effect","Negative effect","No",1,2,"No","","dissatisfied","More than once per month","Yes",12,"Yes","No","No","No",,
"76-42-64-83","Yes","Balyelwa Conservation","Yes","No","No","No","No","Yes","Positive effect","Positive effect","No",0,,"No","","Satisfied","Less than once a month","No",,,,,,,
"60-08-55-10","Yes","Salambala","Yes","No","No","No","No","Yes","Negative effect","Negative effect","No",0,,"No","","dissatisfied","Less than once a month","No",,,,,,,
"09-76-96-87","Yes","Balyelwa Conservation","Yes","No","No","No","No","Yes","Negative effect","Negative effect","No",4,,"No","","Satisfied","More than once per month","No",,,,,,,
"24-13-90-91","Yes","Salambala Conservancy","Yes","No","Yes","Yes","No","Yes","Very negative effect","Very negative effect","Yes",0,,"No","","Very dissatisfied","More than once per month","No",,,,,,,
"79-64-90-22","Yes","Salambala conservancy","Yes","No","No","No","No","Yes","Very negative effect","Neutral (or no effect)","No",0,,"No","","Very dissatisfied","Never","Yes",20,"Yes","No","No","No",,
"88-15-47-53","Yes","Salambala conservancy","Yes","No","No","No","No","No","Neutral (or no effect)","Neutral (or no effect)",,,,,"",,,"Yes",20,"No","No","No","Yes",,
"74-17-56-50","No","",,,,,,,,,,,,,"",,,"No",,,,,,,
"65-73-74-13","Yes","balyerwa","Yes","No","Yes","No","No","Yes","Negative effect","Negative effect","No",5,,"No","","dissatisfied","Less than once a month","No",,,,,,,
"78-26-64-75","Yes","salambala conservancy","Yes","No","No","No","No","No","Positive effect","Positive effect",,,,,"",,,"No",,,,,,,
"57-56-64-78","Yes","kwandu Conservancy","Yes","No","No","No","No","Yes","Very negative effect","Very negative effect","No",0,,"No","","Very dissatisfied","Less than once a month","No",,,,,,,
"79-27-11-92","Yes","Salambala conservancy","Yes","No","No","No","No","Yes","Very negative effect","Very negative effect","No",0,,"No","","Very dissatisfied","Less than once a month","No",,,,,,,
"01-06-16-47","Yes","Kwandu Conservacy","Yes","No","No","Yes","No","No","Very negative effect","Negative effect",,,,,"",,,"Yes",2,"Yes","No","No","No",,
"80-39-36-38","Yes","Kwandu Conservancy","Yes","No","No","No","No","Yes","Neutral (or no effect)","Neutral (or no effect)","No",0,,"Yes","Meat","Satisfied","More than once per month","No",,,,,,,
"96-17-52-94","Yes","Lusese Conservacy","Yes","No","No","No","No","Yes","Negative effect","Negative effect","No",0,,"No","","Satisfied","More than once per month","No",,,,,,,
"67-51-54-29","Yes","Mashi Conservancy","Yes","No","No","No","No","No","Neutral (or no effect)","Neutral (or no effect)",,,,,"",,,"No",,,,,,,
"94-25-30-28","Yes","Balyerwa Conservancy","Yes","No","No","No","No","Yes","Neutral (or no effect)","Neutral (or no effect)","No",3,,"No","","Satisfied","Less than once a month","No",,,,,,,
"99-05-99-45","No","",,,,,,,,,,,,,"",,,"No",,,,,,,
"55-49-77-29","Yes","Mayuni","Yes","No","No","No","No","Yes","Positive effect","Positive effect","Yes",10,,"No","","Satisfied","Less than once a month","Yes",3,"Yes","No","No","No",,
"59-94-70-54","Yes","Nakabolelwa Conservancy","Yes","No","No","No","No","Yes","Very negative effect","Positive effect","No",3,,"Yes","They are currently putting power in our village","Very satisfied","Less than once a month","No",,,,,,,
"18-48-78-90","Yes","Nakabolelwa Conservancy","Yes","No","No","No","No","Yes","Negative effect","Negative effect","No",10,,"No","","Satisfied","Less than once a month","No",,,,,,,
"91-78-23-71","Yes","Kwandu Conservancy","Yes","No","No","No","No","No","Very negative effect","Very negative effect",,,,,"",,,"Yes",6,"Yes","No","Yes","No",,
"79-02-43-99","Yes","Nakabolelwa Conservancy","Yes","No","No","No","No","Yes","Neutral (or no effect)","Neutral (or no effect)","No",2,,"No","","Satisfied","Less than once a month","Yes",4,"No","Yes","No","No",,1500
"05-99-22-70","Yes","mashi","Yes","No","No","No","No","Yes","Neutral (or no effect)","Neutral (or no effect)","No",0,,"No","","Neither","Never","Yes",10,"Yes","No","No","No",,
"19-70-78-40","Yes","Mashi Conservancy","Yes","No","No","No","No","Yes","Neutral (or no effect)","Neutral (or no effect)","No",0,,"No","","Satisfied","Less than once a month","Yes",1,"No","Yes","No","No",,3000
"24-76-11-61","Yes","Lusese Conservancy","Yes","No","No","No","No","Yes","Positive effect","Positive effect","No",1,5,"No","","Neither","Less than once a month","Yes",2,"Yes","No","No","No",,
"01-56-68-49","Yes","Mayuni conservancy","Yes","No","No","No","No","Yes","Negative effect","Negative effect","Yes",1,2,"No","","Satisfied","Less than once a month","No",,,,,,,
"48-81-58-75","Yes","Balelo Conservancy","Yes","No","Yes","No","No","Yes","Very negative effect","Very negative effect","No",1,5,"No","","Very dissatisfied","More than once per month","Yes",6,"Yes","No","No","No",,
"88-17-46-63","No","",,,,,,,,,,,,,"",,,"No",,,,,,,
"64-24-89-62","Yes","salambala","Yes","No","Yes","No","No","Yes","Negative effect","Neutral (or no effect)","No",0,,"No","","Neither","Never","No",,,,,,,
"79-97-16-20","Yes","Mashi Conservancy","Yes","No","No","No","No","Yes","Negative effect","Negative effect","No",1,50,"No","","dissatisfied","More than once per month","No",,,,,,,
"22-78-59-76","Yes","balelwa","Yes","No","Yes","No","No","Yes","Neutral (or no effect)","Neutral (or no effect)","No",0,,"No","","dissatisfied","Never","Yes",3,"No","Yes","No","No",,
"68-66-94-81","Yes","Mayuni Conservacy","Yes","No","No","No","No","Yes","Positive effect","Positive effect","Yes",1,1,"No","","Satisfied","Less than once a month","No",,,,,,,
"55-05-77-24","Yes","Balyerwa conservancy","Yes","No","No","No","No","Yes","Positive effect","Positive effect","No",3,,"No","","Satisfied","Less than once a month","No",,,,,,,
"96-11-62-92","Yes","Salambala","Yes","No","Yes","No","No","Yes","Positive effect","Neutral (or no effect)","No",0,,"Yes","Water tanks","Satisfied","Less than once a month","Yes",2,"No","Yes","No","No",,
"78-34-55-08","Yes","Nakabolelwa Conservancy","Yes","No","No","No","No","Yes","Neutral (or no effect)","Neutral (or no effect)","No",2,,"Yes","Electricty Supply","Satisfied","More than once per month","No",,,,,,,
"62-52-92-33","Yes","Kwandu Conservancy","Yes","No","No","No","No","Yes","Neutral (or no effect)","Neutral (or no effect)","No",0,,"No","","dissatisfied","Less than once a month","Yes",1,"Yes","No","No","No",,
"11-84-22-34","Yes","Mayuni Conservacy","Yes","No","Yes","No","No","Yes","Negative effect","Negative effect","No",1,1,"No","","dissatisfied","Less than once a month","Yes",2,"Yes","No","No","No",,
"75-25-19-33","Yes","mashi conservancy","Yes","No","No","No","No","Yes","Very positive effect","Very positive effect","No",2,,"No","","Very satisfied","Less than once a month","No",,,,,,,
"25-28-42-89","Yes","Kwandu Conservancy","Yes","No","No","No","No","Yes","Very negative effect","Very negative effect","No",0,,"No","","Very dissatisfied","More than once per month","No",,,,,,,
"17-22-63-49","Yes","Balelwa","Yes","No","No","No","No","No","Neutral (or no effect)","Neutral (or no effect)",,,,,"",,,"No",,,,,,,
"75-11-04-39","Yes","balyerwa conservancy","Yes","No","No","No","No","Yes","Negative effect","Negative effect","No",1,2,"No","","Satisfied","Less than once a month","Yes",3,"Yes","No","No","No",,
"42-13-72-77","Yes","Mashi Conservancy","Yes","No","No","No","No","Yes","Positive effect","Positive effect","No",1,2,"No","","Neither","Never","Yes",6,"Yes","No","No","No",,
"22-71-31-86","Yes","Mashi conservancy","Yes","No","No","No","No","Yes","Positive effect","Positive effect","No",5,,"No","","Satisfied","More than once per month","Yes",2,"Yes","No","No","No",,
"72-79-67-76","Yes","Kwandu Conservancy","Yes","No","No","No","No","Yes","Neutral (or no effect)","Neutral (or no effect)","No",0,,"Yes","Compensation","Neither","More than once per month","Yes",3,"Yes","No","No","No",,1500
"55-61-00-58","Yes","Salambala","Yes","No","No","No","No","Yes","Positive effect","Positive effect","No",1,10,"No","","Satisfied","Less than once a month","No",,,,,,,
"83-84-11-33","Yes","Mbalyera","Yes","No","No","No","No","Yes","Negative effect","Neutral (or no effect)","No",0,,"No","","Very dissatisfied","Less than once a month","No",,,,,,,
"57-06-39-78","Yes","Balyerwa","Yes","No","No","No","No","Yes","Positive effect","Positive effect","No",1,2,"No","","dissatisfied","More than once per month","Yes",3,"Yes","No","No","No",,
"28-44-47-60","Yes","b","Yes","No","Yes","No","No","Yes","Negative effect","Negative effect","No",1,5,"No","","Neither","Less than once a month","Yes",1,"Yes","No","No","No",,
"99-83-86-30","Yes","Salambala","Yes","No","No","No","No","Yes","Positive effect","Positive effect","No",0,,"No","","Neither","Never","No",,,,,,,
"95-87-87-82","Yes","mbalyerwa","Yes","No","No","No","No","Yes","Very negative effect","Very negative effect","No",0,,"No","","Very dissatisfied","Less than once a month","Yes",5,"Yes","No","Yes","No",,
"51-10-14-61","Yes","Salambala Conservancy","Yes","No","Yes","No","No","No","Positive effect","Positive effect",,,,,"",,,"No",,,,,,,
"38-80-77-22","Yes","mashi conservancy","Yes","No","No","No","No","Yes","Very positive effect","Very positive effect","No",1,1,"No","","Very satisfied","Never","No",,,,,,,
"32-85-49-35","Yes","Mayuni Conservacy","No","No","Yes","No","No","Yes","Negative effect","Negative effect","No",0,,"No","","dissatisfied","Never","No",,,,,,,
"67-57-93-16","Yes","mayuni","Yes","No","Yes","No","No","No","Negative effect","Negative effect",,,,,"",,,"Yes",3,"Yes","No","No","No",,
"66-09-29-33","No","",,,,,,,,,,,,,"",,,"No",,,,,,,
"88-76-61-78","Yes","Salambala Conservancy","Yes","No","No","No","No","Yes","Neutral (or no effect)","Neutral (or no effect)","No",2,,"Yes","Bought for us water pipes","Satisfied","Less than once a month","No",,,,,,,
"45-30-93-43","Yes","Mashi conservancy","Yes","No","No","No","No","Yes","Very positive effect","Positive effect","No",7,,"No","","Very satisfied","Less than once a month","Yes",1,"Yes","No","No","No",,
"39-72-47-05","Yes","Balyerwa","Yes","No","No","No","No","Yes","Positive effect","Positive effect","Yes",1,5,"No","","Satisfied","Less than once a month","No",,,,,,,
"91-78-19-91","Yes","Mashi conservancy","Yes","No","No","No","No","Yes","Very negative effect","Very negative effect","No",7,,"No","","Very dissatisfied","More than once per month","Yes",2,"Yes","No","No","No",,
"80-88-34-81","Yes","Impalila conservancy","Yes","No","Yes","No","No","Yes","Neutral (or no effect)","Neutral (or no effect)","No",1,1,"No","","dissatisfied","Less than once a month","No",,,,,,,
"00-93-28-41","Yes","Mashi Conservancy","Yes","No","No","No","No","Yes","Neutral (or no effect)","Neutral (or no effect)","No",1,2,"No","","Satisfied","Less than once a month","No",,,,,,,
"15-34-12-49","Yes","Balerwa conservancy","Yes","No","No","No","No","Yes","Very negative effect","Very negative effect","No",6,,"No","","Very dissatisfied","Less than once a month","Yes",4,"Yes","No","No","No",,
"57-48-46-10","Yes","Balyerwa Conservacy","Yes","No","No","No","No","Yes","Negative effect","Negative effect","No",0,,"No","","dissatisfied","Less than once a month","Yes",8,"Yes","Yes","No","No",,
"17-87-43-63","Yes","Lusese conservancy","Yes","No","No","No","No","Yes","Negative effect","Negative effect","No",3,,"No","","Satisfied","Less than once a month","No",,,,,,,
"11-23-87-11","Yes","Lusese Conservancy","Yes","No","Yes","Yes","No","Yes","Very positive effect","Very positive effect","No",3,,"No","","Very satisfied","More than once per month","No",,,,,,,
"33-90-70-88","Yes","mayuni","Yes","No","No","No","No","Yes","Negative effect","Negative effect","No",0,,"No","","dissatisfied","Never","No",,,,,,,
"42-88-20-46","Yes","Nakabolelwa Conservancy","Yes","No","No","No","No","No","Negative effect","Negative effect",,,,,"",,,"No",,,,,,,
"56-60-42-49","Yes","Mayuni","Yes","No","No","No","No","Yes","Positive effect","Positive effect","No",1,5,"No","","Satisfied","Less than once a month","No",,,,,,,
"06-49-16-95","Yes","Lyabolona","Yes","No","No","No","No","No","Positive effect","Positive effect",,,,,"",,,"Yes",4,"Yes","No","No","No",,
"14-59-43-81","Yes","Mayuni","Yes","No","No","No","No","Yes","Positive effect","Positive effect","No",4,,"No","","Neither","Never","Yes",1,"Yes","No","No","No",,
"43-19-04-75","Yes","Salambala Conservancy","Yes","No","Yes","No","No","No","Negative effect","Negative effect",,,,,"",,,"No",,,,,,,
"25-55-58-39","Yes","Kwandu Conservancy","Yes","No","No","No","No","Yes","Very positive effect","Positive effect","No",0,,"No","","Neither","Never","Yes",4,"Yes","No","No","No",,
"56-55-71-21","Yes","Nakabolelwa Conservancy","Yes","No","No","No","No","No","Neutral (or no effect)","Neutral (or no effect)",,,,,"",,,"No",,,,,,,
"26-16-97-29","Yes","Nakabolelwa Conservancy","Yes","No","No","No","No","Yes","Very negative effect","Very negative effect","No",5,,"No","","Very satisfied","Less than once a month","No",,,,,,,
"94-40-34-45","Yes","Nakabolelwa Conservancy","Yes","No","No","No","No","Yes","Very negative effect","Very negative effect","No",5,,"No","","Very dissatisfied","More than once per month","No",,,,,,,
"57-09-13-31","Yes","Kwandu Conservancy","Yes","No","No","No","No","Yes","Neutral (or no effect)","Neutral (or no effect)","No",0,,"No","","Satisfied","Less than once a month","No",,,,,,,
"06-81-92-15","Yes","Mashi conservancy","Yes","No","No","No","No","Yes","Positive effect","Positive effect","No",7,,"No","","Satisfied","More than once per month","Yes",2,"Yes","No","No","No",,200
"71-51-46-91","Yes","dzoti","Yes","No","No","No","No","Yes","Neutral (or no effect)","Neutral (or no effect)","No",0,,"No","","Neither","Less than once a month","No",,,,,,,
"99-70-86-40","Yes","salambala Conservancy","Yes","No","No","No","No","Yes","Neutral (or no effect)","Neutral (or no effect)","No",2,,"Yes","Supplied us with water pipes","Satisfied","Less than once a month","No",,,,,,,
"54-72-28-02","Yes","kwando conservancy","Yes","No","No","No","No","Yes","Very positive effect","Very positive effect","No",3,,"No","","Very satisfied","Less than once a month","Yes",12,"Yes","No","No","No",,
"93-06-95-85","Yes","Salambala","Yes","No","No","No","No","Yes","Positive effect","Positive effect","No",1,10,"No","","Satisfied","Less than once a month","No",,,,,,,
"44-70-83-36","Yes","Dzoti Conservancy","Yes","No","No","No","No","Yes","Neutral (or no effect)","Neutral (or no effect)","Yes",0,,"No","","Satisfied","Never","No",,,,,,,
"76-32-33-95","Yes","salambala","Yes","No","Yes","No","No","Yes","Neutral (or no effect)","Neutral (or no effect)","No",0,,"No","","dissatisfied","Never","Yes",1,"Yes","No","No","No",,
"01-38-25-96","Yes","Salambala conservancy","Yes","No","No","No","No","Yes","Negative effect","Negative effect","No",0,,"No","","Neither","Never","No",,,,,,,
"89-39-79-72","Yes","mashi conservancy","Yes","No","No","No","No","Yes","Very negative effect","Very negative effect","No",0,,"No","","Very dissatisfied","Never","No",,,,,,,
"00-49-63-51","Yes","balyerwa conservancy","Yes","No","No","No","No","Yes","Very negative effect","Very negative effect","No",0,,"No","","Very dissatisfied","Never","No",,,,,,,
"76-58-89-37","Yes","Salambala conservancy","Yes","No","No","No","No","Yes","Positive effect","Positive effect","No",0,,"No","","Satisfied","Never","No",,,,,,,
"20-56-52-98","Yes","Dzoti Conservancy","Yes","No","Yes","No","No","Yes","Very negative effect","Very negative effect","No",0,,"No","","Very dissatisfied","More than once per month","Yes",9,"Yes","No","No","No",,
"64-47-42-17","Yes","Kwandu Conservacy","Yes","No","Yes","No","No","Yes","Positive effect","Positive effect","No",0,,"No","","dissatisfied","Never","No",,,,,,,
"13-81-47-95","Yes","Balerwa conservancy","Yes","No","No","No","No","Yes","Very negative effect","Very negative effect","No",7,,"No","","Very dissatisfied","Less than once a month","Yes",6,"Yes","No","No","No",,
"29-99-72-08","Yes","Dzoti Conservacy","Yes","No","No","No","No","No","Very negative effect","Very negative effect",,,,,"",,,"Yes",3,"Yes","No","No","No",,
"24-83-83-50","Yes","Sambandala Conservancy","Yes","No","Yes","No","No","Yes","Very negative effect","Very negative effect","No",0,,"No","","Very dissatisfied","Less than once a month","Yes",3,"Yes","No","No","No",,
"47-22-90-00","Yes","Balyerwa Conservacy","Yes","No","No","No","No","Yes","Positive effect","Positive effect","No",0,,"No","","dissatisfied","More than once per month","No",,,,,,,
"98-86-29-38","Yes","Dzoti Conservancy","Yes","No","Yes","Yes","No","Yes","Neutral (or no effect)","Neutral (or no effect)","No",2,,"No","","Very satisfied","Less than once a month","Yes",2,"Yes","No","No","No",,
"38-47-12-60","Yes","salambala","Yes","No","Yes","No","No","Yes","Neutral (or no effect)","Neutral (or no effect)","No",0,,"No","","Neither","Less than once a month","Yes",5,"No","Yes","No","No",,
"28-88-27-77","No","",,,,,,,,,,,,,"",,,"Yes",1,"Yes","No","No","No",,
"29-11-74-01","Yes","Mayuni Conservancy","Yes","No","No","No","No","Yes","Very positive effect","Very positive effect","Yes",0,,"No","","Very satisfied","More than once per month","No",,,,,,,
"23-17-08-61","Yes","Kwandu Conservancy","Yes","No","No","No","No","Yes","Positive effect","Positive effect","No",0,,"Yes","a mango tree","Satisfied","Less than once a month","No",,,,,,,
"09-04-42-43","Yes","salambala conservancy","Yes","No","No","No","No","Yes","Very negative effect","Very negative effect","No",0,,"No","","Satisfied","Never","No",,,,,,,
"60-44-87-63","Yes","Dzoti Conservancy","Yes","No","No","No","No","Yes","Positive effect","Positive effect","No",5,,"No","","Satisfied","Less than once a month","No",,,,,,,
"37-91-11-53","Yes","salambala conservancy","Yes","No","No","No","No","Yes","Very negative effect","Very negative effect","No",1,1,"No","","Very dissatisfied","Less than once a month","Yes",3,"Yes","No","No","No",,
"24-83-18-16","Yes","Salambala conservancy","Yes","No","No","No","No","Yes","Positive effect","Negative effect","No",0,,"No","","Very dissatisfied","More than once per month","No",,,,,,,
"43-94-30-73","Yes","Dzoti Conservancy","Yes","No","Yes","Yes","No","Yes","Positive effect","Positive effect","No",0,,"No","","Neither","More than once per month","Yes",2,"Yes","No","No","No",,
"98-89-20-76","Yes","Salambala Conservancy","Yes","No","Yes","No","No","No","Positive effect","Positive effect",,,,,"",,,"Yes",2,"Yes","No","No","No",,
"18-82-94-56","Yes","Djozi Conservacy","Yes","No","No","No","No","No","Very negative effect","Very negative effect",,,,,"",,,"No",,,,,,,
"15-08-96-97","Yes","kwando conservancy","Yes","No","No","No","No","Yes","Very positive effect","Very positive effect","No",1,5,"No","","Satisfied","Less than once a month","No",,,,,,,
"59-27-01-58","Yes","Kwandu Conservancy","Yes","No","No","No","No","Yes","Very negative effect","Very negative effect","No",0,,"No","","Very dissatisfied","Less than once a month","Yes",3,"Yes","No","No","No",,
"06-40-81-20","Yes","Kwandu Conservancy","Yes","No","No","No","No","Yes","Neutral (or no effect)","Positive effect","No",0,,"Yes","Meat when they kill an elephant","Satisfied","Less than once a month","No",,,,,,,
"63-00-59-35","Yes","Dzoti Conservancy","Yes","No","No","No","No","Yes","Neutral (or no effect)","Neutral (or no effect)","No",2,,"No","","Satisfied","Less than once a month","No",,,,,,,
"20-12-20-33","Yes","Nakabolelwa Conservancy","Yes","No","No","No","No","Yes","Positive effect","Positive effect","No",4,,"No","","dissatisfied","More than once per month","No",,,,,,,
"13-16-46-47","Yes","nakabolelwa conservancy","Yes","No","No","No","No","Yes","Positive effect","Positive effect","Yes",1,2,"No","","dissatisfied","Less than once a month","No",,,,,,,
"12-47-95-08","Yes","Balyerwa Conservacy","Yes","No","No","No","No","Yes","Very negative effect","Very negative effect","No",1,6,"No","","dissatisfied","Less than once a month","No",,,,,,,
"49-36-47-00","Yes","Dzoti Conservancy","Yes","No","No","No","No","Yes","Positive effect","Positive effect","Yes",0,,"No","","Very dissatisfied","More than once per month","No",,,,,,,
"69-98-34-60","Yes","Dzoti Conservancy","Yes","No","No","No","No","Yes","Very positive effect","Positive effect","No",8,,"No","","dissatisfied","Never","No",,,,,,,
"11-55-67-72","No","",,,,,,,,,,,,,"",,,"Yes",1,"Yes","No","No","No",,
"86-18-52-98","Yes","Nakabolelwa conservancy","Yes","No","Yes","No","No","No","Positive effect","Positive effect",,,,,"",,,"No",,,,,,,
"59-98-46-38","Yes","dzoti conservancy","Yes","No","No","No","No","Yes","Positive effect","Positive effect","No",0,,"No","","Satisfied","Never","No",,,,,,,
"87-83-58-77","Yes","nakabolelwa conservancy","Yes","No","No","No","No","Yes","Very positive effect","Very positive effect","No",1,1,"No","","Very satisfied","Less than once a month","No",,,,,,,
"15-59-01-11","Yes","Nakabolelwa conservancy","Yes","No","Yes","No","No","Yes","Positive effect","Positive effect","No",1,1,"No","","Very dissatisfied","Less than once a month","No",,,,,,,
"74-82-76-84","Yes","kwandu","Yes","No","Yes","No","No","Yes","Positive effect","Neutral (or no effect)","No",0,,"No","","dissatisfied","Never","No",,,,,,,
"08-93-57-76","Yes","Salambala","Yes","No","No","No","No","No","Negative effect","Negative effect",,,,,"",,,"No",,,,,,,
"70-90-57-92","Yes","Salambala conservancy","Yes","No","No","No","No","Yes","Neutral (or no effect)","Neutral (or no effect)","No",0,,"No","","Satisfied","Never","No",,,,,,,
"50-31-04-37","No","",,,,,,,,,,,,,"",,,"No",,,,,,,
"67-02-08-74","Yes","Kwandu Conservancy","Yes","No","No","No","No","Yes","Positive effect","Positive effect","Yes",2,,"No","","Neither","More than once per month","No",,,,,,,
"53-15-78-38","Yes","dzoti conservancy","Yes","No","No","No","No","Yes","Positive effect","Positive effect","No",1,5,"No","","Satisfied","Less than once a month","No",,,,,,,
"32-33-43-26","Yes","Salambala conservancy","Yes","No","No","No","No","No","Neutral (or no effect)","Neutral (or no effect)",,,,,"",,,"No",,,,,,,
"46-04-74-49","Yes","Salambala conservancy","Yes","No","No","No","No","Yes","Positive effect","Positive effect","No",1,5,"No","","Very dissatisfied","Less than once a month","No",,,,,,,
"35-13-76-39","Yes","Dzoti","Yes","No","No","No","No","Yes","Neutral (or no effect)","Neutral (or no effect)","No",2,,"No","","Satisfied","More than once per month","No",,,,,,,
"16-06-75-38","Yes","balyerwa conservancy","Yes","No","No","No","No","Yes","Positive effect","Positive effect","No",1,5,"No","","Very dissatisfied","Less than once a month","Yes",4,"Yes","No","No","No",,
"27-27-07-57","Yes","Kwandu Conservancy","Yes","No","No","No","No","Yes","Very negative effect","Very negative effect","No",1,15,"No","","dissatisfied","Less than once a month","No",,,,,,,
"02-68-96-18","Yes","nakabolelwa conservancy","Yes","No","No","No","No","Yes","Positive effect","Positive effect","No",1,2,"No","","Neither","Never","No",,,,,,,
"43-77-79-21","Yes","Kwandu Conservancy","Yes","No","No","No","No","Yes","Negative effect","Negative effect","No",0,,"No","","Very dissatisfied","Never","No",,,,,,,
"11-26-50-63","Yes","Dzoti Conservancy","Yes","No","No","No","No","Yes","Negative effect","Negative effect","No",0,,"No","","dissatisfied","More than once per month","Yes",3,"Yes","No","No","No",,
"28-01-01-55","Yes","salambala","Yes","No","No","No","No","No","Very negative effect","Very negative effect",,,,,"",,,"No",,,,,,,
"32-20-61-73","Yes","Balyelwa","Yes","No","No","No","No","Yes","Neutral (or no effect)","Neutral (or no effect)","No",0,,"No","","dissatisfied","Less than once a month","No",,,,,,,
"20-30-02-96","Yes","Balyerwa Conservacy","Yes","No","No","No","No","Yes","Negative effect","Negative effect","No",0,,"No","","dissatisfied","Less than once a month","Yes",3,"Yes","No","No","No",,
"91-05-38-43","Yes","Salamabala Conservacy","Yes","No","No","No","No","Yes","Very negative effect","Negative effect","No",0,,"No","","Very dissatisfied","Less than once a month","Yes",3,"Yes","No","No","No",,
"44-19-28-63","Yes","Salambala conservancy","Yes","No","No","No","No","Yes","Very negative effect","Very negative effect","No",1,6,"No","","Very dissatisfied","Less than once a month","No",,,,,,,
"72-93-96-93","Yes","Salambala conservancy","Yes","No","No","No","No","No","Positive effect","Positive effect",,,,,"",,,"No",,,,,,,
"97-14-34-77","Yes","Kwandu Conservancy","Yes","No","No","No","No","Yes","Negative effect","Negative effect","No",0,,"No","","dissatisfied","Less than once a month","No",,,,,,,
"23-83-04-10","Yes","Dzoti Conservacy","Yes","No","No","No","No","No","Negative effect","Neutral (or no effect)",,,,,"",,,"No",,,,,,,
"66-67-12-43","Yes","Salambala conservancy","Yes","No","No","No","No","No","Neutral (or no effect)","Neutral (or no effect)",,,,,"",,,"No",,,,,,,
"10-88-25-17","Yes","Kwandu Conservancy","Yes","No","No","No","No","Yes","Negative effect","Negative effect","No",2,,"No","","Satisfied","Less than once a month","No",,,,,,,
"15-20-57-47","Yes","Salambala Conservancy","Yes","No","No","No","No","Yes","Neutral (or no effect)","Neutral (or no effect)","No",2,,"Yes","Bought for us water pipes","Satisfied","Less than once a month","No",,,,,,,
"36-81-71-64","Yes","ZOTI","Yes","No","No","No","No","Yes","Positive effect","Positive effect","No",3,,"No","","dissatisfied","Less than once a month","No",,,,,,,
"34-71-72-72","Yes","Salambala","Yes","No","No","No","No","Yes","Positive effect","Positive effect","No",1,10,"No","","Very satisfied","More than once per month","Yes",1,"Yes","No","No","No",,
"66-60-15-44","Yes","Salambala conservancy","Yes","No","No","No","No","Yes","Negative effect","Negative effect","No",0,,"No","","dissatisfied","Less than once a month","Yes",12,"Yes","No","No","No",,
"86-30-61-13","Yes","Salambala","Yes","No","No","No","No","Yes","Negative effect","Negative effect","No",0,,"No","","Very dissatisfied","More than once per month","No",,,,,,,
"36-54-39-30","Yes","Kwandu Conservancy","Yes","No","No","No","No","Yes","Neutral (or no effect)","Neutral (or no effect)","No",0,,"No","","dissatisfied","Less than once a month","No",,,,,,,
"74-23-76-31","Yes","Salambala","Yes","No","No","No","No","Yes","Very negative effect","Very negative effect","No",0,,"No","","Very dissatisfied","More than once per month","No",,,,,,,
"22-34-78-24","Yes","kwandu Conservancy","Yes","No","No","No","No","Yes","Very negative effect","Very negative effect","No",0,,"No","","Very dissatisfied","Less than once a month","No",,,,,,,
"78-05-45-34","Yes","mashi conservancy","Yes","No","No","No","No","No","Very negative effect","Very negative effect",,,,,"",,,"Yes",3,"Yes","No","No","No",,
"05-02-80-96","Yes","Mashi Conservancy","Yes","No","No","No","No","Yes","Neutral (or no effect)","Neutral (or no effect)","No",1,2,"No","","Satisfied","Less than once a month","No",,,,,,,
"83-39-85-57","Yes","Kwandu Conservancy","Yes","No","No","No","No","Yes","Neutral (or no effect)","Neutral (or no effect)","No",0,,"No","","Neither","Less than once a month","No",,,,,,,
"02-11-27-45","Yes","salambala conservancy","Yes","No","No","No","No","Yes","Negative effect","Negative effect","No",1,1,"No","","Satisfied","Less than once a month","No",,,,,,,
"66-26-16-39","Yes","Salambala conservancy","Yes","No","No","No","No","Yes","Positive effect","Positive effect","No",1,20,"No","","Satisfied","More than once per month","No",,,,,,,
"74-47-09-34","Yes","Zoti","Yes","No","No","No","No","Yes","Positive effect","Positive effect","No",3,,"No","","Satisfied","More than once per month","No",,,,,,,
"74-42-03-33","Yes","Salambala conservancy","Yes","No","No","No","No","Yes","Very negative effect","Very negative effect","No",1,5,"No","","Very dissatisfied","Less than once a month","No",,,,,,,
"24-64-36-53","Yes","Salambala Conservancy","Yes","No","Yes","No","No","Yes","Very negative effect","Very negative effect","No",0,,"No","","Very dissatisfied","Less than once a month","Yes",10,"Yes","No","No","No",,
"39-16-84-49","Yes","balyerwa conservancy","Yes","No","No","No","No","Yes","Very negative effect","Very negative effect","No",0,,"No","","Very dissatisfied","Never","Yes",4,"Yes","No","No","No",,
"65-82-18-72","Yes","Dzoti Conservancy","Yes","No","No","No","No","Yes","Negative effect","Negative effect","No",2,,"No","","dissatisfied","More than once per month","Yes",2,"Yes","No","No","No",,
"98-04-19-51","Yes","salambala conservancy","Yes","No","No","No","No","Yes","Neutral (or no effect)","Neutral (or no effect)","No",0,,"No","","Very dissatisfied","Less than once a month","No",,,,,,,
"33-66-03-17","Yes","Balelwa","Yes","No","Yes","No","No","Yes","Very negative effect","Very negative effect","No",1,2,"No","","Very dissatisfied","Less than once a month","Yes",3,"Yes","No","No","No",,200
"23-12-49-21","Yes","Balelwa Conservancy","Yes","No","Yes","No","No","Yes","Very positive effect","Very positive effect","Yes",1,2,"No","","Satisfied","More than once per month","Yes",-888,"Yes","No","No","No",,1000
"95-95-21-82","Yes","Balelwa Conservancy","Yes","No","Yes","No","No","Yes","Very negative effect","Positive effect","No",1,2,"No","","Very dissatisfied","Less than once a month","Yes",5,"Yes","No","No","No",,
"84-16-65-13","Yes","balyerwa conservancy","Yes","No","No","No","No","Yes","Very negative effect","Very negative effect","No",1,2,"No","","Very dissatisfied","Never","Yes",4,"Yes","No","No","No",,
"35-36-66-35","Yes","Salambala conservancy","Yes","No","No","No","No","Yes","Very positive effect","Very positive effect","No",1,2,"No","","Very satisfied","Less than once a month","No",,,,,,,
"22-48-72-19","Yes","salambala conservancy","Yes","No","No","No","No","No","Negative effect","Negative effect",,,,,"",,,"No",,,,,,,
"16-02-48-49","Yes","Balerwa conservancy","Yes","No","No","No","No","Yes","Very negative effect","Very negative effect","No",7,,"No","","Very dissatisfied","Less than once a month","Yes",3,"Yes","No","No","No",,
"88-09-49-72","Yes","Balyerwa Conservancy","Yes","No","No","No","No","Yes","Neutral (or no effect)","Neutral (or no effect)","No",1,1,"No","","Satisfied","Less than once a month","No",,,,,,,
"46-87-53-18","Yes","Salambala conservancy","Yes","No","No","No","No","Yes","Very negative effect","Very negative effect","No",0,,"No","","Very dissatisfied","Less than once a month","No",,,,,,,
"24-20-26-70","Yes","Balyerwa","Yes","No","No","No","No","Yes","Positive effect","Positive effect","No",7,,"No","","Satisfied","Less than once a month","No",,,,,,,
"52-82-33-48","No","",,,,,,,,,,,,,"",,,"Yes",1,"Yes","No","No","No",,
"26-48-97-52","Yes","Balyerwa Conservancy","Yes","No","No","No","No","Yes","Positive effect","Positive effect","No",1,2,"No","","Satisfied","More then once per week","No",,,,,,,
"33-86-77-56","Yes","Balyerwa Conservacy","Yes","No","No","No","No","Yes","Negative effect","Negative effect","No",0,,"No","","Very dissatisfied","Never","Yes",3,"Yes","No","No","No",,
"78-86-05-10","No","",,,,,,,,,,,,,"",,,"No",,,,,,,
"15-96-39-00","No","",,,,,,,,,,,,,"",,,"No",,,,,,,
"39-41-06-02","Yes","balyerwa conservancy","Yes","No","No","No","No","Yes","Very positive effect","Very positive effect","No",1,2,"No","","Very satisfied","Never","Yes",8,"Yes","No","No","No",,
"95-15-78-87","Yes","balyerwa conservancy","Yes","No","No","No","No","Yes","Very positive effect","Very negative effect","No",1,2,"No","","dissatisfied","Never","No",,,,,,,
"52-97-51-26","No","",,,,,,,,,,,,,"",,,"Yes",3,"No","No","Yes","No",,
"02-78-29-37","Yes","Dzoti","Yes","No","No","No","No","Yes","Positive effect","Positive effect","Yes",4,,"No","","Satisfied","More than once per month","No",,,,,,,
"27-36-10-42","Yes","dzoti","Yes","No","Yes","No","No","No","Negative effect","Negative effect",,,,,"",,,"No",,,,,,,
"45-97-40-37","No","",,,,,,,,,,,,,"",,,"No",,,,,,,
"41-24-37-83","Yes","wupara Conservancy","Yes","No","No","No","No","Yes","Very negative effect","Very negative effect","No",2,,"No","","Very dissatisfied","Less than once a month","Yes",3,"Yes","No","No","No",,300
"90-44-42-58","Yes","Wupara Conservancy","Yes","No","No","No","No","Yes","Very negative effect","Very negative effect","No",5,,"No","","Very dissatisfied","Less than once a month","No",,,,,,,
"15-49-26-93","No","",,,,,,,,,,,,,"",,,"No",,,,,,,
"29-96-24-29","Yes","Dzoti Conservancy","Yes","No","No","No","No","Yes","Positive effect","Neutral (or no effect)","No",5,,"Yes","pays school fees for the children and it provides water to the community","Satisfied","Less than once a month","No",,,,,,,
"88-98-18-23","Yes","Salambala conservancy","Yes","No","No","No","No","No","Very negative effect","Very negative effect",,,,,"",,,"Yes",5,"Yes","No","Yes","No",,
"03-33-61-52","Yes","Zoti","Yes","No","No","No","No","Yes","Positive effect","Positive effect","No",3,,"No","","Satisfied","More than once per month","No",,,,,,,
"95-42-30-88","Yes","balyerwa conservancy","Yes","No","No","No","No","Yes","Very negative effect","Very negative effect","No",0,,"No","","Very dissatisfied","Less than once a month","No",,,,,,,
"41-58-71-65","No","",,,,,,,,,,,,,"",,,"No",,,,,,,
"47-41-93-44","No","",,,,,,,,,,,,,"",,,"No",,,,,,,
"44-97-44-34","Yes","ZOTI","Yes","No","No","No","No","Yes","Positive effect","Positive effect","No",3,,"No","","Satisfied","More than once per month","No",,,,,,,
"39-60-71-79","Yes","Dzoti Conservancy","Yes","No","No","No","No","Yes","Positive effect","Positive effect","No",3,,"No","","Satisfied","Less than once a month","Yes",3,"Yes","No","No","No",,500
"02-67-41-60","No","",,,,,,,,,,,,,"",,,"No",,,,,,,
"83-56-74-03","Yes","Dzoti Conservancy","Yes","No","No","No","No","Yes","Positive effect","Positive effect","No",3,,"No","","dissatisfied","Less than once a month","No",,,,,,,
"04-28-47-30","Yes","Lusese Conservancy","Yes","No","Yes","Yes","No","Yes","Very positive effect","Very positive effect","No",3,,"No","","Very satisfied","Less than once a month","No",,,,,,,
"01-68-97-25","Yes","balyerwa conservancy","Yes","No","No","No","No","Yes","Very negative effect","Very negative effect","No",0,,"No","","Very dissatisfied","Never","Yes",4,"Yes","No","No","No",,
"66-08-16-26","Yes","ZOTI","Yes","No","No","No","No","Yes","Positive effect","Positive effect","No",4,,"No","","Satisfied","More than once per month","Yes",1,"Yes","No","No","No",,
"93-32-02-54","Yes","Lusese conservancy","Yes","No","No","No","No","Yes","Very positive effect","Very positive effect","No",3,,"No","","Satisfied","Less than once a month","No",,,,,,,
"83-94-17-95","Yes","Salambala conservancy","Yes","No","No","No","No","Yes","Very negative effect","Very negative effect","No",1,10,"No","","Very dissatisfied","Less than once a month","No",,,,,,,
"60-60-16-78","Yes","Balyerwa Conservancy","Yes","No","No","No","No","Yes","Neutral (or no effect)","Neutral (or no effect)","No",2,,"No","","Satisfied","Less than once a month","No",,,,,,,
"26-78-47-00","Yes","Salambala Conservancy","Yes","No","No","No","No","Yes","Neutral (or no effect)","Neutral (or no effect)","Yes",2,,"No","","Satisfied","More than once per month","No",,,,,,,
"79-98-45-89","No","",,,,,,,,,,,,,"",,,"No",,,,,,,
"90-54-49-60","Yes","Salambala Conservancy","Yes","No","Yes","No","No","Yes","Very negative effect","Very negative effect","No",0,,"No","","Very dissatisfied","Less than once a month","Yes",1,"Yes","No","No","No",,
"31-84-01-85","Yes","Dzoti Conservancy","Yes","No","No","No","No","Yes","Positive effect","Positive effect","No",3,,"No","","Very dissatisfied","Less than once a month","No",,,,,,,
"40-47-23-70","No","",,,,,,,,,,,,,"",,,"No",,,,,,,
"97-69-93-58","Yes","Dzoti Conservancy","Yes","No","No","No","No","Yes","Very negative effect","Very negative effect","No",2,,"No","","Very dissatisfied","More than once per month","No",,,,,,,
"58-00-80-50","Yes","Lusese Conservancy","Yes","No","Yes","Yes","No","Yes","Negative effect","Negative effect","No",1,5,"No","","Very dissatisfied","Never","No",,,,,,,
"16-58-48-79","No","",,,,,,,,,,,,,"",,,"No",,,,,,,
"05-01-86-08","Yes","wupara Conservancy","Yes","No","No","No","No","Yes","Positive effect","Positive effect","No",5,,"No","","Satisfied","More than once per month","Yes",1,"Yes","No","No","No",,300
"89-75-04-06","No","",,,,,,,,,,,,,"",,,"No",,,,,,,
"52-25-69-44","Yes","Balelwa Conservancy","Yes","No","Yes","No","No","Yes","Very negative effect","Very negative effect","No",1,1,"No","","Very dissatisfied","Less than once a month","Yes",6,"Yes","No","No","No",,
"71-97-04-61","Yes","Salambala Conservancy","Yes","No","No","No","No","Yes","Neutral (or no effect)","Neutral (or no effect)","No",1,2,"No","","dissatisfied","Never","No",,,,,,,
"46-80-42-17","Yes","Lusese conservancy","Yes","No","No","No","No","Yes","Very negative effect","Very negative effect","No",1,2,"No","","Satisfied","Less than once a month","No",,,,,,,
"58-78-23-20","Yes","Dzoti Conservancy","Yes","No","No","No","No","Yes","Very negative effect","Very negative effect","No",2,,"No","","Very dissatisfied","Less than once a month","No",,,,,,,
"35-69-94-08","No","",,,,,,,,,,,,,"",,,"No",,,,,,,
"10-25-31-32","No","",,,,,,,,,,,,,"",,,"No",,,,,,,
"38-79-29-34","Yes","Balyerwa","Yes","No","No","No","No","Yes","Positive effect","Positive effect","No",0,,"No","","Satisfied","Less than once a month","No",,,,,,,
"89-83-56-79","Yes","Salambala Conservancy","Yes","No","No","No","No","No","Neutral (or no effect)","Neutral (or no effect)",,,,,"",,,"No",,,,,,,
"50-21-50-41","No","",,,,,,,,,,,,,"",,,"Yes",1,"Yes","No","No","No",,
"44-19-49-55","Yes","Balyelwa Conservation","Yes","No","No","No","No","No","Positive effect","Positive effect",,,,,"",,,"No",,,,,,,
"55-68-88-94","Yes","Lusese","Yes","No","No","No","No","Yes","Negative effect","Negative effect","No",0,,"No","","Very dissatisfied","Less than once a month","No",,,,,,,
"59-93-51-03","Yes","Salambala Conservancy","Yes","No","No","No","No","Yes","Neutral (or no effect)","Neutral (or no effect)","No",1,2,"No","","Satisfied","Less than once a month","No",,,,,,,
"07-70-44-38","Yes","Wuparo Conservancy","Yes","No","No","No","No","Yes","Neutral (or no effect)","Neutral (or no effect)","No",2,,"No","","Satisfied","Less than once a month","No",,,,,,,
"59-31-16-60","Yes","Lusese","Yes","No","No","No","No","Yes","Negative effect","Negative effect","No",8,,"No","","dissatisfied","Less than once a month","No",,,,,,,
"84-43-04-55","Yes","Salambala conservancy","Yes","No","No","No","No","Yes","Very negative effect","Very negative effect","No",1,6,"No","","Very dissatisfied","Never","No",,,,,,,
"90-23-91-34","Yes","Lusese Conservancy","Yes","No","No","No","No","Yes","Positive effect","Positive effect","No",1,5,"No","","Neither","Less than once a month","No",,,,,,,
"00-25-69-00","No","",,,,,,,,,,,,,"",,,"No",,,,,,,
"43-06-63-67","No","",,,,,,,,,,,,,"",,,"No",,,,,,,
"28-10-90-34","No","",,,,,,,,,,,,,"",,,"No",,,,,,,
"13-06-00-33","No","",,,,,,,,,,,,,"",,,"No",,,,,,,
"93-88-34-77","No","",,,,,,,,,,,,,"",,,"No",,,,,,,
"77-13-46-95","Yes","lusese","Yes","No","Yes","No","No","Yes","Negative effect","Negative effect","No",5,,"No","","Very satisfied","More than once per month","No",,,,,,,
"54-15-29-03","No","",,,,,,,,,,,,,"",,,"Yes",3,"Yes","No","No","No",,
"58-43-21-07","Yes","lusese","Yes","No","Yes","No","No","Yes","Positive effect","Positive effect","No",1,10,"No","","Satisfied","More than once per month","No",,,,,,,
"54-82-42-61","No","",,,,,,,,,,,,,"",,,"No",,,,,,,
"31-76-77-10","Yes","Salambala","Yes","No","No","No","No","Yes","Negative effect","Negative effect","No",0,,"Yes","Water tanks","dissatisfied","Never","No",,,,,,,
"75-33-12-39","No","",,,,,,,,,,,,,"",,,"No",,,,,,,
"47-33-25-93","Yes","Sikunga","No","No","Yes","No","No","Yes","Positive effect","Positive effect","No",0,,"No","","Satisfied","More than once per month","No",,,,,,,
"35-34-76-48","No","",,,,,,,,,,,,,"",,,"No",,,,,,,
"26-98-60-20","Yes","Sikunga conservancy","Yes","No","No","No","No","Yes","Neutral (or no effect)","Neutral (or no effect)","No",0,,"No","","Very dissatisfied","Less than once a month","No",,,,,,,
"20-88-32-55","No","",,,,,,,,,,,,,"",,,"No",,,,,,,
"73-42-30-97","Yes","salambala conservancy","Yes","No","No","No","No","No","Very negative effect","Very negative effect",,,,,"",,,"No",,,,,,,
"38-84-78-59","No","",,,,,,,,,,,,,"",,,"Yes",5,"Yes","No","No","No",,
"70-09-32-42","Yes","salambala conservancy","Yes","No","No","No","No","No","Negative effect","Negative effect",,,,,"",,,"No",,,,,,,
"76-04-07-19","No","",,,,,,,,,,,,,"",,,"No",,,,,,,
"70-32-51-26","Yes","salambala conservancy","Yes","No","No","No","No","Yes","Positive effect","Positive effect","No",1,1,"No","","Very dissatisfied","Less than once a month","No",,,,,,,
"56-61-77-64","Yes","Sikunga conservancy","Yes","No","No","No","No","Yes","Positive effect","Positive effect","No",0,,"No","","Very dissatisfied","Less than once a month","No",,,,,,,
"50-82-91-34","Yes","Sikunga Conservancy","Yes","No","No","No","No","Yes","Negative effect","Neutral (or no effect)","No",0,,"Yes","They bought  a water mpumps for the community","dissatisfied","Never","No",,,,,,,
"83-60-63-11","Yes","Sikunga Conservancy","Yes","No","No","No","No","Yes","Positive effect","Positive effect","No",0,,"Yes","They bought water pumps to the community","Satisfied","Never","No",,,,,,,
"80-51-82-08","No","",,,,,,,,,,,,,"",,,"No",,,,,,,
"49-80-85-60","No","",,,,,,,,,,,,,"",,,"Yes",5,"Yes","No","No","No",,
"81-64-86-08","Yes","Sikunga","Yes","No","No","No","No","Yes","Negative effect","Negative effect","No",0,,"No","","dissatisfied","Less than once a month","No",,,,,,,
"33-82-62-40","No","",,,,,,,,,,,,,"",,,"No",,,,,,,
"56-48-48-33","No","",,,,,,,,,,,,,"",,,"No",,,,,,,
"19-43-49-26","No","",,,,,,,,,,,,,"",,,"No",,,,,,,
"52-63-91-75","No","",,,,,,,,,,,,,"",,,"No",,,,,,,
"60-93-32-66","No","",,,,,,,,,,,,,"",,,"No",,,,,,,
"37-44-93-64","Yes","Sikunga Conservancy","Yes","No","No","No","No","Yes","Positive effect","Positive effect","No",0,,"No","","dissatisfied","Less than once a month","No",,,,,,,
"83-19-87-02","No","",,,,,,,,,,,,,"",,,"No",,,,,,,
"83-26-13-29","Yes","Sikunga Conservancy","Yes","No","No","No","No","Yes","Very negative effect","Very negative effect","No",0,,"No","","dissatisfied","Less than once a month","No",,,,,,,
"02-40-91-04","No","",,,,,,,,,,,,,"",,,"No",,,,,,,
"31-74-57-88","No","",,,,,,,,,,,,,"",,,"No",,,,,,,
"09-16-66-27","No","",,,,,,,,,,,,,"",,,"No",,,,,,,
"02-99-67-45","No","",,,,,,,,,,,,,"",,,"No",,,,,,,
"18-26-92-76","No","",,,,,,,,,,,,,"",,,"No",,,,,,,
"54-98-92-77","Yes","Balyelwa Conservation","Yes","No","No","No","No","Yes","Negative effect","Negative effect","No",0,,"No","","dissatisfied","Less than once a month","No",,,,,,,
"94-90-21-30","No","",,,,,,,,,,,,,"",,,"No",,,,,,,
"34-25-16-71","Yes","Sikunga Conservancy","Yes","No","Yes","Yes","No","Yes","Very positive effect","Very positive effect","No",0,,"No","","Very satisfied","Less than once a month","Yes",1,"Yes","No","No","No",,
"26-18-25-14","No","",,,,,,,,,,,,,"",,,"No",,,,,,,
"62-93-86-46","No","",,,,,,,,,,,,,"",,,"No",,,,,,,
"85-20-92-08","No","",,,,,,,,,,,,,"",,,"No",,,,,,,
"65-60-16-01","Yes","balyerwa","Yes","No","No","No","No","Yes","Very negative effect","Very negative effect","No",25,,"No","","Satisfied","Less than once a month","Yes",20,"Yes","No","Yes","No",,
"83-41-72-29","Yes","Sikunga Conservancy","Yes","No","Yes","Yes","No","Yes","Very positive effect","Very positive effect","No",0,,"No","","Very satisfied","Less than once a month","Yes",2,"Yes","No","No","No",,
"21-46-08-35","No","",,,,,,,,,,,,,"",,,"No",,,,,,,
"37-32-34-84","Yes","Sikunga Conservancy","Yes","No","Yes","Yes","No","Yes","Very positive effect","Very positive effect","No",0,,"No","","Very satisfied","Less than once a month","No",,,,,,,
"13-52-22-69","Yes","Sikunga","Yes","No","No","No","No","Yes","Negative effect","Negative effect","No",0,,"No","","dissatisfied","Less than once a month","No",,,,,,,
"39-17-92-41","No","",,,,,,,,,,,,,"",,,"No",,,,,,,
"33-45-72-89","No","",,,,,,,,,,,,,"",,,"No",,,,,,,
"31-31-05-64","No","",,,,,,,,,,,,,"",,,"No",,,,,,,
"86-99-45-42","Yes","Salambala conservancy","Yes","No","Yes","No","No","Yes","Neutral (or no effect)","Neutral (or no effect)","No",0,,"No","","dissatisfied","Less than once a month","No",,,,,,,
"56-98-53-98","No","",,,,,,,,,,,,,"",,,"No",,,,,,,
"56-36-96-19","Yes","Sikunga Conservancy","Yes","No","No","No","No","No","Neutral (or no effect)","Neutral (or no effect)",,,,,"",,,"No",,,,,,,
"50-58-13-59","No","",,,,,,,,,,,,,"",,,"No",,,,,,,
"96-16-19-85","No","",,,,,,,,,,,,,"",,,"No",,,,,,,
"64-96-31-31","No","",,,,,,,,,,,,,"",,,"No",,,,,,,
"12-39-25-67","No","",,,,,,,,,,,,,"",,,"No",,,,,,,
"94-38-82-64","No","",,,,,,,,,,,,,"",,,"No",,,,,,,
"32-40-73-26","No","",,,,,,,,,,,,,"",,,"No",,,,,,,
"27-85-21-15","No","",,,,,,,,,,,,,"",,,"No",,,,,,,
"31-68-89-01","No","",,,,,,,,,,,,,"",,,"No",,,,,,,
"72-31-90-61","No","",,,,,,,,,,,,,"",,,"Yes",7,"No","No","Yes","No",,
"80-54-37-07","No","",,,,,,,,,,,,,"",,,"No",,,,,,,
"36-19-32-95","Yes","Sikunga Conservancy","Yes","No","No","No","No","Yes","Neutral (or no effect)","Neutral (or no effect)","No",0,,"No","","Very dissatisfied","Less than once a month","No",,,,,,,
"75-71-40-40","No","",,,,,,,,,,,,,"",,,"Yes",3,"Yes","No","No","No",,
"37-54-02-07","Yes","Sambala conservancy","Yes","No","No","No","No","Yes","Positive effect","Positive effect","No",2,,"No","","Neither","Never","No",,,,,,,
"60-74-79-59","No","",,,,,,,,,,,,,"",,,"No",,,,,,,
"96-89-11-69","No","",,,,,,,,,,,,,"",,,"No",,,,,,,
"44-81-28-86","No","",,,,,,,,,,,,,"",,,"No",,,,,,,
"33-26-68-81","No","",,,,,,,,,,,,,"",,,"No",,,,,,,
"12-27-31-91","Yes","Mahe Conservancy","Yes","No","No","No","No","Yes","Neutral (or no effect)","Neutral (or no effect)","No",0,,"No","","Neither","More than once per month","No",,,,,,,
"44-39-19-46","Yes","Salambala conservancy","Yes","No","No","No","No","Yes","Positive effect","Positive effect","No",2,,"No","","Satisfied","More than once per month","No",,,,,,,
"19-73-20-43","No","",,,,,,,,,,,,,"",,,"Yes",7,"Yes","No","Yes","No",,
"86-42-35-25","No","",,,,,,,,,,,,,"",,,"Yes",2,"Yes","No","Yes","No",,
"21-53-70-02","Yes","Salambala conservancy","Yes","No","No","No","No","Yes","Very negative effect","Very negative effect","No",0,,"No","","Very dissatisfied","Less than once a month","Yes",4,"Yes","No","No","No",,
"36-25-22-73","No","",,,,,,,,,,,,,"",,,"No",,,,,,,
"61-61-32-11","No","",,,,,,,,,,,,,"",,,"No",,,,,,,
"57-36-34-63","No","",,,,,,,,,,,,,"",,,"Yes",2,"Yes","No","No","No",,
"53-72-73-00","No","",,,,,,,,,,,,,"",,,"No",,,,,,,
"33-70-72-42","No","",,,,,,,,,,,,,"",,,"No",,,,,,,
"52-18-64-85","No","",,,,,,,,,,,,,"",,,"Yes",2,"Yes","No","No","No",,
"42-07-25-32","No","",,,,,,,,,,,,,"",,,"No",,,,,,,
"39-53-01-83","No","",,,,,,,,,,,,,"",,,"Yes",2,"Yes","No","No","No",,
"33-51-31-80","No","",,,,,,,,,,,,,"",,,"No",,,,,,,
"94-39-43-68","No","",,,,,,,,,,,,,"",,,"No",,,,,,,
"03-54-18-25","No","",,,,,,,,,,,,,"",,,"No",,,,,,,
"27-58-94-59","No","",,,,,,,,,,,,,"",,,"No",,,,,,,
"33-86-19-67","No","",,,,,,,,,,,,,"",,,"No",,,,,,,
"09-53-75-86","No","",,,,,,,,,,,,,"",,,"No",,,,,,,
"85-34-92-87","No","",,,,,,,,,,,,,"",,,"Yes",1,"No","No","Yes","No",,
"75-94-09-47","Yes","Salambala Conservancy","Yes","No","Yes","No","No","No","Neutral (or no effect)","Neutral (or no effect)",,,,,"",,,"No",,,,,,,
"84-71-43-61","No","",,,,,,,,,,,,,"",,,"No",,,,,,,
"07-42-93-10","No","",,,,,,,,,,,,,"",,,"No",,,,,,,
"06-11-12-17","No","",,,,,,,,,,,,,"",,,"No",,,,,,,
"15-55-21-38","No","",,,,,,,,,,,,,"",,,"Yes",1,"Yes","No","No","No",,
"61-89-87-62","No","",,,,,,,,,,,,,"",,,"No",,,,,,,
"05-53-30-00","No","",,,,,,,,,,,,,"",,,"No",,,,,,,
"00-18-71-95","No","",,,,,,,,,,,,,"",,,"Yes",3,"No","No","Yes","No",,
"93-03-74-23","No","",,,,,,,,,,,,,"",,,"No",,,,,,,
"98-02-00-97","Yes","Salambala Conservancy","Yes","No","No","No","No","Yes","Positive effect","Neutral (or no effect)","No",0,,"No","","Neither","Less than once a month","No",,,,,,,
"39-55-54-03","No","",,,,,,,,,,,,,"",,,"No",,,,,,,
"55-64-77-57","Yes","salambala conservancy","Yes","No","No","No","No","No","Negative effect","Negative effect",,,,,"",,,"No",,,,,,,
"12-97-85-94","No","",,,,,,,,,,,,,"",,,"No",,,,,,,
"85-58-05-93","No","",,,,,,,,,,,,,"",,,"No",,,,,,,
"36-06-01-35","No","",,,,,,,,,,,,,"",,,"No",,,,,,,
"11-36-65-74","Yes","Lusese Conservancy","Yes","No","No","No","No","Yes","Neutral (or no effect)","Neutral (or no effect)","No",1,1,"No","","dissatisfied","Never","No",,,,,,,
"87-74-62-05","No","",,,,,,,,,,,,,"",,,"No",,,,,,,
"74-09-83-15","Yes","Lusese Conservancy","Yes","No","No","No","No","Yes","Positive effect","Positive effect","No",0,,"No","","Neither","Less than once a month","No",,,,,,,
"99-86-29-88","Yes","Salambala Conservancy","Yes","No","Yes","No","No","Yes","Very positive effect","Very positive effect","No",1,2,"No","","Very dissatisfied","Less than once a month","Yes",12,"Yes","No","No","No",,
"10-97-13-34","No","",,,,,,,,,,,,,"",,,"No",,,,,,,
"53-72-96-12","No","",,,,,,,,,,,,,"",,,"No",,,,,,,
"22-21-62-20","No","",,,,,,,,,,,,,"",,,"No",,,,,,,
"64-31-79-16","Yes","Salambala","Yes","No","No","No","No","Yes","Neutral (or no effect)","Neutral (or no effect)","No",2,,"No","","Satisfied","Less than once a month","No",,,,,,,
"01-18-26-42","No","",,,,,,,,,,,,,"",,,"No",,,,,,,
"82-55-52-94","No","",,,,,,,,,,,,,"",,,"No",,,,,,,
"19-07-40-38","No","",,,,,,,,,,,,,"",,,"No",,,,,,,
"65-17-55-88","No","",,,,,,,,,,,,,"",,,"No",,,,,,,
"71-44-93-64","No","",,,,,,,,,,,,,"",,,"Yes",1,"Yes","No","No","No",,
"34-19-14-62","No","",,,,,,,,,,,,,"",,,"Yes",20,"No","No","Yes","No",,
"22-51-06-37","No","",,,,,,,,,,,,,"",,,"No",,,,,,,
"27-70-53-20","Yes","Salambala conservancy","Yes","No","No","No","No","Yes","Very negative effect","Very negative effect","No",0,,"No","","Very dissatisfied","Never","No",,,,,,,
"98-81-19-82","No","",,,,,,,,,,,,,"",,,"No",,,,,,,
"39-67-03-82","No","",,,,,,,,,,,,,"",,,"No",,,,,,,
"46-14-07-81","No","",,,,,,,,,,,,,"",,,"No",,,,,,,
