interview__key,r_members__id,prosopis_use,prosopis_use_rank,income_use_1,who
"01-51-99-07",1,"As a shade against the sun",1,,1
"01-51-99-07",1,"For firewood and charcoal production",2,5000,1
"01-51-99-07",1,"Wind protection (prevent whirl winds)",3,,1
"39-75-97-43",1,"As a shade against the sun",1,,1
"39-75-97-43",1,"For firewood and charcoal production",3,2000,1
"39-75-97-43",1,"Fencing and building materials",2,0,1
"11-52-82-38",2,"For firewood and charcoal production",1,1000,1
"11-52-82-38",2,"Fencing and building materials",2,0,1
"11-52-82-38",8,"For firewood and charcoal production",1,0,1
"19-06-13-08",1,"As a shade against the sun",1,,1
"74-04-26-51",1,"For firewood and charcoal production",1,0,2
"37-83-74-10",1,"As a shade against the sun",1,,1
"37-83-74-10",1,"For firewood and charcoal production",2,0,1
"37-83-74-10",2,"As a shade against the sun",1,,1
"39-40-38-02",1,"For firewood and charcoal production",2,2500,1
"39-40-38-02",1,"Fencing and building materials",1,0,1
"39-40-38-02",1,"Soil and water conservation",3,,1
"39-40-38-02",2,"For firewood and charcoal production",1,0,2
"14-71-87-39",2,"As a shade against the sun",1,,2
"14-71-87-39",2,"For firewood and charcoal production",3,20000,2
"14-71-87-39",2,"Wind protection (prevent whirl winds)",2,,1
"86-00-55-84",2,"As a shade against the sun",1,,1
"86-00-55-84",2,"For firewood and charcoal production",2,15000,1
"86-00-55-84",2,"Fencing and building materials",3,0,1
"76-73-19-09",1,"For firewood and charcoal production",1,0,1
"76-73-19-09",2,"For firewood and charcoal production",1,0,1
"53-00-83-03",1,"For firewood and charcoal production",1,0,2
"70-80-16-39",2,"For firewood and charcoal production",1,0,2
"70-80-16-39",2,"Fencing and building materials",2,0,1
"70-80-16-39",4,"As a shade against the sun",1,,2
"70-80-16-39",4,"For firewood and charcoal production",2,0,2
"70-80-16-39",4,"Fencing and building materials",3,0,1
"11-00-74-85",1,"For firewood and charcoal production",1,0,2
"11-00-74-85",1,"Fencing and building materials",2,0,1
"11-00-74-85",2,"As a shade against the sun",3,,1
"11-00-74-85",2,"For firewood and charcoal production",2,0,4
"11-00-74-85",2,"Fencing and building materials",1,0,1
"16-44-32-23",1,"As a shade against the sun",1,,1
"16-44-32-23",1,"For firewood and charcoal production",2,0,2
"16-44-32-23",2,"For firewood and charcoal production",1,0,2
"49-09-04-04",2,"As a shade against the sun",1,,1
"49-09-04-04",2,"For firewood and charcoal production",2,500,1
"49-09-04-04",2,"Wind protection (prevent whirl winds)",3,,1
"33-01-13-01",1,"For firewood and charcoal production",1,16000,1
"33-01-13-01",2,"For firewood and charcoal production",2,6000,1
"33-01-13-01",2,"Fencing and building materials",1,0,1
"79-39-40-36",1,"As a shade against the sun",1,,1
"65-53-51-27",1,"For firewood and charcoal production",1,0,1
"65-53-51-27",1,"Fencing and building materials",2,0,1
"64-11-62-56",1,"For firewood and charcoal production",1,0,3
"64-11-62-56",1,"Fencing and building materials",2,0,1
"64-11-62-56",3,"As a shade against the sun",1,,1
"64-11-62-56",3,"For firewood and charcoal production",2,0,3
"64-11-62-56",3,"Fencing and building materials",3,0,1
"79-53-04-50",2,"As a shade against the sun",2,,2
"79-53-04-50",2,"For firewood and charcoal production",1,20000,2
"79-53-04-50",2,"Fencing and building materials",3,0,1
"14-13-86-20",2,"As a shade against the sun",1,,1
"14-13-86-20",2,"For firewood and charcoal production",2,14000,1
"14-13-86-20",2,"Fencing and building materials",3,0,1
"19-99-67-92",1,"As a shade against the sun",1,,1
"19-99-67-92",1,"For firewood and charcoal production",2,0,1
"19-99-67-92",1,"As animal fodder",3,0,1
"65-80-65-49",1,"For firewood and charcoal production",1,72000,1
"65-80-65-49",1,"Fencing and building materials",2,0,1
"08-76-57-31",1,"As a shade against the sun",2,,2
"08-76-57-31",1,"For firewood and charcoal production",1,48000,1
"08-76-57-31",1,"Fencing and building materials",3,0,1
"08-76-57-31",2,"As a shade against the sun",1,,2
"08-76-57-31",2,"For firewood and charcoal production",2,20000,1
"08-76-57-31",2,"Fencing and building materials",3,0,1
"99-46-97-26",1,"For firewood and charcoal production",2,0,2
"99-46-97-26",1,"Fencing and building materials",1,0,1
"76-21-46-00",1,"For firewood and charcoal production",2,0,1
"76-21-46-00",1,"Fencing and building materials",1,0,2
"76-21-46-00",2,"As a shade against the sun",1,,2
"76-21-46-00",2,"For firewood and charcoal production",2,0,1
"76-21-46-00",2,"Fencing and building materials",3,0,2
"63-02-11-31",1,"For firewood and charcoal production",2,0,2
"63-02-11-31",1,"Fencing and building materials",1,0,1
"63-02-11-31",2,"For firewood and charcoal production",2,0,2
"63-02-11-31",2,"Fencing and building materials",1,0,1
"52-10-39-37",2,"Nothing, no use for me",1,,1
"52-10-39-37",3,"Nothing, no use for me",1,,1
"57-47-06-86",1,"Nothing, no use for me",1,,1
"57-47-06-86",3,"Nothing, no use for me",1,,1
"48-53-15-07",1,"Nothing, no use for me",1,,1
"48-53-15-07",2,"Nothing, no use for me",1,,1
"44-97-24-07",1,"As a shade against the sun",2,,1
"44-97-24-07",1,"For firewood and charcoal production",3,12000,2
"44-97-24-07",1,"Fencing and building materials",1,0,1
"44-97-24-07",2,"As a shade against the sun",3,,1
"44-97-24-07",2,"For firewood and charcoal production",1,0,2
"44-97-24-07",2,"Fencing and building materials",2,0,1
"98-91-04-48",1,"As a shade against the sun",1,,1
"98-91-04-48",1,"For firewood and charcoal production",2,0,1
"98-91-04-48",2,"As a shade against the sun",1,,1
"35-78-11-70",1,"As a shade against the sun",1,,1
"35-78-11-70",1,"For firewood and charcoal production",2,0,1
"35-78-11-70",1,"Fencing and building materials",3,0,1
"75-25-98-04",1,"As a shade against the sun",1,,1
"75-25-98-04",1,"For firewood and charcoal production",2,0,1
"75-25-98-04",1,"Fencing and building materials",3,0,1
"09-00-12-98",2,"For firewood and charcoal production",1,5000,2
"09-00-12-98",2,"Fencing and building materials",2,0,2
"09-00-12-98",2,"As animal fodder",3,0,2
"13-38-59-03",1,"For firewood and charcoal production",1,0,1
"13-38-59-03",1,"Fencing and building materials",2,0,1
"13-38-59-03",1,"Soil and water conservation",3,,1
"26-77-14-31",1,"As a shade against the sun",3,,1
"26-77-14-31",1,"For firewood and charcoal production",1,36000,1
"26-77-14-31",1,"Fencing and building materials",2,0,1
"04-52-21-75",1,"As a shade against the sun",1,,1
"04-52-21-75",1,"For firewood and charcoal production",2,0,2
"04-52-21-75",1,"Fencing and building materials",3,3000,1
"04-52-21-75",2,"As a shade against the sun",1,,3
"04-52-21-75",2,"For firewood and charcoal production",2,0,1
"04-52-21-75",2,"Wind protection (prevent whirl winds)",3,,1
"49-10-89-14",1,"As a shade against the sun",1,,1
"49-10-89-14",1,"For firewood and charcoal production",2,20000,1
"49-10-89-14",1,"Wind protection (prevent whirl winds)",3,,1
"49-10-89-14",2,"For firewood and charcoal production",1,10000,1
"49-10-89-14",2,"Source of  Hired labour for my additional income",2,5000,1
"15-13-85-83",1,"For firewood and charcoal production",2,0,1
"15-13-85-83",1,"Fencing and building materials",1,0,1
"15-13-85-83",2,"As a shade against the sun",2,,1
"15-13-85-83",2,"For firewood and charcoal production",1,0,2
"81-99-34-25",1,"For firewood and charcoal production",1,0,1
"96-35-08-20",2,"For firewood and charcoal production",1,5000,1
"96-35-08-20",2,"Fencing and building materials",2,0,1
"78-02-12-77",1,"For firewood and charcoal production",1,50000,2
"78-02-12-77",1,"Fencing and building materials",2,0,1
"78-02-12-77",2,"As a shade against the sun",3,,2
"78-02-12-77",2,"For firewood and charcoal production",1,35000,2
"78-02-12-77",2,"Fencing and building materials",2,0,1
"66-37-18-93",1,"As a shade against the sun",3,,1
"66-37-18-93",1,"For firewood and charcoal production",2,0,2
"66-37-18-93",1,"Fencing and building materials",1,0,1
"66-37-18-93",2,"As a shade against the sun",1,,1
"66-37-18-93",2,"For firewood and charcoal production",2,0,2
"66-37-18-93",2,"Fencing and building materials",3,0,1
"77-89-79-33",2,"For firewood and charcoal production",1,3000,2
"77-89-79-33",2,"Fencing and building materials",2,0,2
"77-89-79-33",2,"Wind protection (prevent whirl winds)",3,,1
"09-97-47-73",2,"As a shade against the sun",1,,1
"09-97-47-73",2,"For firewood and charcoal production",2,0,2
"92-16-89-27",1,"For firewood and charcoal production",1,8000,1
"92-16-89-27",1,"Fencing and building materials",2,0,1
"01-28-41-84",1,"As a shade against the sun",1,,1
"01-28-41-84",1,"For firewood and charcoal production",2,60000,2
"01-28-41-84",1,"Fencing and building materials",3,0,1
"01-28-41-84",2,"As a shade against the sun",1,,1
"01-28-41-84",2,"For firewood and charcoal production",2,60000,2
"01-28-41-84",2,"Fencing and building materials",3,0,1
"23-46-40-42",1,"As a shade against the sun",1,,1
"23-46-40-42",1,"For firewood and charcoal production",2,12000,3
"23-46-40-42",1,"Fencing and building materials",3,0,1
"23-46-40-42",3,"As a shade against the sun",1,,1
"23-46-40-42",3,"For firewood and charcoal production",2,12000,3
"23-46-40-42",3,"Fencing and building materials",3,0,1
"93-71-36-41",2,"As a shade against the sun",2,,1
"93-71-36-41",2,"For firewood and charcoal production",1,0,2
"40-07-12-46",1,"As a shade against the sun",1,,1
"40-07-12-46",1,"Wind protection (prevent whirl winds)",2,,1
"68-88-48-96",1,"As a shade against the sun",2,,1
"68-88-48-96",1,"Fencing and building materials",1,0,1
"68-88-48-96",2,"As a shade against the sun",3,,2
"68-88-48-96",2,"For firewood and charcoal production",1,0,2
"68-88-48-96",2,"Fencing and building materials",2,0,1
"86-70-18-69",2,"As a shade against the sun",3,,2
"86-70-18-69",2,"For firewood and charcoal production",1,0,2
"86-70-18-69",2,"Fencing and building materials",2,0,2
"96-32-88-00",1,"As a shade against the sun",1,,1
"96-32-88-00",1,"For firewood and charcoal production",2,0,2
"96-32-88-00",1,"Fencing and building materials",3,0,1
"96-32-88-00",2,"As a shade against the sun",1,,1
"96-32-88-00",2,"For firewood and charcoal production",2,0,2
"96-32-88-00",2,"Fencing and building materials",3,0,1
"05-61-96-62",2,"For firewood and charcoal production",1,30000,1
"05-61-96-62",2,"Fencing and building materials",2,0,1
"06-96-64-70",1,"As a shade against the sun",1,,1
"06-96-64-70",1,"For firewood and charcoal production",2,153600,1
"06-96-64-70",1,"Fencing and building materials",3,0,1
"06-96-64-70",2,"As a shade against the sun",1,,1
"06-96-64-70",2,"For firewood and charcoal production",2,153600,1
"06-96-64-70",2,"Fencing and building materials",3,0,1
"82-96-41-85",1,"As a shade against the sun",3,,1
"82-96-41-85",1,"For firewood and charcoal production",1,30000,1
"82-96-41-85",1,"Fencing and building materials",2,0,1
"82-96-41-85",2,"As a shade against the sun",3,,1
"82-96-41-85",2,"For firewood and charcoal production",1,25000,2
"82-96-41-85",2,"Fencing and building materials",2,0,1
"58-44-33-27",1,"For firewood and charcoal production",1,48000,1
"58-44-33-27",2,"Fencing and building materials",1,0,2
"88-25-56-87",1,"As a shade against the sun",1,,1
"88-25-56-87",1,"Fencing and building materials",2,0,1
"86-98-25-96",1,"As a shade against the sun",3,,1
"86-98-25-96",1,"For firewood and charcoal production",1,60000,1
"86-98-25-96",1,"Fencing and building materials",2,0,1
"86-98-25-96",2,"As a shade against the sun",3,,1
"86-98-25-96",2,"For firewood and charcoal production",1,60000,2
"86-98-25-96",2,"Fencing and building materials",2,0,1
"09-54-26-75",1,"As a shade against the sun",1,,1
"09-54-26-75",1,"For firewood and charcoal production",2,0,1
"09-54-26-75",1,"Fencing and building materials",3,0,1
"09-54-26-75",2,"As a shade against the sun",1,,1
"09-54-26-75",2,"For firewood and charcoal production",2,0,1
"09-54-26-75",2,"Fencing and building materials",3,0,1
"90-86-53-30",1,"For firewood and charcoal production",2,20000,2
"90-86-53-30",1,"Placing bee hives for honey production",1,0,2
"90-86-53-30",1,"Soil and water conservation",3,,2
"90-86-53-30",2,"As a shade against the sun",1,,1
"90-86-53-30",2,"For firewood and charcoal production",2,0,2
"90-86-53-30",2,"Placing bee hives for honey production",3,0,2
"97-29-58-98",1,"As a shade against the sun",1,,1
"97-29-58-98",1,"For firewood and charcoal production",2,0,1
"97-29-58-98",1,"Fencing and building materials",3,0,1
"51-48-94-50",2,"As a shade against the sun",1,,2
"51-48-94-50",2,"For firewood and charcoal production",3,0,2
"51-48-94-50",2,"Fencing and building materials",2,0,2
"97-20-59-08",1,"As a shade against the sun",3,,1
"97-20-59-08",1,"For firewood and charcoal production",1,30000,1
"97-20-59-08",1,"Fencing and building materials",2,0,1
"21-43-02-41",1,"As a shade against the sun",1,,1
"21-43-02-41",1,"For firewood and charcoal production",2,0,1
"82-77-24-98",2,"As a shade against the sun",1,,3
"82-77-24-98",2,"For firewood and charcoal production",2,0,3
"82-77-24-98",2,"Fencing and building materials",3,0,3
"82-77-24-98",3,"As a shade against the sun",1,,3
"82-77-24-98",3,"For firewood and charcoal production",2,0,3
"82-77-24-98",3,"Fencing and building materials",3,0,3
"68-99-96-16",1,"As a shade against the sun",1,,6
"68-99-96-16",1,"Fencing and building materials",2,0,6
"68-99-96-16",1,"Wind protection (prevent whirl winds)",3,,6
"68-99-96-16",6,"As a shade against the sun",1,,6
"68-99-96-16",6,"For firewood and charcoal production",2,0,6
"68-99-96-16",6,"Fencing and building materials",3,0,6
"68-47-81-44",1,"As a shade against the sun",1,,1
"68-47-81-44",1,"For firewood and charcoal production",2,0,1
"36-96-75-03",2,"As a shade against the sun",1,,2
"36-96-75-03",2,"For firewood and charcoal production",2,0,2
"36-96-75-03",2,"Fencing and building materials",3,0,2
"08-94-02-07",1,"Wind protection (prevent whirl winds)",1,,1
"08-94-02-07",2,"Nothing, no use for me",1,,2
"09-64-46-58",2,"As a shade against the sun",1,,4
"09-64-46-58",2,"For firewood and charcoal production",2,5000,2
"09-64-46-58",2,"Fencing and building materials",3,1000,4
"09-64-46-58",4,"For firewood and charcoal production",1,1200,4
"09-64-46-58",4,"Fencing and building materials",2,1000,4
"09-64-46-58",4,"As animal fodder",3,1000,2
"19-38-28-96",2,"For firewood and charcoal production",1,0,2
"19-38-28-96",2,"Fencing and building materials",2,0,1
"55-65-07-83",1,"For firewood and charcoal production",1,0,2
"55-65-07-83",1,"Fencing and building materials",2,0,1
"55-65-07-83",2,"For firewood and charcoal production",1,0,2
"55-65-07-83",2,"Fencing and building materials",2,0,1
"30-73-95-73",1,"Fencing and building materials",1,0,1
"30-73-95-73",2,"Fencing and building materials",1,0,1
"81-01-27-26",1,"Fencing and building materials",1,0,1
"09-89-86-48",1,"As a shade against the sun",1,,1
"09-89-86-48",1,"For firewood and charcoal production",2,0,1
"09-89-86-48",1,"Fencing and building materials",3,0,1
"54-15-04-81",2,"As a shade against the sun",2,,1
"54-15-04-81",2,"For firewood and charcoal production",1,0,2
"54-15-04-81",2,"Fencing and building materials",3,0,1
"12-04-44-96",1,"As a shade against the sun",1,,2
"12-04-44-96",1,"For firewood and charcoal production",2,0,2
"12-04-44-96",1,"Fencing and building materials",3,0,1
"12-04-44-96",2,"As a shade against the sun",3,,2
"12-04-44-96",2,"For firewood and charcoal production",1,0,2
"12-04-44-96",2,"Fencing and building materials",2,0,1
"26-04-59-05",1,"As a shade against the sun",1,,1
"26-04-59-05",1,"For firewood and charcoal production",2,100000,2
"26-04-59-05",1,"Fencing and building materials",3,0,1
"98-27-33-85",1,"For firewood and charcoal production",2,0,2
"98-27-33-85",1,"Fencing and building materials",1,0,1
"98-27-33-85",1,"As animal fodder",3,0,3
"98-27-33-85",2,"For firewood and charcoal production",1,0,2
"98-27-33-85",2,"Fencing and building materials",2,0,1
"65-84-88-76",1,"As a shade against the sun",1,,1
"65-84-88-76",1,"Soil and water conservation",2,,1
"68-07-50-59",2,"As a shade against the sun",3,,1
"68-07-50-59",2,"For firewood and charcoal production",1,0,2
"68-07-50-59",2,"Fencing and building materials",2,0,1
"97-59-33-64",1,"For firewood and charcoal production",2,0,2
"97-59-33-64",1,"Fencing and building materials",1,0,1
"97-59-33-64",2,"For firewood and charcoal production",1,0,2
"97-59-33-64",2,"Fencing and building materials",2,0,1
"62-96-19-75",1,"As a shade against the sun",2,,1
"62-96-19-75",1,"For firewood and charcoal production",3,0,1
"62-96-19-75",1,"As animal fodder",1,0,1
"62-96-19-75",2,"As a shade against the sun",1,,1
"62-96-19-75",2,"For firewood and charcoal production",2,0,1
"62-96-19-75",2,"As animal fodder",3,0,1
"41-87-52-98",1,"As a shade against the sun",1,,1
"33-41-86-29",1,"As a shade against the sun",3,,2
"33-41-86-29",1,"For firewood and charcoal production",1,60000,1
"33-41-86-29",1,"Fencing and building materials",2,2000,1
"33-41-86-29",2,"As a shade against the sun",2,,2
"33-41-86-29",2,"For firewood and charcoal production",1,10000,2
"33-41-86-29",2,"Fencing and building materials",3,0,1
"32-86-73-25",1,"As a shade against the sun",3,,1
"32-86-73-25",1,"For firewood and charcoal production",1,72000,1
"32-86-73-25",1,"Fencing and building materials",2,3000,1
"15-89-37-89",1,"As a shade against the sun",3,,1
"15-89-37-89",1,"For firewood and charcoal production",1,48000,1
"15-89-37-89",1,"Fencing and building materials",2,0,1
"50-30-24-70",1,"As a shade against the sun",3,,1
"50-30-24-70",1,"For firewood and charcoal production",1,0,2
"50-30-24-70",1,"Fencing and building materials",2,0,1
"50-30-24-70",2,"As a shade against the sun",2,,1
"50-30-24-70",2,"For firewood and charcoal production",1,108000,1
"50-30-24-70",2,"Fencing and building materials",3,0,1
"73-01-79-27",2,"As a shade against the sun",2,,5
"73-01-79-27",2,"Fencing and building materials",1,0,2
"73-01-79-27",2,"Wind protection (prevent whirl winds)",3,,2
"73-01-79-27",5,"As a shade against the sun",1,,2
"73-01-79-27",5,"Fencing and building materials",2,0,2
"73-01-79-27",5,"As animal fodder",3,0,2
"69-39-88-08",2,"For firewood and charcoal production",2,50000,2
"69-39-88-08",2,"Fencing and building materials",1,0,1
"15-82-53-55",1,"As a shade against the sun",1,,1
"15-82-53-55",1,"For firewood and charcoal production",2,60000,2
"15-82-53-55",1,"Fencing and building materials",3,0,1
"46-71-69-87",1,"As a shade against the sun",1,,1
"46-71-69-87",1,"For firewood and charcoal production",2,0,1
"46-71-69-87",1,"Fencing and building materials",3,72000,1
"46-71-69-87",2,"For firewood and charcoal production",1,72000,1
"46-71-69-87",2,"Fencing and building materials",2,0,1
"05-64-42-77",1,"For firewood and charcoal production",1,10000,1
"05-64-42-77",1,"Placing bee hives for honey production",2,10000,1
"05-64-42-77",1,"Soil and water conservation",3,,1
"05-64-42-77",2,"For firewood and charcoal production",1,0,1
"05-64-42-77",2,"Fencing and building materials",2,15000,1
"05-64-42-77",2,"Wind protection (prevent whirl winds)",3,,1
"65-63-71-66",2,"For firewood and charcoal production",1,15000,1
"65-63-71-66",3,"As a shade against the sun",1,,1
"32-74-61-81",1,"For firewood and charcoal production",1,24000,1
"32-74-61-81",1,"Fencing and building materials",3,0,1
"32-74-61-81",1,"As animal fodder",2,0,1
"36-59-31-86",2,"For firewood and charcoal production",1,24000,2
"36-59-31-86",4,"For firewood and charcoal production",1,15000,2
"73-83-46-14",2,"For firewood and charcoal production",1,15000,2
"73-83-46-14",2,"Fencing and building materials",2,0,1
"07-04-05-10",1,"As a shade against the sun",3,,1
"07-04-05-10",1,"For firewood and charcoal production",1,20000,1
"07-04-05-10",1,"Fencing and building materials",2,0,1
"07-04-05-10",2,"As a shade against the sun",1,,1
"07-04-05-10",2,"For firewood and charcoal production",2,0,2
"07-04-05-10",2,"Fencing and building materials",3,0,1
"99-97-90-90",1,"As a shade against the sun",1,,1
"99-97-90-90",1,"For firewood and charcoal production",2,120000,1
"99-97-90-90",1,"Fencing and building materials",3,0,1
"99-97-90-90",2,"As a shade against the sun",1,,1
"99-97-90-90",2,"For firewood and charcoal production",3,120000,1
"99-97-90-90",2,"Fencing and building materials",2,0,1
"53-39-03-44",1,"As a shade against the sun",1,,1
"53-39-03-44",1,"For firewood and charcoal production",2,30000,1
"53-39-03-44",2,"As a shade against the sun",2,,2
"53-39-03-44",2,"For firewood and charcoal production",1,30000,2
"85-50-39-09",1,"As a shade against the sun",1,,1
"85-50-39-09",1,"For firewood and charcoal production",2,0,1
"85-50-39-09",1,"Fencing and building materials",3,0,1
"85-50-39-09",2,"As a shade against the sun",3,,1
"85-50-39-09",2,"For firewood and charcoal production",2,0,2
"85-50-39-09",2,"Fencing and building materials",1,0,1
"46-32-17-36",1,"As a shade against the sun",3,,1
"46-32-17-36",1,"For firewood and charcoal production",1,2500,1
"46-32-17-36",1,"Fencing and building materials",2,0,1
"46-32-17-36",2,"As a shade against the sun",1,,1
"46-32-17-36",2,"For firewood and charcoal production",2,2500,1
"46-32-17-36",2,"Fencing and building materials",3,0,2
"85-98-37-69",4,"As a shade against the sun",1,,4
"85-98-37-69",4,"For firewood and charcoal production",2,72000,4
"85-98-37-69",4,"Fencing and building materials",3,0,4
"85-98-37-69",10,"As a shade against the sun",3,,4
"85-98-37-69",10,"For firewood and charcoal production",2,0,10
"85-98-37-69",10,"Fencing and building materials",1,0,4
"65-26-91-15",1,"For firewood and charcoal production",1,32000,1
"65-26-91-15",1,"Fencing and building materials",2,0,1
"65-26-91-15",2,"For firewood and charcoal production",1,20000,1
"65-26-91-15",2,"Fencing and building materials",2,0,1
"65-45-62-39",1,"For firewood and charcoal production",1,25000,1
"65-45-62-39",1,"Fencing and building materials",2,0,1
"65-45-62-39",2,"As a shade against the sun",2,,2
"65-45-62-39",2,"For firewood and charcoal production",1,25000,1
"65-45-62-39",2,"Fencing and building materials",3,0,1
"47-59-10-25",2,"For firewood and charcoal production",1,0,2
"47-59-10-25",2,"Fencing and building materials",2,0,1
"49-70-00-09",2,"For firewood and charcoal production",1,18000,4
"49-70-00-09",2,"Wind protection (prevent whirl winds)",2,,4
"49-70-00-09",4,"For firewood and charcoal production",1,15000,4
"49-70-00-09",4,"Wind protection (prevent whirl winds)",2,,4
"49-70-00-09",4,"As animal fodder",3,0,4
"06-94-49-47",1,"For firewood and charcoal production",1,0,1
"06-94-49-47",1,"Fencing and building materials",2,0,2
"06-94-49-47",2,"For firewood and charcoal production",1,0,1
"06-94-49-47",2,"Fencing and building materials",2,0,1
"19-04-54-37",1,"As a shade against the sun",1,,1
"19-04-54-37",1,"For firewood and charcoal production",2,8000,2
"19-04-54-37",1,"Fencing and building materials",3,0,1
"19-04-54-37",2,"For firewood and charcoal production",1,8000,2
"19-04-54-37",2,"Fencing and building materials",2,0,1
"59-57-12-16",1,"For firewood and charcoal production",1,0,2
"59-57-12-16",2,"For firewood and charcoal production",1,0,2
"49-28-72-36",1,"As a shade against the sun",2,,1
"49-28-72-36",1,"For firewood and charcoal production",1,12000,1
"49-28-72-36",1,"Wind protection (prevent whirl winds)",3,,1
"49-28-72-36",2,"For firewood and charcoal production",1,12000,4
"49-28-72-36",2,"Fencing and building materials",2,0,1
"49-28-72-36",2,"Soil and water conservation",3,,2
"93-14-44-32",1,"As a shade against the sun",3,,1
"93-14-44-32",1,"For firewood and charcoal production",1,10000,1
"93-14-44-32",1,"Fencing and building materials",2,0,1
"93-14-44-32",2,"As a shade against the sun",3,,1
"93-14-44-32",2,"For firewood and charcoal production",1,3000,1
"93-14-44-32",2,"Fencing and building materials",2,0,1
"51-90-88-91",1,"As a shade against the sun",1,,1
"51-90-88-91",1,"For firewood and charcoal production",2,87000,4
"51-90-88-91",1,"Fencing and building materials",3,0,1
"51-90-88-91",4,"As a shade against the sun",1,,1
"51-90-88-91",4,"For firewood and charcoal production",2,87000,4
"51-90-88-91",4,"Fencing and building materials",3,0,1
"12-47-74-84",1,"As a shade against the sun",1,,1
"12-47-74-84",1,"For firewood and charcoal production",2,0,1
"12-47-74-84",1,"Fencing and building materials",3,0,1
"12-47-74-84",2,"Fencing and building materials",1,0,2
"61-66-59-51",2,"As a shade against the sun",1,,1
"61-66-59-51",2,"For firewood and charcoal production",2,50000,2
"61-66-59-51",2,"Fencing and building materials",3,0,1
"78-64-43-02",1,"As a shade against the sun",1,,2
"78-64-43-02",1,"For firewood and charcoal production",2,20000,1
"78-64-43-02",1,"Fencing and building materials",3,0,1
"78-64-43-02",2,"As a shade against the sun",1,,2
"78-64-43-02",2,"For firewood and charcoal production",2,20000,1
"03-23-67-97",1,"For firewood and charcoal production",1,10000,1
"03-23-67-97",1,"Fencing and building materials",2,0,1
"03-23-67-97",1,"Wind protection (prevent whirl winds)",3,,2
"03-23-67-97",2,"As a shade against the sun",3,,2
"03-23-67-97",2,"For firewood and charcoal production",1,10000,1
"03-23-67-97",2,"Soil and water conservation",2,,2
"84-81-25-13",1,"Nothing, no use for me",1,,1
"84-81-25-13",2,"For firewood and charcoal production",1,0,2
"92-08-97-62",1,"Nothing, no use for me",1,,1
"92-08-97-62",4,"For firewood and charcoal production",1,0,1
"59-21-82-77",1,"As a shade against the sun",1,,1
"59-21-82-77",1,"Wind protection (prevent whirl winds)",2,,1
"59-21-82-77",1,"As animal fodder",3,6000,1
"33-11-85-60",2,"For firewood and charcoal production",1,10000,2
"33-11-85-60",2,"Fencing and building materials",2,0,2
"33-11-85-60",2,"As animal fodder",3,0,2
"82-15-11-19",1,"As a shade against the sun",1,,1
"82-15-11-19",1,"Fencing and building materials",2,0,1
"82-15-11-19",2,"As a shade against the sun",1,,1
"82-15-11-19",2,"Fencing and building materials",2,0,1
"02-47-29-85",1,"As a shade against the sun",3,,1
"02-47-29-85",1,"For firewood and charcoal production",2,0,1
"02-47-29-85",1,"Fencing and building materials",1,0,1
"91-34-05-43",1,"As a shade against the sun",1,,3
"91-34-05-43",1,"For firewood and charcoal production",2,0,2
"91-34-05-43",2,"As a shade against the sun",1,,3
"91-34-05-43",2,"For firewood and charcoal production",2,0,2
"29-34-28-44",1,"For firewood and charcoal production",1,0,1
"29-34-28-44",1,"Fencing and building materials",2,0,1
"29-34-28-44",4,"As a shade against the sun",1,,4
"54-07-56-18",1,"For firewood and charcoal production",1,0,1
"54-07-56-18",1,"Wind protection (prevent whirl winds)",3,,1
"54-07-56-18",1,"As animal fodder",2,0,1
"89-44-00-22",1,"As a shade against the sun",1,,1
"89-44-00-22",1,"For firewood and charcoal production",2,0,2
"89-44-00-22",2,"As a shade against the sun",1,,1
"89-44-00-22",2,"For firewood and charcoal production",2,60000,2
"25-47-42-18",1,"As a shade against the sun",1,,1
"25-47-42-18",1,"For firewood and charcoal production",2,0,2
"25-47-42-18",1,"Fencing and building materials",3,0,2
"25-17-75-96",2,"As a shade against the sun",1,,1
"25-17-75-96",2,"For firewood and charcoal production",2,60000,2
"08-10-28-09",1,"As a shade against the sun",2,,1
"08-10-28-09",1,"For firewood and charcoal production",1,25000,1
"63-11-66-98",1,"For firewood and charcoal production",1,60000,1
"63-11-66-98",1,"Fencing and building materials",2,0,1
"90-89-89-25",1,"For firewood and charcoal production",1,4500,1
"90-89-89-25",1,"As animal fodder",2,2400,1
"90-89-89-25",2,"For firewood and charcoal production",2,4000,1
"90-89-89-25",2,"As animal fodder",1,3500,2
"37-73-98-41",1,"As a shade against the sun",1,,1
"37-73-98-41",1,"For firewood and charcoal production",2,0,1
"37-73-98-41",1,"Fencing and building materials",3,0,1
"48-88-82-47",1,"For firewood and charcoal production",1,0,1
"48-88-82-47",1,"Fencing and building materials",2,0,1
"44-96-14-86",1,"As a shade against the sun",2,,1
"44-96-14-86",1,"For firewood and charcoal production",3,0,1
"44-96-14-86",1,"Fencing and building materials",1,0,2
"44-96-14-86",2,"As a shade against the sun",2,,1
"44-96-14-86",2,"Fencing and building materials",1,0,2
"47-83-83-86",1,"For firewood and charcoal production",1,5000,1
"47-83-83-86",1,"Soil and water conservation",2,,1
"47-83-83-86",2,"As a shade against the sun",1,,1
"79-40-96-41",2,"As a shade against the sun",1,,3
"79-40-96-41",2,"For firewood and charcoal production",2,30000,3
"79-40-96-41",2,"Fencing and building materials",3,0,3
"79-40-96-41",3,"As a shade against the sun",1,,3
"79-40-96-41",3,"For firewood and charcoal production",3,30000,3
"79-40-96-41",3,"Fencing and building materials",2,0,3
"63-23-35-27",1,"As a shade against the sun",3,,1
"63-23-35-27",1,"For firewood and charcoal production",1,0,2
"63-23-35-27",1,"Fencing and building materials",2,0,1
"63-23-35-27",2,"As a shade against the sun",3,,1
"63-23-35-27",2,"For firewood and charcoal production",1,0,2
"63-23-35-27",2,"Fencing and building materials",2,0,1
"93-87-16-02",1,"For firewood and charcoal production",1,10000,1
"93-87-16-02",1,"As animal fodder",2,3000,1
"93-87-16-02",2,"As a shade against the sun",2,,2
"93-87-16-02",2,"As animal fodder",1,1500,2
"65-31-14-31",2,"As a shade against the sun",1,,1
"65-31-14-31",2,"For firewood and charcoal production",2,0,2
"65-31-14-31",2,"Fencing and building materials",3,0,1
"08-44-37-94",1,"As a shade against the sun",2,,2
"08-44-37-94",1,"For firewood and charcoal production",1,300,1
"08-44-37-94",1,"As animal fodder",3,2000,1
"08-44-37-94",2,"For firewood and charcoal production",1,3000,1
"08-44-37-94",2,"Wind protection (prevent whirl winds)",2,,2
"71-04-48-02",1,"For firewood and charcoal production",1,4600,1
"71-04-48-02",1,"Fencing and building materials",3,0,1
"71-04-48-02",1,"As animal fodder",2,3000,1
"24-04-95-50",1,"As a shade against the sun",1,,3
"24-04-95-50",1,"For firewood and charcoal production",2,0,2
"24-04-95-50",1,"Fencing and building materials",3,0,3
"11-10-12-08",1,"For firewood and charcoal production",1,0,1
"97-63-71-09",1,"As a shade against the sun",1,,1
"97-63-71-09",1,"For firewood and charcoal production",3,0,2
"97-63-71-09",1,"Fencing and building materials",2,0,1
"97-63-71-09",2,"As a shade against the sun",2,,1
"97-63-71-09",2,"For firewood and charcoal production",1,0,2
"97-63-71-09",2,"Fencing and building materials",3,0,1
"11-29-74-23",1,"As a shade against the sun",2,,2
"11-29-74-23",1,"For firewood and charcoal production",1,48000,1
"11-29-74-23",1,"Fencing and building materials",3,0,1
"11-29-74-23",2,"As a shade against the sun",2,,2
"11-29-74-23",2,"For firewood and charcoal production",1,48000,1
"11-29-74-23",2,"Fencing and building materials",3,0,1
"59-89-68-30",1,"As a shade against the sun",3,,1
"59-89-68-30",1,"For firewood and charcoal production",1,40000,1
"59-89-68-30",1,"Fencing and building materials",2,0,1
"59-89-68-30",2,"As a shade against the sun",2,,1
"59-89-68-30",2,"For firewood and charcoal production",1,40000,1
"59-89-68-30",2,"Fencing and building materials",3,0,1
"22-38-73-99",1,"As a shade against the sun",1,,1
"22-38-73-99",1,"For firewood and charcoal production",2,4000,1
"22-38-73-99",1,"Fencing and building materials",3,0,1
"81-14-42-85",1,"As a shade against the sun",2,,1
"81-14-42-85",1,"For firewood and charcoal production",1,45000,1
"81-14-42-85",1,"Fencing and building materials",3,0,1
"47-75-71-27",1,"For firewood and charcoal production",1,0,2
"47-75-71-27",1,"Fencing and building materials",2,0,2
"47-75-71-27",1,"Source of  Hired labour for my additional income",3,0,2
"47-75-71-27",2,"For firewood and charcoal production",1,2500,2
"47-75-71-27",2,"Fencing and building materials",2,2000,2
"47-75-71-27",2,"Source of  Hired labour for my additional income",3,3000,2
"45-92-75-89",1,"For firewood and charcoal production",1,0,2
"45-92-75-89",1,"Fencing and building materials",2,0,1
"45-92-75-89",1,"As animal fodder",3,0,1
"45-92-75-89",2,"For firewood and charcoal production",1,0,2
"45-92-75-89",2,"Fencing and building materials",2,0,1
"45-92-75-89",2,"As animal fodder",3,0,1
"64-51-39-39",2,"For firewood and charcoal production",1,0,3
"64-51-39-39",2,"As animal fodder",2,0,2
"64-51-39-39",3,"As a shade against the sun",3,,1
"64-51-39-39",3,"For firewood and charcoal production",1,12000,3
"64-51-39-39",3,"Fencing and building materials",2,0,3
"95-09-61-15",1,"As a shade against the sun",3,,1
"95-09-61-15",1,"For firewood and charcoal production",1,25000,1
"95-09-61-15",1,"Fencing and building materials",2,5000,1
"95-09-61-15",2,"For firewood and charcoal production",1,25000,2
"95-09-61-15",2,"As animal fodder",2,1500,2
"67-27-36-61",1,"As a shade against the sun",1,,1
"67-27-36-61",1,"For firewood and charcoal production",2,0,1
"67-27-36-61",1,"Fencing and building materials",3,0,1
"99-17-74-11",1,"As a shade against the sun",1,,1
"99-17-74-11",1,"For firewood and charcoal production",2,0,1
"99-17-74-11",1,"Fencing and building materials",3,0,1
"10-77-75-51",1,"For firewood and charcoal production",1,26000,1
"10-77-75-51",1,"Fencing and building materials",3,0,4
"10-77-75-51",1,"As animal fodder",2,0,1
"87-56-56-81",1,"As a shade against the sun",1,,1
"87-56-56-81",1,"For firewood and charcoal production",3,38400,1
"87-56-56-81",1,"Fencing and building materials",2,0,1
"87-56-56-81",2,"As a shade against the sun",1,,1
"87-56-56-81",2,"For firewood and charcoal production",2,38400,1
"87-56-56-81",2,"Fencing and building materials",3,0,1
"51-19-72-02",1,"For firewood and charcoal production",1,20000,1
"51-19-72-02",1,"Fencing and building materials",2,0,1
"51-19-72-02",2,"As a shade against the sun",2,,1
"51-19-72-02",2,"For firewood and charcoal production",1,20000,2
"51-19-72-02",2,"Fencing and building materials",3,0,1
"35-77-55-36",2,"As a shade against the sun",2,,3
"35-77-55-36",2,"For firewood and charcoal production",1,24000,2
"35-77-55-36",2,"Fencing and building materials",3,0,3
"60-19-93-23",1,"As a shade against the sun",1,,6
"60-19-93-23",1,"For firewood and charcoal production",2,0,2
"60-19-93-23",1,"Fencing and building materials",3,0,1
"13-61-09-88",2,"For firewood and charcoal production",1,0,2
"13-61-09-88",2,"Fencing and building materials",2,0,2
"53-58-51-62",1,"For firewood and charcoal production",1,0,1
"23-78-50-31",1,"For firewood and charcoal production",1,0,1
"89-68-31-84",1,"As a shade against the sun",2,,2
"89-68-31-84",1,"For firewood and charcoal production",1,30000,1
"89-68-31-84",2,"As a shade against the sun",2,,2
"89-68-31-84",2,"For firewood and charcoal production",1,30000,1
"04-71-60-91",2,"As a shade against the sun",3,,1
"04-71-60-91",2,"For firewood and charcoal production",1,0,2
"04-71-60-91",2,"Fencing and building materials",2,0,1
"50-74-95-60",2,"For firewood and charcoal production",2,6000,2
"50-74-95-60",2,"Fencing and building materials",3,0,1
"50-74-95-60",2,"As animal fodder",1,0,2
"36-65-12-21",2,"As a shade against the sun",1,,1
"36-65-12-21",2,"For firewood and charcoal production",2,0,1
"07-91-23-12",1,"As a shade against the sun",2,,1
"07-91-23-12",1,"For firewood and charcoal production",1,0,1
"07-91-23-12",1,"Fencing and building materials",3,0,1
"46-43-23-18",2,"As a shade against the sun",1,,1
"46-43-23-18",2,"For firewood and charcoal production",2,0,2
"46-43-23-18",2,"Fencing and building materials",3,0,1
"48-70-52-60",1,"As a shade against the sun",3,,1
"48-70-52-60",1,"For firewood and charcoal production",1,35000,1
"48-70-52-60",1,"Source of  Hired labour for my additional income",2,5000,1
"48-70-52-60",2,"As a shade against the sun",2,,1
"48-70-52-60",2,"For firewood and charcoal production",1,5000,2
"48-70-52-60",2,"As animal fodder",3,2000,2
"64-66-30-53",1,"For firewood and charcoal production",2,0,1
"64-66-30-53",1,"Fencing and building materials",1,0,1
"07-19-59-75",1,"As a shade against the sun",1,,4
"07-19-59-75",1,"Fencing and building materials",2,0,2
"07-19-59-75",2,"As a shade against the sun",1,,4
"07-19-59-75",2,"Fencing and building materials",2,0,2
"55-07-48-89",2,"For firewood and charcoal production",1,0,2
"55-07-48-89",2,"Fencing and building materials",2,0,1
"43-03-84-96",2,"As a shade against the sun",1,,2
"43-03-84-96",2,"For firewood and charcoal production",2,0,2
"43-03-84-96",2,"Fencing and building materials",3,0,2
"16-96-89-30",3,"As a shade against the sun",2,,1
"16-96-89-30",3,"For firewood and charcoal production",1,0,3
"16-96-89-30",3,"Fencing and building materials",3,0,1
"19-12-89-41",1,"For firewood and charcoal production",1,0,2
"19-12-89-41",1,"Fencing and building materials",2,0,1
"19-12-89-41",2,"For firewood and charcoal production",1,0,2
"19-12-89-41",2,"Fencing and building materials",2,0,1
"86-61-90-88",1,"As a shade against the sun",1,,3
"86-61-90-88",1,"For firewood and charcoal production",2,0,3
"86-61-90-88",1,"Fencing and building materials",3,0,3
"86-61-90-88",6,"As a shade against the sun",1,,3
"86-61-90-88",6,"For firewood and charcoal production",2,0,3
"86-61-90-88",6,"Fencing and building materials",3,0,3
"02-81-96-02",1,"For firewood and charcoal production",1,0,2
"02-81-96-02",2,"For firewood and charcoal production",1,0,2
"08-37-41-83",1,"As a shade against the sun",1,,1
"08-37-41-83",1,"Fencing and building materials",3,0,1
"08-37-41-83",1,"Wind protection (prevent whirl winds)",2,,1
"68-02-84-17",4,"As a shade against the sun",3,,1
"68-02-84-17",4,"For firewood and charcoal production",1,0,4
"68-02-84-17",4,"Fencing and building materials",2,0,1
"75-80-31-44",1,"For firewood and charcoal production",2,0,2
"75-80-31-44",1,"Fencing and building materials",1,0,1
"75-80-31-44",2,"For firewood and charcoal production",1,0,2
"75-80-31-44",2,"Fencing and building materials",2,0,1
"27-87-86-78",1,"As a shade against the sun",1,,2
"27-87-86-78",1,"For firewood and charcoal production",2,7000,1
"27-87-86-78",1,"As animal fodder",3,2000,3
"27-87-86-78",2,"As a shade against the sun",1,,2
"27-87-86-78",2,"Source of  Hired labour for my additional income",2,2000,2
"69-86-48-74",1,"As a shade against the sun",3,,1
"69-86-48-74",1,"For firewood and charcoal production",2,0,1
"69-86-48-74",1,"Fencing and building materials",1,0,1
"71-45-11-71",1,"For firewood and charcoal production",1,0,2
"71-45-11-71",1,"Fencing and building materials",2,0,1
"71-45-11-71",2,"For firewood and charcoal production",1,0,2
"71-45-11-71",2,"Fencing and building materials",2,0,1
"65-28-28-23",1,"As a shade against the sun",1,,4
"65-28-28-23",1,"For firewood and charcoal production",2,0,4
"65-28-28-23",1,"Fencing and building materials",3,0,4
"65-28-28-23",2,"As a shade against the sun",1,,2
"65-28-28-23",2,"For firewood and charcoal production",2,0,2
"65-28-28-23",2,"Fencing and building materials",3,0,2
"57-80-52-25",2,"For firewood and charcoal production",1,0,2
"57-80-52-25",2,"Fencing and building materials",2,0,1
"46-18-65-43",1,"Fencing and building materials",1,0,1
"46-18-65-43",2,"As a shade against the sun",2,,1
"46-18-65-43",2,"Fencing and building materials",1,0,1
"04-39-31-02",1,"For firewood and charcoal production",1,12500,1
"04-39-31-02",1,"Fencing and building materials",2,0,1
"04-39-31-02",1,"Wind protection (prevent whirl winds)",3,,1
"04-39-31-02",2,"As a shade against the sun",1,,1
"04-39-31-02",2,"For firewood and charcoal production",2,0,2
"04-39-31-02",2,"As animal fodder",3,2000,2
"95-71-10-81",1,"As a shade against the sun",1,,4
"95-71-10-81",1,"For firewood and charcoal production",2,0,3
"95-71-10-81",2,"As a shade against the sun",2,,2
"95-71-10-81",2,"For firewood and charcoal production",1,5000,2
"95-71-10-81",2,"Fencing and building materials",3,0,2
"14-26-58-26",1,"For firewood and charcoal production",1,0,1
"14-26-58-26",2,"As a shade against the sun",2,,1
"14-26-58-26",2,"For firewood and charcoal production",1,0,1
"89-62-46-70",1,"For firewood and charcoal production",1,24000,2
"89-62-46-70",2,"For firewood and charcoal production",1,24000,2
"33-07-96-51",2,"For firewood and charcoal production",1,0,2
"33-07-96-51",2,"Fencing and building materials",2,0,2
"33-07-96-51",2,"Wind protection (prevent whirl winds)",3,,2
"10-60-87-78",1,"As a shade against the sun",1,,1
"10-60-87-78",2,"Fencing and building materials",1,0,2
"27-67-11-74",2,"As a shade against the sun",3,,1
"27-67-11-74",2,"For firewood and charcoal production",1,25000,2
"27-67-11-74",2,"Fencing and building materials",2,0,1
"27-67-11-74",3,"As a shade against the sun",3,,1
"27-67-11-74",3,"For firewood and charcoal production",1,0,2
"27-67-11-74",3,"Fencing and building materials",2,0,1
"07-13-95-29",1,"As a shade against the sun",2,,1
"07-13-95-29",1,"For firewood and charcoal production",1,0,2
"07-13-95-29",1,"Fencing and building materials",3,0,1
"07-13-95-29",2,"As a shade against the sun",1,,1
"07-13-95-29",2,"For firewood and charcoal production",2,0,2
"07-13-95-29",2,"Fencing and building materials",3,0,1
"03-81-70-83",2,"For firewood and charcoal production",1,0,2
"03-81-70-83",2,"Fencing and building materials",2,0,1
"22-43-82-01",1,"For firewood and charcoal production",1,48000,1
"17-95-26-62",1,"Fencing and building materials",1,0,1
"86-23-74-18",2,"For firewood and charcoal production",1,0,2
"86-23-74-18",2,"Fencing and building materials",2,0,1
"90-10-35-11",1,"As a shade against the sun",2,,1
"90-10-35-11",1,"Fencing and building materials",1,0,1
"75-58-20-42",1,"For firewood and charcoal production",1,30000,1
"75-58-20-42",1,"Fencing and building materials",2,0,1
"75-58-20-42",1,"Wind protection (prevent whirl winds)",3,,1
"07-07-62-62",2,"As a shade against the sun",2,,1
"07-07-62-62",2,"For firewood and charcoal production",1,25000,2
"07-07-62-62",2,"Fencing and building materials",3,0,1
"95-10-30-55",1,"As a shade against the sun",2,,3
"95-10-30-55",1,"For firewood and charcoal production",1,30000,1
"95-10-30-55",1,"Fencing and building materials",3,0,3
"34-96-82-10",1,"As a shade against the sun",1,,1
"34-96-82-10",1,"For firewood and charcoal production",2,0,1
"34-96-82-10",1,"Fencing and building materials",3,0,1
"91-66-07-16",1,"For firewood and charcoal production",1,0,1
"91-66-07-16",1,"Fencing and building materials",2,0,1
"91-66-07-16",2,"For firewood and charcoal production",1,0,2
"91-66-07-16",2,"Wind protection (prevent whirl winds)",2,,1
"74-03-89-65",2,"As a shade against the sun",2,,5
"74-03-89-65",2,"For firewood and charcoal production",1,0,2
"66-39-11-55",1,"For firewood and charcoal production",1,2000,3
"66-39-11-55",1,"Fencing and building materials",2,0,3
"66-39-11-55",1,"Wind protection (prevent whirl winds)",3,,1
"66-39-11-55",2,"For firewood and charcoal production",1,0,2
"66-39-11-55",2,"Fencing and building materials",2,0,3
"66-39-11-55",2,"As animal fodder",3,600,2
"14-03-04-43",1,"As a shade against the sun",1,,1
"14-03-04-43",2,"As a shade against the sun",1,,1
"27-47-38-04",1,"As a shade against the sun",1,,1
"27-47-38-04",1,"For firewood and charcoal production",2,0,2
"27-47-38-04",1,"Fencing and building materials",3,0,1
"27-47-38-04",2,"As a shade against the sun",1,,1
"27-47-38-04",2,"For firewood and charcoal production",2,0,2
"27-47-38-04",2,"Fencing and building materials",3,0,1
"05-86-89-30",2,"As a shade against the sun",1,,1
"05-86-89-30",2,"For firewood and charcoal production",2,5000,1
"05-86-89-30",2,"Fencing and building materials",3,0,1
"05-86-89-30",3,"As a shade against the sun",1,,2
"05-86-89-30",3,"For firewood and charcoal production",2,0,3
"27-91-30-19",1,"Nothing, no use for me",1,,1
"27-91-30-19",2,"Nothing, no use for me",1,,2
"49-11-32-04",1,"As a shade against the sun",1,,2
"49-11-32-04",1,"For firewood and charcoal production",2,0,1
"49-11-32-04",1,"As animal fodder",3,0,2
"49-11-32-04",2,"As a shade against the sun",1,,2
"49-11-32-04",2,"For firewood and charcoal production",2,0,1
"49-11-32-04",2,"As animal fodder",3,0,2
"53-42-52-41",1,"Nothing, no use for me",1,,1
"62-58-98-18",1,"As a shade against the sun",1,,1
"10-26-36-54",1,"For firewood and charcoal production",1,0,1
"10-26-36-54",1,"Fencing and building materials",2,0,1
"10-26-36-54",2,"As a shade against the sun",3,,2
"10-26-36-54",2,"For firewood and charcoal production",2,0,2
"10-26-36-54",2,"Fencing and building materials",1,0,1
"29-40-66-47",1,"For firewood and charcoal production",1,10000,1
"29-40-66-47",1,"Fencing and building materials",2,0,1
"29-40-66-47",2,"As a shade against the sun",1,,2
"29-40-66-47",2,"For firewood and charcoal production",2,5000,1
"29-40-66-47",2,"Fencing and building materials",3,0,1
"18-40-35-80",1,"For firewood and charcoal production",2,0,2
"18-40-35-80",1,"Fencing and building materials",1,0,1
"18-40-35-80",1,"As animal fodder",3,0,1
"18-40-35-80",2,"As a shade against the sun",3,,6
"18-40-35-80",2,"For firewood and charcoal production",1,0,2
"18-40-35-80",2,"Fencing and building materials",2,0,1
"79-71-02-69",1,"As a shade against the sun",2,,2
"79-71-02-69",1,"For firewood and charcoal production",1,0,1
"79-71-02-69",1,"Fencing and building materials",3,0,2
"91-40-38-85",2,"Fencing and building materials",1,0,1
"29-88-28-45",1,"For firewood and charcoal production",1,0,1
"29-88-28-45",1,"Fencing and building materials",2,0,2
"29-88-28-45",2,"For firewood and charcoal production",1,0,1
"29-88-28-45",2,"Fencing and building materials",2,0,2
"56-67-61-31",1,"As a shade against the sun",1,,1
"76-83-42-25",2,"Fencing and building materials",1,0,1
"34-35-99-68",2,"As a shade against the sun",1,,2
"34-35-99-68",2,"For firewood and charcoal production",3,1200,2
"34-35-99-68",2,"Wind protection (prevent whirl winds)",2,,2
"34-35-99-68",6,"For firewood and charcoal production",1,0,6
"34-35-99-68",6,"Fencing and building materials",2,0,6
"34-35-99-68",6,"Wind protection (prevent whirl winds)",3,,2
"96-83-30-59",1,"Fencing and building materials",1,0,1
"96-83-30-59",2,"Fencing and building materials",1,0,1
"08-93-39-25",1,"As a shade against the sun",1,,1
"08-93-39-25",1,"For firewood and charcoal production",2,0,1
"08-93-39-25",1,"Fencing and building materials",3,0,1
"08-93-39-25",2,"As a shade against the sun",1,,1
"08-93-39-25",2,"For firewood and charcoal production",2,0,2
"08-93-39-25",2,"Fencing and building materials",3,0,1
"70-80-52-20",2,"For firewood and charcoal production",1,0,2
"16-61-64-98",1,"As a shade against the sun",3,,1
"16-61-64-98",1,"For firewood and charcoal production",1,0,1
"16-61-64-98",1,"Fencing and building materials",2,0,1
"39-38-75-31",1,"As a shade against the sun",1,,6
"39-38-75-31",1,"For firewood and charcoal production",2,0,1
"29-08-77-29",1,"For firewood and charcoal production",1,60000,1
"29-08-77-29",1,"Fencing and building materials",2,0,1
"29-08-77-29",1,"Other, specify",3,,1
"14-85-47-22",1,"As a shade against the sun",1,,1
"14-85-47-22",1,"For firewood and charcoal production",2,0,1
"14-85-47-22",1,"Fencing and building materials",3,0,2
"14-85-47-22",2,"As a shade against the sun",1,,2
"14-85-47-22",2,"For firewood and charcoal production",2,0,1
"14-85-47-22",2,"Fencing and building materials",3,0,1
"53-81-07-04",1,"For firewood and charcoal production",1,0,2
"53-81-07-04",1,"Fencing and building materials",2,0,2
"53-81-07-04",2,"Fencing and building materials",1,0,2
"53-81-07-04",2,"Placing bee hives for honey production",2,0,2
"44-56-27-24",2,"As a shade against the sun",1,,1
"44-56-27-24",2,"For firewood and charcoal production",2,60000,2
"44-56-27-24",2,"Fencing and building materials",3,0,1
"44-56-27-24",3,"As a shade against the sun",1,,1
"44-56-27-24",3,"For firewood and charcoal production",2,60000,2
"44-56-27-24",3,"Fencing and building materials",3,0,1
"67-01-06-94",1,"As a shade against the sun",3,,1
"67-01-06-94",1,"For firewood and charcoal production",1,24000,1
"67-01-06-94",1,"Fencing and building materials",2,0,1
"89-42-22-50",2,"For firewood and charcoal production",2,0,2
"89-42-22-50",2,"Fencing and building materials",1,0,1
"89-49-22-36",1,"As a shade against the sun",1,,1
"89-49-22-36",1,"For firewood and charcoal production",2,0,1
"89-49-22-36",1,"Fencing and building materials",3,0,1
"89-49-22-36",2,"As a shade against the sun",2,,2
"89-49-22-36",2,"For firewood and charcoal production",1,0,2
"89-49-22-36",2,"Fencing and building materials",3,0,1
"84-72-64-66",1,"Fencing and building materials",1,0,1
"84-72-64-66",2,"For firewood and charcoal production",1,0,2
"22-88-22-30",1,"As a shade against the sun",1,,1
"22-88-22-30",1,"For firewood and charcoal production",2,144000,1
"22-88-22-30",1,"Fencing and building materials",3,0,1
"21-75-94-85",1,"As a shade against the sun",1,,2
"21-75-94-85",1,"For firewood and charcoal production",2,0,1
"50-77-28-73",2,"As a shade against the sun",1,,1
"50-77-28-73",2,"For firewood and charcoal production",2,0,2
"42-38-30-13",2,"As a shade against the sun",3,,1
"42-38-30-13",2,"For firewood and charcoal production",1,20000,2
"42-38-30-13",2,"Fencing and building materials",2,0,1
"42-38-30-13",3,"As a shade against the sun",1,,1
"42-38-30-13",3,"For firewood and charcoal production",2,20000,2
"42-38-30-13",3,"Fencing and building materials",3,0,1
"49-72-13-69",1,"As a shade against the sun",3,,1
"49-72-13-69",1,"For firewood and charcoal production",1,144000,2
"49-72-13-69",1,"Fencing and building materials",2,0,2
"49-72-13-69",2,"For firewood and charcoal production",1,144000,2
"49-72-13-69",2,"Fencing and building materials",2,0,2
"72-23-50-93",2,"For firewood and charcoal production",1,0,2
"72-23-50-93",2,"Fencing and building materials",2,0,1
"65-04-66-76",1,"As a shade against the sun",3,,1
"65-04-66-76",1,"For firewood and charcoal production",1,30000,1
"65-04-66-76",1,"Fencing and building materials",2,0,1
"65-04-66-76",2,"As a shade against the sun",3,,1
"65-04-66-76",2,"For firewood and charcoal production",1,12000,2
"65-04-66-76",2,"Fencing and building materials",2,0,1
"95-05-18-77",1,"For firewood and charcoal production",1,0,1
"95-05-18-77",1,"Fencing and building materials",2,0,1
"95-05-18-77",1,"As animal fodder",3,0,1
"61-21-03-67",2,"As a shade against the sun",3,,1
"61-21-03-67",2,"For firewood and charcoal production",1,40000,2
"61-21-03-67",2,"Fencing and building materials",2,0,1
"97-14-88-73",1,"For firewood and charcoal production",2,0,2
"97-14-88-73",1,"Fencing and building materials",1,0,1
"97-14-88-73",2,"For firewood and charcoal production",2,0,2
"97-14-88-73",2,"Fencing and building materials",1,0,1
"94-73-96-31",2,"For firewood and charcoal production",1,1000,1
"94-73-96-31",2,"Fencing and building materials",2,0,1
"94-73-96-31",2,"Wind protection (prevent whirl winds)",3,,1
"94-73-96-31",6,"As a shade against the sun",2,,2
"94-73-96-31",6,"For firewood and charcoal production",1,0,2
"94-73-96-31",6,"Fencing and building materials",3,0,1
"21-46-54-95",2,"As a shade against the sun",3,,1
"21-46-54-95",2,"For firewood and charcoal production",1,500,2
"21-46-54-95",2,"Fencing and building materials",2,0,1
"21-46-54-95",3,"As a shade against the sun",3,,1
"21-46-54-95",3,"For firewood and charcoal production",1,30000,1
"21-46-54-95",3,"Fencing and building materials",2,0,1
"16-50-24-00",2,"For firewood and charcoal production",1,0,2
