interview__key,crp_ip1_exp,crp_ip3_exp,crp_ip5_exp,crp_ip6_exp,crp_ip7_exp,crp_ip8_exp,crp_ip9_exp,crp_ip10_exp
"31-67-19-52",,,,,,,,
"85-11-91-18",1000,0,0,0,6,0,0,0
"38-04-18-34",2000,0,0,0,0,0,0,0
"34-73-96-50",3000,0,0,0,3000,0,0,0
"93-29-80-09",,,,,,,,
"63-89-80-49",,,,,,,,
"97-84-26-58",,,,,,,,
"44-14-26-56",4500,0,0,4000,8000,0,0,0
"01-78-65-09",,,,,,,,
"77-02-48-37",,,,,,,,
"46-96-59-64",1500,0,0,0,0,0,0,0
"01-51-99-07",100,0,0,0,0,0,0,0
"39-75-97-43",,,,,,,,
"11-52-82-38",8960,3500,22220,12600,5400,75000,600,7300
"19-06-13-08",2000,0,0,5000,0,15000,0,0
"74-04-26-51",1056,7000,1600,5000,20000,10000,3800,0
"37-83-74-10",3040,0,0,7500,0,0,0,0
"39-40-38-02",,,,,,,,
"14-71-87-39",,,,,,,,
"86-00-55-84",960,0,1800,4000,800,0,500,0
"76-73-19-09",,,,,,,,
"17-23-66-97",800,3500,1200,4400,0,0,400,0
"71-45-81-79",3500,0,0,0,2000,0,0,0
"53-00-83-03",,,,,,,,
"70-80-16-39",3840,14000,3800,9000,50000,12000,2520,0
"11-00-74-85",800,7000,800,4800,0,0,400,1000
"16-44-32-23",9100,24000,3000,6000,8000,10000,8000,0
"49-09-04-04",,,,,,,,
"33-01-13-01",,,,,,,,
"79-39-40-36",,,,,,,,
"65-53-51-27",1075,11600,250,2250,6500,5000,150,0
"64-11-62-56",2170,28000,2000,4800,20000,0,10000,1000
"79-53-04-50",1650,0,1700,4000,4500,10000,0,0
"14-13-86-20",,,,,,,,
"19-99-67-92",1500,12000,1500,4500,5000,0,1000,0
"65-80-65-49",775,0,1800,1250,6000,0,0,0
"08-76-57-31",6050,0,2400,12000,8000,0,0,0
"02-57-88-54",,,,,,,,
"36-87-83-91",2400,0,0,0,0,0,0,0
"99-46-97-26",1000,7000,3000,6200,14600,0,1300,2000
"76-21-46-00",,,,,,,,
"63-02-11-31",,,,,,,,
"45-95-07-81",4800,0,0,0,3000,0,0,0
"15-84-79-29",2400,0,0,0,0,0,0,0
"52-10-39-37",,,,,,,,
"57-47-06-86",,,,,,,,
"70-03-65-67",12000,0,0,0,3000,0,0,0
"48-58-26-00",5000,0,0,0,0,0,0,0
"48-53-15-07",3000,0,0,0,13000,0,100,0
"44-97-24-07",1440,0,2500,3000,0,10000,600,0
"63-58-57-56",4800,0,0,0,10000,0,0,0
"50-43-62-27",,,,,,,,
"80-45-95-05",1000,0,0,0,3000,0,0,0
"63-29-07-40",,,,,,,,
"54-48-29-18",1200,0,0,0,0,0,500,0
"50-16-00-20",,,,,,,,
"45-36-57-50",1000,0,0,0,0,0,0,0
"49-75-44-53",,,,,,,,
"35-67-10-08",,,,,,,,
"12-79-91-83",,,,,,,,
"19-90-00-01",,,,,,,,
"29-86-40-08",1400,0,0,0,12000,0,500,1000
"10-69-61-22",8175,0,0,0,7000,0,0,0
"73-57-30-20",,,,,,,,
"98-91-04-48",4500,12000,2000,18000,1800,0,3000,0
"74-01-41-82",,,,,,,,
"30-00-59-90",,,,,,,,
"66-77-39-39",,,,,,,,
"35-78-11-70",,,,,,,,
"75-25-98-04",10000,0,0,6000,0,0,0,0
"09-00-12-98",3100,22000,4100,9000,3500,0,1500,2000
"13-38-59-03",1400,0,6000,7200,3000,0,5000,0
"26-77-14-31",1500,10000,0,6000,0,0,300,0
"04-52-21-75",3100,18900,3000,9500,3000,0,2000,0
"49-10-89-14",4300,15900,1500,9400,8000,0,1000,1000
"15-13-85-83",2325,21000,1600,6500,6000,0,5000,2000
"81-99-34-25",3000,3000,2000,5000,10000,0,0,0
"96-35-08-20",1550,11200,2800,5000,1200,0,400,400
"78-02-12-77",1880,0,3300,5000,4000,0,0,0
"66-37-18-93",5040,15900,1200,9400,10000,0,1000,500
"77-89-79-33",4550,10050,5000,14400,17000,0,1500,5000
"09-97-47-73",1550,10500,900,5000,10000,0,600,2000
"62-45-31-86",8400,0,0,0,30000,0,0,0
"96-13-78-99",2500,0,0,0,3000,0,0,0
"25-35-15-07",9000,0,0,0,6000,0,0,1500
"10-80-25-79",,,,,,,,
"46-89-14-96",1400,0,0,0,3000,0,400,600
"80-24-04-77",,,,,,,,
"26-82-89-21",2400,0,0,0,10000,0,0,0
"22-43-50-27",3000,0,0,10000,2500,3000,800,0
"41-41-55-55",1800,0,0,0,5000,0,500,1000
"26-69-32-41",5100,0,0,0,15000,0,0,0
"68-81-12-32",5000,0,0,0,10000,0,0,0
"46-49-14-82",3000,0,0,0,4000,0,0,0
"92-16-89-27",,,,,,,,
"01-28-41-84",,,,,,,,
"23-46-40-42",1200,6000,800,2250,0,0,500,1000
"93-71-36-41",,,,,,,,
"07-56-93-09",1500,0,0,0,9500,0,0,0
"40-07-12-46",,,,,,,,
"68-88-48-96",6200,48000,3600,20000,11400,40000,400,18000
"86-70-18-69",1085,12000,2600,4700,4000,0,200,0
"82-09-53-31",,,,,,,,
"10-84-11-85",,,,,,,,
"93-36-47-93",,,,,,,,
"40-02-31-47",4800,0,0,0,3000,0,0,0
"35-25-14-79",3000,0,0,0,0,0,0,0
"96-32-88-00",,,,,,,,
"30-07-79-13",4800,0,0,0,3000,0,600,4500
"05-61-96-62",2170,0,1200,10000,3000,0,1000,0
"37-32-16-74",5000,0,0,0,10000,0,0,0
"06-96-64-70",,,,,,,,
"74-21-41-84",900,0,0,0,2000,0,0,0
"82-96-41-85",8850,0,3250,10000,3300,0,1000,0
"58-44-33-27",,,,,,,,
"88-25-56-87",,,,,,,,
"86-98-25-96",1408,0,400,3000,1000,5000,500,0
"09-54-26-75",,,,,,,,
"41-61-78-73",4200,0,0,0,0,0,0,1500
"90-86-53-30",,,,,,,,
"16-75-57-30",2200,0,0,7000,0,0,0,0
"60-19-22-98",,,,,,,,
"97-29-58-98",,,,,,,,
"51-48-94-50",900,28000,5600,20000,4500,0,300,12400
"97-20-59-08",2100,0,0,3000,0,0,3000,1000
"21-43-02-41",,,,,,,,
"82-77-24-98",3875,11000,4000,3750,9000,0,1000,0
"68-99-96-16",,,,,,,,
"47-95-59-62",2500,0,0,0,2000,0,0,0
"86-57-96-89",,,,,,,,
"68-47-81-44",,,,,,,,
"36-96-75-03",,,,,,,,
"08-94-02-07",15500,10500,10000,2200,4700,0,3000,2000
"37-79-35-25",,,,,,,,
"71-65-92-38",900,0,0,0,0,0,200,0
"64-78-16-16",3500,0,0,0,9000,0,0,0
"21-44-80-94",1800,0,0,0,5000,0,200,0
"09-64-46-58",11200,0,6000,27000,5000,0,2000,0
"59-85-28-37",2000,0,0,0,0,0,0,0
"59-86-17-42",,,,,,,,
"19-38-28-96",,,,,,,,
"15-65-55-76",1000,0,0,0,0,0,0,0
"06-65-59-46",3000,0,0,0,0,0,500,0
"31-55-25-17",,,,,,,,
"46-83-77-72",3500,0,0,0,7500,0,0,0
"13-16-83-24",4800,0,0,0,0,0,0,0
"55-65-07-83",5580,44000,6300,18800,15000,0,7000,5000
"19-58-06-14",,,,,,,,
"07-67-77-44",,,,,,,,
"30-73-95-73",2250,2500,1000,3600,0,0,0,0
"81-01-27-26",2100,3500,2000,5000,0,0,6,0
"29-63-05-43",,,,,,,,
"69-97-70-98",,,,,,,,
"15-06-78-78",1500,0,0,0,5000,0,200,0
"09-89-86-48",,,,,,,,
"66-77-69-23",,,,,,,,
"34-54-53-25",3600,0,0,0,12000,0,0,0
"54-15-04-81",400,7000,2400,6000,6000,0,400,100
"30-29-61-21",3000,0,0,0,7000,0,300,888
"32-65-13-57",,,,,,,,
"64-69-72-73",,,,,,,,
"25-20-08-58",4500,0,0,0,10000,0,100,0
"12-04-44-96",1500,3500,1000,3000,0,0,500,0
"97-37-09-60",,,,,,,,
"26-04-59-05",,,,,,,,
"98-27-33-85",6000,13000,1600,10000,4800,3000,600,0
"65-84-88-76",,,,,,,,
"88-58-36-62",,,,,,,,
"68-07-50-59",2990,17000,3000,12000,15000,25000,2500,1000
"69-15-02-37",4300,0,0,0,8000,0,200,3000
"02-78-83-36",4000,0,0,0,4000,0,0,500
"97-59-33-64",6200,14000,5000,20000,13000,0,2500,0
"62-96-19-75",13330,3800,700,7500,0,8000,200,0
"73-91-22-23",1300,0,0,0,4000,0,0,0
"20-05-42-35",,,,,,,,
"41-87-52-98",,,,,,,,
"69-31-43-37",,,,,,,,
"53-00-97-20",,,,,,,,
"33-41-86-29",,,,,,,,
"32-86-73-25",5000,0,0,3500,1800,0,0,0
"72-97-03-54",4500,0,0,6000,9000,0,0,0
"15-89-37-89",840,0,0,1500,0,0,300,0
"12-79-12-74",650,0,0,0,1500,0,0,0
"84-49-36-60",650,0,0,0,0,0,0,0
"50-30-24-70",1500,0,0,3000,2000,0,300,0
"73-01-79-27",2170,0,1200,7500,900,0,100,0
"61-70-56-76",1000,0,0,0,5000,0,0,0
"02-74-92-32",,,,,,,,
"69-39-88-08",1750,0,0,0,0,0,300,1000
"97-74-84-66",,,,,,,,
"15-82-53-55",,,,,,,,
"46-71-69-87",1550,0,900,1800,0,0,50,0
"05-64-42-77",,,,,,,,
"65-63-71-66",2250,0,800,0,600,0,400,0
"15-51-80-47",0,0,0,6000,0,0,0,0
"32-74-61-81",,,,,,,,
"36-59-31-86",1550,13000,1200,9000,3000,0,4000,0
"73-83-46-14",5000,0,0,0,0,0,400,2000
"07-04-05-10",3000,0,700,3000,4000,0,1000,0
"99-97-90-90",4550,0,0,6000,3000,0,200,0
"53-39-03-44",,,,,,,,
"85-50-39-09",2000,24000,4000,10600,900,0,600,1500
"46-32-17-36",3400,9000,3000,18000,0,0,0,0
"85-98-37-69",2325,11000,2000,7000,0,0,600,0
"65-26-91-15",620,6000,0,2500,0,0,300,0
"65-45-62-39",1500,0,0,2150,1500,5000,0,0
"47-59-10-25",4000,3500,2000,4500,3000,0,300,2000
"03-90-73-99",,,,,,,,
"43-25-90-61",1200,0,0,0,0,0,0,0
"49-70-00-09",5500,5600,10000,12000,10000,0,1200,5000
"06-94-49-47",3000,5000,2000,5000,0,0,0,0
"19-04-54-37",1550,0,0,0,900,0,500,0
"59-57-12-16",1860,9000,4000,10600,0,0,0,0
"49-28-72-36",20500,36000,50000,30000,10000,0,2400,10000
"93-14-44-32",3900,7000,2000,5000,1000,0,1400,500
"51-90-88-91",1860,0,800,5500,2000,0,400,0
"12-47-74-84",2400,14000,1500,5000,0,0,560,0
"66-45-27-28",1600,0,0,0,3000,0,0,500
"61-66-59-51",1000,0,0,4500,0,10000,300,1000
"78-64-43-02",20400,18000,3000,20000,0,0,0,0
"09-79-38-80",8000,0,0,0,36000,0,0,0
"03-23-67-97",9100,14000,5400,14000,10000,0,1200,500
"84-81-25-13",0,0,0,8000,0,0,2000,0
"01-19-86-40",3000,0,0,3500,1500,0,400,0
"69-16-25-63",0,0,0,0,8000,0,0,0
"58-95-91-31",3000,0,0,0,4000,0,0,0
"11-58-78-70",2800,0,0,0,5000,0,0,0
"41-24-59-26",,,,,,,,
"98-97-38-21",2400,0,0,0,5000,0,0,0
"92-08-97-62",3600,0,0,0,0,0,0,0
"59-21-82-77",360,0,0,2000,2000,0,600,1000
"80-20-31-51",3800,0,0,0,10000,0,0,0
"33-11-85-60",,,,,,,,
"06-48-61-69",,,,,,,,
"12-93-60-92",,,,,,,,
"11-11-55-95",,,,,,,,
"82-15-11-19",,,,,,,,
"95-73-95-89",5000,6000,0,7500,0,0,0,0
"02-47-29-85",6400,14000,2400,9600,0,0,0,0
"91-34-05-43",,,,,,,,
"29-34-28-44",,,,,,,,
"54-07-56-18",,,,,,,,
"02-67-98-73",12500,0,0,12000,10000,0,400,0
"89-44-00-22",,,,,,,,
"25-47-42-18",,,,,,,,
"92-95-45-69",2000,0,0,0,5000,0,0,0
"25-17-75-96",,,,,,,,
"08-10-28-09",,,,,,,,
"63-11-66-98",,,,,,,,
"90-89-89-25",3650,14400,10000,10000,5000,0,800,2000
"01-16-33-75",1200,0,0,0,3000,0,0,0
"37-73-98-41",,,,,,,,
"48-88-82-47",,,,,,,,
"44-96-14-86",50000,35000,20000,15000,0,0,0,0
"47-83-83-86",4800,7000,2500,5000,3000,0,1000,1000
"79-40-96-41",,,,,,,,
"60-73-28-03",200,0,0,0,0,0,0,0
"79-90-62-68",1700,0,1000,0,600,0,600,0
"67-12-09-24",,,,,,,,
"63-23-35-27",,,,,,,,
"04-92-66-81",1500,0,0,1500,0,0,0,0
"93-87-16-02",,,,,,,,
"65-31-14-31",,,,,,,,
"19-27-66-46",520,0,0,0,0,0,300,0
"08-44-37-94",,,,,,,,
"71-04-48-02",,,,,,,,
"24-04-95-50",,,,,,,,
"27-66-11-12",,,,,,,,
"11-10-12-08",,,,,,,,
"10-98-84-98",3000,0,0,1500,0,0,0,0
"97-63-71-09",,,,,,,,
"11-29-74-23",,,,,,,,
"59-89-68-30",1680,0,0,6000,9000,0,2000,500
"22-38-73-99",,,,,,,,
"81-45-95-70",10000,0,0,9000,60000,0,0,0
"16-03-96-06",8000,0,0,7000,0,0,0,0
"81-14-42-85",,,,,,,,
"22-88-97-60",,,,,,,,
"47-75-71-27",,,,,,,,
"10-39-00-99",1500,0,0,1500,0,0,0,0
"96-06-62-42",,,,,,,,
"11-59-44-40",,,,,,,,
"27-51-81-61",,,,,,,,
"44-37-52-83",,,,,,,,
"45-92-75-89",,,,,,,,
"85-71-09-15",450,0,0,0,1500,0,0,0
"64-51-39-39",,,,,,,,
"36-28-42-39",2760,0,0,0,6000,0,0,0
"95-09-61-15",,,,,,,,
"86-63-74-80",,,,,,,,
"67-27-36-61",,,,,,,,
"08-84-33-33",3000,0,0,7800,0,0,0,0
"07-50-91-84",6800,0,0,7000,3000,0,500,0
"87-71-97-91",2800,0,0,0,8,0,0,0
"72-05-40-32",4000,0,0,4000,3000,0,500,1000
"87-43-28-28",1500,0,0,0,0,0,200,0
"02-59-28-55",2000,0,0,0,0,0,0,0
"41-71-16-88",1875,0,0,0,3000,0,0,0
"91-57-08-43",,,,,,,,
"63-99-85-70",,,,,,,,
"65-43-78-90",840,0,0,1500,3000,0,0,0
"37-38-94-21",10000,0,0,24000,0,0,0,0
"77-42-43-43",1260,0,800,0,2000,0,0,0
"68-60-50-68",2000,0,0,0,1000,0,0,0
"46-89-69-47",,,,,,,,
"46-72-66-83",1800,0,0,7500,0,0,0,1000
"25-02-52-66",,,,,,,,
"55-56-28-22",3600,0,0,18000,10000,0,200,0
"99-17-74-11",,,,,,,,
"46-53-61-02",2500,0,0,0,0,0,0,0
"10-77-75-51",,,,,,,,
"71-70-88-23",840,0,0,0,0,0,300,0
"50-33-80-84",,,,,,,,
"21-95-76-65",,,,,,,,
"91-60-65-39",3000,0,0,0,5000,0,0,0
"42-15-16-06",,,,,,,,
"00-11-52-27",,,,,,,,
"87-56-56-81",,,,,,,,
"81-79-89-86",,,,,,,,
"10-18-23-80",1500,0,0,0,3000,0,200,0
"65-08-75-81",4500,0,0,0,14000,0,200,0
"71-59-52-11",2400,0,0,0,4500,0,0,0
"31-09-36-85",4200,0,0,3500,1500,0,400,0
"29-04-00-40",,,,,,,,
"72-18-38-35",,,,,,,,
"83-34-07-73",,,,,,,,
"70-36-24-93",2500,0,0,8500,2000,0,0,0
"64-46-73-61",,,,,,,,
"13-37-47-48",420,0,0,0,0,0,500,1000
"22-02-49-30",,,,,,,,
"97-28-37-38",,,,,,,,
"04-02-73-28",500,0,500,0,400,0,0,200
"57-09-51-71",,,,,,,,
"45-10-68-85",3060,0,800,6000,2000,0,0,0
"72-72-49-77",1500,0,0,0,8000,0,0,0
"61-58-42-30",7500,0,0,7000,15000,0,0,0
"46-76-02-18",1000,0,0,0,0,0,0,0
"32-71-82-87",2940,0,500,0,2500,0,0,0
"51-19-72-02",8720,3500,4500,10700,1200,0,300,0
"98-92-34-42",700,0,0,0,0,0,0,0
"49-20-15-79",,,,,,,,
"19-17-82-94",2000,0,0,0,4000,0,0,0
"26-53-83-57",3000,0,0,9000,0,0,0,0
"35-77-55-36",,,,,,,,
"60-19-93-23",,,,,,,,
"98-71-23-55",,,,,,,,
"88-09-79-89",7000,0,0,12000,8000,0,0,0
"17-30-57-13",,,,,,,,
"34-24-20-27",0,0,0,0,0,0,0,0
"13-99-53-09",3000,0,0,3500,0,0,0,0
"62-74-89-68",2500,0,0,3500,7000,0,0,0
"10-78-86-05",,,,,,,,
"58-17-83-09",2400,0,600,0,0,0,0,800
"86-94-71-57",2000,3500,2000,0,5000,0,200,0
"13-61-09-88",,,,,,,,
"33-63-66-86",,,,,,,,
"31-45-42-89",5560,0,0,14500,0,0,200,0
"53-01-20-30",1000,0,0,0,2000,0,0,500
"13-52-61-75",6850,650,1000,10400,1250,0,200,0
"64-05-06-14",,,,,,,,
"78-32-01-29",4800,0,0,12000,4500,0,0,0
"33-80-34-20",,,,,,,,
"10-62-40-22",,,,,,,,
"82-40-44-86",15000,0,0,16500,10000,0,500,0
"52-02-93-49",,,,,,,,
"94-99-56-40",,,,,,,,
"32-71-99-16",2400,7000,1200,5250,1800,0,1000,0
"91-09-88-25",,,,,,,,
"53-58-51-62",,,,,,,,
"95-92-63-73",7000,0,0,14000,6000,0,1200,0
"06-17-24-58",5500,0,0,6000,4900,2000,0,500
"23-78-50-31",,,,,,,,
"20-84-25-59",,,,,,,,
"97-31-09-83",5000,0,0,0,3500,0,0,0
"56-22-99-66",1500,0,0,0,0,0,0,0
"05-92-75-52",2500,0,0,8000,3000,0,0,0
"56-78-97-61",,,,,,,,
"89-05-59-72",2500,0,0,0,0,0,0,0
"50-93-16-91",750,0,300,0,0,0,600,500
"89-68-31-84",1550,0,1000,7000,0,4000,600,0
"37-58-34-11",,,,,,,,
"33-93-90-01",600,0,0,0,1500,0,200,600
"00-04-89-61",4800,3500,600,7000,1500,0,3000,1500
"98-42-90-09",3600,0,0,6000,0,0,500,0
"81-57-29-94",,,,,,,,
"55-74-55-01",300,0,0,0,0,0,200,300
"35-03-81-94",3000,0,0,5000,0,0,0,0
"87-29-60-32",,,,,,,,
"59-04-53-64",,,,,,,,
"82-68-38-51",,,,,,,,
"64-96-99-21",,,,,,,,
"36-02-93-74",1750,0,0,0,0,0,200,0
"56-43-23-52",4400,0,0,0,0,0,0,0
"42-33-55-75",,,,,,,,
"67-03-64-23",9600,0,0,10000,5000,0,0,0
"34-93-29-30",,,,,,,,
"74-55-51-40",2400,0,0,0,0,0,0,0
"64-62-65-29",0,0,0,0,2100,0,0,0
"30-54-31-50",1000,0,0,0,0,0,0,0
"42-02-08-83",1000,0,0,0,0,0,0,0
"04-71-60-91",,,,,,,,
"37-15-67-95",4800,0,0,8000,5000,0,0,0
"42-23-71-10",,,,,,,,
"50-11-26-74",17000,0,0,30000,10000,0,30000,10000
"41-04-96-60",6000,0,0,0,4000,0,0,1500
"64-11-10-98",,,,,,,,
"57-81-30-05",1200,0,0,3000,2000,0,0,0
"88-77-78-80",4800,0,0,6000,5000,0,0,0
"50-74-95-60",41550,14000,8800,10000,53800,3000,1000,2000
"99-69-07-36",,,,,,,,
"94-52-87-82",2500,0,0,0,7000,0,0,0
"36-65-12-21",2500,0,1350,2000,0,0,200,0
"97-41-99-18",,,,,,,,
"90-57-88-40",,,,,,,,
"38-86-39-27",,,,,,,,
"03-07-08-19",4700,0,0,0,0,0,0,0
"72-39-10-40",12000,0,0,30000,10000,0,500,0
"06-58-90-91",,,,,,,,
"20-64-53-81",4800,0,0,3000,5000,0,0,0
"64-24-49-94",8400,0,0,0,15000,0,0,0
"84-08-92-59",1800,0,0,0,5000,0,0,0
"80-92-01-63",1600,800,0,0,0,0,0,0
"39-04-13-87",,,,,,,,
"12-81-58-78",3000,0,0,3000,2000,0,0,888
"07-91-23-12",,,,,,,,
"46-43-23-18",,,,,,,,
"48-70-52-60",10080,11000,13100,30000,17500,10000,3000,5000
"64-66-30-53",,,,,,,,
"07-19-59-75",,,,,,,,
"03-69-84-05",2700,0,0,0,1250,0,400,0
"55-07-48-89",2385,7000,4700,10000,4250,20000,1600,0
"84-64-87-37",,,,,,,,
"01-15-12-42",3600,0,0,0,24000,0,0,0
"99-30-86-99",2500,0,0,3500,1500,0,0,1000
"43-03-84-96",,,,,,,,
"16-96-89-30",6200,28000,3200,20000,7200,0,200,0
"26-40-62-78",4000,0,0,7500,0,0,0,0
"45-82-95-63",1200,0,6200,5000,1600,6000,150,0
"19-12-89-41",4500,0,1500,5000,0,0,0,0
"86-61-90-88",3080,21000,5000,10000,0,0,200,0
"01-74-93-41",,,,,,,,
"38-25-54-65",,,,,,,,
"21-70-86-32",,,,,,,,
"02-81-96-02",1200,7000,1000,2500,0,5000,0,0
"54-34-58-95",,,,,,,,
"76-19-75-88",3600,0,0,7000,4000,0,0,0
"66-74-73-77",3000,0,0,4000,1500,0,2000,1000
"08-37-41-83",875,5000,2000,2500,3000,8000,1500,1000
"68-02-84-17",1550,0,700,5000,0,0,3000,0
"75-80-31-44",1860,0,3250,6200,0,7400,0,0
"27-87-86-78",,,,,,,,
"69-86-48-74",3000,1000,700,5000,0,0,3000,0
"71-45-11-71",1550,7000,800,4500,4000,0,450,1000
"04-56-93-47",,,,,,,,
"48-20-93-40",1250,0,1500,0,2500,0,1000,1000
"77-28-28-65",,,,,,,,
"11-74-52-10",14400,0,0,18000,5000,0,0,0
"15-73-69-92",,,,,,,,
"18-25-85-30",,,,,,,,
"97-74-49-80",1200,0,0,0,10000,0,0,0
"65-28-28-23",4150,21000,3500,20000,3200,0,1000,0
"60-02-55-31",,,,,,,,
"82-11-02-31",,,,,,,,
"57-80-52-25",1550,7000,800,5000,3000,0,400,4000
"72-15-05-10",0,0,0,0,0,0,0,0
"74-51-85-05",,,,,,,,
"86-09-61-31",1200,0,0,0,3000,0,0,0
"93-25-93-51",4800,0,0,0,0,0,0,0
"46-18-65-43",,,,,,,,
"04-39-31-02",600,0,800,2500,2000,0,800,0
"95-71-10-81",720,9000,2000,4000,900,0,600,3500
"12-15-65-08",,,,,,,,
"44-29-85-16",,,,,,,,
"71-69-40-35",5000,0,0,6000,4000,0,0,0
"06-79-89-11",,,,,,,,
"21-46-83-44",,,,,,,,
"53-46-63-99",6000,0,0,0,0,0,0,5000
"92-47-39-90",,,,,,,,
"48-13-13-53",2080,0,0,3000,0,0,0,0
"22-45-98-08",,,,,,,,
"05-13-82-78",,,,,,,,
"38-34-24-20",4500,0,0,0,3000,0,0,0
"95-32-48-88",,,,,,,,
"38-26-85-56",2500,0,1000,0,7000,0,0,0
"14-26-58-26",,,,,,,,
"98-72-74-27",,,,,,,,
"71-71-39-84",1500,0,500,0,15000,0,0,0
"22-94-31-61",,,,,,,,
"76-87-83-96",,,,,,,,
"76-33-66-65",,,,,,,,
"20-69-31-32",,,,,,,,
"32-73-67-08",,,,,,,,
"52-15-60-99",6000,0,0,0,15000,0,500,0
"82-73-01-57",525,3500,1200,5000,3600,8000,3100,0
"89-62-46-70",620,3250,1000,2800,900,3500,400,0
"54-18-77-83",3600,0,0,0,8000,0,0,0
"54-86-93-60",,,,,,,,
"33-07-96-51",3300,9000,3000,5000,2000,0,1200,1000
"10-60-87-78",2500,7000,800,4500,0,0,0,0
"60-37-22-12",,,,,,,,
"65-07-81-76",,,,,,,,
"94-01-94-60",2925,0,800,0,0,0,0,0
"26-94-35-48",2500,0,0,0,0,0,0,0
"34-70-02-31",920,800,0,0,0,500,0,0
"04-31-65-65",,,,,,,,
"95-85-00-75",600,0,0,0,0,0,0,0
"41-04-08-56",4400,0,0,0,10000,0,0,6000
"36-17-00-87",,,,,,,,
"05-33-40-10",0,0,300,0,0,0,0,0
"27-67-11-74",,,,,,,,
"42-16-66-43",1500,0,0,3000,2000,0,0,0
"07-13-95-29",6860,14000,3000,8000,4000,0,3000,20000
"96-93-55-42",1000,0,0,0,0,0,300,0
"35-46-21-62",,,,,,,,
"40-51-79-00",840,0,800,0,1000,0,400,1000
"80-05-91-55",4500,0,0,6000,5000,0,0,0
"59-22-24-47",,,,,,,,
"78-46-05-26",4800,0,0,7000,5000,0,0,0
"01-54-87-19",,,,,,,,
"64-06-48-62",,,,,,,,
"21-65-85-03",2520,0,900,0,0,0,400,100
"03-81-70-83",1550,13000,2000,4000,6000,0,2500,0
"22-43-82-01",,,,,,,,
"40-89-32-79",,,,,,,,
"94-65-34-20",8000,0,0,0,13000,0,0,0
"17-73-42-21",1500,0,0,4000,4500,0,0,0
"86-29-59-93",,,,,,,,
"88-87-27-22",,,,,,,,
"17-95-26-62",,,,,,,,
"86-23-74-18",,,,,,,,
"69-47-17-72",,,,,,,,
"77-46-09-31",,,,,,,,
"97-62-36-16",450,1500,300,0,500,2000,1200,1000
"39-46-61-12",,,,,,,,
"51-78-77-10",,,,,,,,
"95-19-67-91",6000,0,0,0,20000,0,1000,2000
"90-10-35-11",20000,28000,15000,6000,30000,10000,1000,0
"43-53-25-48",,,,,,,,
"91-87-02-88",5400,0,0,0,13000,0,200,3800
"54-62-08-69",6500,7000,7000,15000,6000,0,2500,5000
"37-56-30-78",,,,,,,,
"08-23-42-65",1800,0,0,0,8000,0,200,500
"59-85-68-42",2800,14000,2000,10000,1800,0,600,0
"84-09-48-58",,,,,,,,
"75-58-20-42",3500,0,1600,7400,1600,0,1800,1000
"00-68-70-04",4350,3250,1500,0,0,0,500,0
"51-54-98-03",,,,,,,,
"90-58-96-49",,,,,,,,
"07-07-62-62",6550,10000,5000,5500,5000,5000,2000,500
"26-08-54-15",0,0,0,0,0,0,0,0
"98-80-86-00",,,,,,,,
"19-36-93-83",,,,,,,,
"39-74-73-78",14400,0,0,11200,18000,0,0,0
"73-63-00-42",,,,,,,,
"15-80-74-06",,,,,,,,
"40-74-32-61",,,,,,,,
"95-10-30-55",3100,0,3000,6000,4000,0,600,0
"93-89-51-75",,,,,,,,
"75-95-38-57",3300,0,0,0,4000,0,0,0
"34-96-82-10",,,,,,,,
"90-41-75-26",,,,,,,,
"93-64-37-20",,,,,,,,
"91-66-07-16",1625,8600,1600,2500,2420,0,800,800
"60-51-83-59",,,,,,,,
"76-32-07-05",,,,,,,,
"16-40-92-10",755,2500,1200,2000,3000,0,2000,0
"24-75-24-45",,,,,,,,
"93-05-25-38",7200,0,0,7500,20000,0,0,0
"59-77-15-06",12000,0,0,24000,12000,0,0,0
"43-11-20-48",,,,,,,,
"38-02-62-89",7200,0,0,0,5000,0,700,0
"21-01-77-10",,,,,,,,
"81-78-91-05",14000,23700,22800,7600,8000,0,7000,40000
"47-09-64-37",4800,0,0,0,3000,0,700,0
"34-25-65-08",2500,4000,2800,0,2000,2500,1700,1000
"86-44-30-89",4200,0,0,9000,0,0,700,0
"74-03-89-65",,,,,,,,
"56-65-93-48",2400,0,0,5000,3000,0,0,0
"66-39-11-55",480,0,3000,4500,3000,0,900,1000
"14-03-04-43",,,,,,,,
"27-47-38-04",2000,0,2500,0,0,0,500,0
"43-92-12-14",,,,,,,,
"05-86-89-30",,,,,,,,
"84-33-11-24",2500,0,0,6000,9800,0,0,0
"79-96-52-99",5000,0,0,15000,5000,0,200,1000
"27-91-30-19",,,,,,,,
"49-11-32-04",,,,,,,,
"88-01-30-83",,,,,,,,
"53-42-52-41",,,,,,,,
"18-88-95-82",3600,0,0,6000,1000,0,0,0
"44-20-34-87",,,,,,,,
"62-58-98-18",,,,,,,,
"10-26-36-54",,,,,,,,
"97-96-81-02",,,,,,,,
"29-40-66-47",6400,0,6300,9000,1800,0,1800,0
"18-40-35-80",,,,,,,,
"79-71-02-69",2000,0,1200,5000,0,0,600,0
"25-22-65-60",,,,,,,,
"89-59-08-73",,,,,,,,
"91-40-38-85",1500,0,0,0,0,0,0,0
"17-33-53-75",630,0,0,0,0,0,0,0
"48-20-09-62",4500,0,0,12000,4000,0,0,0
"29-88-28-45",900,0,750,1750,0,2000,700,0
"92-61-60-00",,,,,,,,
"98-05-61-12",,,,,,,,
"49-80-41-29",,,,,,,,
"56-67-61-31",1500,14000,4000,4800,0,0,0,0
"93-39-60-64",,,,,,,,
"75-50-72-64",2400,0,0,5000,6500,0,0,0
"13-68-33-58",1750,0,0,3500,0,0,0,0
"67-51-21-12",1200,1500,400,0,2000,0,300,0
"92-63-14-10",,,,,,,,
"23-95-53-31",960,0,0,0,1800,0,250,0
"76-83-42-25",3000,0,2400,5000,0,0,0,0
"34-04-41-33",2500,0,0,10000,4000,4500,500,3000
"65-40-10-81",6500,0,0,7000,5000,0,2000,0
"32-27-90-36",1200,0,800,3500,0,0,1500,1000
"34-35-99-68",,,,,,,,
"96-83-30-59",10000,10000,8000,15000,1000,0,0,0
"08-93-39-25",2000,8000,1800,5000,3000,4500,1000,0
"70-80-52-20",4800,0,600,5000,0,10000,800,0
"98-33-69-97",7400,0,0,12500,9500,0,0,0
"72-65-40-82",,,,,,,,
"28-81-45-53",480,600,700,3600,0,0,1200,1000
"06-80-46-73",2400,0,1350,7500,5000,0,1600,3000
"09-02-42-42",2400,0,0,0,5000,0,0,0
"16-61-64-98",,,,,,,,
"29-61-04-95",3200,0,0,3000,0,0,0,0
"39-38-75-31",1200,0,0,4800,0,0,0,0
"49-39-29-75",,,,,,,,
"30-17-77-88",8000,0,0,7000,10000,0,0,0
"29-08-77-29",7000,0,0,12000,6500,0,600,0
"69-05-41-80",50000,0,0,6000,0,0,0,0
"21-49-13-73",1000,0,0,0,2000,0,0,0
"75-38-27-75",,,,,,,,
"14-85-47-22",8000,17500,2000,15000,4500,25000,1200,0
"53-81-07-04",2400,12600,2600,4700,2400,5000,1200,0
"65-80-02-03",,,,,,,,
"69-30-60-03",,,,,,,,
"21-15-99-40",,,,,,,,
"44-56-27-24",4900,0,0,7500,0,0,800,2000
"75-37-22-90",7200,0,0,10500,5000,0,0,0
"67-01-06-94",,,,,,,,
"04-57-01-84",6000,0,0,7000,3000,0,0,0
"53-87-70-93",,,,,,,,
"89-42-22-50",1875,0,700,2500,0,5000,600,0
"41-64-40-11",,,,,,,,
"89-49-22-36",1550,6500,1000,7500,5000,15000,500,0
"20-63-38-57",,,,,,,,
"84-72-64-66",2050,0,1000,10000,0,0,0,0
"63-42-88-22",2200,7000,6000,0,4000,0,1000,0
"22-88-22-30",,,,,,,,
"27-50-41-80",,,,,,,,
"87-50-20-38",9000,0,0,6000,20000,0,500,2000
"78-63-95-63",300,0,0,0,3000,0,0,0
"21-75-94-85",,,,,,,,
"20-46-30-59",1350,0,700,0,300,0,0,0
"12-17-56-74",2400,0,0,5000,2000,0,0,0
"80-41-60-05",8000,0,0,3500,2000,0,0,1000
"50-77-28-73",4000,0,1400,4500,8000,0,400,1000
"42-38-30-13",15000,0,5000,7000,3000,0,3750,0
"05-33-62-23",,,,,,,,
"17-87-80-73",4800,0,0,6000,2500,0,0,0
"73-58-06-14",28000,25000,55000,5000,35000,10000,1000,5000
"22-13-82-99",,,,,,,,
"49-72-13-69",3200,12000,8000,10000,3600,0,1000,0
"72-23-50-93",,,,,,,,
"24-20-09-18",750,21000,18000,0,20000,2000,2000,0
"02-65-40-62",1000,0,0,0,3000,0,0,0
"65-04-66-76",1550,7000,1500,4700,3000,0,1000,0
"87-33-92-13",2700,0,0,6000,4000,0,0,0
"61-75-70-64",,,,,,,,
"23-31-62-51",4000,0,0,0,2000,0,0,0
"95-05-18-77",2500,0,0,10000,0,0,200,0
"87-43-52-74",1350,0,700,0,300,0,0,0
"61-21-03-67",1550,6500,2000,5000,0,0,1000,0
"72-29-78-52",2600,0,1500,0,2000,0,800,0
"11-76-72-18",,,,,,,,
"97-14-88-73",8300,3500,4000,12000,10000,5000,3000,0
"68-19-50-42",3000,0,0,3500,3000,0,0,0
"95-00-37-38",,,,,,,,
"94-73-96-31",,,,,,,,
"40-23-79-37",4500,0,0,0,4000,0,500,0
"49-36-92-60",,,,,,,,
"21-46-54-95",2100,0,1000,5000,1500,10000,3000,500
"65-71-98-91",4500,0,0,7500,0,0,0,0
"58-91-32-30",,,,,,,,
"18-10-16-95",10000,0,1200,6000,3600,0,0,0
"20-74-87-97",,,,,,,,
"42-18-27-84",,,,,,,,
"65-19-88-53",,,,,,,,
"56-92-07-98",,,,,,,,
"74-74-25-12",,,,,,,,
"83-96-24-75",5000,0,0,6000,6000,0,0,0
"56-67-49-17",,,,,,,,
"16-50-24-00",,,,,,,,
"73-07-75-47",,,,,,,,
"26-48-16-48",,,,,,,,
"72-76-08-58",1600,0,0,0,0,0,0,0
"51-88-01-88",,,,,,,,
"94-25-97-12",,,,,,,,
"06-34-31-56",2500,0,0,0,2000,0,0,0
"85-35-12-09",,,,,,,,
