interview__key,r_livestock__id,lv01,lv02,lv03,lv04,lv_inkind_pay,lv05,lv06,lv07,lv08
"31-67-19-52","Goats - He/She/Kids",30,10,2,0,6,3,6,3,2000
"85-11-91-18","Goats - He/She/Kids",4,1,2,0,0,0,2,0,3000
"85-11-91-18","Chicken - Cocks/Broilers",20,5,10,5,0,0,0,5,500
"34-73-96-50","Goats - He/She/Kids",8,22,4,1,0,0,3,0,3000
"34-73-96-50","Insects (Bees/Crickets/Etc.)",15,10,0,0,0,0,0,0,
"93-29-80-09","Goats - He/She/Kids",13,18,6,0,0,5,10,2,3500
"97-84-26-58","Goats - He/She/Kids",47,13,0,0,0,0,37,0,
"44-14-26-56","Goats - He/She/Kids",25,3,4,0,0,0,12,6,4000
"01-78-65-09","Goats - He/She/Kids",10,5,4,0,1,0,2,1,1500
"77-02-48-37","Goats - He/She/Kids",13,40,2,4,0,20,0,0,3000
"77-02-48-37","Sheep - Rams/Ewes/Lambs",0,8,0,0,0,1,3,0,
"46-96-59-64","Cows/Heifers",5,2,3,0,0,0,0,0,15000
"46-96-59-64","Goats - He/She/Kids",35,11,4,0,0,0,6,0,3000
"46-96-59-64","Camel",2,2,1,0,0,0,0,0,30000
"01-51-99-07","Goats - He/She/Kids",7,10,2,0,0,0,1,0,3500
"01-51-99-07","Sheep - Rams/Ewes/Lambs",4,6,1,0,0,0,2,0,2000
"01-51-99-07","Chicken - Hens/Layers",15,3,3,2,0,0,0,5,400
"39-75-97-43","Chicken - Hens/Layers",14,3,5,1,0,1,0,4,500
"11-52-82-38","Bulls/Oxen/Steers",1,1,0,0,0,0,0,0,
"11-52-82-38","Cows/Heifers",2,1,2,0,0,0,0,0,22000
"11-52-82-38","Sheep - Rams/Ewes/Lambs",1,1,0,0,0,0,0,0,
"19-06-13-08","Chicken - Hens/Layers",3,12,1,1,0,0,0,0,500
"37-83-74-10","Goats - He/She/Kids",4,9,3,0,0,0,0,1,3000
"37-83-74-10","Chicken - Hens/Layers",20,9,10,5,0,2,3,0,600
"39-40-38-02","Cows/Heifers",1,2,0,0,0,0,0,0,
"39-40-38-02","Calves - Males/Females",0,1,0,0,0,0,0,0,
"39-40-38-02","Goats - He/She/Kids",13,11,2,1,0,0,0,0,3000
"39-40-38-02","Sheep - Rams/Ewes/Lambs",2,3,0,0,0,0,0,0,
"39-40-38-02","Chicken - Hens/Layers",4,3,1,0,0,0,0,0,250
"86-00-55-84","Chicken - Hens/Layers",50,8,15,3,3,4,15,10,500
"17-23-66-97","Cows/Heifers",1,1,0,0,0,0,0,0,
"17-23-66-97","Calves - Males/Females",1,1,0,0,0,0,0,0,
"53-00-83-03","Goats - He/She/Kids",3,8,3,0,0,0,0,2,3000
"53-00-83-03","Sheep - Rams/Ewes/Lambs",5,3,2,0,0,0,0,2,2000
"70-80-16-39","Cows/Heifers",8,6,2,0,0,0,0,0,13000
"70-80-16-39","Sheep - Rams/Ewes/Lambs",15,12,0,0,0,1,2,0,
"70-80-16-39","Chicken - Cocks/Broilers",30,18,8,3,0,0,2,0,500
"11-00-74-85","Goats - He/She/Kids",15,20,3,0,0,0,0,0,4000
"16-44-32-23","Cows/Heifers",2,3,0,0,0,0,0,0,
"16-44-32-23","Goats - He/She/Kids",3,5,0,0,0,0,0,0,
"16-44-32-23","Sheep - Rams/Ewes/Lambs",30,15,3,2,3,3,4,0,4000
"49-09-04-04","Goats - He/She/Kids",19,8,6,0,2,1,1,1,3500
"49-09-04-04","Sheep - Rams/Ewes/Lambs",0,2,0,0,0,0,0,0,
"49-09-04-04","Chicken - Hens/Layers",32,3,14,2,0,3,5,5,400
"33-01-13-01","Goats - He/She/Kids",6,2,4,0,0,0,0,0,4000
"33-01-13-01","Sheep - Rams/Ewes/Lambs",0,1,0,0,0,0,0,0,
"65-53-51-27","Cows/Heifers",10,8,2,0,0,0,0,0,15000
"65-53-51-27","Goats - He/She/Kids",17,12,2,1,0,0,0,2,3000
"65-53-51-27","Sheep - Rams/Ewes/Lambs",17,11,2,0,0,2,0,2,2500
"65-53-51-27","Chicken - Cocks/Broilers",19,4,6,5,0,0,2,2,400
"64-11-62-56","Cows/Heifers",16,2,8,0,1,1,4,0,30000
"64-11-62-56","Calves - Males/Females",1,1,0,0,0,0,0,0,
"64-11-62-56","Chicken - Cocks/Broilers",10,1,1,0,0,0,0,8,1500
"64-11-62-56","Chicken - Hens/Layers",50,5,20,2,3,0,0,20,400
"64-11-62-56","Ducks",12,3,0,0,0,0,0,9,
"14-13-86-20","Goats - He/She/Kids",8,2,6,0,0,0,0,0,3000
"19-99-67-92","Chicken - Hens/Layers",54,30,20,0,0,6,15,8,600
"65-80-65-49","Goats - He/She/Kids",8,3,0,0,0,0,5,0,
"08-76-57-31","Goats - He/She/Kids",12,6,2,1,0,0,3,0,3500
"02-57-88-54","Goats - He/She/Kids",30,25,0,4,5,0,13,4,
"02-57-88-54","Sheep - Rams/Ewes/Lambs",50,14,0,0,0,2,10,6,
"36-87-83-91","Goats - He/She/Kids",27,5,12,0,0,0,0,0,3000
"36-87-83-91","Sheep - Rams/Ewes/Lambs",8,1,0,0,0,0,0,0,
"99-46-97-26","Goats - He/She/Kids",20,15,6,0,0,0,3,0,4000
"99-46-97-26","Sheep - Rams/Ewes/Lambs",50,30,10,2,1,0,4,7,3000
"76-21-46-00","Goats - He/She/Kids",2,11,3,0,0,0,1,0,3500
"45-95-07-81","Goats - He/She/Kids",100,50,20,0,0,0,30,6,3000
"15-84-79-29","Goats - He/She/Kids",5,10,0,0,0,0,20,0,
"52-10-39-37","Goats - He/She/Kids",10,6,0,1,0,0,5,0,
"52-10-39-37","Sheep - Rams/Ewes/Lambs",2,3,0,0,0,0,0,0,
"52-10-39-37","Chicken - Hens/Layers",1,6,1,1,0,0,0,6,350
"70-03-65-67","Goats - He/She/Kids",80,25,20,4,2,1,5,4,3000
"70-03-65-67","Chicken - Hens/Layers",0,15,5,3,1,1,5,4,400
"48-58-26-00","Goats - He/She/Kids",20,15,25,0,0,10,9,1,5000
"48-53-15-07","Goats - He/She/Kids",30,20,7,3,1,4,4,4,3500
"48-53-15-07","Sheep - Rams/Ewes/Lambs",15,9,5,1,2,0,3,2,3000
"48-53-15-07","Chicken - Hens/Layers",20,4,4,3,2,3,4,7,300
"48-53-15-07","Insects (Bees/Crickets/Etc.)",1,1,2,0,0,0,0,0,800
"44-97-24-07","Goats - He/She/Kids",24,13,3,2,1,1,2,2,3000
"63-58-57-56","Goats - He/She/Kids",8,12,22,0,0,0,20,0,4000
"80-45-95-05","Goats - He/She/Kids",8,4,0,0,0,0,2,1,
"63-29-07-40","Goats - He/She/Kids",10,5,0,0,0,3,2,0,
"54-48-29-18","Goats - He/She/Kids",45,20,0,3,2,10,5,0,
"50-16-00-20","Goats - He/She/Kids",5,15,10,2,0,3,2,2,3000
"50-16-00-20","Chicken - Hens/Layers",0,3,2,3,0,0,2,2,300
"45-36-57-50","Goats - He/She/Kids",100,10,24,0,0,0,20,0,5000
"49-75-44-53","Goats - He/She/Kids",10,5,3,0,0,0,2,0,4000
"19-90-00-01","Goats - He/She/Kids",60,10,20,0,0,0,0,0,3000
"29-86-40-08","Goats - He/She/Kids",75,20,14,4,2,2,71,5,4000
"29-86-40-08","Sheep - Rams/Ewes/Lambs",32,30,4,1,3,2,1,0,4000
"10-69-61-22","Cows/Heifers",10,15,0,0,0,0,3,0,
"10-69-61-22","Goats - He/She/Kids",50,40,14,0,0,0,4,0,4000
"10-69-61-22","Chicken - Hens/Layers",2,5,0,1,0,0,3,0,
"73-57-30-20","Goats - He/She/Kids",1,3,5,0,0,0,0,0,3000
"73-57-30-20","Sheep - Rams/Ewes/Lambs",15,8,7,0,0,0,0,0,5000
"98-91-04-48","Cows/Heifers",15,10,5,0,0,0,0,0,15000
"98-91-04-48","Goats - He/She/Kids",30,12,5,2,0,5,6,0,3000
"98-91-04-48","Sheep - Rams/Ewes/Lambs",30,10,10,3,0,3,6,0,3000
"98-91-04-48","Chicken - Hens/Layers",15,6,5,5,0,3,0,3,300
"74-01-41-82","Goats - He/She/Kids",7,8,2,0,0,0,2,2,4000
"30-00-59-90","Goats - He/She/Kids",40,60,10,0,0,1,0,2,4000
"75-25-98-04","Goats - He/She/Kids",0,3,0,0,0,0,0,0,
"09-00-12-98","Cows/Heifers",6,5,0,0,0,0,1,0,
"09-00-12-98","Calves - Males/Females",0,1,0,0,0,0,0,0,
"09-00-12-98","Sheep - Rams/Ewes/Lambs",19,6,2,1,0,0,10,0,3500
"04-52-21-75","Cows/Heifers",10,5,1,1,0,0,2,0,23000
"04-52-21-75","Goats - He/She/Kids",13,6,2,1,0,1,3,0,3500
"49-10-89-14","Cows/Heifers",6,4,0,0,0,1,1,0,
"49-10-89-14","Goats - He/She/Kids",8,5,1,0,0,0,2,0,3000
"49-10-89-14","Chicken - Hens/Layers",30,8,10,4,0,0,0,2,500
"15-13-85-83","Cows/Heifers",6,4,1,0,0,0,1,0,25000
"15-13-85-83","Calves - Males/Females",0,2,0,0,0,0,0,0,
"15-13-85-83","Goats - He/She/Kids",22,12,2,1,1,2,3,1,4500
"81-99-34-25","Sheep - Rams/Ewes/Lambs",20,5,0,0,0,0,15,0,
"96-35-08-20","Sheep - Rams/Ewes/Lambs",7,6,1,0,0,0,0,0,3000
"96-35-08-20","Chicken - Hens/Layers",7,7,0,0,0,0,0,0,
"78-02-12-77","Cows/Heifers",5,3,2,0,0,1,0,0,30000
"78-02-12-77","Goats - He/She/Kids",20,15,10,4,0,3,0,0,3000
"78-02-12-77","Sheep - Rams/Ewes/Lambs",40,25,10,2,0,3,7,0,3000
"66-37-18-93","Cows/Heifers",4,4,0,0,0,0,0,0,
"66-37-18-93","Goats - He/She/Kids",8,5,1,0,0,0,2,0,3000
"66-37-18-93","Chicken - Hens/Layers",30,8,10,4,0,0,8,2,500
"77-89-79-33","Cows/Heifers",10,5,3,0,0,0,2,0,30000
"77-89-79-33","Goats - He/She/Kids",30,15,15,1,0,0,3,1,3000
"77-89-79-33","Chicken - Cocks/Broilers",30,15,12,5,0,0,15,4,450
"77-89-79-33","Ducks",9,6,3,0,0,0,5,1,700
"09-97-47-73","Cows/Heifers",20,5,0,0,0,0,16,0,
"62-45-31-86","Cows/Heifers",50,10,10,0,0,0,30,0,15000
"62-45-31-86","Goats - He/She/Kids",60,30,30,0,0,0,0,0,3500
"96-13-78-99","Goats - He/She/Kids",55,20,4,0,0,0,31,0,3400
"25-35-15-07","Goats - He/She/Kids",80,100,10,2,1,2,3,5,4000
"25-35-15-07","Sheep - Rams/Ewes/Lambs",20,5,5,2,1,3,3,2,4000
"25-35-15-07","Chicken - Cocks/Broilers",12,6,2,1,0,0,1,2,400
"25-35-15-07","Beehive",2,4,0,0,0,0,0,0,
"10-80-25-79","Goats - He/She/Kids",39,5,10,2,0,2,20,0,3000
"46-89-14-96","Goats - He/She/Kids",5,2,2,0,0,0,1,0,4000
"46-89-14-96","Sheep - Rams/Ewes/Lambs",2,1,1,0,0,0,0,0,4000
"80-24-04-77","Goats - He/She/Kids",50,25,10,3,1,5,3,3,4000
"80-24-04-77","Sheep - Rams/Ewes/Lambs",10,5,1,1,0,1,1,1,3000
"80-24-04-77","Chicken - Cocks/Broilers",25,12,4,2,1,0,3,3,300
"26-82-89-21","Cows/Heifers",43,8,4,0,0,0,31,0,15000
"26-82-89-21","Goats - He/She/Kids",134,50,24,0,0,0,60,0,3000
"26-82-89-21","Sheep - Rams/Ewes/Lambs",66,23,15,0,0,0,28,0,5000
"26-82-89-21","Chicken - Hens/Layers",33,7,16,0,0,0,5,5,350
"26-82-89-21","Beehive",7,7,0,0,0,0,0,0,
"22-43-50-27","Goats - He/She/Kids",100,15,25,4,2,15,32,7,3000
"22-43-50-27","Sheep - Rams/Ewes/Lambs",15,2,5,1,2,2,2,3,2000
"22-43-50-27","Chicken - Cocks/Broilers",4,1,1,0,0,0,0,3,300
"22-43-50-27","Beehive",4,4,0,0,0,0,0,0,
"41-41-55-55","Goats - He/She/Kids",60,30,10,2,1,0,15,2,4000
"41-41-55-55","Sheep - Rams/Ewes/Lambs",10,1,5,1,0,0,4,0,3500
"41-41-55-55","Chicken - Cocks/Broilers",4,6,1,0,0,0,0,1,300
"26-69-32-41","Goats - He/She/Kids",8,5,4,0,0,0,0,0,4000
"68-81-12-32","Goats - He/She/Kids",4,3,3,0,0,0,0,2,4500
"46-49-14-82","Goats - He/She/Kids",10,5,3,2,0,0,0,0,4500
"23-46-40-42","Goats - He/She/Kids",6,10,1,0,0,0,0,0,4000
"93-71-36-41","Chicken - Hens/Layers",11,2,3,0,0,0,5,1,300
"07-56-93-09","Cows/Heifers",9,2,2,0,0,0,5,0,8000
"07-56-93-09","Goats - He/She/Kids",15,4,3,0,0,0,8,0,3000
"40-07-12-46","Goats - He/She/Kids",15,5,4,1,0,0,5,0,3000
"40-07-12-46","Chicken - Hens/Layers",17,4,4,1,0,0,2,6,400
"68-88-48-96","Sheep - Rams/Ewes/Lambs",7,6,3,0,0,0,0,0,3000
"68-88-48-96","Chicken - Cocks/Broilers",15,10,5,2,0,0,0,0,350
"86-70-18-69","Cows/Heifers",2,3,0,0,0,0,0,0,
"86-70-18-69","Goats - He/She/Kids",6,10,0,0,0,0,0,0,
"86-70-18-69","Sheep - Rams/Ewes/Lambs",2,3,0,0,0,0,0,0,
"82-09-53-31","Goats - He/She/Kids",40,58,2,0,5,5,3,3,3000
"10-84-11-85","Cows/Heifers",60,43,7,0,1,2,6,2,15000
"10-84-11-85","Goats - He/She/Kids",400,300,20,4,2,40,30,4,4000
"10-84-11-85","Sheep - Rams/Ewes/Lambs",50,40,5,1,1,1,1,1,4000
"10-84-11-85","Mules/Donkey",8,12,0,0,0,0,0,0,
"93-36-47-93","Goats - He/She/Kids",50,30,8,2,1,2,4,3,4000
"93-36-47-93","Sheep - Rams/Ewes/Lambs",6,8,1,0,0,0,0,0,3000
"93-36-47-93","Mules/Donkey",3,5,0,0,0,0,0,0,
"93-36-47-93","Beehive",0,2,0,0,0,0,0,0,
"40-02-31-47","Cows/Heifers",28,4,2,0,0,0,22,0,11000
"40-02-31-47","Goats - He/She/Kids",34,9,5,0,0,0,21,0,4000
"35-25-14-79","Goats - He/She/Kids",23,10,0,2,0,0,5,5,
"96-32-88-00","Cows/Heifers",5,6,1,0,0,0,2,0,7000
"96-32-88-00","Goats - He/She/Kids",3,8,1,1,0,0,2,0,2500
"96-32-88-00","Chicken - Hens/Layers",50,20,16,6,0,0,0,0,500
"30-07-79-13","Goats - He/She/Kids",50,30,10,1,1,5,3,0,4000
"30-07-79-13","Chicken - Hens/Layers",8,15,2,3,1,0,2,2,300
"30-07-79-13","Beehive",5,8,0,0,0,0,0,2,
"05-61-96-62","Sheep - Rams/Ewes/Lambs",21,15,0,1,1,0,0,4,
"05-61-96-62","Chicken - Cocks/Broilers",12,4,2,1,0,0,0,5,600
"37-32-16-74","Cows/Heifers",69,25,7,0,0,0,10,0,20000
"37-32-16-74","Goats - He/She/Kids",100,40,20,0,0,0,10,25,3000
"37-32-16-74","Sheep - Rams/Ewes/Lambs",20,4,0,0,0,0,16,0,
"74-21-41-84","Cows/Heifers",12,5,3,0,0,0,3,0,30000
"74-21-41-84","Goats - He/She/Kids",30,20,5,0,0,0,3,5,4500
"74-21-41-84","Sheep - Rams/Ewes/Lambs",5,3,2,0,0,0,0,3,4000
"82-96-41-85","Goats - He/She/Kids",21,12,2,0,0,2,5,0,3500
"58-44-33-27","Goats - He/She/Kids",10,3,3,0,0,0,4,0,3000
"86-98-25-96","Cows/Heifers",6,4,2,0,0,0,0,0,30000
"86-98-25-96","Sheep - Rams/Ewes/Lambs",10,2,5,2,0,0,1,0,3000
"86-98-25-96","Chicken - Cocks/Broilers",16,4,4,3,0,0,2,3,500
"09-54-26-75","Goats - He/She/Kids",4,5,0,0,0,0,0,0,
"41-61-78-73","Cows/Heifers",18,12,2,0,0,0,3,0,20000
"41-61-78-73","Goats - He/She/Kids",150,100,15,2,2,25,1,0,5000
"90-86-53-30","Goats - He/She/Kids",20,12,2,2,1,0,2,1,3000
"16-75-57-30","Goats - He/She/Kids",20,6,4,1,2,0,1,0,3000
"16-75-57-30","Chicken - Cocks/Broilers",7,4,2,0,0,0,1,1,300
"97-29-58-98","Cows/Heifers",10,5,5,0,0,0,0,0,29000
"97-29-58-98","Goats - He/She/Kids",30,10,2,0,0,0,18,0,2800
"97-29-58-98","Sheep - Rams/Ewes/Lambs",20,5,2,0,0,0,13,0,3000
"51-48-94-50","Cows/Heifers",8,6,2,0,0,0,0,0,40000
"51-48-94-50","Goats - He/She/Kids",29,36,0,0,0,0,1,0,
"97-20-59-08","Goats - He/She/Kids",18,10,1,2,0,0,0,5,3000
"82-77-24-98","Cows/Heifers",7,4,3,0,0,0,1,0,25000
"82-77-24-98","Goats - He/She/Kids",28,18,0,0,0,0,8,0,
"82-77-24-98","Ducks",3,2,0,0,0,0,1,0,
"68-99-96-16","Sheep - Rams/Ewes/Lambs",12,2,2,0,0,0,10,0,3000
"47-95-59-62","Goats - He/She/Kids",50,40,10,0,0,2,0,3,4000
"47-95-59-62","Sheep - Rams/Ewes/Lambs",20,10,8,0,0,0,1,0,3000
"86-57-96-89","Goats - He/She/Kids",30,45,0,4,9,10,5,3,
"36-96-75-03","Goats - He/She/Kids",12,2,5,2,0,0,3,0,3500
"08-94-02-07","Cows/Heifers",10,6,2,0,0,0,2,0,15000
"08-94-02-07","Goats - He/She/Kids",24,12,4,0,0,0,6,2,3500
"08-94-02-07","Sheep - Rams/Ewes/Lambs",37,20,4,1,0,0,10,2,2500
"08-94-02-07","Chicken - Hens/Layers",20,14,3,0,0,0,2,1,350
"08-94-02-07","Beehive",10,15,0,0,0,0,0,0,
"37-79-35-25","Goats - He/She/Kids",53,30,0,3,0,10,3,4,
"71-65-92-38","Goats - He/She/Kids",72,28,10,0,1,0,30,3,4000
"71-65-92-38","Sheep - Rams/Ewes/Lambs",16,8,5,0,0,0,3,0,4200
"71-65-92-38","Chicken - Cocks/Broilers",12,5,0,4,0,0,0,3,
"64-78-16-16","Goats - He/She/Kids",30,14,5,0,0,1,0,7,4000
"21-44-80-94","Goats - He/She/Kids",64,20,10,0,4,0,30,0,4500
"21-44-80-94","Chicken - Cocks/Broilers",10,1,0,0,0,0,9,0,
"21-44-80-94","Beehive",1,1,0,0,0,0,0,0,
"09-64-46-58","Cows/Heifers",3,3,0,0,0,0,0,0,
"09-64-46-58","Calves - Males/Females",0,3,0,0,0,0,0,0,
"09-64-46-58","Goats - He/She/Kids",48,31,10,2,0,0,4,1,4000
"09-64-46-58","Sheep - Rams/Ewes/Lambs",23,15,4,1,0,1,1,1,4000
"09-64-46-58","Chicken - Hens/Layers",35,9,16,1,0,3,0,6,350
"09-64-46-58","Beehive",3,3,0,0,0,0,0,0,
"59-85-28-37","Goats - He/She/Kids",120,80,20,5,1,4,5,5,5000
"59-86-17-42","Goats - He/She/Kids",45,28,7,0,0,0,10,0,3500
"15-65-55-76","Goats - He/She/Kids",30,15,10,1,0,0,4,0,5000
"15-65-55-76","Sheep - Rams/Ewes/Lambs",11,5,6,0,0,0,0,0,5000
"15-65-55-76","Chicken - Cocks/Broilers",15,5,1,0,0,0,9,0,300
"31-55-25-17","Goats - He/She/Kids",48,25,4,2,0,0,10,5,4000
"46-83-77-72","Goats - He/She/Kids",100,60,15,2,0,5,10,5,4000
"46-83-77-72","Sheep - Rams/Ewes/Lambs",15,10,0,1,0,0,1,0,
"46-83-77-72","Chicken - Hens/Layers",40,15,5,0,0,0,17,2,500
"55-65-07-83","Cows/Heifers",12,5,6,0,0,0,1,0,15000
"55-65-07-83","Sheep - Rams/Ewes/Lambs",8,8,2,0,0,0,0,0,2500
"55-65-07-83","Chicken - Hens/Layers",5,6,0,0,0,0,0,0,
"19-58-06-14","Goats - He/She/Kids",60,22,10,5,10,5,4,4,4000
"07-67-77-44","Goats - He/She/Kids",3,3,0,0,2,0,2,0,
"07-67-77-44","Sheep - Rams/Ewes/Lambs",2,4,0,0,0,0,0,0,
"29-63-05-43","Cows/Heifers",4,3,1,0,0,0,0,0,30000
"29-63-05-43","Goats - He/She/Kids",15,4,2,0,0,0,0,8,4500
"29-63-05-43","Sheep - Rams/Ewes/Lambs",3,1,1,0,0,0,0,1,5000
"15-06-78-78","Goats - He/She/Kids",70,40,15,5,0,0,10,0,5000
"15-06-78-78","Sheep - Rams/Ewes/Lambs",10,6,1,0,0,0,3,0,4000
"15-06-78-78","Chicken - Cocks/Broilers",5,15,3,4,1,0,0,2,500
"66-77-69-23","Goats - He/She/Kids",40,24,5,3,2,3,3,0,3000
"66-77-69-23","Chicken - Cocks/Broilers",12,7,3,1,0,0,1,0,300
"34-54-53-25","Cows/Heifers",8,5,2,0,0,0,3,0,25000
"34-54-53-25","Goats - He/She/Kids",70,50,15,0,0,0,3,2,3000
"54-15-04-81","Cows/Heifers",10,15,0,0,0,0,0,0,
"54-15-04-81","Goats - He/She/Kids",40,20,5,2,0,0,10,0,4000
"30-29-61-21","Cows/Heifers",5,3,0,0,0,0,2,0,
"30-29-61-21","Goats - He/She/Kids",10,6,3,0,0,0,1,0,4000
"30-29-61-21","Sheep - Rams/Ewes/Lambs",5,2,1,0,0,1,1,0,4200
"30-29-61-21","Chicken - Cocks/Broilers",0,2,0,0,0,2,0,0,
"32-65-13-57","Goats - He/She/Kids",19,7,4,2,0,0,5,1,3000
"25-20-08-58","Cows/Heifers",5,2,0,0,0,0,3,0,
"25-20-08-58","Goats - He/She/Kids",70,100,20,4,0,0,10,10,5000
"25-20-08-58","Sheep - Rams/Ewes/Lambs",5,2,0,0,0,0,3,0,
"12-04-44-96","Cows/Heifers",12,7,1,0,0,0,5,0,16500
"12-04-44-96","Goats - He/She/Kids",50,43,5,1,0,0,8,0,3000
"12-04-44-96","Chicken - Cocks/Broilers",38,31,7,2,0,0,0,0,600
"97-37-09-60","Goats - He/She/Kids",20,10,10,0,0,0,0,0,3000
"26-04-59-05","Goats - He/She/Kids",2,4,0,0,0,0,0,0,
"98-27-33-85","Calves - Males/Females",6,5,2,0,0,0,0,0,12000
"98-27-33-85","Goats - He/She/Kids",60,50,6,4,0,0,4,0,3000
"98-27-33-85","Chicken - Cocks/Broilers",10,10,2,2,0,0,0,0,500
"88-58-36-62","Goats - He/She/Kids",22,5,10,2,0,0,10,0,3500
"68-07-50-59","Goats - He/She/Kids",14,10,0,1,0,0,2,1,
"68-07-50-59","Chicken - Cocks/Broilers",24,6,0,2,0,0,8,8,
"69-15-02-37","Goats - He/She/Kids",38,30,5,4,0,3,0,0,5000
"69-15-02-37","Sheep - Rams/Ewes/Lambs",20,18,2,3,1,0,4,0,3200
"69-15-02-37","Chicken - Cocks/Broilers",15,5,2,3,0,0,3,2,300
"02-78-83-36","Goats - He/She/Kids",38,6,10,2,0,0,20,0,5000
"97-59-33-64","Goats - He/She/Kids",17,20,1,1,0,0,0,1,3000
"97-59-33-64","Chicken - Cocks/Broilers",12,7,5,2,0,0,0,0,300
"62-96-19-75","Cows/Heifers",3,5,0,0,0,0,1,0,
"62-96-19-75","Goats - He/She/Kids",30,17,3,1,0,0,9,0,3000
"62-96-19-75","Sheep - Rams/Ewes/Lambs",12,10,1,0,0,0,1,0,2500
"62-96-19-75","Chicken - Hens/Layers",5,15,3,0,0,0,0,0,600
"33-41-86-29","Goats - He/She/Kids",10,5,4,1,0,0,0,3,3000
"32-86-73-25","Goats - He/She/Kids",15,10,3,0,0,0,3,0,3000
"72-97-03-54","Cows/Heifers",6,1,0,0,0,0,5,0,
"72-97-03-54","Goats - He/She/Kids",10,8,2,0,0,0,2,0,3500
"72-97-03-54","Camel",4,3,0,0,0,0,1,0,
"15-89-37-89","Goats - He/She/Kids",43,30,3,1,0,0,7,2,3000
"15-89-37-89","Chicken - Hens/Layers",8,5,0,0,0,0,0,3,
"84-49-36-60","Goats - He/She/Kids",40,29,8,0,0,0,15,0,4500
"84-49-36-60","Sheep - Rams/Ewes/Lambs",43,25,4,0,0,1,1,6,4000
"50-30-24-70","Goats - He/She/Kids",28,12,10,3,0,0,2,1,8000
"50-30-24-70","Chicken - Cocks/Broilers",9,2,0,0,0,0,5,2,
"50-30-24-70","Chicken - Hens/Layers",22,15,0,0,0,0,3,4,
"73-01-79-27","Goats - He/She/Kids",3,5,0,0,0,0,3,0,
"61-70-56-76","Goats - He/She/Kids",52,38,0,1,0,2,15,2,
"61-70-56-76","Chicken - Hens/Layers",35,6,0,3,0,4,20,1,
"97-74-84-66","Goats - He/She/Kids",70,54,0,3,8,0,2,3,
"46-71-69-87","Cows/Heifers",5,1,1,0,0,0,4,0,25000
"46-71-69-87","Goats - He/She/Kids",15,6,4,2,0,0,9,0,3000
"46-71-69-87","Sheep - Rams/Ewes/Lambs",3,2,1,0,0,0,0,0,3000
"46-71-69-87","Chicken - Cocks/Broilers",8,6,1,0,0,0,2,0,600
"65-63-71-66","Cows/Heifers",4,4,0,0,0,0,0,0,
"65-63-71-66","Calves - Males/Females",8,1,0,0,0,0,0,0,
"65-63-71-66","Goats - He/She/Kids",8,5,2,0,0,0,1,0,3200
"65-63-71-66","Sheep - Rams/Ewes/Lambs",1,2,0,0,0,0,0,0,
"65-63-71-66","Chicken - Hens/Layers",15,4,1,0,0,1,2,7,500
"15-51-80-47","Cows/Heifers",8,4,1,0,0,0,3,0,21000
"15-51-80-47","Goats - He/She/Kids",20,10,10,0,0,0,0,0,4000
"15-51-80-47","Chicken - Cocks/Broilers",18,4,0,0,0,0,0,14,
"32-74-61-81","Cows/Heifers",1,2,0,0,0,0,0,0,
"32-74-61-81","Goats - He/She/Kids",28,30,1,0,0,0,1,0,3000
"73-83-46-14","Goats - He/She/Kids",0,11,0,0,0,0,1,0,
"07-04-05-10","Goats - He/She/Kids",9,3,0,0,0,0,3,3,
"53-39-03-44","Goats - He/She/Kids",10,3,2,3,0,2,1,0,3000
"85-50-39-09","Cows/Heifers",1,2,0,0,0,0,0,0,
"85-50-39-09","Goats - He/She/Kids",10,15,4,1,0,0,0,0,3000
"85-50-39-09","Sheep - Rams/Ewes/Lambs",20,10,1,0,0,0,8,0,5000
"85-50-39-09","Chicken - Cocks/Broilers",0,1,0,0,0,0,0,0,
"46-32-17-36","Cows/Heifers",20,3,2,0,0,0,10,5,20000
"46-32-17-36","Sheep - Rams/Ewes/Lambs",20,10,10,0,0,0,0,0,4000
"85-98-37-69","Cows/Heifers",2,4,0,0,0,0,0,0,
"85-98-37-69","Calves - Males/Females",0,2,0,0,0,0,0,0,
"85-98-37-69","Goats - He/She/Kids",3,9,0,1,0,0,0,0,
"85-98-37-69","Sheep - Rams/Ewes/Lambs",4,11,0,1,0,0,0,0,
"85-98-37-69","Chicken - Cocks/Broilers",20,30,8,6,0,0,0,0,500
"47-59-10-25","Goats - He/She/Kids",15,7,5,0,0,0,5,0,3000
"03-90-73-99","Goats - He/She/Kids",20,10,10,0,0,0,0,0,4000
"43-25-90-61","Goats - He/She/Kids",24,19,3,0,0,0,3,0,3000
"43-25-90-61","Sheep - Rams/Ewes/Lambs",5,4,0,0,0,0,1,0,
"49-70-00-09","Goats - He/She/Kids",35,22,4,3,0,2,4,0,3500
"49-70-00-09","Sheep - Rams/Ewes/Lambs",18,15,2,1,0,0,0,0,3000
"49-70-00-09","Chicken - Hens/Layers",0,7,0,3,0,0,0,0,
"06-94-49-47","Cows/Heifers",7,3,4,0,0,0,0,0,4000
"06-94-49-47","Goats - He/She/Kids",20,18,4,0,0,0,0,0,2500
"06-94-49-47","Sheep - Rams/Ewes/Lambs",15,14,1,0,0,0,0,0,3200
"19-04-54-37","Goats - He/She/Kids",5,10,0,0,0,0,0,0,
"19-04-54-37","Sheep - Rams/Ewes/Lambs",3,6,0,0,0,0,0,0,
"19-04-54-37","Chicken - Cocks/Broilers",10,3,3,1,0,0,5,0,500
"59-57-12-16","Cows/Heifers",10,2,2,0,0,0,6,0,12000
"59-57-12-16","Goats - He/She/Kids",20,15,3,1,0,0,2,0,3000
"59-57-12-16","Sheep - Rams/Ewes/Lambs",15,8,3,0,0,1,3,0,2500
"49-28-72-36","Cows/Heifers",3,2,0,0,0,0,1,0,
"49-28-72-36","Sheep - Rams/Ewes/Lambs",27,12,13,0,0,2,0,0,4000
"49-28-72-36","Chicken - Hens/Layers",5,41,5,6,0,3,12,15,500
"93-14-44-32","Sheep - Rams/Ewes/Lambs",26,13,5,0,1,2,3,2,3000
"12-47-74-84","Cows/Heifers",0,3,0,0,0,0,1,0,
"12-47-74-84","Sheep - Rams/Ewes/Lambs",0,3,0,0,0,0,0,0,
"66-45-27-28","Goats - He/She/Kids",30,20,5,1,1,0,5,0,4000
"61-66-59-51","Sheep - Rams/Ewes/Lambs",9,7,2,0,0,0,1,0,3500
"78-64-43-02","Cows/Heifers",12,9,2,0,0,0,1,0,20000
"78-64-43-02","Goats - He/She/Kids",30,25,3,0,0,0,2,0,4000
"78-64-43-02","Sheep - Rams/Ewes/Lambs",26,36,0,0,0,0,0,0,
"03-23-67-97","Cows/Heifers",31,10,1,0,0,0,20,0,28000
"03-23-67-97","Goats - He/She/Kids",83,60,10,1,0,2,0,10,3500
"03-23-67-97","Sheep - Rams/Ewes/Lambs",60,30,10,0,0,0,20,0,2500
"03-23-67-97","Chicken - Hens/Layers",20,6,0,0,0,0,4,10,
"84-81-25-13","Goats - He/She/Kids",22,4,10,4,0,2,4,0,3000
"84-81-25-13","Chicken - Cocks/Broilers",15,8,6,2,0,0,0,0,350
"01-19-86-40","Goats - He/She/Kids",10,12,3,1,0,0,1,0,4500
"69-16-25-63","Goats - He/She/Kids",48,3,25,7,0,0,8,5,3000
"58-95-91-31","Goats - He/She/Kids",40,30,8,0,0,0,4,0,4000
"11-58-78-70","Goats - He/She/Kids",40,28,4,0,1,0,4,6,7500
"11-58-78-70","Chicken - Hens/Layers",15,8,2,0,0,1,6,2,500
"98-97-38-21","Goats - He/She/Kids",80,40,25,0,0,0,15,0,3000
"98-97-38-21","Sheep - Rams/Ewes/Lambs",10,5,2,0,0,0,3,0,5000
"92-08-97-62","Goats - He/She/Kids",20,5,14,0,0,0,1,0,3000
"80-20-31-51","Cows/Heifers",25,28,3,0,0,13,7,0,25000
"80-20-31-51","Calves - Males/Females",6,5,0,0,0,0,3,0,
"80-20-31-51","Goats - He/She/Kids",40,50,8,1,2,20,4,0,3500
"80-20-31-51","Sheep - Rams/Ewes/Lambs",12,16,3,0,0,3,4,0,3000
"80-20-31-51","Chicken - Cocks/Broilers",5,2,2,0,0,0,1,0,300
"06-48-61-69","Goats - He/She/Kids",44,30,10,0,0,0,4,0,2500
"11-11-55-95","Goats - He/She/Kids",50,35,15,0,0,0,0,0,5000
"11-11-55-95","Sheep - Rams/Ewes/Lambs",20,10,2,0,0,0,8,0,3000
"95-73-95-89","Cows/Heifers",5,2,0,0,0,0,3,0,
"95-73-95-89","Goats - He/She/Kids",10,5,2,0,0,0,3,0,3000
"02-47-29-85","Goats - He/She/Kids",70,50,10,2,0,0,8,0,5000
"54-07-56-18","Goats - He/She/Kids",22,6,5,1,0,0,10,0,3500
"54-07-56-18","Chicken - Hens/Layers",31,10,6,1,0,2,6,6,400
"02-67-98-73","Goats - He/She/Kids",100,60,25,1,5,1,1,3,4500
"02-67-98-73","Sheep - Rams/Ewes/Lambs",19,18,0,0,0,1,0,0,
"02-67-98-73","Chicken - Hens/Layers",5,9,0,0,0,0,0,0,
"25-47-42-18","Chicken - Hens/Layers",15,7,0,0,0,0,0,8,
"92-95-45-69","Goats - He/She/Kids",8,2,6,0,0,0,0,0,2500
"92-95-45-69","Sheep - Rams/Ewes/Lambs",6,3,3,0,0,0,0,0,3000
"37-73-98-41","Goats - He/She/Kids",8,3,2,0,0,0,3,0,3000
"37-73-98-41","Chicken - Cocks/Broilers",4,3,0,0,0,0,1,0,
"48-88-82-47","Sheep - Rams/Ewes/Lambs",7,7,0,0,0,0,0,0,
"44-96-14-86","Goats - He/She/Kids",72,31,40,1,0,0,0,0,4000
"47-83-83-86","Chicken - Hens/Layers",0,2,0,0,0,0,0,0,
"79-90-62-68","Cows/Heifers",1,4,0,0,0,0,0,0,
"79-90-62-68","Goats - He/She/Kids",40,25,10,1,0,0,5,0,5000
"79-90-62-68","Sheep - Rams/Ewes/Lambs",3,1,0,0,0,0,2,0,
"79-90-62-68","Chicken - Hens/Layers",3,15,4,3,0,0,0,0,500
"67-12-09-24","Goats - He/She/Kids",200,50,100,0,0,0,45,0,3000
"63-23-35-27","Goats - He/She/Kids",2,0,2,0,0,0,0,0,2600
"04-92-66-81","Goats - He/She/Kids",4,2,3,0,0,0,0,0,3000
"04-92-66-81","Sheep - Rams/Ewes/Lambs",2,3,0,0,0,0,0,0,
"93-87-16-02","Goats - He/She/Kids",18,3,6,2,0,0,3,4,3000
"93-87-16-02","Chicken - Hens/Layers",36,10,3,2,0,1,12,8,350
"65-31-14-31","Cows/Heifers",13,6,5,0,0,0,3,0,18000
"65-31-14-31","Goats - He/She/Kids",4,11,0,0,0,0,0,0,
"19-27-66-46","Goats - He/She/Kids",50,9,39,1,0,0,5,0,3500
"19-27-66-46","Sheep - Rams/Ewes/Lambs",0,1,0,0,0,0,0,0,
"19-27-66-46","Chicken - Hens/Layers",30,6,3,0,0,0,12,0,500
"08-44-37-94","Goats - He/She/Kids",23,15,3,1,0,1,3,0,2800
"08-44-37-94","Sheep - Rams/Ewes/Lambs",17,12,1,1,0,1,2,0,3000
"08-44-37-94","Chicken - Hens/Layers",19,10,0,2,0,2,0,5,
"27-66-11-12","Goats - He/She/Kids",10,15,3,0,0,0,0,0,4000
"27-66-11-12","Sheep - Rams/Ewes/Lambs",15,12,5,0,0,0,5,0,3000
"11-29-74-23","Goats - He/She/Kids",21,23,2,1,0,0,1,0,3500
"11-29-74-23","Chicken - Hens/Layers",10,5,5,1,0,0,2,0,350
"59-89-68-30","Goats - He/She/Kids",21,5,3,2,2,0,3,6,3500
"59-89-68-30","Sheep - Rams/Ewes/Lambs",14,3,2,1,2,3,3,0,2500
"59-89-68-30","Chicken - Cocks/Broilers",25,2,4,3,0,0,4,12,350
"59-89-68-30","Chicken - Hens/Layers",40,10,10,0,6,0,4,10,300
"81-45-95-70","Cows/Heifers",3,5,1,0,0,0,0,0,20000
"81-45-95-70","Goats - He/She/Kids",17,25,2,0,0,0,1,5,4000
"16-03-96-06","Cows/Heifers",18,7,8,0,0,0,3,0,15000
"16-03-96-06","Goats - He/She/Kids",40,20,10,0,0,0,8,2,4000
"16-03-96-06","Sheep - Rams/Ewes/Lambs",20,5,10,0,0,0,5,0,4000
"22-88-97-60","Goats - He/She/Kids",10,10,1,0,0,0,0,0,6000
"22-88-97-60","Chicken - Hens/Layers",20,15,7,0,0,0,0,0,500
"47-75-71-27","Goats - He/She/Kids",17,6,0,1,0,0,5,5,
"47-75-71-27","Sheep - Rams/Ewes/Lambs",12,1,2,0,1,1,2,5,3500
"47-75-71-27","Chicken - Hens/Layers",13,1,2,1,0,1,3,5,350
"10-39-00-99","Goats - He/She/Kids",7,4,6,0,0,0,1,0,4000
"96-06-62-42","Cows/Heifers",4,2,0,0,0,0,2,0,
"96-06-62-42","Goats - He/She/Kids",38,29,0,2,1,0,5,1,
"44-37-52-83","Goats - He/She/Kids",150,80,15,5,1,20,2,2,4000
"44-37-52-83","Sheep - Rams/Ewes/Lambs",8,7,2,1,0,1,1,0,3500
"45-92-75-89","Goats - He/She/Kids",50,40,10,1,0,0,4,0,4000
"45-92-75-89","Chicken - Cocks/Broilers",60,40,20,3,0,0,2,0,400
"85-71-09-15","Cows/Heifers",2,2,0,0,0,0,0,0,
"85-71-09-15","Goats - He/She/Kids",30,20,5,1,0,0,4,0,8000
"85-71-09-15","Chicken - Hens/Layers",30,25,5,0,0,0,0,0,500
"64-51-39-39","Goats - He/She/Kids",50,30,8,1,0,0,6,5,4000
"64-51-39-39","Sheep - Rams/Ewes/Lambs",22,20,0,0,0,0,2,0,
"64-51-39-39","Chicken - Hens/Layers",24,10,0,2,0,2,6,4,
"95-09-61-15","Goats - He/She/Kids",41,25,4,3,0,1,5,3,4000
"95-09-61-15","Chicken - Hens/Layers",27,10,4,2,0,2,6,3,300
"86-63-74-80","Goats - He/She/Kids",5,8,0,0,0,0,1,0,
"67-27-36-61","Goats - He/She/Kids",20,10,10,3,0,0,5,0,4000
"67-27-36-61","Chicken - Hens/Layers",10,3,0,1,0,0,5,0,
"07-50-91-84","Goats - He/She/Kids",12,8,3,0,0,0,1,0,5000
"87-71-97-91","Cows/Heifers",21,16,2,0,0,0,2,1,15000
"87-71-97-91","Goats - He/She/Kids",25,18,3,0,0,0,3,1,5000
"72-05-40-32","Goats - He/She/Kids",19,16,0,0,0,0,0,3,
"02-59-28-55","Goats - He/She/Kids",19,23,4,0,0,0,8,0,4000
"02-59-28-55","Sheep - Rams/Ewes/Lambs",6,10,4,0,0,0,0,0,5000
"37-38-94-21","Goats - He/She/Kids",30,0,20,0,0,2,0,8,3000
"37-38-94-21","Sheep - Rams/Ewes/Lambs",3,0,0,0,0,0,3,0,
"77-42-43-43","Cows/Heifers",5,2,1,0,0,0,2,0,32000
"77-42-43-43","Goats - He/She/Kids",60,30,10,5,0,0,25,0,4000
"68-60-50-68","Goats - He/She/Kids",25,8,5,1,1,0,5,5,3500
"68-60-50-68","Chicken - Cocks/Broilers",12,2,5,2,0,0,2,1,400
"46-89-69-47","Cows/Heifers",13,10,2,0,0,0,1,0,25000
"46-89-69-47","Goats - He/She/Kids",43,40,0,0,0,0,3,0,
"46-89-69-47","Chicken - Cocks/Broilers",64,8,50,5,0,1,0,0,700
"46-72-66-83","Cows/Heifers",5,2,2,0,0,0,1,0,25000
"46-72-66-83","Goats - He/She/Kids",49,12,7,0,0,0,30,0,3000
"25-02-52-66","Goats - He/She/Kids",8,1,7,0,0,0,0,0,3000
"25-02-52-66","Chicken - Hens/Layers",30,13,17,0,0,0,0,0,300
"55-56-28-22","Cows/Heifers",12,3,1,0,0,0,8,0,30000
"55-56-28-22","Goats - He/She/Kids",60,26,30,0,0,0,0,0,4000
"55-56-28-22","Sheep - Rams/Ewes/Lambs",4,2,0,0,0,0,1,1,
"46-53-61-02","Goats - He/She/Kids",10,18,3,0,0,0,0,0,4000
"10-77-75-51","Goats - He/She/Kids",13,8,3,0,0,0,1,1,3000
"71-70-88-23","Goats - He/She/Kids",48,30,9,1,0,0,3,5,6000
"71-70-88-23","Chicken - Cocks/Broilers",18,3,10,3,0,0,0,2,700
"71-70-88-23","Chicken - Hens/Layers",47,40,0,1,0,0,0,6,
"50-33-80-84","Goats - He/She/Kids",20,10,5,0,0,0,6,0,3000
"91-60-65-39","Goats - He/She/Kids",20,15,5,0,0,0,0,0,3000
"87-56-56-81","Goats - He/She/Kids",10,15,3,0,0,0,0,2,3000
"87-56-56-81","Chicken - Cocks/Broilers",3,1,2,0,0,0,0,0,500
"87-56-56-81","Chicken - Hens/Layers",9,6,3,0,0,0,0,0,300
"10-18-23-80","Goats - He/She/Kids",0,15,0,0,0,0,0,0,
"10-18-23-80","Chicken - Cocks/Broilers",15,8,2,2,1,0,0,2,500
"65-08-75-81","Goats - He/She/Kids",28,7,6,2,0,0,4,9,5000
"65-08-75-81","Chicken - Hens/Layers",8,3,3,2,0,0,0,0,400
"71-59-52-11","Goats - He/She/Kids",8,6,2,0,0,0,0,0,3000
"31-09-36-85","Cows/Heifers",5,7,1,0,0,0,1,0,20000
"31-09-36-85","Goats - He/She/Kids",35,23,5,1,1,0,3,2,5000
"31-09-36-85","Chicken - Cocks/Broilers",12,8,3,0,0,0,2,3,400
"29-04-00-40","Goats - He/She/Kids",25,15,2,0,5,5,1,0,4000
"13-37-47-48","Goats - He/She/Kids",30,20,4,2,0,2,2,0,3200
"22-02-49-30","Goats - He/She/Kids",34,22,12,0,0,0,0,0,4000
"04-02-73-28","Cows/Heifers",2,1,0,0,0,0,1,0,
"04-02-73-28","Calves - Males/Females",2,1,0,0,0,0,1,0,
"04-02-73-28","Goats - He/She/Kids",54,21,1,1,0,0,0,1,4000
"04-02-73-28","Chicken - Cocks/Broilers",13,3,0,3,0,0,5,2,
"04-02-73-28","Chicken - Hens/Layers",15,10,0,0,0,0,5,0,
"57-09-51-71","Cows/Heifers",10,6,0,0,0,0,4,0,
"45-10-68-85","Cows/Heifers",8,9,0,0,0,0,0,0,
"45-10-68-85","Goats - He/She/Kids",46,51,0,0,0,0,0,0,
"45-10-68-85","Sheep - Rams/Ewes/Lambs",2,5,0,0,0,0,0,0,
"45-10-68-85","Chicken - Cocks/Broilers",30,20,10,0,0,0,0,0,300
"72-72-49-77","Goats - He/She/Kids",16,25,5,1,0,0,0,6,3500
"61-58-42-30","Cows/Heifers",30,9,2,0,0,0,15,0,30000
"61-58-42-30","Goats - He/She/Kids",40,20,4,0,0,0,10,6,4000
"46-76-02-18","Goats - He/She/Kids",5,6,1,0,0,0,0,1,4000
"32-71-82-87","Goats - He/She/Kids",30,25,5,0,0,0,2,0,5000
"32-71-82-87","Sheep - Rams/Ewes/Lambs",0,4,0,0,0,0,0,0,
"32-71-82-87","Chicken - Cocks/Broilers",12,10,4,2,0,0,0,0,500
"51-19-72-02","Goats - He/She/Kids",2,2,0,0,0,0,0,0,
"51-19-72-02","Chicken - Cocks/Broilers",5,2,2,0,0,0,0,1,500
"51-19-72-02","Chicken - Hens/Layers",11,9,0,0,0,0,0,2,
"98-92-34-42","Goats - He/She/Kids",15,5,7,0,0,0,0,3,4000
"98-92-34-42","Sheep - Rams/Ewes/Lambs",8,2,2,0,0,0,0,4,4000
"19-17-82-94","Goats - He/She/Kids",60,40,6,2,2,0,7,3,5000
"19-17-82-94","Sheep - Rams/Ewes/Lambs",22,7,1,0,0,0,4,10,4000
"19-17-82-94","Chicken - Cocks/Broilers",5,10,2,1,0,0,1,0,300
"35-77-55-36","Goats - He/She/Kids",11,6,2,0,0,0,2,1,3000
"35-77-55-36","Chicken - Cocks/Broilers",13,3,1,2,0,0,2,5,500
"35-77-55-36","Chicken - Hens/Layers",24,10,7,0,0,0,2,5,300
"60-19-93-23","Goats - He/She/Kids",22,15,1,1,0,0,3,0,5000
"60-19-93-23","Chicken - Hens/Layers",15,5,10,0,0,0,0,0,350
"98-71-23-55","Cows/Heifers",40,57,0,0,1,10,1,0,
"98-71-23-55","Goats - He/She/Kids",175,140,5,4,2,20,15,10,4000
"98-71-23-55","Sheep - Rams/Ewes/Lambs",30,22,0,0,0,0,5,3,
"88-09-79-89","Cows/Heifers",10,10,4,0,0,0,0,0,30000
"88-09-79-89","Goats - He/She/Kids",36,22,15,0,0,3,2,4,4500
"88-09-79-89","Sheep - Rams/Ewes/Lambs",8,6,3,0,0,0,0,0,4000
"34-24-20-27","Goats - He/She/Kids",30,5,4,0,0,0,21,0,3500
"13-99-53-09","Goats - He/She/Kids",32,20,0,1,0,5,5,3,
"62-74-89-68","Cows/Heifers",5,4,1,0,0,0,0,0,30000
"62-74-89-68","Goats - He/She/Kids",18,10,4,0,0,0,3,3,4000
"62-74-89-68","Sheep - Rams/Ewes/Lambs",20,5,0,0,0,0,0,16,
"10-78-86-05","Goats - He/She/Kids",30,10,15,0,0,0,7,0,5000
"10-78-86-05","Chicken - Cocks/Broilers",15,6,3,6,0,0,0,0,500
"58-17-83-09","Cows/Heifers",7,2,1,0,0,0,4,0,17000
"58-17-83-09","Goats - He/She/Kids",76,22,28,1,2,0,11,3,4500
"58-17-83-09","Sheep - Rams/Ewes/Lambs",6,3,2,0,0,0,1,0,3000
"58-17-83-09","Chicken - Cocks/Broilers",31,8,20,0,0,0,3,0,300
"58-17-83-09","Beehive",16,14,0,0,0,0,2,0,
"86-94-71-57","Cows/Heifers",13,10,0,0,0,0,3,0,
"86-94-71-57","Calves - Males/Females",0,4,0,0,0,0,0,0,
"86-94-71-57","Goats - He/She/Kids",10,20,4,0,0,0,3,0,4000
"86-94-71-57","Chicken - Hens/Layers",5,20,5,0,0,0,0,0,500
"33-63-66-86","Goats - He/She/Kids",12,6,9,0,0,0,0,0,3700
"31-45-42-89","Goats - He/She/Kids",70,30,25,0,0,0,11,1,3000
"31-45-42-89","Sheep - Rams/Ewes/Lambs",15,7,7,0,0,0,1,0,3500
"31-45-42-89","Beehive",18,12,0,0,0,0,0,3,
"53-01-20-30","Goats - He/She/Kids",21,30,7,5,0,1,5,0,3000
"53-01-20-30","Sheep - Rams/Ewes/Lambs",6,5,2,0,0,0,1,0,3500
"13-52-61-75","Cows/Heifers",3,5,0,0,0,0,0,0,
"78-32-01-29","Goats - He/She/Kids",43,30,13,0,0,0,0,0,3000
"10-62-40-22","Sheep - Rams/Ewes/Lambs",42,30,0,0,0,0,5,5,
"82-40-44-86","Cows/Heifers",7,5,2,0,0,0,0,0,25000
"82-40-44-86","Goats - He/She/Kids",35,15,20,0,0,0,0,0,5000
"82-40-44-86","Chicken - Cocks/Broilers",30,10,20,0,0,0,0,0,500
"52-02-93-49","Goats - He/She/Kids",48,33,0,2,3,0,3,5,
"32-71-99-16","Cows/Heifers",35,31,3,0,0,0,2,0,20000
"32-71-99-16","Calves - Males/Females",8,4,0,0,0,0,1,0,
"32-71-99-16","Goats - He/She/Kids",250,172,30,5,0,0,10,0,5000
"32-71-99-16","Sheep - Rams/Ewes/Lambs",5,2,0,0,0,0,2,0,
"32-71-99-16","Chicken - Hens/Layers",25,15,0,5,0,0,7,0,
"91-09-88-25","Goats - He/She/Kids",3,5,0,0,0,0,0,0,
"95-92-63-73","Cows/Heifers",2,4,0,0,0,0,0,0,
"95-92-63-73","Chicken - Cocks/Broilers",12,8,2,2,1,0,3,2,400
"06-17-24-58","Cows/Heifers",6,3,1,0,0,0,2,0,20000
"06-17-24-58","Calves - Males/Females",3,1,0,0,0,0,2,0,
"06-17-24-58","Goats - He/She/Kids",30,30,5,0,0,15,5,5,4000
"06-17-24-58","Sheep - Rams/Ewes/Lambs",3,5,0,0,0,0,0,0,
"20-84-25-59","Goats - He/She/Kids",30,20,10,3,0,0,3,0,4000
"20-84-25-59","Chicken - Cocks/Broilers",20,15,6,4,0,0,0,0,3000
"97-31-09-83","Cows/Heifers",58,38,5,0,0,2,10,3,18000
"97-31-09-83","Goats - He/She/Kids",15,20,2,0,0,0,1,0,4500
"97-31-09-83","Chicken - Hens/Layers",5,8,2,1,1,0,0,0,400
"97-31-09-83","Mules/Donkey",5,3,1,0,0,0,0,0,10000
"97-31-09-83","Camel",2,4,0,0,0,0,0,0,
"56-22-99-66","Cows/Heifers",13,7,6,0,0,0,0,0,15000
"56-22-99-66","Goats - He/She/Kids",44,50,1,0,0,0,0,0,4000
"56-22-99-66","Chicken - Hens/Layers",18,14,0,0,0,0,4,0,
"05-92-75-52","Cows/Heifers",6,2,0,0,0,4,0,0,
"05-92-75-52","Goats - He/She/Kids",67,4,48,0,0,15,0,0,3000
"50-93-16-91","Cows/Heifers",6,2,0,0,0,0,4,0,
"50-93-16-91","Goats - He/She/Kids",31,25,2,1,0,1,2,0,7000
"50-93-16-91","Chicken - Hens/Layers",14,10,0,2,0,2,0,0,
"50-93-16-91","Beehive",8,7,0,0,0,0,1,0,
"33-93-90-01","Goats - He/She/Kids",18,7,5,0,0,0,2,4,3000
"33-93-90-01","Chicken - Hens/Layers",28,6,2,0,0,0,20,0,350
"00-04-89-61","Cows/Heifers",55,30,8,1,1,10,5,0,15000
"00-04-89-61","Goats - He/She/Kids",350,300,10,1,1,30,5,3,4000
"00-04-89-61","Chicken - Cocks/Broilers",10,15,2,1,0,0,2,0,3000
"55-74-55-01","Goats - He/She/Kids",11,8,0,0,0,0,3,0,
"55-74-55-01","Chicken - Hens/Layers",24,11,5,3,0,0,0,5,500
"35-03-81-94","Goats - He/She/Kids",30,18,2,2,1,5,1,1,3500
"87-29-60-32","Goats - He/She/Kids",2,4,0,0,0,0,0,0,
"87-29-60-32","Chicken - Hens/Layers",30,8,5,3,0,0,10,0,350
"59-04-53-64","Cows/Heifers",5,5,0,0,0,0,0,0,
"59-04-53-64","Goats - He/She/Kids",14,10,0,1,0,0,3,0,
"59-04-53-64","Chicken - Hens/Layers",18,12,1,1,0,2,0,2,350
"59-04-53-64","Beehive",6,5,0,0,1,0,0,0,
"36-02-93-74","Cows/Heifers",3,2,0,0,0,0,1,0,
"36-02-93-74","Goats - He/She/Kids",30,15,10,0,0,0,5,0,3000
"36-02-93-74","Chicken - Cocks/Broilers",100,7,80,5,0,0,10,0,300
"36-02-93-74","Chicken - Hens/Layers",8,1,5,3,0,0,0,0,500
"56-43-23-52","Cows/Heifers",20,3,8,0,2,0,6,1,30000
"56-43-23-52","Goats - He/She/Kids",20,7,6,0,1,0,5,1,4000
"56-43-23-52","Sheep - Rams/Ewes/Lambs",3,1,1,0,0,0,1,0,6000
"67-03-64-23","Cows/Heifers",15,7,2,0,0,0,6,0,17000
"67-03-64-23","Goats - He/She/Kids",100,32,20,0,0,0,43,5,3000
"74-55-51-40","Goats - He/She/Kids",30,10,15,0,0,0,5,0,3000
"64-62-65-29","Goats - He/She/Kids",42,20,12,3,0,0,6,1,7500
"64-62-65-29","Chicken - Cocks/Broilers",28,1,6,1,0,0,15,5,700
"64-62-65-29","Chicken - Hens/Layers",35,15,4,1,0,0,10,5,400
"30-54-31-50","Cows/Heifers",10,6,0,0,0,0,0,0,
"30-54-31-50","Goats - He/She/Kids",20,11,9,0,0,0,0,0,3000
"42-02-08-83","Goats - He/She/Kids",0,4,0,0,0,0,0,0,
"37-15-67-95","Goats - He/She/Kids",60,50,10,0,0,0,0,0,3000
"42-23-71-10","Chicken - Cocks/Broilers",5,3,2,0,0,0,0,2,300
"50-11-26-74","Cows/Heifers",20,2,7,0,0,0,11,0,16000
"50-11-26-74","Goats - He/She/Kids",80,50,20,0,0,0,0,10,5000
"50-11-26-74","Sheep - Rams/Ewes/Lambs",27,17,10,0,0,0,0,0,4000
"50-11-26-74","Beehive",4,4,0,0,0,0,0,0,
"41-04-96-60","Cows/Heifers",15,3,3,0,0,0,9,0,15000
"41-04-96-60","Goats - He/She/Kids",40,30,5,0,0,0,5,0,4000
"41-04-96-60","Chicken - Cocks/Broilers",5,8,2,1,0,0,1,0,300
"41-04-96-60","Beehive",7,7,0,0,0,0,0,0,
"57-81-30-05","Goats - He/She/Kids",5,3,0,0,0,0,2,0,
"57-81-30-05","Chicken - Cocks/Broilers",4,1,1,0,0,0,0,2,300
"88-77-78-80","Goats - He/She/Kids",30,10,8,0,0,0,12,0,4000
"88-77-78-80","Chicken - Hens/Layers",12,5,2,3,0,0,0,2,200
"50-74-95-60","Bulls/Oxen/Steers",6,1,2,0,0,0,3,0,10000
"50-74-95-60","Cows/Heifers",14,8,1,0,0,0,5,0,12000
"50-74-95-60","Calves - Males/Females",2,2,0,0,0,0,0,0,
"50-74-95-60","Goats - He/She/Kids",98,72,10,4,0,0,6,6,4500
"50-74-95-60","Sheep - Rams/Ewes/Lambs",14,5,2,2,0,0,5,0,3500
"50-74-95-60","Chicken - Cocks/Broilers",9,4,4,0,0,0,0,1,550
"50-74-95-60","Chicken - Hens/Layers",16,10,0,4,0,0,0,2,
"50-74-95-60","Beehive",107,100,0,0,0,0,5,2,
"99-69-07-36","Goats - He/She/Kids",60,27,10,2,1,0,6,4,4000
"99-69-07-36","Chicken - Cocks/Broilers",9,12,3,1,0,0,2,2,300
"94-52-87-82","Cows/Heifers",5,9,0,0,0,0,0,0,
"94-52-87-82","Goats - He/She/Kids",20,10,8,0,0,0,1,2,4000
"38-86-39-27","Goats - He/She/Kids",30,22,0,2,2,0,2,2,
"03-07-08-19","Cows/Heifers",10,1,8,0,0,0,1,0,23000
"03-07-08-19","Goats - He/She/Kids",10,4,4,0,0,0,0,2,4000
"03-07-08-19","Sheep - Rams/Ewes/Lambs",7,3,0,0,0,0,0,3,
"72-39-10-40","Cows/Heifers",11,2,4,0,0,0,5,0,30000
"72-39-10-40","Goats - He/She/Kids",30,10,15,0,0,0,5,0,3000
"72-39-10-40","Sheep - Rams/Ewes/Lambs",10,2,2,0,0,0,5,1,4500
"72-39-10-40","Chicken - Cocks/Broilers",10,5,5,0,0,0,0,0,400
"06-58-90-91","Goats - He/She/Kids",30,18,0,4,1,10,3,0,
"20-64-53-81","Cows/Heifers",9,6,0,0,0,0,3,0,
"20-64-53-81","Goats - He/She/Kids",62,40,10,0,0,0,10,2,3000
"64-24-49-94","Cows/Heifers",61,15,10,1,0,0,30,5,20000
"64-24-49-94","Goats - He/She/Kids",100,50,40,0,0,0,0,10,4000
"64-24-49-94","Chicken - Hens/Layers",184,150,4,20,0,0,0,10,300
"84-08-92-59","Cows/Heifers",15,2,9,0,0,0,4,0,10000
"84-08-92-59","Goats - He/She/Kids",51,4,12,0,0,0,35,0,3000
"12-81-58-78","Cows/Heifers",0,4,0,0,0,0,0,0,
"12-81-58-78","Goats - He/She/Kids",33,10,6,2,0,0,15,0,4000
"12-81-58-78","Beehive",3,3,0,0,0,0,0,0,
"46-43-23-18","Goats - He/She/Kids",30,21,6,0,0,0,5,1,3000
"48-70-52-60","Cows/Heifers",15,8,2,0,0,1,4,0,19500
"48-70-52-60","Goats - He/She/Kids",46,30,8,2,0,1,3,2,3500
"48-70-52-60","Sheep - Rams/Ewes/Lambs",24,14,4,1,0,0,0,5,2500
"48-70-52-60","Chicken - Hens/Layers",78,22,20,6,0,4,16,10,400
"48-70-52-60","Beehive",10,10,0,0,0,0,0,0,
"64-66-30-53","Cows/Heifers",4,2,0,0,0,0,2,0,
"64-66-30-53","Sheep - Rams/Ewes/Lambs",12,8,4,0,0,0,2,0,3000
"03-69-84-05","Cows/Heifers",5,2,2,0,0,0,0,0,15000
"03-69-84-05","Calves - Males/Females",0,1,0,0,0,0,0,0,
"03-69-84-05","Goats - He/She/Kids",12,10,2,1,0,0,1,0,5000
"55-07-48-89","Goats - He/She/Kids",8,7,1,0,0,0,0,0,4000
"55-07-48-89","Chicken - Cocks/Broilers",5,2,0,0,0,0,0,3,
"55-07-48-89","Chicken - Hens/Layers",19,12,2,2,1,0,0,2,300
"84-64-87-37","Goats - He/She/Kids",80,65,0,5,15,30,3,2,
"01-15-12-42","Goats - He/She/Kids",37,17,15,1,0,0,4,0,3500
"99-30-86-99","Goats - He/She/Kids",30,40,5,1,0,0,6,2,3500
"99-30-86-99","Sheep - Rams/Ewes/Lambs",8,3,2,0,0,0,0,3,4000
"99-30-86-99","Chicken - Cocks/Broilers",19,4,10,0,0,0,5,0,350
"43-03-84-96","Chicken - Hens/Layers",6,24,1,0,0,0,0,0,500
"16-96-89-30","Cows/Heifers",23,23,2,0,0,0,5,0,18000
"45-82-95-63","Cows/Heifers",3,3,0,0,0,0,0,0,
"45-82-95-63","Chicken - Cocks/Broilers",0,3,0,0,0,0,0,0,
"45-82-95-63","Chicken - Hens/Layers",0,2,0,0,0,0,0,0,
"19-12-89-41","Cows/Heifers",35,15,10,0,0,2,7,0,15000
"19-12-89-41","Goats - He/She/Kids",19,6,9,0,0,2,2,0,3000
"19-12-89-41","Sheep - Rams/Ewes/Lambs",20,10,10,0,0,0,0,0,2000
"86-61-90-88","Cows/Heifers",2,2,0,0,0,0,0,0,
"86-61-90-88","Sheep - Rams/Ewes/Lambs",6,13,3,0,0,0,0,0,3000
"38-25-54-65","Goats - He/She/Kids",70,50,15,0,0,0,5,0,4000
"38-25-54-65","Sheep - Rams/Ewes/Lambs",5,2,3,0,0,0,0,0,3500
"02-81-96-02","Sheep - Rams/Ewes/Lambs",6,4,1,0,0,0,1,0,3500
"54-34-58-95","Goats - He/She/Kids",11,10,0,1,0,0,0,0,
"54-34-58-95","Chicken - Cocks/Broilers",5,2,1,0,0,0,2,0,300
"54-34-58-95","Chicken - Hens/Layers",9,7,0,0,0,0,0,2,
"76-19-75-88","Cows/Heifers",40,18,3,0,0,0,5,4,15000
"76-19-75-88","Goats - He/She/Kids",32,12,5,2,0,0,6,4,4000
"76-19-75-88","Chicken - Hens/Layers",3,5,2,1,0,0,1,2,300
"76-19-75-88","Camel",12,4,0,0,0,0,0,0,
"66-74-73-77","Cows/Heifers",2,4,0,0,0,0,0,0,
"66-74-73-77","Goats - He/She/Kids",55,36,9,1,1,0,5,2,4000
"66-74-73-77","Chicken - Cocks/Broilers",9,5,2,1,0,0,0,1,300
"66-74-73-77","Beehive",0,1,0,0,0,0,0,0,
"08-37-41-83","Goats - He/She/Kids",36,25,5,2,0,0,4,0,3200
"68-02-84-17","Cows/Heifers",8,6,1,0,0,0,1,0,10000
"68-02-84-17","Calves - Males/Females",4,4,0,0,0,0,0,0,
"68-02-84-17","Chicken - Hens/Layers",21,4,10,2,0,0,3,2,300
"75-80-31-44","Goats - He/She/Kids",26,24,4,3,0,0,1,0,4000
"75-80-31-44","Chicken - Hens/Layers",14,12,4,0,0,0,0,0,400
"69-86-48-74","Sheep - Rams/Ewes/Lambs",10,9,1,0,0,0,0,0,5000
"71-45-11-71","Goats - He/She/Kids",42,24,5,1,0,0,10,0,3500
"04-56-93-47","Goats - He/She/Kids",70,57,0,3,2,0,3,4,
"48-20-93-40","Cows/Heifers",6,2,1,0,0,0,3,0,20000
"48-20-93-40","Goats - He/She/Kids",31,8,12,1,0,0,10,0,2800
"48-20-93-40","Sheep - Rams/Ewes/Lambs",0,1,0,0,0,0,0,0,
"48-20-93-40","Chicken - Hens/Layers",48,3,0,0,0,0,30,15,
"77-28-28-65","Goats - He/She/Kids",75,18,20,2,1,0,15,5,5000
"11-74-52-10","Cows/Heifers",120,4,0,0,0,0,116,0,
"11-74-52-10","Goats - He/She/Kids",20,6,14,0,0,0,0,0,3000
"11-74-52-10","Sheep - Rams/Ewes/Lambs",10,7,3,0,0,0,0,0,3000
"18-25-85-30","Calves - Males/Females",10,3,7,0,0,0,0,0,30000
"18-25-85-30","Goats - He/She/Kids",35,15,20,0,0,0,0,0,4000
"97-74-49-80","Goats - He/She/Kids",117,40,15,30,7,0,20,5,3500
"65-28-28-23","Bulls/Oxen/Steers",1,1,0,0,0,0,0,0,
"65-28-28-23","Cows/Heifers",1,1,0,0,0,0,0,0,
"65-28-28-23","Sheep - Rams/Ewes/Lambs",15,12,3,0,0,0,0,0,3000
"65-28-28-23","Chicken - Cocks/Broilers",8,4,0,1,3,0,0,0,
"60-02-55-31","Cows/Heifers",3,5,0,0,0,0,0,0,
"60-02-55-31","Goats - He/She/Kids",14,10,4,0,0,0,0,0,4000
"60-02-55-31","Sheep - Rams/Ewes/Lambs",2,4,0,0,0,0,0,0,
"57-80-52-25","Cows/Heifers",3,6,0,0,0,0,0,0,
"57-80-52-25","Goats - He/She/Kids",27,30,6,1,0,0,0,0,5000
"57-80-52-25","Chicken - Hens/Layers",5,10,2,0,0,0,0,0,500
"72-15-05-10","Cows/Heifers",6,2,0,0,0,0,3,1,
"72-15-05-10","Sheep - Rams/Ewes/Lambs",10,11,2,0,0,0,0,0,3500
"74-51-85-05","Cows/Heifers",43,10,3,0,0,0,8,2,20000
"74-51-85-05","Goats - He/She/Kids",170,70,40,20,0,0,40,10,4000
"86-09-61-31","Goats - He/She/Kids",38,15,10,0,1,1,7,4,3000
"93-25-93-51","Cows/Heifers",6,4,0,0,0,0,2,0,
"93-25-93-51","Goats - He/She/Kids",100,30,20,0,0,0,20,0,3000
"93-25-93-51","Chicken - Cocks/Broilers",30,8,10,5,0,0,7,0,300
"04-39-31-02","Goats - He/She/Kids",20,10,8,0,0,2,0,0,3200
"04-39-31-02","Sheep - Rams/Ewes/Lambs",9,5,2,0,0,0,2,0,3400
"04-39-31-02","Chicken - Hens/Layers",18,10,0,0,0,0,3,5,
"95-71-10-81","Cows/Heifers",6,4,0,0,0,0,2,0,
"95-71-10-81","Goats - He/She/Kids",15,8,0,2,0,1,4,0,
"95-71-10-81","Chicken - Hens/Layers",19,6,4,0,0,0,3,6,350
"71-69-40-35","Goats - He/She/Kids",18,5,5,0,0,0,1,5,4000
"06-79-89-11","Goats - He/She/Kids",25,20,0,1,2,0,2,0,
"53-46-63-99","Cows/Heifers",45,21,7,0,1,2,10,4,5000
"53-46-63-99","Goats - He/She/Kids",350,200,24,4,3,45,8,5,4500
"53-46-63-99","Chicken - Hens/Layers",18,28,5,2,2,0,4,3,300
"53-46-63-99","Mules/Donkey",14,19,0,0,0,0,0,1,
"92-47-39-90","Cows/Heifers",11,3,7,0,0,0,1,0,9000
"92-47-39-90","Chicken - Hens/Layers",30,15,15,0,0,0,0,0,300
"48-13-13-53","Cows/Heifers",2,0,0,0,0,0,2,0,
"48-13-13-53","Goats - He/She/Kids",5,3,2,0,0,0,0,0,5000
"48-13-13-53","Sheep - Rams/Ewes/Lambs",0,5,0,0,0,0,0,0,
"05-13-82-78","Cows/Heifers",5,2,1,0,0,0,2,0,15000
"05-13-82-78","Goats - He/She/Kids",25,17,4,0,0,0,2,2,4500
"05-13-82-78","Sheep - Rams/Ewes/Lambs",0,2,0,0,0,0,0,0,
"38-34-24-20","Goats - He/She/Kids",6,4,3,0,0,0,0,0,4000
"38-26-85-56","Cows/Heifers",5,5,1,0,0,0,1,0,20000
"38-26-85-56","Goats - He/She/Kids",40,45,10,4,0,2,4,8,3500
"38-26-85-56","Sheep - Rams/Ewes/Lambs",15,9,1,2,0,0,0,8,3000
"14-26-58-26","Goats - He/She/Kids",35,50,0,3,2,7,2,1,
"71-71-39-84","Cows/Heifers",6,9,1,0,0,0,0,0,20000
"71-71-39-84","Goats - He/She/Kids",200,150,50,0,0,4,7,10,3500
"71-71-39-84","Sheep - Rams/Ewes/Lambs",40,25,10,0,0,2,1,5,3000
"22-94-31-61","Cows/Heifers",14,3,4,0,0,0,7,0,20000
"22-94-31-61","Goats - He/She/Kids",31,3,10,0,0,0,8,10,4000
"20-69-31-32","Cows/Heifers",5,2,0,0,0,0,3,0,
"20-69-31-32","Goats - He/She/Kids",60,50,20,5,0,0,2,0,5000
"32-73-67-08","Goats - He/She/Kids",60,35,15,5,0,5,0,0,5000
"32-73-67-08","Chicken - Hens/Layers",10,8,2,0,0,0,0,0,500
"52-15-60-99","Goats - He/She/Kids",40,5,15,0,0,0,20,5,3000
"82-73-01-57","Goats - He/She/Kids",40,30,5,2,0,0,5,0,2
"89-62-46-70","Goats - He/She/Kids",0,5,0,0,0,0,0,0,
"89-62-46-70","Chicken - Hens/Layers",100,34,40,6,0,0,10,0,450
"54-18-77-83","Cows/Heifers",20,10,6,0,0,0,4,0,20000
"54-18-77-83","Goats - He/She/Kids",50,20,20,0,0,0,10,0,3000
"54-18-77-83","Sheep - Rams/Ewes/Lambs",12,30,10,0,0,0,10,0,3500
"54-86-93-60","Goats - He/She/Kids",20,6,3,1,0,0,10,0,4000
"33-07-96-51","Goats - He/She/Kids",31,20,8,0,0,0,3,0,3000
"33-07-96-51","Chicken - Hens/Layers",24,8,3,0,0,0,3,10,350
"10-60-87-78","Cows/Heifers",40,30,0,0,0,0,8,2,
"10-60-87-78","Goats - He/She/Kids",200,100,8,2,0,0,90,0,11000
"60-37-22-12","Cows/Heifers",51,26,3,0,0,0,22,0,25000
"60-37-22-12","Goats - He/She/Kids",110,50,9,0,0,0,51,0,4000
"60-37-22-12","Sheep - Rams/Ewes/Lambs",63,30,3,0,0,0,30,0,5000
"60-37-22-12","Chicken - Cocks/Broilers",50,20,0,30,0,0,0,0,
"65-07-81-76","Goats - He/She/Kids",250,110,100,5,5,0,0,10,2500
"94-01-94-60","Goats - He/She/Kids",32,25,2,0,0,0,1,4,5000
"26-94-35-48","Cows/Heifers",5,1,1,0,0,0,3,0,30000
"26-94-35-48","Goats - He/She/Kids",13,5,3,0,0,0,5,0,4000
"04-31-65-65","Goats - He/She/Kids",37,32,5,0,0,0,0,0,4000
"41-04-08-56","Goats - He/She/Kids",56,36,15,2,0,0,0,3,4000
"41-04-08-56","Chicken - Cocks/Broilers",36,7,15,3,3,0,3,5,300
"36-17-00-87","Goats - He/She/Kids",12,2,8,0,0,0,2,0,4000
"05-33-40-10","Sheep - Rams/Ewes/Lambs",7,10,0,0,0,0,0,0,
"27-67-11-74","Cows/Heifers",13,5,2,0,0,0,7,0,15000
"27-67-11-74","Goats - He/She/Kids",25,30,5,2,0,0,5,0,4000
"42-16-66-43","Cows/Heifers",16,4,6,0,0,0,0,0,30000
"42-16-66-43","Goats - He/She/Kids",40,25,10,0,0,5,3,5,4000
"42-16-66-43","Sheep - Rams/Ewes/Lambs",8,4,0,0,0,0,0,6,
"07-13-95-29","Goats - He/She/Kids",14,6,6,0,0,0,2,0,3500
"07-13-95-29","Chicken - Cocks/Broilers",18,4,6,3,0,0,0,5,700
"07-13-95-29","Chicken - Hens/Layers",13,8,0,0,0,0,0,5,
"35-46-21-62","Goats - He/She/Kids",7,13,2,0,0,0,5,0,10000
"35-46-21-62","Chicken - Hens/Layers",4,10,0,0,0,0,0,0,
"40-51-79-00","Goats - He/She/Kids",90,67,20,3,0,0,10,0,5000
"80-05-91-55","Goats - He/She/Kids",34,35,10,0,0,0,7,0,4000
"80-05-91-55","Sheep - Rams/Ewes/Lambs",8,20,4,0,0,0,0,0,3500
"80-05-91-55","Beehive",1,3,0,0,2,0,0,0,
"59-22-24-47","Goats - He/She/Kids",15,7,5,0,0,0,3,0,3000
"78-46-05-26","Cows/Heifers",10,5,3,0,0,0,2,0,20000
"01-54-87-19","Cows/Heifers",2,2,0,0,0,0,0,0,
"01-54-87-19","Goats - He/She/Kids",101,50,10,6,0,2,30,3,5000
"01-54-87-19","Chicken - Hens/Layers",5,18,0,0,0,0,0,3,
"01-54-87-19","Beehive",8,15,0,0,0,0,0,0,
"64-06-48-62","Goats - He/She/Kids",65,60,0,2,0,0,2,1,
"21-65-85-03","Sheep - Rams/Ewes/Lambs",30,15,10,1,0,0,8,0,4000
"40-89-32-79","Goats - He/She/Kids",15,6,1,1,0,0,8,0,4000
"94-65-34-20","Calves - Males/Females",6,1,3,0,0,0,3,0,30000
"94-65-34-20","Goats - He/She/Kids",17,12,6,0,0,3,2,1,7000
"94-65-34-20","Sheep - Rams/Ewes/Lambs",17,10,5,0,0,0,0,2,4000
"86-29-59-93","Goats - He/She/Kids",80,55,0,3,2,10,2,2,
"17-95-26-62","Goats - He/She/Kids",26,15,0,0,0,0,11,0,
"86-23-74-18","Goats - He/She/Kids",40,25,5,2,0,0,9,0,3500
"77-46-09-31","Goats - He/She/Kids",200,250,15,2,0,0,20,0,8000
"77-46-09-31","Chicken - Cocks/Broilers",150,30,50,5,0,0,2,0,500
"77-46-09-31","Chicken - Hens/Layers",100,150,20,0,0,0,3,0,400
"97-62-36-16","Chicken - Hens/Layers",7,2,0,0,0,0,5,0,
"39-46-61-12","Goats - He/She/Kids",80,60,20,0,0,0,0,0,3000
"39-46-61-12","Mules/Donkey",15,15,0,0,0,0,0,0,
"51-78-77-10","Goats - He/She/Kids",20,5,5,2,0,0,10,0,3000
"51-78-77-10","Chicken - Hens/Layers",31,13,14,0,0,0,10,0,350
"95-19-67-91","Goats - He/She/Kids",330,200,100,0,5,0,0,3,3000
"90-10-35-11","Goats - He/She/Kids",31,20,4,1,0,0,6,0,12000
"91-87-02-88","Goats - He/She/Kids",33,4,18,0,0,0,5,6,4000
"54-62-08-69","Cows/Heifers",13,10,0,0,0,2,3,0,
"54-62-08-69","Goats - He/She/Kids",183,125,20,3,5,3,25,5,6000
"08-23-42-65","Goats - He/She/Kids",20,4,9,0,0,0,0,7,3000
"59-85-68-42","Cows/Heifers",10,10,0,0,0,0,0,0,
"59-85-68-42","Calves - Males/Females",0,5,0,0,0,0,0,0,
"59-85-68-42","Goats - He/She/Kids",40,18,0,0,0,0,20,0,
"59-85-68-42","Sheep - Rams/Ewes/Lambs",150,100,80,3,0,0,5,0,4000
"59-85-68-42","Chicken - Hens/Layers",20,10,5,0,0,0,0,0,400
"75-58-20-42","Goats - He/She/Kids",4,3,0,0,0,1,0,1,
"75-58-20-42","Sheep - Rams/Ewes/Lambs",7,5,0,0,0,1,1,0,
"75-58-20-42","Chicken - Hens/Layers",12,8,2,0,0,0,2,0,500
"00-68-70-04","Cows/Heifers",3,2,1,0,0,0,0,0,20000
"90-58-96-49","Cows/Heifers",7,8,0,0,0,0,0,0,
"90-58-96-49","Goats - He/She/Kids",50,60,4,0,0,0,2,0,6000
"90-58-96-49","Chicken - Hens/Layers",13,10,0,1,0,0,0,0,
"07-07-62-62","Cows/Heifers",5,5,0,0,0,0,0,0,
"07-07-62-62","Calves - Males/Females",4,4,0,0,0,0,0,0,
"07-07-62-62","Goats - He/She/Kids",30,14,3,1,0,0,6,6,4000
"07-07-62-62","Chicken - Cocks/Broilers",22,4,7,3,0,1,5,2,500
"07-07-62-62","Chicken - Hens/Layers",24,12,0,3,1,0,5,3,
"26-08-54-15","Cows/Heifers",52,15,5,0,0,0,10,0,20000
"26-08-54-15","Goats - He/She/Kids",51,40,4,0,0,0,7,0,3000
"19-36-93-83","Cows/Heifers",43,31,0,0,2,5,1,0,
"19-36-93-83","Goats - He/She/Kids",124,103,0,2,5,5,3,3,
"19-36-93-83","Camel",15,18,0,0,1,2,0,0,
"39-74-73-78","Cows/Heifers",8,5,0,0,0,0,3,0,
"39-74-73-78","Goats - He/She/Kids",50,40,10,0,0,0,0,0,4000
"15-80-74-06","Cows/Heifers",10,7,2,0,0,0,2,0,20000
"15-80-74-06","Goats - He/She/Kids",65,40,12,2,0,0,4,10,4000
"40-74-32-61","Cows/Heifers",8,2,2,0,0,0,4,0,13000
"40-74-32-61","Goats - He/She/Kids",38,15,15,0,0,0,8,0,2500
"95-10-30-55","Goats - He/She/Kids",10,4,2,0,0,0,3,1,3000
"93-89-51-75","Goats - He/She/Kids",50,40,5,1,0,0,3,2,6000
"75-95-38-57","Goats - He/She/Kids",20,12,5,0,0,0,2,1,3000
"75-95-38-57","Sheep - Rams/Ewes/Lambs",8,4,3,0,0,0,1,0,3000
"90-41-75-26","Goats - He/She/Kids",55,48,0,0,2,3,1,0,
"91-66-07-16","Cows/Heifers",13,7,2,0,0,0,4,0,20000
"91-66-07-16","Goats - He/She/Kids",59,30,15,2,0,0,12,0,4000
"91-66-07-16","Sheep - Rams/Ewes/Lambs",17,5,0,0,0,0,10,2,
"91-66-07-16","Chicken - Hens/Layers",48,25,1,0,0,0,20,2,500
"60-51-83-59","Cows/Heifers",30,25,2,0,0,0,3,0,20000
"60-51-83-59","Calves - Males/Females",8,8,0,0,0,0,0,0,
"60-51-83-59","Goats - He/She/Kids",60,80,10,0,0,0,0,0,3000
"60-51-83-59","Sheep - Rams/Ewes/Lambs",20,30,5,0,0,0,5,0,3500
"60-51-83-59","Camel",6,8,0,0,0,0,0,0,
"76-32-07-05","Cows/Heifers",2,2,0,0,0,0,0,0,
"76-32-07-05","Goats - He/She/Kids",10,5,4,0,0,0,1,0,3800
"76-32-07-05","Chicken - Cocks/Broilers",13,15,2,0,0,0,0,0,700
"16-40-92-10","Goats - He/She/Kids",68,50,8,2,0,0,6,2,11000
"16-40-92-10","Chicken - Cocks/Broilers",8,2,2,0,0,0,2,2,500
"16-40-92-10","Chicken - Hens/Layers",9,6,0,0,0,0,2,1,
"93-05-25-38","Cows/Heifers",8,5,0,0,0,0,3,0,
"93-05-25-38","Goats - He/She/Kids",40,17,10,0,0,0,13,0,3000
"93-05-25-38","Camel",4,2,0,0,0,0,2,0,
"59-77-15-06","Cows/Heifers",5,3,0,0,0,0,2,0,
"59-77-15-06","Goats - He/She/Kids",30,15,4,0,0,1,4,10,4000
"59-77-15-06","Sheep - Rams/Ewes/Lambs",30,10,20,0,0,0,0,0,3500
"38-02-62-89","Cows/Heifers",18,9,5,0,0,0,2,2,15000
"38-02-62-89","Goats - He/She/Kids",80,70,5,0,0,0,3,2,5000
"38-02-62-89","Chicken - Cocks/Broilers",8,5,2,0,0,0,1,0,300
"21-01-77-10","Goats - He/She/Kids",17,1,10,1,0,2,3,0,2800
"81-78-91-05","Cows/Heifers",13,6,0,0,0,0,4,3,
"81-78-91-05","Goats - He/She/Kids",38,20,2,0,0,1,10,5,11000
"81-78-91-05","Chicken - Hens/Layers",25,10,0,0,0,0,15,6,
"81-78-91-05","Beehive",10,10,0,0,0,0,0,0,
"47-09-64-37","Cows/Heifers",50,35,5,0,1,0,5,4,15000
"47-09-64-37","Goats - He/She/Kids",250,200,20,4,2,20,2,2,5000
"34-25-65-08","Cows/Heifers",5,2,0,0,0,0,3,0,
"34-25-65-08","Goats - He/She/Kids",15,5,2,0,0,0,3,5,4000
"34-25-65-08","Sheep - Rams/Ewes/Lambs",18,2,3,0,0,0,3,10,2800
"34-25-65-08","Chicken - Hens/Layers",34,12,0,3,0,2,5,12,
"86-44-30-89","Goats - He/She/Kids",35,25,3,1,2,0,2,2,5000
"86-44-30-89","Sheep - Rams/Ewes/Lambs",15,12,2,0,0,0,2,2,4500
"56-65-93-48","Goats - He/She/Kids",20,10,10,0,0,0,0,0,3500
"56-65-93-48","Sheep - Rams/Ewes/Lambs",8,5,3,0,0,0,0,0,3500
"66-39-11-55","Cows/Heifers",6,2,1,0,0,0,3,0,25000
"66-39-11-55","Goats - He/She/Kids",48,4,10,1,0,3,10,20,3500
"66-39-11-55","Sheep - Rams/Ewes/Lambs",8,4,2,0,0,1,0,1,4000
"66-39-11-55","Chicken - Hens/Layers",17,5,4,3,0,0,0,5,400
"66-39-11-55","Beehive",1,2,0,0,0,0,0,0,
"14-03-04-43","Chicken - Cocks/Broilers",3,1,1,0,0,0,1,0,500
"14-03-04-43","Chicken - Hens/Layers",10,15,0,1,0,0,8,0,
"14-03-04-43","Ducks",0,3,0,0,0,0,0,0,
"27-47-38-04","Bulls/Oxen/Steers",1,1,0,0,0,0,0,0,
"27-47-38-04","Cows/Heifers",4,4,0,0,0,0,0,0,
"27-47-38-04","Goats - He/She/Kids",19,13,8,4,0,0,3,0,5000
"27-47-38-04","Sheep - Rams/Ewes/Lambs",20,20,1,2,0,0,0,11,5500
"27-47-38-04","Pigs - Boar/Sows/Piglets",6,0,6,0,0,0,0,0,20000
"27-47-38-04","Chicken - Hens/Layers",50,15,0,10,0,0,20,0,
"43-92-12-14","Goats - He/She/Kids",40,29,0,4,2,0,1,2,
"05-86-89-30","Chicken - Hens/Layers",127,24,48,2,0,5,38,10,450
"84-33-11-24","Cows/Heifers",1,2,0,0,0,0,0,0,
"84-33-11-24","Goats - He/She/Kids",38,20,8,0,0,0,5,5,4000
"84-33-11-24","Sheep - Rams/Ewes/Lambs",15,10,3,0,0,0,1,1,4000
"84-33-11-24","Chicken - Cocks/Broilers",25,6,4,1,0,0,6,8,300
"79-96-52-99","Cows/Heifers",4,2,1,0,0,0,1,0,17000
"79-96-52-99","Goats - He/She/Kids",22,6,15,2,0,0,3,0,3000
"79-96-52-99","Sheep - Rams/Ewes/Lambs",4,3,1,0,0,0,0,0,3000
"79-96-52-99","Chicken - Cocks/Broilers",12,5,5,2,0,0,0,0,400
"79-96-52-99","Beehive",2,2,0,0,0,0,0,0,
"49-11-32-04","Bulls/Oxen/Steers",4,2,4,0,0,0,0,0,40000
"49-11-32-04","Cows/Heifers",4,2,2,0,0,0,0,0,20000
"49-11-32-04","Calves - Males/Females",4,4,0,0,0,0,0,0,
"49-11-32-04","Goats - He/She/Kids",70,50,10,1,0,0,5,0,4000
"49-11-32-04","Sheep - Rams/Ewes/Lambs",10,8,1,0,0,0,1,0,2500
"49-11-32-04","Chicken - Hens/Layers",50,22,3,10,0,0,0,0,500
"18-88-95-82","Goats - He/She/Kids",30,10,13,0,0,0,0,2,4000
"44-20-34-87","Cows/Heifers",55,15,0,0,0,0,40,0,
"44-20-34-87","Goats - He/She/Kids",57,22,20,0,0,0,15,0,4000
"44-20-34-87","Sheep - Rams/Ewes/Lambs",38,10,8,0,0,0,20,0,3500
"62-58-98-18","Chicken - Cocks/Broilers",20,10,10,0,0,0,0,0,600
"62-58-98-18","Chicken - Hens/Layers",20,10,10,0,0,0,0,0,400
"97-96-81-02","Cows/Heifers",40,35,0,0,0,0,5,0,
"97-96-81-02","Goats - He/She/Kids",63,50,0,0,0,0,8,5,
"97-96-81-02","Camel",8,10,0,0,0,2,0,0,
"29-40-66-47","Goats - He/She/Kids",38,28,5,0,0,0,2,3,3500
"29-40-66-47","Sheep - Rams/Ewes/Lambs",15,10,0,0,0,0,4,1,
"29-40-66-47","Chicken - Hens/Layers",15,8,0,2,0,2,0,3,
"18-40-35-80","Goats - He/She/Kids",15,15,2,1,0,0,0,0,3000
"18-40-35-80","Chicken - Cocks/Broilers",10,15,3,0,0,0,0,0,300
"79-71-02-69","Goats - He/She/Kids",23,10,6,1,0,0,6,0,5000
"25-22-65-60","Cows/Heifers",43,24,0,0,2,8,10,3,
"25-22-65-60","Goats - He/She/Kids",97,112,0,5,10,15,8,3,
"89-59-08-73","Goats - He/She/Kids",18,13,0,0,0,0,3,2,
"17-33-53-75","Cows/Heifers",5,8,0,0,0,0,0,0,
"17-33-53-75","Goats - He/She/Kids",0,2,0,0,0,0,0,0,
"17-33-53-75","Chicken - Hens/Layers",12,8,0,3,0,0,2,0,
"17-33-53-75","Beehive",10,10,0,0,0,0,0,0,
"48-20-09-62","Cows/Heifers",45,4,12,0,0,0,29,0,10000
"48-20-09-62","Goats - He/She/Kids",68,15,30,0,0,0,15,5,3000
"48-20-09-62","Sheep - Rams/Ewes/Lambs",15,11,0,0,0,0,0,4,
"48-20-09-62","Chicken - Hens/Layers",1,8,0,0,0,1,0,300,
"29-88-28-45","Sheep - Rams/Ewes/Lambs",6,8,2,0,0,0,0,0,3000
"92-61-60-00","Goats - He/She/Kids",52,77,0,1,3,20,3,2,
"98-05-61-12","Cows/Heifers",94,82,0,0,3,0,5,3,
"98-05-61-12","Goats - He/She/Kids",197,189,0,4,4,0,2,0,
"98-05-61-12","Sheep - Rams/Ewes/Lambs",70,115,0,1,10,0,7,3,
"93-39-60-64","Cows/Heifers",4,2,3,0,0,0,0,0,30000
"93-39-60-64","Goats - He/She/Kids",50,40,10,1,0,0,5,0,3000
"75-50-72-64","Cows/Heifers",5,4,0,0,0,1,0,0,
"75-50-72-64","Goats - He/She/Kids",10,6,3,0,0,0,0,1,4000
"75-50-72-64","Sheep - Rams/Ewes/Lambs",2,3,0,0,0,0,1,0,
"67-51-21-12","Chicken - Cocks/Broilers",18,10,8,1,0,0,0,0,250
"92-63-14-10","Goats - He/She/Kids",40,30,10,0,0,0,0,0,3000
"92-63-14-10","Sheep - Rams/Ewes/Lambs",10,7,3,0,0,0,0,0,4000
"23-95-53-31","Bulls/Oxen/Steers",1,2,0,0,0,0,0,0,
"23-95-53-31","Cows/Heifers",4,5,0,0,0,0,0,0,
"23-95-53-31","Goats - He/She/Kids",10,14,0,0,0,0,0,0,
"23-95-53-31","Chicken - Hens/Layers",10,5,0,0,0,0,0,5,
"76-83-42-25","Goats - He/She/Kids",3,6,0,0,0,0,0,0,
"76-83-42-25","Chicken - Cocks/Broilers",10,6,4,0,0,0,4,0,400
"34-04-41-33","Goats - He/She/Kids",24,4,10,4,0,0,6,0,4000
"34-04-41-33","Chicken - Cocks/Broilers",30,6,14,5,0,0,5,0,350
"65-40-10-81","Cows/Heifers",45,57,4,0,0,0,2,1,20000
"65-40-10-81","Goats - He/She/Kids",48,35,2,1,1,0,2,1,5000
"65-40-10-81","Sheep - Rams/Ewes/Lambs",12,8,1,0,1,0,2,0,4500
"65-40-10-81","Chicken - Cocks/Broilers",5,18,2,4,1,0,2,2,350
"32-27-90-36","Goats - He/She/Kids",35,29,6,0,0,0,0,0,3200
"32-27-90-36","Chicken - Hens/Layers",24,10,9,0,0,0,0,5,350
"32-27-90-36","Beehive",35,35,0,0,0,0,0,0,
"34-35-99-68","Goats - He/She/Kids",28,5,10,5,0,1,7,0,3500
"96-83-30-59","Cows/Heifers",10,14,1,0,0,0,0,0,29000
"96-83-30-59","Goats - He/She/Kids",15,20,0,0,0,0,0,0,
"96-83-30-59","Sheep - Rams/Ewes/Lambs",8,10,3,0,0,0,0,0,3000
"08-93-39-25","Bulls/Oxen/Steers",1,1,0,0,0,0,0,0,
"08-93-39-25","Cows/Heifers",3,5,0,0,0,0,0,0,
"08-93-39-25","Goats - He/She/Kids",35,50,10,0,0,0,12,5,3000
"08-93-39-25","Sheep - Rams/Ewes/Lambs",15,8,5,0,0,0,8,0,2500
"08-93-39-25","Chicken - Hens/Layers",14,3,3,2,0,0,0,6,500
"70-80-52-20","Cows/Heifers",10,0,0,0,0,0,10,0,
"70-80-52-20","Goats - He/She/Kids",20,3,5,0,0,0,15,0,5000
"70-80-52-20","Sheep - Rams/Ewes/Lambs",5,0,0,0,0,0,5,0,
"70-80-52-20","Chicken - Hens/Layers",0,3,0,0,0,0,0,0,
"98-33-69-97","Cows/Heifers",15,13,1,0,0,0,1,0,20000
"98-33-69-97","Goats - He/She/Kids",40,25,10,2,0,0,5,2,4000
"98-33-69-97","Sheep - Rams/Ewes/Lambs",18,15,0,0,0,0,2,3,
"72-65-40-82","Cows/Heifers",10,5,2,0,0,0,3,0,20000
"72-65-40-82","Calves - Males/Females",3,3,0,0,0,0,0,0,
"72-65-40-82","Goats - He/She/Kids",50,20,10,0,0,0,20,0,4000
"72-65-40-82","Sheep - Rams/Ewes/Lambs",16,7,5,0,0,0,4,0,4500
"72-65-40-82","Chicken - Cocks/Broilers",40,5,20,10,0,0,5,3,400
"72-65-40-82","Beehive",1,1,0,0,0,0,0,0,
"28-81-45-53","Goats - He/She/Kids",9,4,0,0,0,0,5,0,
"28-81-45-53","Sheep - Rams/Ewes/Lambs",8,5,1,0,0,0,2,0,3000
"28-81-45-53","Chicken - Hens/Layers",15,5,1,0,0,0,3,6,300
"28-81-45-53","Beehive",3,4,0,0,0,0,0,0,
"06-80-46-73","Goats - He/She/Kids",4,3,1,0,0,0,0,0,3000
"06-80-46-73","Sheep - Rams/Ewes/Lambs",10,6,2,0,0,0,2,0,2500
"06-80-46-73","Chicken - Hens/Layers",22,10,5,0,0,2,0,5,350
"06-80-46-73","Beehive",3,3,0,0,0,0,0,0,
"09-02-42-42","Goats - He/She/Kids",50,15,30,0,0,0,5,0,3000
"29-61-04-95","Goats - He/She/Kids",8,4,4,0,0,0,0,0,3000
"49-39-29-75","Cows/Heifers",93,80,0,4,3,0,6,2,
"49-39-29-75","Goats - He/She/Kids",104,70,0,3,2,0,8,3,
"30-17-77-88","Cows/Heifers",15,6,2,0,0,0,3,0,20000
"30-17-77-88","Goats - He/She/Kids",30,18,7,0,0,1,4,0,4000
"30-17-77-88","Sheep - Rams/Ewes/Lambs",10,7,2,0,0,0,1,0,3500
"30-17-77-88","Camel",5,5,1,0,0,0,0,0,40000
"29-08-77-29","Cows/Heifers",5,2,0,0,0,0,3,0,
"29-08-77-29","Goats - He/She/Kids",10,5,4,0,0,0,2,0,4500
"21-49-13-73","Cows/Heifers",7,3,1,0,0,0,5,0,20000
"21-49-13-73","Goats - He/She/Kids",15,8,5,0,0,0,2,0,4000
"21-49-13-73","Sheep - Rams/Ewes/Lambs",7,3,1,0,0,0,2,1,4000
"21-49-13-73","Camel",4,3,1,0,0,0,0,0,30000
"14-85-47-22","Cows/Heifers",0,3,0,0,0,0,0,0,
"14-85-47-22","Goats - He/She/Kids",0,19,0,0,0,0,0,0,
"14-85-47-22","Sheep - Rams/Ewes/Lambs",0,7,0,0,0,0,0,0,
"14-85-47-22","Chicken - Hens/Layers",20,16,10,4,0,0,0,0,400
"53-81-07-04","Cows/Heifers",1,3,0,0,0,0,0,0,
"53-81-07-04","Chicken - Hens/Layers",20,10,2,2,0,0,0,0,500
"65-80-02-03","Goats - He/She/Kids",87,75,0,0,2,0,7,5,
"65-80-02-03","Sheep - Rams/Ewes/Lambs",50,38,0,0,0,0,10,2,
"69-30-60-03","Goats - He/She/Kids",25,12,2,1,0,0,0,13,6000
"21-15-99-40","Goats - He/She/Kids",12,7,5,0,0,0,0,0,4000
"44-56-27-24","Cows/Heifers",12,4,3,0,0,0,5,0,10000
"44-56-27-24","Goats - He/She/Kids",30,22,10,3,0,0,7,4,3000
"75-37-22-90","Cows/Heifers",25,15,5,0,0,0,3,2,20000
"75-37-22-90","Goats - He/She/Kids",55,48,2,1,0,1,2,1,5000
"75-37-22-90","Sheep - Rams/Ewes/Lambs",40,16,4,0,1,1,3,2,4500
"75-37-22-90","Chicken - Cocks/Broilers",18,12,2,0,1,0,2,1,450
"75-37-22-90","Camel",6,8,0,0,0,0,0,0,
"67-01-06-94","Cows/Heifers",10,6,0,0,0,0,4,0,
"67-01-06-94","Sheep - Rams/Ewes/Lambs",8,13,0,0,0,0,1,0,
"53-87-70-93","Cows/Heifers",30,25,0,0,0,0,3,2,
"53-87-70-93","Goats - He/She/Kids",81,70,0,2,2,0,4,3,
"53-87-70-93","Camel",9,13,0,0,0,4,0,0,
"89-42-22-50","Goats - He/She/Kids",3,5,0,0,0,0,0,0,
"89-49-22-36","Cows/Heifers",5,2,3,0,0,0,0,0,18000
"89-49-22-36","Sheep - Rams/Ewes/Lambs",11,5,3,0,0,0,6,0,3000
"20-63-38-57","Cows/Heifers",4,1,0,0,0,0,3,0,
"20-63-38-57","Goats - He/She/Kids",15,2,10,0,0,0,2,1,4000
"84-72-64-66","Cows/Heifers",10,5,0,0,0,0,5,0,
"84-72-64-66","Goats - He/She/Kids",25,15,0,0,0,0,10,0,
"63-42-88-22","Cows/Heifers",22,10,4,0,0,0,11,0,35000
"63-42-88-22","Goats - He/She/Kids",45,20,18,2,0,1,10,0,3000
"27-50-41-80","Cows/Heifers",60,51,0,0,0,0,3,3,
"27-50-41-80","Goats - He/She/Kids",73,87,0,3,5,0,2,3,
"87-50-20-38","Goats - He/She/Kids",42,20,15,0,0,0,7,0,3500
"87-50-20-38","Sheep - Rams/Ewes/Lambs",5,2,3,0,0,0,0,0,3500
"87-50-20-38","Chicken - Cocks/Broilers",33,10,3,0,0,0,20,0,350
"78-63-95-63","Cows/Heifers",4,2,1,0,0,0,1,0,15000
"78-63-95-63","Goats - He/She/Kids",5,3,2,0,0,0,0,0,4000
"78-63-95-63","Sheep - Rams/Ewes/Lambs",3,1,1,0,0,0,1,0,3000
"20-46-30-59","Goats - He/She/Kids",26,24,3,0,0,0,0,0,4000
"12-17-56-74","Cows/Heifers",29,13,11,0,0,0,4,1,10000
"12-17-56-74","Goats - He/She/Kids",26,15,11,0,0,0,0,0,3000
"12-17-56-74","Sheep - Rams/Ewes/Lambs",16,8,8,0,0,0,0,0,3500
"80-41-60-05","Goats - He/She/Kids",11,8,0,0,0,0,3,0,
"80-41-60-05","Sheep - Rams/Ewes/Lambs",8,3,2,0,0,0,3,0,4000
"50-77-28-73","Goats - He/She/Kids",40,51,4,2,0,0,0,0,4500
"50-77-28-73","Sheep - Rams/Ewes/Lambs",20,30,4,0,0,0,3,0,4000
"42-38-30-13","Goats - He/She/Kids",36,15,5,0,1,0,7,8,4000
"17-87-80-73","Goats - He/She/Kids",30,15,10,0,0,0,5,0,3000
"73-58-06-14","Goats - He/She/Kids",20,60,0,0,0,0,0,0,
"22-13-82-99","Goats - He/She/Kids",115,105,0,2,0,0,5,3,
"49-72-13-69","Cows/Heifers",6,0,0,0,0,0,6,0,
"49-72-13-69","Goats - He/She/Kids",20,2,6,0,0,0,15,0,5400
"72-23-50-93","Cows/Heifers",12,8,4,0,0,0,1,0,20000
"72-23-50-93","Goats - He/She/Kids",30,28,6,3,0,0,3,3,5000
"72-23-50-93","Chicken - Cocks/Broilers",10,8,2,0,0,0,0,3,150
"24-20-09-18","Bulls/Oxen/Steers",1,2,0,0,0,0,0,0,
"24-20-09-18","Cows/Heifers",2,2,0,0,0,0,0,0,
"24-20-09-18","Goats - He/She/Kids",20,25,2,1,0,0,2,0,8000
"24-20-09-18","Sheep - Rams/Ewes/Lambs",5,4,0,0,0,0,1,0,
"24-20-09-18","Chicken - Hens/Layers",15,5,0,1,0,0,10,0,
"24-20-09-18","Beehive",20,25,0,0,0,0,0,0,
"02-65-40-62","Goats - He/She/Kids",30,16,10,0,0,1,0,5,4
"87-33-92-13","Cows/Heifers",15,3,2,0,0,0,7,0,15000
"87-33-92-13","Goats - He/She/Kids",10,3,7,0,0,0,4,2,2000
"87-33-92-13","Sheep - Rams/Ewes/Lambs",5,1,3,0,0,0,0,0,2500
"87-33-92-13","Camel",0,1,0,0,0,0,0,0,
"61-75-70-64","Goats - He/She/Kids",37,30,4,0,0,0,2,1,12000
"61-75-70-64","Chicken - Cocks/Broilers",7,2,1,0,0,0,3,1,400
"61-75-70-64","Chicken - Hens/Layers",40,20,3,0,0,0,15,2,300
"23-31-62-51","Cows/Heifers",28,15,4,1,0,0,5,3,20000
"23-31-62-51","Goats - He/She/Kids",20,35,3,1,1,0,2,2,5000
"23-31-62-51","Sheep - Rams/Ewes/Lambs",12,20,4,0,0,0,0,0,4500
"23-31-62-51","Chicken - Cocks/Broilers",8,12,3,2,1,0,2,2,400
"23-31-62-51","Camel",2,3,0,0,0,0,0,0,
"23-31-62-51","Beehive",1,3,0,0,0,0,0,0,
"95-05-18-77","Cows/Heifers",5,1,4,0,0,0,0,0,10000
"95-05-18-77","Goats - He/She/Kids",13,4,10,1,0,0,0,0,4000
"95-05-18-77","Chicken - Hens/Layers",0,10,0,0,0,0,0,0,
"87-43-52-74","Goats - He/She/Kids",26,24,3,0,0,0,0,0,4000
"61-21-03-67","Goats - He/She/Kids",9,8,0,0,0,0,1,0,
"61-21-03-67","Chicken - Cocks/Broilers",6,1,2,0,0,0,0,3,500
"61-21-03-67","Chicken - Hens/Layers",7,5,0,0,0,0,0,2,
"72-29-78-52","Cows/Heifers",5,6,0,0,0,0,0,0,
"72-29-78-52","Goats - He/She/Kids",26,18,1,0,0,0,7,0,3500
"72-29-78-52","Chicken - Hens/Layers",3,22,0,3,0,0,5,3,
"11-76-72-18","Goats - He/She/Kids",10,4,4,0,0,0,2,0,4000
"97-14-88-73","Cows/Heifers",2,3,0,0,0,0,0,0,
"97-14-88-73","Goats - He/She/Kids",5,12,2,1,0,0,0,0,3000
"68-19-50-42","Cows/Heifers",30,18,3,0,1,0,6,2,20000
"68-19-50-42","Goats - He/She/Kids",150,100,5,1,0,40,4,0,5000
"68-19-50-42","Sheep - Rams/Ewes/Lambs",4,8,1,0,0,0,0,0,4000
"94-73-96-31","Sheep - Rams/Ewes/Lambs",2,3,0,0,0,0,0,0,
"94-73-96-31","Chicken - Hens/Layers",9,5,2,0,0,0,2,0,300
"40-23-79-37","Goats - He/She/Kids",150,100,48,2,0,0,0,0,4000
"40-23-79-37","Sheep - Rams/Ewes/Lambs",60,50,15,0,0,0,5,0,3500
"49-36-92-60","Goats - He/She/Kids",20,12,8,0,0,0,0,0,3000
"21-46-54-95","Bulls/Oxen/Steers",1,1,0,0,0,0,0,0,
"21-46-54-95","Cows/Heifers",4,3,0,0,0,0,1,0,
"21-46-54-95","Calves - Males/Females",2,2,0,0,0,0,0,0,
"21-46-54-95","Goats - He/She/Kids",11,9,2,0,0,0,0,0,3500
"21-46-54-95","Sheep - Rams/Ewes/Lambs",5,5,0,0,0,0,0,0,
"21-46-54-95","Chicken - Cocks/Broilers",1,1,0,0,0,0,0,0,
"21-46-54-95","Chicken - Hens/Layers",16,4,6,1,0,0,0,5,300
"65-71-98-91","Cows/Heifers",20,5,2,0,0,0,15,0,15000
"65-71-98-91","Goats - He/She/Kids",100,30,30,4,0,5,10,6,4000
"65-71-98-91","Sheep - Rams/Ewes/Lambs",30,12,17,0,0,0,0,8,5000
"65-71-98-91","Camel",5,6,1,0,0,0,1,0,30000
"58-91-32-30","Goats - He/She/Kids",50,35,0,2,0,0,3,0,
"18-10-16-95","Cows/Heifers",3,2,0,0,0,0,1,0,
"18-10-16-95","Goats - He/She/Kids",40,35,8,0,0,0,0,0,3000
"18-10-16-95","Chicken - Hens/Layers",10,5,8,0,0,0,0,0,300
"42-18-27-84","Goats - He/She/Kids",55,15,25,0,0,4,8,3,3000
"42-18-27-84","Sheep - Rams/Ewes/Lambs",29,15,4,0,0,0,0,0,3500
"65-19-88-53","Cows/Heifers",50,5,0,0,0,0,45,0,
"56-92-07-98","Cows/Heifers",75,60,4,1,0,0,2,1,18000
"56-92-07-98","Goats - He/She/Kids",150,120,10,2,2,2,10,4,5000
"56-92-07-98","Sheep - Rams/Ewes/Lambs",50,40,2,1,1,0,4,2,4500
"56-92-07-98","Chicken - Cocks/Broilers",15,10,2,1,0,0,2,0,400
"74-74-25-12","Cows/Heifers",15,2,0,0,0,0,13,0,
"74-74-25-12","Goats - He/She/Kids",40,20,15,0,0,0,5,0,4000
"83-96-24-75","Cows/Heifers",5,4,1,0,0,0,1,0,15000
"83-96-24-75","Goats - He/She/Kids",30,20,5,0,0,0,4,2,4000
"83-96-24-75","Sheep - Rams/Ewes/Lambs",8,5,0,0,0,0,0,3,
"56-67-49-17","Goats - He/She/Kids",15,10,5,0,0,0,0,0,4000
"73-07-75-47","Cows/Heifers",45,50,3,0,0,0,2,0,18000
"73-07-75-47","Goats - He/She/Kids",350,280,5,2,1,40,10,3,5000
"73-07-75-47","Sheep - Rams/Ewes/Lambs",40,50,4,2,1,1,2,2,4500
"73-07-75-47","Chicken - Cocks/Broilers",8,12,2,2,0,0,2,1,300
"26-48-16-48","Cows/Heifers",19,4,15,0,0,0,0,0,15000
"26-48-16-48","Goats - He/She/Kids",58,10,48,0,0,0,0,0,3000
"26-48-16-48","Sheep - Rams/Ewes/Lambs",25,5,20,0,0,0,0,0,3500
"72-76-08-58","Goats - He/She/Kids",30,42,11,0,0,0,0,0,4000
"72-76-08-58","Sheep - Rams/Ewes/Lambs",3,0,0,0,0,0,0,3,
"51-88-01-88","Cows/Heifers",35,25,3,1,1,0,3,2,20000
"51-88-01-88","Goats - He/She/Kids",350,250,10,2,1,45,8,2,5000
"51-88-01-88","Sheep - Rams/Ewes/Lambs",45,60,2,0,1,2,4,2,4500
"51-88-01-88","Chicken - Hens/Layers",8,12,2,2,0,0,2,1,300
"94-25-97-12","Cows/Heifers",10,7,2,0,0,0,1,0,15000
"94-25-97-12","Goats - He/She/Kids",30,20,7,0,0,0,3,0,4000
"94-25-97-12","Sheep - Rams/Ewes/Lambs",5,3,2,0,0,0,1,0,3000
"06-34-31-56","Cows/Heifers",65,45,5,1,0,10,4,0,20000
"06-34-31-56","Goats - He/She/Kids",100,60,2,1,0,30,5,2,5000
"06-34-31-56","Sheep - Rams/Ewes/Lambs",4,6,1,0,0,1,1,0,4500
"06-34-31-56","Chicken - Cocks/Broilers",0,3,0,0,0,0,0,0,
"85-35-12-09","Cows/Heifers",30,10,9,0,0,0,11,0,15000
"85-35-12-09","Goats - He/She/Kids",25,15,10,0,0,0,0,0,4000
