interview__key,r_members__id,memeber_isphone
"31-67-19-52",1,"Yes"
"31-67-19-52",2,"Yes"
"85-11-91-18",1,"Yes"
"85-11-91-18",2,"Yes"
"38-04-18-34",1,"Yes"
"34-73-96-50",1,"Yes"
"34-73-96-50",2,"Yes"
"93-29-80-09",1,"Yes"
"63-89-80-49",1,"Yes"
"63-89-80-49",2,"Yes"
"97-84-26-58",1,"Yes"
"97-84-26-58",2,"Yes"
"44-14-26-56",1,"Yes"
"44-14-26-56",3,"Yes"
"77-02-48-37",1,"Yes"
"46-96-59-64",1,"Yes"
"46-96-59-64",2,"Yes"
"01-51-99-07",1,"Yes"
"01-51-99-07",2,"Yes"
"39-75-97-43",1,"Yes"
"11-52-82-38",1,"Yes"
"11-52-82-38",2,"Yes"
"11-52-82-38",3,"Yes"
"11-52-82-38",4,"Yes"
"74-04-26-51",1,"Yes"
"74-04-26-51",2,"Yes"
"37-83-74-10",1,"Yes"
"39-40-38-02",1,"Yes"
"39-40-38-02",2,"Yes"
"14-71-87-39",1,"Yes"
"14-71-87-39",2,"Yes"
"86-00-55-84",1,"Yes"
"86-00-55-84",2,"Yes"
"86-00-55-84",3,"Yes"
"76-73-19-09",2,"Yes"
"76-73-19-09",4,"Yes"
"17-23-66-97",1,"Yes"
"17-23-66-97",2,"Yes"
"17-23-66-97",3,"Yes"
"17-23-66-97",4,"Yes"
"71-45-81-79",1,"Yes"
"70-80-16-39",1,"Yes"
"70-80-16-39",2,"Yes"
"70-80-16-39",3,"Yes"
"70-80-16-39",4,"Yes"
"11-00-74-85",1,"Yes"
"16-44-32-23",1,"Yes"
"16-44-32-23",2,"Yes"
"49-09-04-04",1,"Yes"
"49-09-04-04",2,"Yes"
"49-09-04-04",3,"Yes"
"33-01-13-01",1,"Yes"
"33-01-13-01",2,"Yes"
"79-39-40-36",1,"Yes"
"65-53-51-27",1,"Yes"
"64-11-62-56",1,"Yes"
"64-11-62-56",3,"Yes"
"79-53-04-50",1,"Yes"
"79-53-04-50",2,"Yes"
"14-13-86-20",1,"Yes"
"19-99-67-92",1,"Yes"
"65-80-65-49",1,"Yes"
"65-80-65-49",2,"Yes"
"08-76-57-31",2,"Yes"
"02-57-88-54",1,"Yes"
"02-57-88-54",2,"Yes"
"36-87-83-91",1,"Yes"
"99-46-97-26",1,"Yes"
"99-46-97-26",2,"Yes"
"99-46-97-26",3,"Yes"
"99-46-97-26",4,"Yes"
"99-46-97-26",6,"Yes"
"76-21-46-00",1,"Yes"
"63-02-11-31",1,"Yes"
"63-02-11-31",2,"Yes"
"63-02-11-31",3,"Yes"
"63-02-11-31",4,"Yes"
"45-95-07-81",1,"Yes"
"45-95-07-81",2,"Yes"
"15-84-79-29",1,"Yes"
"52-10-39-37",1,"Yes"
"52-10-39-37",2,"Yes"
"70-03-65-67",6,"Yes"
"48-58-26-00",1,"Yes"
"48-58-26-00",2,"Yes"
"48-53-15-07",1,"Yes"
"48-53-15-07",2,"Yes"
"44-97-24-07",1,"Yes"
"44-97-24-07",2,"Yes"
"63-58-57-56",1,"Yes"
"50-43-62-27",1,"Yes"
"80-45-95-05",2,"Yes"
"63-29-07-40",1,"Yes"
"54-48-29-18",1,"Yes"
"54-48-29-18",2,"Yes"
"50-16-00-20",1,"Yes"
"50-16-00-20",2,"Yes"
"45-36-57-50",1,"Yes"
"49-75-44-53",2,"Yes"
"35-67-10-08",1,"Yes"
"35-67-10-08",2,"Yes"
"12-79-91-83",1,"Yes"
"29-86-40-08",1,"Yes"
"29-86-40-08",2,"Yes"
"10-69-61-22",1,"Yes"
"10-69-61-22",2,"Yes"
"73-57-30-20",2,"Yes"
"98-91-04-48",1,"Yes"
"74-01-41-82",1,"Yes"
"74-01-41-82",2,"Yes"
"30-00-59-90",1,"Yes"
"30-00-59-90",2,"Yes"
"66-77-39-39",1,"Yes"
"66-77-39-39",2,"Yes"
"35-78-11-70",1,"Yes"
"09-00-12-98",2,"Yes"
"09-00-12-98",4,"Yes"
"13-38-59-03",1,"Yes"
"26-77-14-31",1,"Yes"
"26-77-14-31",2,"Yes"
"26-77-14-31",8,"Yes"
"04-52-21-75",1,"Yes"
"04-52-21-75",2,"Yes"
"49-10-89-14",1,"Yes"
"49-10-89-14",2,"Yes"
"15-13-85-83",1,"Yes"
"15-13-85-83",2,"Yes"
"96-35-08-20",1,"Yes"
"96-35-08-20",2,"Yes"
"78-02-12-77",1,"Yes"
"78-02-12-77",2,"Yes"
"78-02-12-77",3,"Yes"
"78-02-12-77",4,"Yes"
"66-37-18-93",1,"Yes"
"66-37-18-93",2,"Yes"
"77-89-79-33",1,"Yes"
"77-89-79-33",2,"Yes"
"09-97-47-73",1,"Yes"
"09-97-47-73",2,"Yes"
"62-45-31-86",1,"Yes"
"96-13-78-99",1,"Yes"
"96-13-78-99",2,"Yes"
"25-35-15-07",1,"Yes"
"10-80-25-79",1,"Yes"
"46-89-14-96",1,"Yes"
"80-24-04-77",1,"Yes"
"80-24-04-77",2,"Yes"
"26-82-89-21",1,"Yes"
"26-82-89-21",2,"Yes"
"22-43-50-27",2,"Yes"
"41-41-55-55",1,"Yes"
"41-41-55-55",2,"Yes"
"26-69-32-41",1,"Yes"
"68-81-12-32",1,"Yes"
"68-81-12-32",2,"Yes"
"46-49-14-82",1,"Yes"
"46-49-14-82",2,"Yes"
"92-16-89-27",1,"Yes"
"01-28-41-84",1,"Yes"
"01-28-41-84",2,"Yes"
"23-46-40-42",1,"Yes"
"23-46-40-42",2,"Yes"
"23-46-40-42",3,"Yes"
"23-46-40-42",6,"Yes"
"93-71-36-41",1,"Yes"
"93-71-36-41",2,"Yes"
"07-56-93-09",1,"Yes"
"40-07-12-46",1,"Yes"
"68-88-48-96",1,"Yes"
"68-88-48-96",2,"Yes"
"86-70-18-69",1,"Yes"
"86-70-18-69",2,"Yes"
"82-09-53-31",1,"Yes"
"10-84-11-85",1,"Yes"
"40-02-31-47",1,"Yes"
"35-25-14-79",1,"Yes"
"35-25-14-79",2,"Yes"
"96-32-88-00",1,"Yes"
"96-32-88-00",2,"Yes"
"05-61-96-62",1,"Yes"
"05-61-96-62",2,"Yes"
"05-61-96-62",3,"Yes"
"37-32-16-74",1,"Yes"
"06-96-64-70",1,"Yes"
"74-21-41-84",1,"Yes"
"82-96-41-85",1,"Yes"
"82-96-41-85",2,"Yes"
"58-44-33-27",1,"Yes"
"88-25-56-87",1,"Yes"
"86-98-25-96",1,"Yes"
"86-98-25-96",2,"Yes"
"09-54-26-75",1,"Yes"
"09-54-26-75",2,"Yes"
"90-86-53-30",1,"Yes"
"90-86-53-30",2,"Yes"
"16-75-57-30",1,"Yes"
"60-19-22-98",1,"Yes"
"60-19-22-98",2,"Yes"
"97-29-58-98",1,"Yes"
"51-48-94-50",1,"Yes"
"51-48-94-50",2,"Yes"
"97-20-59-08",1,"Yes"
"97-20-59-08",2,"Yes"
"82-77-24-98",1,"Yes"
"82-77-24-98",2,"Yes"
"82-77-24-98",3,"Yes"
"68-99-96-16",1,"Yes"
"68-99-96-16",2,"Yes"
"68-99-96-16",6,"Yes"
"68-99-96-16",9,"Yes"
"47-95-59-62",1,"Yes"
"86-57-96-89",1,"Yes"
"68-47-81-44",1,"Yes"
"36-96-75-03",2,"Yes"
"08-94-02-07",1,"Yes"
"08-94-02-07",2,"Yes"
"08-94-02-07",3,"Yes"
"37-79-35-25",1,"Yes"
"71-65-92-38",1,"Yes"
"71-65-92-38",2,"Yes"
"71-65-92-38",3,"Yes"
"71-65-92-38",4,"Yes"
"64-78-16-16",1,"Yes"
"64-78-16-16",2,"Yes"
"21-44-80-94",1,"Yes"
"21-44-80-94",2,"Yes"
"09-64-46-58",1,"Yes"
"09-64-46-58",2,"Yes"
"09-64-46-58",4,"Yes"
"09-64-46-58",6,"Yes"
"59-85-28-37",2,"Yes"
"59-86-17-42",1,"Yes"
"59-86-17-42",2,"Yes"
"59-86-17-42",3,"Yes"
"19-38-28-96",1,"Yes"
"19-38-28-96",2,"Yes"
"19-38-28-96",4,"Yes"
"15-65-55-76",1,"Yes"
"06-65-59-46",1,"Yes"
"06-65-59-46",2,"Yes"
"46-83-77-72",1,"Yes"
"46-83-77-72",2,"Yes"
"13-16-83-24",1,"Yes"
"13-16-83-24",2,"Yes"
"55-65-07-83",1,"Yes"
"55-65-07-83",2,"Yes"
"19-58-06-14",1,"Yes"
"19-58-06-14",2,"Yes"
"07-67-77-44",1,"Yes"
"30-73-95-73",1,"Yes"
"30-73-95-73",2,"Yes"
"30-73-95-73",3,"Yes"
"81-01-27-26",1,"Yes"
"29-63-05-43",1,"Yes"
"15-06-78-78",1,"Yes"
"66-77-69-23",1,"Yes"
"66-77-69-23",2,"Yes"
"54-15-04-81",1,"Yes"
"54-15-04-81",2,"Yes"
"54-15-04-81",3,"Yes"
"30-29-61-21",1,"Yes"
"32-65-13-57",1,"Yes"
"25-20-08-58",1,"Yes"
"25-20-08-58",2,"Yes"
"12-04-44-96",1,"Yes"
"12-04-44-96",2,"Yes"
"97-37-09-60",1,"Yes"
"26-04-59-05",1,"Yes"
"98-27-33-85",1,"Yes"
"98-27-33-85",2,"Yes"
"88-58-36-62",1,"Yes"
"68-07-50-59",1,"Yes"
"68-07-50-59",2,"Yes"
"69-15-02-37",1,"Yes"
"69-15-02-37",2,"Yes"
"02-78-83-36",1,"Yes"
"97-59-33-64",1,"Yes"
"97-59-33-64",2,"Yes"
"97-59-33-64",3,"Yes"
"62-96-19-75",1,"Yes"
"62-96-19-75",2,"Yes"
"73-91-22-23",1,"Yes"
"53-00-97-20",1,"Yes"
"53-00-97-20",2,"Yes"
"33-41-86-29",1,"Yes"
"33-41-86-29",2,"Yes"
"32-86-73-25",1,"Yes"
"15-89-37-89",1,"Yes"
"12-79-12-74",1,"Yes"
"84-49-36-60",1,"Yes"
"84-49-36-60",2,"Yes"
"50-30-24-70",1,"Yes"
"73-01-79-27",2,"Yes"
"73-01-79-27",3,"Yes"
"73-01-79-27",5,"Yes"
"61-70-56-76",1,"Yes"
"61-70-56-76",3,"Yes"
"02-74-92-32",1,"Yes"
"69-39-88-08",1,"Yes"
"69-39-88-08",2,"Yes"
"97-74-84-66",1,"Yes"
"46-71-69-87",1,"Yes"
"05-64-42-77",1,"Yes"
"05-64-42-77",2,"Yes"
"65-63-71-66",1,"Yes"
"15-51-80-47",1,"Yes"
"15-51-80-47",2,"Yes"
"32-74-61-81",1,"Yes"
"36-59-31-86",5,"Yes"
"73-83-46-14",1,"Yes"
"73-83-46-14",2,"Yes"
"07-04-05-10",1,"Yes"
"99-97-90-90",1,"Yes"
"53-39-03-44",2,"Yes"
"85-50-39-09",1,"Yes"
"85-50-39-09",2,"Yes"
"46-32-17-36",1,"Yes"
"46-32-17-36",2,"Yes"
"85-98-37-69",3,"Yes"
"65-26-91-15",1,"Yes"
"65-45-62-39",1,"Yes"
"47-59-10-25",1,"Yes"
"47-59-10-25",2,"Yes"
"03-90-73-99",1,"Yes"
"43-25-90-61",1,"Yes"
"43-25-90-61",2,"Yes"
"49-70-00-09",1,"Yes"
"49-70-00-09",4,"Yes"
"06-94-49-47",1,"Yes"
"06-94-49-47",2,"Yes"
"19-04-54-37",1,"Yes"
"19-04-54-37",2,"Yes"
"59-57-12-16",1,"Yes"
"59-57-12-16",2,"Yes"
"49-28-72-36",1,"Yes"
"49-28-72-36",2,"Yes"
"93-14-44-32",1,"Yes"
"93-14-44-32",2,"Yes"
"51-90-88-91",1,"Yes"
"51-90-88-91",4,"Yes"
"12-47-74-84",1,"Yes"
"12-47-74-84",2,"Yes"
"66-45-27-28",2,"Yes"
"66-45-27-28",3,"Yes"
"61-66-59-51",1,"Yes"
"61-66-59-51",2,"Yes"
"78-64-43-02",1,"Yes"
"78-64-43-02",2,"Yes"
"78-64-43-02",3,"Yes"
"09-79-38-80",1,"Yes"
"09-79-38-80",2,"Yes"
"03-23-67-97",1,"Yes"
"03-23-67-97",2,"Yes"
"84-81-25-13",1,"Yes"
"01-19-86-40",1,"Yes"
"69-16-25-63",1,"Yes"
"58-95-91-31",1,"Yes"
"11-58-78-70",2,"Yes"
"11-58-78-70",4,"Yes"
"41-24-59-26",1,"Yes"
"98-97-38-21",1,"Yes"
"92-08-97-62",1,"Yes"
"59-21-82-77",1,"Yes"
"80-20-31-51",1,"Yes"
"33-11-85-60",1,"Yes"
"33-11-85-60",2,"Yes"
"06-48-61-69",1,"Yes"
"12-93-60-92",1,"Yes"
"12-93-60-92",2,"Yes"
"11-11-55-95",1,"Yes"
"82-15-11-19",1,"Yes"
"82-15-11-19",2,"Yes"
"95-73-95-89",2,"Yes"
"02-47-29-85",1,"Yes"
"02-47-29-85",2,"Yes"
"91-34-05-43",3,"Yes"
"54-07-56-18",1,"Yes"
"02-67-98-73",1,"Yes"
"02-67-98-73",2,"Yes"
"89-44-00-22",1,"Yes"
"92-95-45-69",1,"Yes"
"92-95-45-69",2,"Yes"
"25-17-75-96",2,"Yes"
"25-17-75-96",3,"Yes"
"25-17-75-96",4,"Yes"
"25-17-75-96",5,"Yes"
"08-10-28-09",1,"Yes"
"63-11-66-98",1,"Yes"
"90-89-89-25",1,"Yes"
"01-16-33-75",1,"Yes"
"37-73-98-41",1,"Yes"
"48-88-82-47",1,"Yes"
"44-96-14-86",1,"Yes"
"44-96-14-86",2,"Yes"
"47-83-83-86",1,"Yes"
"47-83-83-86",2,"Yes"
"79-40-96-41",1,"Yes"
"79-40-96-41",2,"Yes"
"79-90-62-68",1,"Yes"
"79-90-62-68",2,"Yes"
"67-12-09-24",1,"Yes"
"63-23-35-27",1,"Yes"
"63-23-35-27",10,"Yes"
"93-87-16-02",1,"Yes"
"93-87-16-02",2,"Yes"
"65-31-14-31",1,"Yes"
"65-31-14-31",2,"Yes"
"65-31-14-31",3,"Yes"
"65-31-14-31",6,"Yes"
"65-31-14-31",7,"Yes"
"19-27-66-46",1,"Yes"
"19-27-66-46",2,"Yes"
"19-27-66-46",3,"Yes"
"08-44-37-94",1,"Yes"
"08-44-37-94",3,"Yes"
"71-04-48-02",1,"Yes"
"71-04-48-02",2,"Yes"
"24-04-95-50",1,"Yes"
"27-66-11-12",3,"Yes"
"27-66-11-12",4,"Yes"
"11-10-12-08",1,"Yes"
"10-98-84-98",1,"Yes"
"97-63-71-09",1,"Yes"
"97-63-71-09",2,"Yes"
"11-29-74-23",1,"Yes"
"11-29-74-23",2,"Yes"
"59-89-68-30",1,"Yes"
"59-89-68-30",2,"Yes"
"22-38-73-99",1,"Yes"
"81-45-95-70",1,"Yes"
"81-45-95-70",2,"Yes"
"16-03-96-06",2,"Yes"
"16-03-96-06",6,"Yes"
"22-88-97-60",1,"Yes"
"22-88-97-60",2,"Yes"
"47-75-71-27",1,"Yes"
"10-39-00-99",7,"Yes"
"96-06-62-42",1,"Yes"
"27-51-81-61",1,"Yes"
"27-51-81-61",2,"Yes"
"45-92-75-89",1,"Yes"
"45-92-75-89",2,"Yes"
"85-71-09-15",1,"Yes"
"64-51-39-39",1,"Yes"
"64-51-39-39",2,"Yes"
"64-51-39-39",3,"Yes"
"36-28-42-39",1,"Yes"
"36-28-42-39",2,"Yes"
"95-09-61-15",1,"Yes"
"95-09-61-15",2,"Yes"
"08-84-33-33",1,"Yes"
"07-50-91-84",1,"Yes"
"87-71-97-91",1,"Yes"
"72-05-40-32",1,"Yes"
"72-05-40-32",3,"Yes"
"87-43-28-28",1,"Yes"
"87-43-28-28",2,"Yes"
"02-59-28-55",7,"Yes"
"41-71-16-88",2,"Yes"
"91-57-08-43",1,"Yes"
"91-57-08-43",2,"Yes"
"91-57-08-43",3,"Yes"
"63-99-85-70",1,"Yes"
"65-43-78-90",1,"Yes"
"37-38-94-21",1,"Yes"
"77-42-43-43",1,"Yes"
"77-42-43-43",3,"Yes"
"77-42-43-43",4,"Yes"
"68-60-50-68",1,"Yes"
"46-89-69-47",1,"Yes"
"25-02-52-66",1,"Yes"
"25-02-52-66",2,"Yes"
"25-02-52-66",5,"Yes"
"99-17-74-11",1,"Yes"
"46-53-61-02",1,"Yes"
"46-53-61-02",2,"Yes"
"10-77-75-51",1,"Yes"
"71-70-88-23",1,"Yes"
"71-70-88-23",2,"Yes"
"50-33-80-84",1,"Yes"
"21-95-76-65",1,"Yes"
"21-95-76-65",2,"Yes"
"91-60-65-39",1,"Yes"
"91-60-65-39",2,"Yes"
"42-15-16-06",1,"Yes"
"00-11-52-27",1,"Yes"
"00-11-52-27",6,"Yes"
"87-56-56-81",1,"Yes"
"87-56-56-81",2,"Yes"
"81-79-89-86",1,"Yes"
"81-79-89-86",2,"Yes"
"81-79-89-86",4,"Yes"
"10-18-23-80",1,"Yes"
"10-18-23-80",2,"Yes"
"10-18-23-80",3,"Yes"
"65-08-75-81",1,"Yes"
"65-08-75-81",3,"Yes"
"71-59-52-11",1,"Yes"
"71-59-52-11",7,"Yes"
"29-04-00-40",1,"Yes"
"29-04-00-40",2,"Yes"
"72-18-38-35",1,"Yes"
"72-18-38-35",2,"Yes"
"83-34-07-73",1,"Yes"
"70-36-24-93",1,"Yes"
"70-36-24-93",3,"Yes"
"13-37-47-48",1,"Yes"
"13-37-47-48",2,"Yes"
"22-02-49-30",2,"Yes"
"97-28-37-38",1,"Yes"
"04-02-73-28",1,"Yes"
"04-02-73-28",2,"Yes"
"57-09-51-71",1,"Yes"
"45-10-68-85",1,"Yes"
"45-10-68-85",2,"Yes"
"45-10-68-85",3,"Yes"
"45-10-68-85",4,"Yes"
"72-72-49-77",1,"Yes"
"72-72-49-77",2,"Yes"
"61-58-42-30",1,"Yes"
"46-76-02-18",1,"Yes"
"46-76-02-18",2,"Yes"
"32-71-82-87",1,"Yes"
"32-71-82-87",2,"Yes"
"51-19-72-02",1,"Yes"
"51-19-72-02",2,"Yes"
"98-92-34-42",2,"Yes"
"19-17-82-94",1,"Yes"
"26-53-83-57",1,"Yes"
"35-77-55-36",2,"Yes"
"35-77-55-36",4,"Yes"
"60-19-93-23",1,"Yes"
"60-19-93-23",2,"Yes"
"98-71-23-55",1,"Yes"
"98-71-23-55",2,"Yes"
"98-71-23-55",6,"Yes"
"98-71-23-55",7,"Yes"
"98-71-23-55",10,"Yes"
"88-09-79-89",1,"Yes"
"88-09-79-89",2,"Yes"
"88-09-79-89",3,"Yes"
"17-30-57-13",2,"Yes"
"13-99-53-09",1,"Yes"
"13-99-53-09",3,"Yes"
"10-78-86-05",1,"Yes"
"58-17-83-09",1,"Yes"
"86-94-71-57",2,"Yes"
"13-61-09-88",2,"Yes"
"33-63-66-86",1,"Yes"
"33-63-66-86",4,"Yes"
"31-45-42-89",1,"Yes"
"31-45-42-89",2,"Yes"
"53-01-20-30",1,"Yes"
"53-01-20-30",2,"Yes"
"53-01-20-30",3,"Yes"
"13-52-61-75",1,"Yes"
"13-52-61-75",2,"Yes"
"13-52-61-75",3,"Yes"
"13-52-61-75",4,"Yes"
"64-05-06-14",1,"Yes"
"64-05-06-14",2,"Yes"
"78-32-01-29",1,"Yes"
"78-32-01-29",2,"Yes"
"33-80-34-20",1,"Yes"
"10-62-40-22",1,"Yes"
"82-40-44-86",1,"Yes"
"82-40-44-86",2,"Yes"
"82-40-44-86",3,"Yes"
"82-40-44-86",4,"Yes"
"52-02-93-49",1,"Yes"
"52-02-93-49",2,"Yes"
"52-02-93-49",3,"Yes"
"94-99-56-40",1,"Yes"
"94-99-56-40",2,"Yes"
"32-71-99-16",1,"Yes"
"32-71-99-16",2,"Yes"
"32-71-99-16",3,"Yes"
"53-58-51-62",1,"Yes"
"95-92-63-73",2,"Yes"
"06-17-24-58",1,"Yes"
"06-17-24-58",2,"Yes"
"23-78-50-31",1,"Yes"
"20-84-25-59",1,"Yes"
"20-84-25-59",2,"Yes"
"97-31-09-83",2,"Yes"
"56-22-99-66",1,"Yes"
"56-22-99-66",2,"Yes"
"56-22-99-66",3,"Yes"
"56-22-99-66",4,"Yes"
"05-92-75-52",1,"Yes"
"56-78-97-61",1,"Yes"
"50-93-16-91",1,"Yes"
"50-93-16-91",2,"Yes"
"50-93-16-91",3,"Yes"
"89-68-31-84",1,"Yes"
"89-68-31-84",2,"Yes"
"37-58-34-11",1,"Yes"
"33-93-90-01",1,"Yes"
"33-93-90-01",2,"Yes"
"55-74-55-01",1,"Yes"
"55-74-55-01",2,"Yes"
"35-03-81-94",1,"Yes"
"87-29-60-32",1,"Yes"
"87-29-60-32",2,"Yes"
"59-04-53-64",1,"Yes"
"59-04-53-64",5,"Yes"
"82-68-38-51",1,"Yes"
"64-96-99-21",1,"Yes"
"36-02-93-74",1,"Yes"
"36-02-93-74",2,"Yes"
"36-02-93-74",3,"Yes"
"56-43-23-52",1,"Yes"
"56-43-23-52",2,"Yes"
"56-43-23-52",3,"Yes"
"42-33-55-75",1,"Yes"
"67-03-64-23",1,"Yes"
"67-03-64-23",2,"Yes"
"34-93-29-30",1,"Yes"
"74-55-51-40",1,"Yes"
"74-55-51-40",3,"Yes"
"64-62-65-29",2,"Yes"
"30-54-31-50",2,"Yes"
"42-02-08-83",1,"Yes"
"04-71-60-91",1,"Yes"
"04-71-60-91",2,"Yes"
"37-15-67-95",1,"Yes"
"37-15-67-95",2,"Yes"
"42-23-71-10",2,"Yes"
"42-23-71-10",3,"Yes"
"50-11-26-74",1,"Yes"
"50-11-26-74",2,"Yes"
"50-11-26-74",3,"Yes"
"57-81-30-05",1,"Yes"
"88-77-78-80",1,"Yes"
"88-77-78-80",2,"Yes"
"50-74-95-60",1,"Yes"
"50-74-95-60",2,"Yes"
"94-52-87-82",1,"Yes"
"94-52-87-82",2,"Yes"
"36-65-12-21",1,"Yes"
"36-65-12-21",2,"Yes"
"97-41-99-18",1,"Yes"
"90-57-88-40",1,"Yes"
"90-57-88-40",2,"Yes"
"38-86-39-27",1,"Yes"
"38-86-39-27",2,"Yes"
"03-07-08-19",2,"Yes"
"72-39-10-40",2,"Yes"
"72-39-10-40",3,"Yes"
"06-58-90-91",1,"Yes"
"20-64-53-81",1,"Yes"
"20-64-53-81",2,"Yes"
"20-64-53-81",3,"Yes"
"64-24-49-94",1,"Yes"
"84-08-92-59",1,"Yes"
"39-04-13-87",1,"Yes"
"12-81-58-78",1,"Yes"
"12-81-58-78",2,"Yes"
"46-43-23-18",1,"Yes"
"46-43-23-18",2,"Yes"
"48-70-52-60",1,"Yes"
"48-70-52-60",2,"Yes"
"07-19-59-75",1,"Yes"
"07-19-59-75",2,"Yes"
"03-69-84-05",1,"Yes"
"55-07-48-89",1,"Yes"
"55-07-48-89",2,"Yes"
"84-64-87-37",1,"Yes"
"01-15-12-42",1,"Yes"
"01-15-12-42",2,"Yes"
"43-03-84-96",1,"Yes"
"43-03-84-96",2,"Yes"
"43-03-84-96",3,"Yes"
"16-96-89-30",1,"Yes"
"16-96-89-30",2,"Yes"
"16-96-89-30",3,"Yes"
"16-96-89-30",4,"Yes"
"26-40-62-78",1,"Yes"
"45-82-95-63",1,"Yes"
"45-82-95-63",2,"Yes"
"19-12-89-41",1,"Yes"
"19-12-89-41",2,"Yes"
"86-61-90-88",3,"Yes"
"86-61-90-88",5,"Yes"
"01-74-93-41",1,"Yes"
"01-74-93-41",2,"Yes"
"38-25-54-65",1,"Yes"
"21-70-86-32",1,"Yes"
"02-81-96-02",1,"Yes"
"02-81-96-02",2,"Yes"
"54-34-58-95",1,"Yes"
"76-19-75-88",1,"Yes"
"66-74-73-77",1,"Yes"
"08-37-41-83",1,"Yes"
"08-37-41-83",2,"Yes"
"08-37-41-83",5,"Yes"
"68-02-84-17",1,"Yes"
"68-02-84-17",2,"Yes"
"68-02-84-17",4,"Yes"
"68-02-84-17",5,"Yes"
"75-80-31-44",1,"Yes"
"75-80-31-44",2,"Yes"
"27-87-86-78",1,"Yes"
"27-87-86-78",2,"Yes"
"27-87-86-78",8,"Yes"
"69-86-48-74",1,"Yes"
"69-86-48-74",2,"Yes"
"04-56-93-47",1,"Yes"
"48-20-93-40",1,"Yes"
"48-20-93-40",2,"Yes"
"11-74-52-10",2,"Yes"
"15-73-69-92",1,"Yes"
"18-25-85-30",1,"Yes"
"18-25-85-30",2,"Yes"
"18-25-85-30",3,"Yes"
"97-74-49-80",1,"Yes"
"65-28-28-23",1,"Yes"
"60-02-55-31",1,"Yes"
"60-02-55-31",2,"Yes"
"82-11-02-31",6,"Yes"
"57-80-52-25",1,"Yes"
"72-15-05-10",1,"Yes"
"72-15-05-10",2,"Yes"
"72-15-05-10",3,"Yes"
"74-51-85-05",1,"Yes"
"86-09-61-31",1,"Yes"
"86-09-61-31",3,"Yes"
"93-25-93-51",2,"Yes"
"46-18-65-43",1,"Yes"
"04-39-31-02",1,"Yes"
"04-39-31-02",2,"Yes"
"95-71-10-81",2,"Yes"
"95-71-10-81",3,"Yes"
"95-71-10-81",4,"Yes"
"12-15-65-08",1,"Yes"
"44-29-85-16",1,"Yes"
"06-79-89-11",1,"Yes"
"06-79-89-11",4,"Yes"
"21-46-83-44",1,"Yes"
"92-47-39-90",1,"Yes"
"92-47-39-90",2,"Yes"
"48-13-13-53",1,"Yes"
"48-13-13-53",2,"Yes"
"22-45-98-08",1,"Yes"
"05-13-82-78",8,"Yes"
"38-34-24-20",1,"Yes"
"14-26-58-26",1,"Yes"
"71-71-39-84",1,"Yes"
"22-94-31-61",1,"Yes"
"76-87-83-96",1,"Yes"
"76-33-66-65",1,"Yes"
"32-73-67-08",1,"Yes"
"52-15-60-99",1,"Yes"
"52-15-60-99",2,"Yes"
"82-73-01-57",1,"Yes"
"82-73-01-57",2,"Yes"
"89-62-46-70",1,"Yes"
"89-62-46-70",2,"Yes"
"54-18-77-83",1,"Yes"
"54-18-77-83",2,"Yes"
"54-86-93-60",1,"Yes"
"33-07-96-51",2,"Yes"
"10-60-87-78",1,"Yes"
"10-60-87-78",2,"Yes"
"10-60-87-78",5,"Yes"
"60-37-22-12",1,"Yes"
"60-37-22-12",2,"Yes"
"65-07-81-76",1,"Yes"
"94-01-94-60",1,"Yes"
"34-70-02-31",1,"Yes"
"34-70-02-31",2,"Yes"
"04-31-65-65",1,"Yes"
"04-31-65-65",2,"Yes"
"41-04-08-56",1,"Yes"
"41-04-08-56",2,"Yes"
"05-33-40-10",1,"Yes"
"05-33-40-10",2,"Yes"
"27-67-11-74",1,"Yes"
"27-67-11-74",2,"Yes"
"42-16-66-43",1,"Yes"
"07-13-95-29",1,"Yes"
"07-13-95-29",2,"Yes"
"96-93-55-42",1,"Yes"
"35-46-21-62",2,"Yes"
"40-51-79-00",1,"Yes"
"40-51-79-00",2,"Yes"
"80-05-91-55",1,"Yes"
"59-22-24-47",1,"Yes"
"78-46-05-26",3,"Yes"
"01-54-87-19",1,"Yes"
"01-54-87-19",2,"Yes"
"01-54-87-19",3,"Yes"
"64-06-48-62",1,"Yes"
"64-06-48-62",5,"Yes"
"21-65-85-03",1,"Yes"
"21-65-85-03",2,"Yes"
"03-81-70-83",1,"Yes"
"03-81-70-83",2,"Yes"
"22-43-82-01",1,"Yes"
"22-43-82-01",2,"Yes"
"40-89-32-79",1,"Yes"
"94-65-34-20",1,"Yes"
"94-65-34-20",2,"Yes"
"17-73-42-21",1,"Yes"
"17-73-42-21",2,"Yes"
"86-29-59-93",1,"Yes"
"88-87-27-22",1,"Yes"
"88-87-27-22",2,"Yes"
"17-95-26-62",1,"Yes"
"86-23-74-18",1,"Yes"
"86-23-74-18",2,"Yes"
"86-23-74-18",3,"Yes"
"86-23-74-18",4,"Yes"
"69-47-17-72",2,"Yes"
"77-46-09-31",1,"Yes"
"77-46-09-31",2,"Yes"
"77-46-09-31",3,"Yes"
"97-62-36-16",1,"Yes"
"97-62-36-16",2,"Yes"
"97-62-36-16",3,"Yes"
"97-62-36-16",9,"Yes"
"51-78-77-10",1,"Yes"
"51-78-77-10",2,"Yes"
"95-19-67-91",2,"Yes"
"90-10-35-11",1,"Yes"
"90-10-35-11",2,"Yes"
"43-53-25-48",1,"Yes"
"91-87-02-88",3,"Yes"
"54-62-08-69",1,"Yes"
"54-62-08-69",2,"Yes"
"54-62-08-69",3,"Yes"
"54-62-08-69",4,"Yes"
"54-62-08-69",5,"Yes"
"37-56-30-78",1,"Yes"
"08-23-42-65",2,"Yes"
"08-23-42-65",3,"Yes"
"59-85-68-42",1,"Yes"
"59-85-68-42",2,"Yes"
"59-85-68-42",3,"Yes"
"84-09-48-58",1,"Yes"
"84-09-48-58",2,"Yes"
"84-09-48-58",3,"Yes"
"75-58-20-42",1,"Yes"
"00-68-70-04",1,"Yes"
"00-68-70-04",2,"Yes"
"51-54-98-03",1,"Yes"
"90-58-96-49",1,"Yes"
"90-58-96-49",2,"Yes"
"90-58-96-49",3,"Yes"
"07-07-62-62",1,"Yes"
"07-07-62-62",2,"Yes"
"26-08-54-15",2,"Yes"
"98-80-86-00",1,"Yes"
"19-36-93-83",1,"Yes"
"19-36-93-83",8,"Yes"
"39-74-73-78",1,"Yes"
"39-74-73-78",2,"Yes"
"73-63-00-42",1,"Yes"
"15-80-74-06",1,"Yes"
"15-80-74-06",2,"Yes"
"15-80-74-06",3,"Yes"
"15-80-74-06",6,"Yes"
"95-10-30-55",1,"Yes"
"93-89-51-75",1,"Yes"
"75-95-38-57",2,"Yes"
"75-95-38-57",3,"Yes"
"34-96-82-10",1,"Yes"
"90-41-75-26",1,"Yes"
"93-64-37-20",1,"Yes"
"93-64-37-20",2,"Yes"
"91-66-07-16",1,"Yes"
"91-66-07-16",2,"Yes"
"91-66-07-16",3,"Yes"
"76-32-07-05",1,"Yes"
"76-32-07-05",3,"Yes"
"16-40-92-10",1,"Yes"
"24-75-24-45",1,"Yes"
"93-05-25-38",1,"Yes"
"59-77-15-06",1,"Yes"
"59-77-15-06",2,"Yes"
"59-77-15-06",13,"Yes"
"38-02-62-89",1,"Yes"
"38-02-62-89",2,"Yes"
"21-01-77-10",1,"Yes"
"81-78-91-05",1,"Yes"
"81-78-91-05",2,"Yes"
"81-78-91-05",3,"Yes"
"34-25-65-08",1,"Yes"
"34-25-65-08",2,"Yes"
"34-25-65-08",3,"Yes"
"86-44-30-89",1,"Yes"
"74-03-89-65",1,"Yes"
"74-03-89-65",2,"Yes"
"74-03-89-65",4,"Yes"
"74-03-89-65",5,"Yes"
"74-03-89-65",6,"Yes"
"56-65-93-48",2,"Yes"
"66-39-11-55",1,"Yes"
"66-39-11-55",2,"Yes"
"66-39-11-55",5,"Yes"
"66-39-11-55",6,"Yes"
"14-03-04-43",1,"Yes"
"14-03-04-43",2,"Yes"
"14-03-04-43",3,"Yes"
"27-47-38-04",1,"Yes"
"27-47-38-04",2,"Yes"
"27-47-38-04",4,"Yes"
"43-92-12-14",1,"Yes"
"43-92-12-14",2,"Yes"
"05-86-89-30",1,"Yes"
"05-86-89-30",2,"Yes"
"05-86-89-30",3,"Yes"
"84-33-11-24",1,"Yes"
"84-33-11-24",2,"Yes"
"79-96-52-99",1,"Yes"
"79-96-52-99",2,"Yes"
"79-96-52-99",3,"Yes"
"27-91-30-19",1,"Yes"
"27-91-30-19",2,"Yes"
"27-91-30-19",7,"Yes"
"49-11-32-04",1,"Yes"
"49-11-32-04",2,"Yes"
"88-01-30-83",1,"Yes"
"88-01-30-83",2,"Yes"
"88-01-30-83",4,"Yes"
"18-88-95-82",1,"Yes"
"18-88-95-82",2,"Yes"
"44-20-34-87",2,"Yes"
"62-58-98-18",1,"Yes"
"10-26-36-54",1,"Yes"
"10-26-36-54",2,"Yes"
"10-26-36-54",3,"Yes"
"97-96-81-02",1,"Yes"
"29-40-66-47",1,"Yes"
"18-40-35-80",1,"Yes"
"18-40-35-80",2,"Yes"
"79-71-02-69",1,"Yes"
"25-22-65-60",1,"Yes"
"25-22-65-60",7,"Yes"
"89-59-08-73",1,"Yes"
"91-40-38-85",1,"Yes"
"91-40-38-85",2,"Yes"
"17-33-53-75",1,"Yes"
"48-20-09-62",2,"Yes"
"48-20-09-62",3,"Yes"
"48-20-09-62",4,"Yes"
"29-88-28-45",1,"Yes"
"29-88-28-45",2,"Yes"
"92-61-60-00",1,"Yes"
"92-61-60-00",2,"Yes"
"98-05-61-12",1,"Yes"
"98-05-61-12",2,"Yes"
"98-05-61-12",4,"Yes"
"98-05-61-12",5,"Yes"
"49-80-41-29",1,"Yes"
"56-67-61-31",1,"Yes"
"56-67-61-31",2,"Yes"
"93-39-60-64",1,"Yes"
"93-39-60-64",2,"Yes"
"75-50-72-64",2,"Yes"
"13-68-33-58",1,"Yes"
"67-51-21-12",2,"Yes"
"23-95-53-31",1,"Yes"
"23-95-53-31",2,"Yes"
"76-83-42-25",1,"Yes"
"76-83-42-25",2,"Yes"
"34-04-41-33",1,"Yes"
"65-40-10-81",1,"Yes"
"65-40-10-81",2,"Yes"
"32-27-90-36",1,"Yes"
"32-27-90-36",2,"Yes"
"32-27-90-36",3,"Yes"
"32-27-90-36",4,"Yes"
"34-35-99-68",1,"Yes"
"34-35-99-68",2,"Yes"
"34-35-99-68",4,"Yes"
"34-35-99-68",6,"Yes"
"96-83-30-59",1,"Yes"
"96-83-30-59",2,"Yes"
"08-93-39-25",1,"Yes"
"70-80-52-20",1,"Yes"
"70-80-52-20",2,"Yes"
"98-33-69-97",1,"Yes"
"98-33-69-97",3,"Yes"
"98-33-69-97",9,"Yes"
"98-33-69-97",10,"Yes"
"72-65-40-82",1,"Yes"
"72-65-40-82",2,"Yes"
"72-65-40-82",3,"Yes"
"72-65-40-82",4,"Yes"
"72-65-40-82",5,"Yes"
"28-81-45-53",1,"Yes"
"28-81-45-53",2,"Yes"
"06-80-46-73",1,"Yes"
"06-80-46-73",2,"Yes"
"06-80-46-73",3,"Yes"
"09-02-42-42",2,"Yes"
"16-61-64-98",1,"Yes"
"16-61-64-98",3,"Yes"
"29-61-04-95",1,"Yes"
"49-39-29-75",1,"Yes"
"49-39-29-75",2,"Yes"
"49-39-29-75",6,"Yes"
"49-39-29-75",7,"Yes"
"30-17-77-88",2,"Yes"
"29-08-77-29",1,"Yes"
"29-08-77-29",2,"Yes"
"21-49-13-73",1,"Yes"
"75-38-27-75",10,"Yes"
"14-85-47-22",1,"Yes"
"14-85-47-22",2,"Yes"
"53-81-07-04",1,"Yes"
"53-81-07-04",2,"Yes"
"53-81-07-04",3,"Yes"
"65-80-02-03",1,"Yes"
"65-80-02-03",4,"Yes"
"69-30-60-03",1,"Yes"
"69-30-60-03",2,"Yes"
"21-15-99-40",1,"Yes"
"44-56-27-24",1,"Yes"
"44-56-27-24",2,"Yes"
"75-37-22-90",1,"Yes"
"75-37-22-90",3,"Yes"
"04-57-01-84",2,"Yes"
"53-87-70-93",1,"Yes"
"53-87-70-93",2,"Yes"
"89-42-22-50",2,"Yes"
"41-64-40-11",1,"Yes"
"89-49-22-36",1,"Yes"
"89-49-22-36",2,"Yes"
"84-72-64-66",1,"Yes"
"63-42-88-22",1,"Yes"
"63-42-88-22",2,"Yes"
"63-42-88-22",4,"Yes"
"63-42-88-22",5,"Yes"
"27-50-41-80",1,"Yes"
"27-50-41-80",2,"Yes"
"87-50-20-38",1,"Yes"
"87-50-20-38",4,"Yes"
"87-50-20-38",5,"Yes"
"87-50-20-38",6,"Yes"
"78-63-95-63",1,"Yes"
"78-63-95-63",2,"Yes"
"21-75-94-85",1,"Yes"
"21-75-94-85",2,"Yes"
"20-46-30-59",2,"Yes"
"20-46-30-59",3,"Yes"
"20-46-30-59",4,"Yes"
"12-17-56-74",2,"Yes"
"12-17-56-74",3,"Yes"
"80-41-60-05",1,"Yes"
"80-41-60-05",2,"Yes"
"50-77-28-73",1,"Yes"
"50-77-28-73",2,"Yes"
"42-38-30-13",2,"Yes"
"42-38-30-13",3,"Yes"
"05-33-62-23",1,"Yes"
"05-33-62-23",2,"Yes"
"05-33-62-23",3,"Yes"
"17-87-80-73",2,"Yes"
"73-58-06-14",1,"Yes"
"22-13-82-99",1,"Yes"
"49-72-13-69",1,"Yes"
"72-23-50-93",1,"Yes"
"72-23-50-93",2,"Yes"
"24-20-09-18",1,"Yes"
"24-20-09-18",3,"Yes"
"65-04-66-76",1,"Yes"
"65-04-66-76",2,"Yes"
"61-75-70-64",1,"Yes"
"23-31-62-51",1,"Yes"
"95-05-18-77",1,"Yes"
"87-43-52-74",1,"Yes"
"87-43-52-74",3,"Yes"
"87-43-52-74",4,"Yes"
"61-21-03-67",1,"Yes"
"61-21-03-67",2,"Yes"
"72-29-78-52",1,"Yes"
"72-29-78-52",2,"Yes"
"72-29-78-52",3,"Yes"
"11-76-72-18",1,"Yes"
"11-76-72-18",2,"Yes"
"97-14-88-73",1,"Yes"
"95-00-37-38",1,"Yes"
"95-00-37-38",7,"Yes"
"94-73-96-31",1,"Yes"
"94-73-96-31",2,"Yes"
"40-23-79-37",2,"Yes"
"49-36-92-60",1,"Yes"
"21-46-54-95",1,"Yes"
"21-46-54-95",2,"Yes"
"21-46-54-95",3,"Yes"
"21-46-54-95",4,"Yes"
"21-46-54-95",5,"Yes"
"65-71-98-91",2,"Yes"
"58-91-32-30",1,"Yes"
"18-10-16-95",1,"Yes"
"18-10-16-95",3,"Yes"
"20-74-87-97",1,"Yes"
"42-18-27-84",1,"Yes"
"42-18-27-84",2,"Yes"
"65-19-88-53",7,"Yes"
"56-92-07-98",5,"Yes"
"74-74-25-12",1,"Yes"
"74-74-25-12",3,"Yes"
"83-96-24-75",1,"Yes"
"83-96-24-75",2,"Yes"
"56-67-49-17",1,"Yes"
"56-67-49-17",2,"Yes"
"73-07-75-47",1,"Yes"
"73-07-75-47",2,"Yes"
"26-48-16-48",1,"Yes"
"26-48-16-48",2,"Yes"
"72-76-08-58",1,"Yes"
"72-76-08-58",3,"Yes"
"51-88-01-88",1,"Yes"
"94-25-97-12",1,"Yes"
"85-35-12-09",1,"Yes"
