interview__key,as10,as11,as12,as13,as14,as15,as16__1,as16__2,as16__3,as16__4,as16__5,as16__6,as16__7,as16__8,as16__9,as16__96,as16_oth,as19,as17,as18__1,as18__2,as18__3,as18__4,as18__5,as18__6,as18__7,as18__8,as18__9,as18__10,as18__11,as18__96
"31-67-19-52","Yes","Yes","No","Yes","Yes",1000,"Yes","Yes","No","No","No","No","No","No","No","No",,"No","No",,,,,,,,,,,,
"85-11-91-18","No","No","No","No","No",,,,,,,,,,,,,"Yes","No",,,,,,,,,,,,
"38-04-18-34","No","No","No","No","No",,,,,,,,,,,,,"No","No",,,,,,,,,,,,
"34-73-96-50","No","No","No","No","No",,,,,,,,,,,,,"No","No",,,,,,,,,,,,
"93-29-80-09","No","No","No","No","No",,,,,,,,,,,,,"No","No",,,,,,,,,,,,
"63-89-80-49","No","Yes","No","No","No",,,,,,,,,,,,,"No","No",,,,,,,,,,,,
"97-84-26-58","No","No","No","No","No",,,,,,,,,,,,,"Yes","No",,,,,,,,,,,,
"44-14-26-56","No","No","No","No","No",,,,,,,,,,,,,"Yes","No",,,,,,,,,,,,
"01-78-65-09","No","No","No","No","No",,,,,,,,,,,,,"No","No",,,,,,,,,,,,
"77-02-48-37","No","No","No","No","No",,,,,,,,,,,,,"No","No",,,,,,,,,,,,
"46-96-59-64","No","No","No","No","No",,,,,,,,,,,,,"Yes","No",,,,,,,,,,,,
"01-51-99-07","No","Yes","Yes","No","No",,,,,,,,,,,,,"Yes","No",,,,,,,,,,,,
"39-75-97-43","No","Yes","No","No","No",,,,,,,,,,,,,"No","No",,,,,,,,,,,,
"11-52-82-38","Yes","Yes","Yes","No","No",,,,,,,,,,,,,"No","No",,,,,,,,,,,,
"19-06-13-08","No","No","No","Yes","No",,,,,,,,,,,,,"No","No",,,,,,,,,,,,
"74-04-26-51","Yes","Yes","Yes","Yes","No",,,,,,,,,,,,,"Yes","No",,,,,,,,,,,,
"37-83-74-10","Yes","Yes","Yes","No","No",,,,,,,,,,,,,"Yes","No",,,,,,,,,,,,
"39-40-38-02","No","No","No","No","No",,,,,,,,,,,,,"Yes","No",,,,,,,,,,,,
"14-71-87-39","No","No","No","No","No",,,,,,,,,,,,,"Yes","No",,,,,,,,,,,,
"86-00-55-84","No","No","No","No","No",,,,,,,,,,,,,"Yes","Yes","No","No","No","Yes","No","No","Yes","No","No","No","No","No"
"76-73-19-09","No","No","No","No","No",,,,,,,,,,,,,"Yes","No",,,,,,,,,,,,
"17-23-66-97","Yes","No","No","No","No",,,,,,,,,,,,,"Yes","No",,,,,,,,,,,,
"71-45-81-79","No","No","No","No","No",,,,,,,,,,,,,"No","No",,,,,,,,,,,,
"53-00-83-03","No","No","No","No","No",,,,,,,,,,,,,"No","No",,,,,,,,,,,,
"70-80-16-39","No","No","Yes","No","No",,,,,,,,,,,,,"Yes","No",,,,,,,,,,,,
"11-00-74-85","No","No","No","No","No",,,,,,,,,,,,,"No","No",,,,,,,,,,,,
"16-44-32-23","Yes","Yes","Yes","Yes","Yes",5000,"No","No","No","No","No","No","No","Yes","No","No",,"No","No",,,,,,,,,,,,
"49-09-04-04","No","Yes","Yes","Yes","No",,,,,,,,,,,,,"Yes","No",,,,,,,,,,,,
"33-01-13-01","No","No","Yes","Yes","No",,,,,,,,,,,,,"Yes","No",,,,,,,,,,,,
"79-39-40-36","No","No","Yes","Yes","Yes",5000,"Yes","No","No","No","No","No","No","Yes","No","No",,"Yes","No",,,,,,,,,,,,
"65-53-51-27","No","Yes","Yes","Yes","No",,,,,,,,,,,,,"Yes","No",,,,,,,,,,,,
"64-11-62-56","Yes","Yes","Yes","No","No",,,,,,,,,,,,,"Yes","No",,,,,,,,,,,,
"79-53-04-50","No","No","Yes","No","No",,,,,,,,,,,,,"Yes","No",,,,,,,,,,,,
"14-13-86-20","No","No","No","No","No",,,,,,,,,,,,,"No","No",,,,,,,,,,,,
"19-99-67-92","No","No","No","No","No",,,,,,,,,,,,,"Yes","No",,,,,,,,,,,,
"65-80-65-49","No","No","Yes","Yes","No",,,,,,,,,,,,,"Yes","No",,,,,,,,,,,,
"08-76-57-31","No","No","Yes","Yes","No",,,,,,,,,,,,,"Yes","No",,,,,,,,,,,,
"02-57-88-54","No","No","No","No","No",,,,,,,,,,,,,"No","No",,,,,,,,,,,,
"36-87-83-91","No","No","No","No","No",,,,,,,,,,,,,"Yes","No",,,,,,,,,,,,
"99-46-97-26","Yes","Yes","Yes","Yes","Yes",1000,"Yes","No","No","No","No","No","No","No","No","No",,"Yes","No",,,,,,,,,,,,
"76-21-46-00","Yes","Yes","Yes","Yes","No",,,,,,,,,,,,,"No","No",,,,,,,,,,,,
"63-02-11-31","Yes","Yes","No","No","No",,,,,,,,,,,,,"No","No",,,,,,,,,,,,
"45-95-07-81","No","No","No","No","No",,,,,,,,,,,,,"No","No",,,,,,,,,,,,
"15-84-79-29","No","No","No","No","No",,,,,,,,,,,,,"Yes","No",,,,,,,,,,,,
"52-10-39-37","No","No","No","No","No",,,,,,,,,,,,,"No","No",,,,,,,,,,,,
"57-47-06-86","No","No","No","No","No",,,,,,,,,,,,,"No","No",,,,,,,,,,,,
"70-03-65-67","No","No","No","No","No",,,,,,,,,,,,,"No","No",,,,,,,,,,,,
"48-58-26-00","No","No","No","No","No",,,,,,,,,,,,,"Yes","No",,,,,,,,,,,,
"48-53-15-07","No","No","No","No","No",,,,,,,,,,,,,"No","No",,,,,,,,,,,,
"44-97-24-07","Yes","Yes","No","Yes","Yes",500,"Yes","No","No","No","No","No","Yes","No","No","No",,"Yes","No",,,,,,,,,,,,
"63-58-57-56","No","No","No","No","No",,,,,,,,,,,,,"Yes","No",,,,,,,,,,,,
"50-43-62-27","No","No","No","No","No",,,,,,,,,,,,,"No","No",,,,,,,,,,,,
"80-45-95-05","No","No","No","No","No",,,,,,,,,,,,,"No","No",,,,,,,,,,,,
"63-29-07-40","No","No","No","No","No",,,,,,,,,,,,,"No","No",,,,,,,,,,,,
"54-48-29-18","No","No","No","No","No",,,,,,,,,,,,,"No","No",,,,,,,,,,,,
"50-16-00-20","No","No","No","No","No",,,,,,,,,,,,,"No","No",,,,,,,,,,,,
"45-36-57-50","No","No","No","No","No",,,,,,,,,,,,,"Yes","No",,,,,,,,,,,,
"49-75-44-53","No","No","No","No","No",,,,,,,,,,,,,"Yes","No",,,,,,,,,,,,
"35-67-10-08","No","No","No","No","No",,,,,,,,,,,,,"No","No",,,,,,,,,,,,
"12-79-91-83","No","No","No","No","No",,,,,,,,,,,,,"No","No",,,,,,,,,,,,
"19-90-00-01","No","No","No","No","No",,,,,,,,,,,,,"Yes","No",,,,,,,,,,,,
"29-86-40-08","No","No","Yes","Yes","Yes",2500,"No","No","No","No","No","No","No","Yes","No","No",,"Yes","No",,,,,,,,,,,,
"10-69-61-22","No","No","No","No","No",,,,,,,,,,,,,"Yes","No",,,,,,,,,,,,
"73-57-30-20","No","No","No","No","No",,,,,,,,,,,,,"Yes","No",,,,,,,,,,,,
"98-91-04-48","No","No","Yes","No","No",,,,,,,,,,,,,"Yes","No",,,,,,,,,,,,
"74-01-41-82","No","No","No","No","No",,,,,,,,,,,,,"Yes","No",,,,,,,,,,,,
"30-00-59-90","No","No","No","No","No",,,,,,,,,,,,,"Yes","No",,,,,,,,,,,,
"66-77-39-39","No","Yes","No","No","No",,,,,,,,,,,,,"No","No",,,,,,,,,,,,
"35-78-11-70","No","No","No","No","No",,,,,,,,,,,,,"Yes","No",,,,,,,,,,,,
"75-25-98-04","No","No","No","No","No",,,,,,,,,,,,,"No","No",,,,,,,,,,,,
"09-00-12-98","Yes","Yes","Yes","No","No",,,,,,,,,,,,,"Yes","No",,,,,,,,,,,,
"13-38-59-03","No","Yes","No","No","No",,,,,,,,,,,,,"Yes","No",,,,,,,,,,,,
"26-77-14-31","Yes","Yes","Yes","No","No",,,,,,,,,,,,,"Yes","No",,,,,,,,,,,,
"04-52-21-75","Yes","Yes","Yes","No","No",,,,,,,,,,,,,"Yes","No",,,,,,,,,,,,
"49-10-89-14","Yes","Yes","No","No","No",,,,,,,,,,,,,"Yes","No",,,,,,,,,,,,
"15-13-85-83","No","No","Yes","No","No",,,,,,,,,,,,,"Yes","No",,,,,,,,,,,,
"81-99-34-25","No","No","No","No","No",,,,,,,,,,,,,"No","No",,,,,,,,,,,,
"96-35-08-20","Yes","No","Yes","No","No",,,,,,,,,,,,,"Yes","No",,,,,,,,,,,,
"78-02-12-77","Yes","Yes","Yes","No","No",,,,,,,,,,,,,"Yes","No",,,,,,,,,,,,
"66-37-18-93","No","Yes","Yes","No","No",,,,,,,,,,,,,"Yes","No",,,,,,,,,,,,
"77-89-79-33","Yes","Yes","Yes","Yes","No",,,,,,,,,,,,,"Yes","Yes","No","No","No","No","No","No","No","No","No","No","No","Yes"
"09-97-47-73","Yes","Yes","Yes","Yes","No",,,,,,,,,,,,,"No","No",,,,,,,,,,,,
"62-45-31-86","No","No","No","No","No",,,,,,,,,,,,,"No","No",,,,,,,,,,,,
"96-13-78-99","No","No","No","No","No",,,,,,,,,,,,,"Yes","No",,,,,,,,,,,,
"25-35-15-07","No","No","No","No","No",,,,,,,,,,,,,"No","No",,,,,,,,,,,,
"10-80-25-79","No","No","No","No","No",,,,,,,,,,,,,"Yes","No",,,,,,,,,,,,
"46-89-14-96","No","No","No","No","No",,,,,,,,,,,,,"No","No",,,,,,,,,,,,
"80-24-04-77","No","No","No","No","No",,,,,,,,,,,,,"No","No",,,,,,,,,,,,
"26-82-89-21","No","No","No","No","No",,,,,,,,,,,,,"Yes","No",,,,,,,,,,,,
"22-43-50-27","No","Yes","No","No","No",,,,,,,,,,,,,"No","No",,,,,,,,,,,,
"41-41-55-55","No","No","No","No","No",,,,,,,,,,,,,"No","No",,,,,,,,,,,,
"26-69-32-41","No","No","No","No","No",,,,,,,,,,,,,"Yes","No",,,,,,,,,,,,
"68-81-12-32","No","No","No","No","No",,,,,,,,,,,,,"Yes","No",,,,,,,,,,,,
"46-49-14-82","No","No","No","No","No",,,,,,,,,,,,,"Yes","No",,,,,,,,,,,,
"92-16-89-27","Yes","Yes","No","No","No",,,,,,,,,,,,,"No","No",,,,,,,,,,,,
"01-28-41-84","Yes","Yes","No","No","No",,,,,,,,,,,,,"No","No",,,,,,,,,,,,
"23-46-40-42","Yes","Yes","Yes","Yes","No",,,,,,,,,,,,,"Yes","No",,,,,,,,,,,,
"93-71-36-41","No","No","Yes","Yes","Yes",1000,"Yes","No","Yes","No","No","No","No","No","No","No",,"Yes","No",,,,,,,,,,,,
"07-56-93-09","No","No","No","No","No",,,,,,,,,,,,,"Yes","No",,,,,,,,,,,,
"40-07-12-46","Yes","Yes","Yes","Yes","No",,,,,,,,,,,,,"Yes","Yes","No","No","No","No","No","No","Yes","No","No","No","No","No"
"68-88-48-96","No","No","Yes","No","No",,,,,,,,,,,,,"Yes","No",,,,,,,,,,,,
"86-70-18-69","No","No","Yes","Yes","No",,,,,,,,,,,,,"Yes","No",,,,,,,,,,,,
"82-09-53-31","Yes","Yes","No","No","No",,,,,,,,,,,,,"No","No",,,,,,,,,,,,
"10-84-11-85","No","No","No","No","No",,,,,,,,,,,,,"No","No",,,,,,,,,,,,
"93-36-47-93","No","No","No","No","No",,,,,,,,,,,,,"No","No",,,,,,,,,,,,
"40-02-31-47","No","No","No","No","No",,,,,,,,,,,,,"Yes","No",,,,,,,,,,,,
"35-25-14-79","No","No","No","No","No",,,,,,,,,,,,,"No","No",,,,,,,,,,,,
"96-32-88-00","Yes","Yes","Yes","No","No",,,,,,,,,,,,,"Yes","No",,,,,,,,,,,,
"30-07-79-13","No","No","No","No","No",,,,,,,,,,,,,"No","No",,,,,,,,,,,,
"05-61-96-62","No","No","Yes","Yes","No",,,,,,,,,,,,,"Yes","No",,,,,,,,,,,,
"37-32-16-74","No","No","No","No","No",,,,,,,,,,,,,"No","No",,,,,,,,,,,,
"06-96-64-70","Yes","No","Yes","No","No",,,,,,,,,,,,,"Yes","No",,,,,,,,,,,,
"74-21-41-84","No","No","No","No","No",,,,,,,,,,,,,"No","No",,,,,,,,,,,,
"82-96-41-85","No","No","Yes","Yes","Yes",1500,"Yes","Yes","No","No","No","No","No","Yes","No","No",,"Yes","No",,,,,,,,,,,,
"58-44-33-27","No","No","No","No","No",,,,,,,,,,,,,"No","No",,,,,,,,,,,,
"88-25-56-87","Yes","Yes","No","No","No",,,,,,,,,,,,,"No","No",,,,,,,,,,,,
"86-98-25-96","Yes","Yes","No","No","No",,,,,,,,,,,,,"Yes","No",,,,,,,,,,,,
"09-54-26-75","No","No","No","No","No",,,,,,,,,,,,,"No","No",,,,,,,,,,,,
"41-61-78-73","No","No","No","No","No",,,,,,,,,,,,,"No","No",,,,,,,,,,,,
"90-86-53-30","No","No","No","No","No",,,,,,,,,,,,,"No","No",,,,,,,,,,,,
"16-75-57-30","No","No","No","No","No",,,,,,,,,,,,,"No","No",,,,,,,,,,,,
"60-19-22-98","No","No","No","No","No",,,,,,,,,,,,,"No","No",,,,,,,,,,,,
"97-29-58-98","No","No","No","No","No",,,,,,,,,,,,,"Yes","No",,,,,,,,,,,,
"51-48-94-50","Yes","Yes","Yes","Yes","Yes",20000,"Yes","No","Yes","No","No","No","No","No","No","No",,"Yes","No",,,,,,,,,,,,
"97-20-59-08","Yes","Yes","Yes","Yes","Yes",1000,"Yes","No","No","No","No","No","Yes","Yes","No","No",,"Yes","No",,,,,,,,,,,,
"21-43-02-41","No","No","No","No","No",,,,,,,,,,,,,"No","No",,,,,,,,,,,,
"82-77-24-98","Yes","Yes","Yes","No","No",,,,,,,,,,,,,"Yes","No",,,,,,,,,,,,
"68-99-96-16","Yes","Yes","No","No","No",,,,,,,,,,,,,"Yes","No",,,,,,,,,,,,
"47-95-59-62","No","No","No","No","No",,,,,,,,,,,,,"No","No",,,,,,,,,,,,
"86-57-96-89","No","No","No","No","No",,,,,,,,,,,,,"No","No",,,,,,,,,,,,
"68-47-81-44","Yes","Yes","No","No","No",,,,,,,,,,,,,"No","No",,,,,,,,,,,,
"36-96-75-03","No","Yes","No","No","No",,,,,,,,,,,,,"No","No",,,,,,,,,,,,
"08-94-02-07","Yes","Yes","Yes","Yes","No",,,,,,,,,,,,,"No","No",,,,,,,,,,,,
"37-79-35-25","No","No","No","No","No",,,,,,,,,,,,,"No","No",,,,,,,,,,,,
"71-65-92-38","No","No","No","No","No",,,,,,,,,,,,,"No","No",,,,,,,,,,,,
"64-78-16-16","No","No","No","No","No",,,,,,,,,,,,,"Yes","No",,,,,,,,,,,,
"21-44-80-94","No","No","No","No","No",,,,,,,,,,,,,"No","No",,,,,,,,,,,,
"09-64-46-58","Yes","Yes","Yes","Yes","No",,,,,,,,,,,,,"Yes","Yes","No","No","No","No","No","No","Yes","No","No","No","No","No"
"59-85-28-37","No","No","No","No","No",,,,,,,,,,,,,"No","No",,,,,,,,,,,,
"59-86-17-42","No","No","No","No","No",,,,,,,,,,,,,"No","No",,,,,,,,,,,,
"19-38-28-96","Yes","Yes","No","No","No",,,,,,,,,,,,,"No","No",,,,,,,,,,,,
"15-65-55-76","No","No","No","No","No",,,,,,,,,,,,,"Yes","No",,,,,,,,,,,,
"06-65-59-46","No","Yes","No","No","No",,,,,,,,,,,,,"No","No",,,,,,,,,,,,
"31-55-25-17","No","No","No","No","No",,,,,,,,,,,,,"No","No",,,,,,,,,,,,
"46-83-77-72","No","No","No","No","No",,,,,,,,,,,,,"No","No",,,,,,,,,,,,
"13-16-83-24","Yes","Yes","No","No","No",,,,,,,,,,,,,"No","No",,,,,,,,,,,,
"55-65-07-83","No","No","Yes","No","No",,,,,,,,,,,,,"Yes","No",,,,,,,,,,,,
"19-58-06-14","No","No","No","No","No",,,,,,,,,,,,,"No","No",,,,,,,,,,,,
"07-67-77-44","No","Yes","No","No","No",,,,,,,,,,,,,"No","No",,,,,,,,,,,,
"30-73-95-73","No","No","No","No","No",,,,,,,,,,,,,"Yes","Yes","No","No","No","No","No","No","Yes","No","No","No","No","No"
"81-01-27-26","No","No","No","No","No",,,,,,,,,,,,,"No","No",,,,,,,,,,,,
"29-63-05-43","Yes","Yes","No","No","No",,,,,,,,,,,,,"Yes","No",,,,,,,,,,,,
"69-97-70-98","No","No","No","No","No",,,,,,,,,,,,,"No","No",,,,,,,,,,,,
"15-06-78-78","No","No","Yes","No","Yes",1000,"No","No","No","No","No","No","No","Yes","No","No",,"No","No",,,,,,,,,,,,
"09-89-86-48","No","Yes","No","No","No",,,,,,,,,,,,,"No","No",,,,,,,,,,,,
"66-77-69-23","No","No","No","No","No",,,,,,,,,,,,,"No","No",,,,,,,,,,,,
"34-54-53-25","No","No","No","No","No",,,,,,,,,,,,,"No","No",,,,,,,,,,,,
"54-15-04-81","Yes","Yes","Yes","Yes","Yes",20000,"Yes","No","No","No","No","No","No","No","No","No",,"Yes","No",,,,,,,,,,,,
"30-29-61-21","No","No","No","No","No",,,,,,,,,,,,,"No","No",,,,,,,,,,,,
"32-65-13-57","No","Yes","No","No","No",,,,,,,,,,,,,"Yes","No",,,,,,,,,,,,
"64-69-72-73","No","No","No","No","No",,,,,,,,,,,,,"No","No",,,,,,,,,,,,
"25-20-08-58","No","No","No","No","No",,,,,,,,,,,,,"No","No",,,,,,,,,,,,
"12-04-44-96","No","No","Yes","No","No",,,,,,,,,,,,,"Yes","No",,,,,,,,,,,,
"97-37-09-60","No","Yes","No","No","No",,,,,,,,,,,,,"Yes","No",,,,,,,,,,,,
"26-04-59-05","Yes","Yes","Yes","No","No",,,,,,,,,,,,,"No","No",,,,,,,,,,,,
"98-27-33-85","Yes","No","Yes","No","No",,,,,,,,,,,,,"Yes","No",,,,,,,,,,,,
"65-84-88-76","No","No","No","No","No",,,,,,,,,,,,,"No","No",,,,,,,,,,,,
"88-58-36-62","No","No","No","No","No",,,,,,,,,,,,,"Yes","No",,,,,,,,,,,,
"68-07-50-59","Yes","Yes","Yes","Yes","No",,,,,,,,,,,,,"Yes","Yes","No","No","No","No","No","No","Yes","No","No","No","No","No"
"69-15-02-37","No","No","Yes","Yes","Yes",5000,"No","No","No","No","No","No","No","Yes","No","No",,"Yes","No",,,,,,,,,,,,
"02-78-83-36","No","No","No","No","No",,,,,,,,,,,,,"No","No",,,,,,,,,,,,
"97-59-33-64","No","No","Yes","No","No",,,,,,,,,,,,,"Yes","No",,,,,,,,,,,,
"62-96-19-75","No","Yes","No","Yes","No",,,,,,,,,,,,,"Yes","No",,,,,,,,,,,,
"73-91-22-23","No","No","No","No","No",,,,,,,,,,,,,"No","No",,,,,,,,,,,,
"20-05-42-35","No","No","No","No","No",,,,,,,,,,,,,"No","No",,,,,,,,,,,,
"41-87-52-98","No","No","No","No","No",,,,,,,,,,,,,"No","No",,,,,,,,,,,,
"69-31-43-37","No","No","No","No","No",,,,,,,,,,,,,"No","No",,,,,,,,,,,,
"53-00-97-20","No","No","No","No","No",,,,,,,,,,,,,"No","No",,,,,,,,,,,,
"33-41-86-29","No","No","No","No","No",,,,,,,,,,,,,"Yes","No",,,,,,,,,,,,
"32-86-73-25","No","No","Yes","No","No",,,,,,,,,,,,,"Yes","No",,,,,,,,,,,,
"72-97-03-54","No","No","No","No","No",,,,,,,,,,,,,"No","No",,,,,,,,,,,,
"15-89-37-89","No","No","Yes","No","No",,,,,,,,,,,,,"Yes","No",,,,,,,,,,,,
"12-79-12-74","No","No","Yes","Yes","No",,,,,,,,,,,,,"No","No",,,,,,,,,,,,
"84-49-36-60","No","Yes","No","No","No",,,,,,,,,,,,,"Yes","No",,,,,,,,,,,,
"50-30-24-70","No","No","No","No","No",,,,,,,,,,,,,"Yes","No",,,,,,,,,,,,
"73-01-79-27","Yes","No","Yes","No","No",,,,,,,,,,,,,"Yes","No",,,,,,,,,,,,
"61-70-56-76","No","Yes","Yes","Yes","No",,,,,,,,,,,,,"Yes","No",,,,,,,,,,,,
"02-74-92-32","No","No","No","No","No",,,,,,,,,,,,,"Yes","No",,,,,,,,,,,,
"69-39-88-08","Yes","No","No","No","No",,,,,,,,,,,,,"No","No",,,,,,,,,,,,
"97-74-84-66","Yes","Yes","No","No","No",,,,,,,,,,,,,"No","No",,,,,,,,,,,,
"15-82-53-55","No","Yes","No","No","No",,,,,,,,,,,,,"No","No",,,,,,,,,,,,
"46-71-69-87","Yes","Yes","Yes","No","No",,,,,,,,,,,,,"Yes","No",,,,,,,,,,,,
"05-64-42-77","No","No","No","No","No",,,,,,,,,,,,,"No","No",,,,,,,,,,,,
"65-63-71-66","No","Yes","No","Yes","No",,,,,,,,,,,,,"Yes","No",,,,,,,,,,,,
"15-51-80-47","No","No","No","No","No",,,,,,,,,,,,,"No","No",,,,,,,,,,,,
"32-74-61-81","No","No","No","No","No",,,,,,,,,,,,,"Yes","No",,,,,,,,,,,,
"36-59-31-86","No","No","Yes","No","No",,,,,,,,,,,,,"Yes","No",,,,,,,,,,,,
"73-83-46-14","No","Yes","No","No","No",,,,,,,,,,,,,"No","No",,,,,,,,,,,,
"07-04-05-10","No","No","No","No","No",,,,,,,,,,,,,"Yes","No",,,,,,,,,,,,
"99-97-90-90","Yes","Yes","Yes","No","Yes",800,"Yes","No","No","No","No","No","No","No","No","No",,"Yes","No",,,,,,,,,,,,
"53-39-03-44","No","No","Yes","No","No",,,,,,,,,,,,,"Yes","No",,,,,,,,,,,,
"85-50-39-09","Yes","No","No","No","No",,,,,,,,,,,,,"Yes","No",,,,,,,,,,,,
"46-32-17-36","No","No","No","No","No",,,,,,,,,,,,,"No","No",,,,,,,,,,,,
"85-98-37-69","No","No","No","No","No",,,,,,,,,,,,,"No","No",,,,,,,,,,,,
"65-26-91-15","No","No","Yes","No","No",,,,,,,,,,,,,"Yes","No",,,,,,,,,,,,
"65-45-62-39","No","No","Yes","No","No",,,,,,,,,,,,,"Yes","No",,,,,,,,,,,,
"47-59-10-25","Yes","Yes","No","No","No",,,,,,,,,,,,,"No","No",,,,,,,,,,,,
"03-90-73-99","No","No","No","No","No",,,,,,,,,,,,,"Yes","No",,,,,,,,,,,,
"43-25-90-61","No","No","No","No","No",,,,,,,,,,,,,"Yes","No",,,,,,,,,,,,
"49-70-00-09","Yes","Yes","Yes","No","No",,,,,,,,,,,,,"Yes","Yes","No","No","No","No","No","No","No","No","No","Yes","No","No"
"06-94-49-47","No","No","Yes","No","Yes",6000,"Yes","No","No","No","No","No","No","No","No","No",,"Yes","Yes","No","No","No","No","No","No","Yes","No","No","No","No","No"
"19-04-54-37","Yes","No","No","No","No",,,,,,,,,,,,,"Yes","No",,,,,,,,,,,,
"59-57-12-16","No","No","Yes","No","No",,,,,,,,,,,,,"Yes","No",,,,,,,,,,,,
"49-28-72-36","Yes","Yes","Yes","Yes","No",,,,,,,,,,,,,"No","Yes","No","Yes","Yes","Yes","No","No","Yes","No","Yes","No","Yes","No"
"93-14-44-32","No","No","No","No","No",,,,,,,,,,,,,"Yes","No",,,,,,,,,,,,
"51-90-88-91","Yes","Yes","No","No","No",,,,,,,,,,,,,"No","No",,,,,,,,,,,,
"12-47-74-84","No","No","No","No","No",,,,,,,,,,,,,"No","No",,,,,,,,,,,,
"66-45-27-28","No","No","No","No","No",,,,,,,,,,,,,"No","No",,,,,,,,,,,,
"61-66-59-51","Yes","Yes","No","No","No",,,,,,,,,,,,,"No","No",,,,,,,,,,,,
"78-64-43-02","No","No","No","No","No",,,,,,,,,,,,,"No","No",,,,,,,,,,,,
"09-79-38-80","No","No","No","No","No",,,,,,,,,,,,,"No","No",,,,,,,,,,,,
"03-23-67-97","Yes","Yes","Yes","No","No",,,,,,,,,,,,,"Yes","No",,,,,,,,,,,,
"84-81-25-13","No","No","Yes","No","No",,,,,,,,,,,,,"Yes","No",,,,,,,,,,,,
"01-19-86-40","No","No","No","No","No",,,,,,,,,,,,,"No","No",,,,,,,,,,,,
"69-16-25-63","No","No","No","No","No",,,,,,,,,,,,,"Yes","No",,,,,,,,,,,,
"58-95-91-31","No","No","No","No","No",,,,,,,,,,,,,"No","No",,,,,,,,,,,,
"11-58-78-70","No","No","No","No","No",,,,,,,,,,,,,"Yes","No",,,,,,,,,,,,
"41-24-59-26","No","No","Yes","No","No",,,,,,,,,,,,,"Yes","No",,,,,,,,,,,,
"98-97-38-21","No","No","No","No","No",,,,,,,,,,,,,"No","No",,,,,,,,,,,,
"92-08-97-62","No","No","No","No","No",,,,,,,,,,,,,"Yes","No",,,,,,,,,,,,
"59-21-82-77","Yes","Yes","No","No","No",,,,,,,,,,,,,"No","No",,,,,,,,,,,,
"80-20-31-51","No","No","No","No","No",,,,,,,,,,,,,"No","No",,,,,,,,,,,,
"33-11-85-60","No","Yes","Yes","No","No",,,,,,,,,,,,,"Yes","No",,,,,,,,,,,,
"06-48-61-69","No","No","No","No","No",,,,,,,,,,,,,"Yes","No",,,,,,,,,,,,
"12-93-60-92","No","No","No","No","No",,,,,,,,,,,,,"No","No",,,,,,,,,,,,
"11-11-55-95","No","No","No","No","No",,,,,,,,,,,,,"Yes","No",,,,,,,,,,,,
"82-15-11-19","Yes","Yes","No","No","No",,,,,,,,,,,,,"No","No",,,,,,,,,,,,
"95-73-95-89","No","No","No","No","No",,,,,,,,,,,,,"Yes","No",,,,,,,,,,,,
"02-47-29-85","No","No","Yes","No","No",,,,,,,,,,,,,"Yes","No",,,,,,,,,,,,
"91-34-05-43","No","Yes","No","No","No",,,,,,,,,,,,,"No","No",,,,,,,,,,,,
"29-34-28-44","No","No","No","No","No",,,,,,,,,,,,,"No","No",,,,,,,,,,,,
"54-07-56-18","Yes","Yes","No","Yes","No",,,,,,,,,,,,,"Yes","No",,,,,,,,,,,,
"02-67-98-73","No","No","No","No","No",,,,,,,,,,,,,"Yes","No",,,,,,,,,,,,
"89-44-00-22","Yes","Yes","Yes","No","No",,,,,,,,,,,,,"No","No",,,,,,,,,,,,
"25-47-42-18","No","No","No","No","No",,,,,,,,,,,,,"Yes","No",,,,,,,,,,,,
"92-95-45-69","No","No","No","No","No",,,,,,,,,,,,,"Yes","No",,,,,,,,,,,,
"25-17-75-96","Yes","Yes","Yes","Yes","No",,,,,,,,,,,,,"No","No",,,,,,,,,,,,
"08-10-28-09","No","No","Yes","No","No",,,,,,,,,,,,,"Yes","No",,,,,,,,,,,,
"63-11-66-98","No","No","Yes","Yes","No",,,,,,,,,,,,,"Yes","No",,,,,,,,,,,,
"90-89-89-25","Yes","Yes","No","No","No",,,,,,,,,,,,,"Yes","Yes","No","No","No","No","No","Yes","No","No","No","No","No","No"
"01-16-33-75","No","No","No","No","No",,,,,,,,,,,,,"Yes","No",,,,,,,,,,,,
"37-73-98-41","No","No","No","No","No",,,,,,,,,,,,,"Yes","No",,,,,,,,,,,,
"48-88-82-47","No","No","No","No","No",,,,,,,,,,,,,"Yes","No",,,,,,,,,,,,
"44-96-14-86","No","No","Yes","Yes","Yes",114000,"No","Yes","No","No","No","No","No","No","No","No",,"Yes","No",,,,,,,,,,,,
"47-83-83-86","Yes","Yes","Yes","Yes","No",,,,,,,,,,,,,"Yes","No",,,,,,,,,,,,
"79-40-96-41","Yes","Yes","Yes","No","No",,,,,,,,,,,,,"Yes","No",,,,,,,,,,,,
"60-73-28-03","No","No","No","No","No",,,,,,,,,,,,,"No","No",,,,,,,,,,,,
"79-90-62-68","Yes","Yes","Yes","No","No",,,,,,,,,,,,,"Yes","No",,,,,,,,,,,,
"67-12-09-24","No","Yes","No","No","No",,,,,,,,,,,,,"No","No",,,,,,,,,,,,
"63-23-35-27","Yes","Yes","No","No","No",,,,,,,,,,,,,"No","No",,,,,,,,,,,,
"04-92-66-81","No","No","No","No","No",,,,,,,,,,,,,"No","No",,,,,,,,,,,,
"93-87-16-02","Yes","Yes","No","No","No",,,,,,,,,,,,,"Yes","No",,,,,,,,,,,,
"65-31-14-31","Yes","Yes","Yes","Yes","No",,,,,,,,,,,,,"No","No",,,,,,,,,,,,
"19-27-66-46","Yes","Yes","Yes","No","No",,,,,,,,,,,,,"Yes","No",,,,,,,,,,,,
"08-44-37-94","No","Yes","No","No","No",,,,,,,,,,,,,"Yes","No",,,,,,,,,,,,
"71-04-48-02","No","Yes","No","No","No",,,,,,,,,,,,,"Yes","Yes","No","No","No","No","No","Yes","Yes","No","No","No","No","No"
"24-04-95-50","Yes","Yes","Yes","No","No",,,,,,,,,,,,,"Yes","No",,,,,,,,,,,,
"27-66-11-12","No","No","No","No","No",,,,,,,,,,,,,"No","No",,,,,,,,,,,,
"11-10-12-08","No","No","No","No","No",,,,,,,,,,,,,"Yes","No",,,,,,,,,,,,
"10-98-84-98","Yes","Yes","No","No","No",,,,,,,,,,,,,"No","No",,,,,,,,,,,,
"97-63-71-09","No","Yes","No","No","No",,,,,,,,,,,,,"No","No",,,,,,,,,,,,
"11-29-74-23","No","No","Yes","Yes","No",,,,,,,,,,,,,"Yes","No",,,,,,,,,,,,
"59-89-68-30","Yes","Yes","Yes","Yes","Yes",2000,"Yes","No","No","No","No","No","No","No","No","No",,"Yes","Yes","No","No","No","Yes","Yes","Yes","Yes","No","No","No","Yes","No"
"22-38-73-99","No","No","No","No","No",,,,,,,,,,,,,"Yes","No",,,,,,,,,,,,
"81-45-95-70","No","No","No","No","No",,,,,,,,,,,,,"Yes","No",,,,,,,,,,,,
"16-03-96-06","No","No","No","No","No",,,,,,,,,,,,,"No","No",,,,,,,,,,,,
"81-14-42-85","No","Yes","No","No","No",,,,,,,,,,,,,"No","No",,,,,,,,,,,,
"22-88-97-60","No","No","Yes","No","No",,,,,,,,,,,,,"Yes","No",,,,,,,,,,,,
"47-75-71-27","No","Yes","Yes","Yes","Yes",1500,"No","No","No","No","No","No","No","Yes","No","Yes",,"Yes","No",,,,,,,,,,,,
"10-39-00-99","No","No","No","No","No",,,,,,,,,,,,,"Yes","No",,,,,,,,,,,,
"96-06-62-42","No","No","No","No","No",,,,,,,,,,,,,"No","No",,,,,,,,,,,,
"11-59-44-40","No","No","No","No","No",,,,,,,,,,,,,"No","No",,,,,,,,,,,,
"27-51-81-61","No","No","No","No","No",,,,,,,,,,,,,"No","No",,,,,,,,,,,,
"44-37-52-83","No","No","No","No","No",,,,,,,,,,,,,"No","No",,,,,,,,,,,,
"45-92-75-89","No","No","Yes","No","No",,,,,,,,,,,,,"Yes","No",,,,,,,,,,,,
"85-71-09-15","No","No","No","No","No",,,,,,,,,,,,,"No","No",,,,,,,,,,,,
"64-51-39-39","Yes","Yes","Yes","Yes","No",,,,,,,,,,,,,"Yes","No",,,,,,,,,,,,
"36-28-42-39","No","Yes","Yes","No","No",,,,,,,,,,,,,"Yes","No",,,,,,,,,,,,
"95-09-61-15","Yes","Yes","No","Yes","No",,,,,,,,,,,,,"Yes","Yes","No","No","No","No","No","No","Yes","No","No","No","No","No"
"86-63-74-80","Yes","Yes","No","No","No",,,,,,,,,,,,,"No","No",,,,,,,,,,,,
"67-27-36-61","Yes","Yes","No","No","No",,,,,,,,,,,,,"No","No",,,,,,,,,,,,
"08-84-33-33","No","No","No","No","No",,,,,,,,,,,,,"No","No",,,,,,,,,,,,
"07-50-91-84","No","No","No","No","No",,,,,,,,,,,,,"No","No",,,,,,,,,,,,
"87-71-97-91","No","No","No","No","No",,,,,,,,,,,,,"No","No",,,,,,,,,,,,
"72-05-40-32","No","No","No","No","No",,,,,,,,,,,,,"No","No",,,,,,,,,,,,
"87-43-28-28","No","No","No","No","No",,,,,,,,,,,,,"No","No",,,,,,,,,,,,
"02-59-28-55","No","No","No","No","No",,,,,,,,,,,,,"Yes","No",,,,,,,,,,,,
"41-71-16-88","No","No","No","No","No",,,,,,,,,,,,,"Yes","No",,,,,,,,,,,,
"91-57-08-43","No","No","No","No","No",,,,,,,,,,,,,"No","No",,,,,,,,,,,,
"63-99-85-70","No","No","No","No","No",,,,,,,,,,,,,"No","No",,,,,,,,,,,,
"65-43-78-90","No","Yes","No","No","No",,,,,,,,,,,,,"Yes","No",,,,,,,,,,,,
"37-38-94-21","No","No","No","No","No",,,,,,,,,,,,,"Yes","No",,,,,,,,,,,,
"77-42-43-43","Yes","Yes","No","No","No",,,,,,,,,,,,,"No","No",,,,,,,,,,,,
"68-60-50-68","No","No","No","No","No",,,,,,,,,,,,,"No","No",,,,,,,,,,,,
"46-89-69-47","Yes","Yes","Yes","Yes","Yes",5000,"No","Yes","Yes","No","No","No","No","No","No","No",,"Yes","Yes","No","No","No","Yes","No","No","No","No","No","No","No","No"
"46-72-66-83","No","No","No","No","No",,,,,,,,,,,,,"No","No",,,,,,,,,,,,
"25-02-52-66","Yes","Yes","No","No","No",,,,,,,,,,,,,"Yes","No",,,,,,,,,,,,
"55-56-28-22","No","No","No","No","No",,,,,,,,,,,,,"No","No",,,,,,,,,,,,
"99-17-74-11","No","No","No","No","No",,,,,,,,,,,,,"Yes","No",,,,,,,,,,,,
"46-53-61-02","No","Yes","Yes","Yes","Yes",800,"No","No","Yes","No","No","No","No","No","No","No",,"Yes","Yes","No","No","No","Yes","No","No","No","No","No","No","No","No"
"10-77-75-51","Yes","Yes","No","No","No",,,,,,,,,,,,,"Yes","No",,,,,,,,,,,,
"71-70-88-23","No","Yes","No","No","No",,,,,,,,,,,,,"Yes","No",,,,,,,,,,,,
"50-33-80-84","No","No","No","No","No",,,,,,,,,,,,,"Yes","No",,,,,,,,,,,,
"21-95-76-65","No","No","No","No","No",,,,,,,,,,,,,"No","No",,,,,,,,,,,,
"91-60-65-39","No","No","No","No","No",,,,,,,,,,,,,"Yes","No",,,,,,,,,,,,
"42-15-16-06","No","No","No","No","No",,,,,,,,,,,,,"No","No",,,,,,,,,,,,
"00-11-52-27","No","No","No","No","No",,,,,,,,,,,,,"No","No",,,,,,,,,,,,
"87-56-56-81","Yes","Yes","No","No","No",,,,,,,,,,,,,"Yes","No",,,,,,,,,,,,
"81-79-89-86","Yes","Yes","No","No","No",,,,,,,,,,,,,"No","No",,,,,,,,,,,,
"10-18-23-80","No","No","No","No","No",,,,,,,,,,,,,"Yes","No",,,,,,,,,,,,
"65-08-75-81","No","No","No","No","No",,,,,,,,,,,,,"No","No",,,,,,,,,,,,
"71-59-52-11","No","No","No","No","No",,,,,,,,,,,,,"No","No",,,,,,,,,,,,
"31-09-36-85","No","No","No","No","No",,,,,,,,,,,,,"No","No",,,,,,,,,,,,
"29-04-00-40","No","No","No","No","No",,,,,,,,,,,,,"No","No",,,,,,,,,,,,
"72-18-38-35","No","No","No","No","No",,,,,,,,,,,,,"Yes","No",,,,,,,,,,,,
"83-34-07-73","No","No","No","No","No",,,,,,,,,,,,,"No","No",,,,,,,,,,,,
"70-36-24-93","No","No","No","No","No",,,,,,,,,,,,,"No","No",,,,,,,,,,,,
"64-46-73-61","No","No","No","No","No",,,,,,,,,,,,,"No","No",,,,,,,,,,,,
"13-37-47-48","Yes","Yes","No","Yes","Yes",500,"Yes","No","No","No","No","No","No","No","No","No",,"Yes","Yes","No","No","Yes","No","No","No","No","No","No","No","No","No"
"22-02-49-30","No","Yes","No","No","No",,,,,,,,,,,,,"No","No",,,,,,,,,,,,
"97-28-37-38","No","No","No","No","No",,,,,,,,,,,,,"No","No",,,,,,,,,,,,
"04-02-73-28","No","No","Yes","No","No",,,,,,,,,,,,,"Yes","Yes","No","No","No","No","No","Yes","No","No","No","No","No","No"
"57-09-51-71","No","No","No","No","No",,,,,,,,,,,,,"Yes","No",,,,,,,,,,,,
"45-10-68-85","No","No","No","No","No",,,,,,,,,,,,,"No","No",,,,,,,,,,,,
"72-72-49-77","No","No","No","No","No",,,,,,,,,,,,,"Yes","No",,,,,,,,,,,,
"61-58-42-30","Yes","Yes","Yes","No","No",,,,,,,,,,,,,"Yes","No",,,,,,,,,,,,
"46-76-02-18","No","No","No","No","No",,,,,,,,,,,,,"Yes","No",,,,,,,,,,,,
"32-71-82-87","No","No","No","No","No",,,,,,,,,,,,,"Yes","No",,,,,,,,,,,,
"51-19-72-02","No","No","No","Yes","No",,,,,,,,,,,,,"Yes","Yes","No","No","No","No","Yes","No","No","No","No","No","No","No"
"98-92-34-42","No","No","No","No","No",,,,,,,,,,,,,"No","No",,,,,,,,,,,,
"49-20-15-79","No","No","No","No","No",,,,,,,,,,,,,"No","No",,,,,,,,,,,,
"19-17-82-94","No","No","No","No","No",,,,,,,,,,,,,"No","No",,,,,,,,,,,,
"26-53-83-57","No","No","No","No","No",,,,,,,,,,,,,"No","No",,,,,,,,,,,,
"35-77-55-36","Yes","Yes","No","No","No",,,,,,,,,,,,,"Yes","No",,,,,,,,,,,,
"60-19-93-23","No","No","No","No","Yes",10000,"Yes","No","No","No","No","No","No","No","No","No",,"Yes","No",,,,,,,,,,,,
"98-71-23-55","No","No","No","No","No",,,,,,,,,,,,,"No","No",,,,,,,,,,,,
"88-09-79-89","No","No","No","No","No",,,,,,,,,,,,,"Yes","No",,,,,,,,,,,,
"17-30-57-13","No","No","No","No","No",,,,,,,,,,,,,"No","No",,,,,,,,,,,,
"34-24-20-27","No","No","No","No","No",,,,,,,,,,,,,"No","No",,,,,,,,,,,,
"13-99-53-09","No","No","No","No","No",,,,,,,,,,,,,"No","No",,,,,,,,,,,,
"62-74-89-68","No","No","No","No","No",,,,,,,,,,,,,"No","No",,,,,,,,,,,,
"10-78-86-05","No","No","Yes","No","No",,,,,,,,,,,,,"Yes","No",,,,,,,,,,,,
"58-17-83-09","No","No","No","No","No",,,,,,,,,,,,,"No","No",,,,,,,,,,,,
"86-94-71-57","Yes","Yes","No","No","No",,,,,,,,,,,,,"Yes","No",,,,,,,,,,,,
"13-61-09-88","Yes","Yes","No","No","No",,,,,,,,,,,,,"No","No",,,,,,,,,,,,
"33-63-66-86","No","No","No","No","No",,,,,,,,,,,,,"Yes","No",,,,,,,,,,,,
"31-45-42-89","No","No","No","No","No",,,,,,,,,,,,,"No","No",,,,,,,,,,,,
"53-01-20-30","No","No","No","No","No",,,,,,,,,,,,,"No","No",,,,,,,,,,,,
"13-52-61-75","Yes","Yes","Yes","No","No",,,,,,,,,,,,,"Yes","No",,,,,,,,,,,,
"64-05-06-14","Yes","Yes","No","No","No",,,,,,,,,,,,,"No","No",,,,,,,,,,,,
"78-32-01-29","No","No","No","No","No",,,,,,,,,,,,,"Yes","No",,,,,,,,,,,,
"33-80-34-20","No","No","No","No","No",,,,,,,,,,,,,"No","No",,,,,,,,,,,,
"10-62-40-22","No","No","No","No","No",,,,,,,,,,,,,"No","No",,,,,,,,,,,,
"82-40-44-86","No","No","Yes","Yes","No",,,,,,,,,,,,,"Yes","No",,,,,,,,,,,,
"52-02-93-49","No","No","No","No","No",,,,,,,,,,,,,"No","No",,,,,,,,,,,,
"94-99-56-40","Yes","Yes","No","No","No",,,,,,,,,,,,,"No","No",,,,,,,,,,,,
"32-71-99-16","Yes","Yes","Yes","Yes","Yes",10000,"Yes","No","No","No","No","No","No","No","No","No",,"Yes","No",,,,,,,,,,,,
"91-09-88-25","No","Yes","No","No","No",,,,,,,,,,,,,"No","No",,,,,,,,,,,,
"53-58-51-62","Yes","Yes","No","No","No",,,,,,,,,,,,,"No","No",,,,,,,,,,,,
"95-92-63-73","No","No","Yes","Yes","Yes",5000,"No","Yes","Yes","No","No","No","No","No","No","No",,"Yes","Yes","No","No","No","Yes","No","No","No","No","No","No","No","No"
"06-17-24-58","No","No","No","No","No",,,,,,,,,,,,,"No","No",,,,,,,,,,,,
"23-78-50-31","No","No","No","No","No",,,,,,,,,,,,,"Yes","No",,,,,,,,,,,,
"20-84-25-59","No","No","Yes","No","No",,,,,,,,,,,,,"Yes","No",,,,,,,,,,,,
"97-31-09-83","No","No","No","No","No",,,,,,,,,,,,,"No","No",,,,,,,,,,,,
"56-22-99-66","No","No","Yes","No","No",,,,,,,,,,,,,"Yes","No",,,,,,,,,,,,
"05-92-75-52","No","No","No","No","No",,,,,,,,,,,,,"Yes","No",,,,,,,,,,,,
"56-78-97-61","No","No","No","No","No",,,,,,,,,,,,,"Yes","No",,,,,,,,,,,,
"89-05-59-72","No","No","No","No","No",,,,,,,,,,,,,"No","No",,,,,,,,,,,,
"50-93-16-91","No","Yes","Yes","Yes","No",,,,,,,,,,,,,"Yes","No",,,,,,,,,,,,
"89-68-31-84","No","No","Yes","No","No",,,,,,,,,,,,,"Yes","No",,,,,,,,,,,,
"37-58-34-11","No","No","No","No","No",,,,,,,,,,,,,"No","No",,,,,,,,,,,,
"33-93-90-01","No","No","Yes","No","No",,,,,,,,,,,,,"No","No",,,,,,,,,,,,
"00-04-89-61","No","No","No","No","No",,,,,,,,,,,,,"No","No",,,,,,,,,,,,
"98-42-90-09","No","No","No","No","No",,,,,,,,,,,,,"No","No",,,,,,,,,,,,
"81-57-29-94","No","No","No","No","No",,,,,,,,,,,,,"No","No",,,,,,,,,,,,
"55-74-55-01","No","No","Yes","No","Yes",550,"Yes","No","No","No","No","No","No","No","No","No",,"Yes","Yes","No","No","No","Yes","No","No","No","No","No","No","No","No"
"35-03-81-94","No","No","No","No","No",,,,,,,,,,,,,"No","No",,,,,,,,,,,,
"87-29-60-32","Yes","Yes","Yes","No","No",,,,,,,,,,,,,"Yes","No",,,,,,,,,,,,
"59-04-53-64","Yes","No","Yes","Yes","Yes",200,"Yes","No","No","No","No","No","No","No","No","No",,"Yes","Yes","No","No","No","No","No","No","Yes","No","No","No","No","No"
"82-68-38-51","No","No","Yes","No","No",,,,,,,,,,,,,"Yes","No",,,,,,,,,,,,
"64-96-99-21","No","No","No","No","No",,,,,,,,,,,,,"No","No",,,,,,,,,,,,
"36-02-93-74","No","No","No","No","No",,,,,,,,,,,,,"Yes","No",,,,,,,,,,,,
"56-43-23-52","No","No","No","No","No",,,,,,,,,,,,,"No","No",,,,,,,,,,,,
"42-33-55-75","No","No","No","No","No",,,,,,,,,,,,,"No","No",,,,,,,,,,,,
"67-03-64-23","No","No","No","No","No",,,,,,,,,,,,,"Yes","No",,,,,,,,,,,,
"34-93-29-30","No","No","No","No","No",,,,,,,,,,,,,"No","No",,,,,,,,,,,,
"74-55-51-40","No","No","No","No","No",,,,,,,,,,,,,"Yes","No",,,,,,,,,,,,
"64-62-65-29","Yes","Yes","No","No","No",,,,,,,,,,,,,"Yes","No",,,,,,,,,,,,
"30-54-31-50","No","No","No","No","No",,,,,,,,,,,,,"Yes","No",,,,,,,,,,,,
"42-02-08-83","No","No","No","No","No",,,,,,,,,,,,,"Yes","No",,,,,,,,,,,,
"04-71-60-91","No","Yes","Yes","No","No",,,,,,,,,,,,,"Yes","No",,,,,,,,,,,,
"37-15-67-95","No","No","Yes","No","No",,,,,,,,,,,,,"Yes","No",,,,,,,,,,,,
"42-23-71-10","No","No","No","No","No",,,,,,,,,,,,,"Yes","No",,,,,,,,,,,,
"50-11-26-74","Yes","No","No","Yes","Yes",5000,"No","Yes","No","No","No","No","No","No","No","No",,"Yes","No",,,,,,,,,,,,
"41-04-96-60","No","No","No","No","No",,,,,,,,,,,,,"No","No",,,,,,,,,,,,
"64-11-10-98","No","No","No","No","No",,,,,,,,,,,,,"No","No",,,,,,,,,,,,
"57-81-30-05","No","No","No","No","No",,,,,,,,,,,,,"No","No",,,,,,,,,,,,
"88-77-78-80","No","No","No","No","No",,,,,,,,,,,,,"Yes","No",,,,,,,,,,,,
"50-74-95-60","Yes","Yes","No","Yes","Yes",2000,"No","Yes","No","Yes","No","No","No","No","No","No",,"Yes","Yes","No","No","No","No","No","Yes","No","No","No","No","No","No"
"99-69-07-36","No","No","No","No","No",,,,,,,,,,,,,"No","No",,,,,,,,,,,,
"94-52-87-82","No","No","No","No","No",,,,,,,,,,,,,"Yes","No",,,,,,,,,,,,
"36-65-12-21","No","No","No","No","No",,,,,,,,,,,,,"Yes","No",,,,,,,,,,,,
"97-41-99-18","No","No","No","No","No",,,,,,,,,,,,,"Yes","No",,,,,,,,,,,,
"90-57-88-40","No","No","No","No","No",,,,,,,,,,,,,"Yes","No",,,,,,,,,,,,
"38-86-39-27","No","No","No","No","No",,,,,,,,,,,,,"No","No",,,,,,,,,,,,
"03-07-08-19","No","No","No","No","No",,,,,,,,,,,,,"No","No",,,,,,,,,,,,
"72-39-10-40","No","No","No","No","No",,,,,,,,,,,,,"No","No",,,,,,,,,,,,
"06-58-90-91","No","No","No","No","No",,,,,,,,,,,,,"No","No",,,,,,,,,,,,
"20-64-53-81","No","No","No","No","No",,,,,,,,,,,,,"No","No",,,,,,,,,,,,
"64-24-49-94","No","No","No","No","No",,,,,,,,,,,,,"Yes","No",,,,,,,,,,,,
"84-08-92-59","No","No","No","No","No",,,,,,,,,,,,,"Yes","No",,,,,,,,,,,,
"80-92-01-63","No","No","No","No","No",,,,,,,,,,,,,"Yes","No",,,,,,,,,,,,
"39-04-13-87","Yes","Yes","No","No","No",,,,,,,,,,,,,"No","No",,,,,,,,,,,,
"12-81-58-78","No","No","No","No","No",,,,,,,,,,,,,"No","No",,,,,,,,,,,,
"07-91-23-12","No","No","No","No","No",,,,,,,,,,,,,"No","No",,,,,,,,,,,,
"46-43-23-18","Yes","Yes","No","No","No",,,,,,,,,,,,,"No","No",,,,,,,,,,,,
"48-70-52-60","No","Yes","No","No","No",,,,,,,,,,,,,"Yes","Yes","Yes","Yes","No","No","No","No","No","No","No","No","No","No"
"64-66-30-53","No","No","No","No","No",,,,,,,,,,,,,"No","No",,,,,,,,,,,,
"07-19-59-75","No","No","Yes","Yes","No",,,,,,,,,,,,,"Yes","Yes","No","No","No","No","No","No","Yes","No","No","No","No","No"
"03-69-84-05","Yes","No","No","No","No",,,,,,,,,,,,,"Yes","No",,,,,,,,,,,,
"55-07-48-89","Yes","Yes","No","Yes","Yes",800,"No","Yes","No","No","No","No","No","No","No","No",,"Yes","Yes","No","No","No","No","No","Yes","Yes","No","No","No","No","No"
"84-64-87-37","No","No","No","No","No",,,,,,,,,,,,,"No","No",,,,,,,,,,,,
"01-15-12-42","No","No","No","No","No",,,,,,,,,,,,,"Yes","No",,,,,,,,,,,,
"99-30-86-99","No","No","No","No","No",,,,,,,,,,,,,"No","No",,,,,,,,,,,,
"43-03-84-96","Yes","Yes","Yes","No","No",,,,,,,,,,,,,"Yes","No",,,,,,,,,,,,
"16-96-89-30","Yes","Yes","Yes","Yes","No",,,,,,,,,,,,,"No","No",,,,,,,,,,,,
"26-40-62-78","No","No","No","No","No",,,,,,,,,,,,,"No","No",,,,,,,,,,,,
"45-82-95-63","Yes","No","Yes","No","No",,,,,,,,,,,,,"Yes","No",,,,,,,,,,,,
"19-12-89-41","No","No","Yes","No","No",,,,,,,,,,,,,"Yes","No",,,,,,,,,,,,
"86-61-90-88","Yes","Yes","No","No","No",,,,,,,,,,,,,"Yes","No",,,,,,,,,,,,
"01-74-93-41","No","No","No","No","No",,,,,,,,,,,,,"No","No",,,,,,,,,,,,
"38-25-54-65","No","No","No","No","No",,,,,,,,,,,,,"Yes","No",,,,,,,,,,,,
"21-70-86-32","No","No","No","No","No",,,,,,,,,,,,,"No","No",,,,,,,,,,,,
"02-81-96-02","No","No","Yes","No","No",,,,,,,,,,,,,"Yes","No",,,,,,,,,,,,
"54-34-58-95","Yes","Yes","Yes","Yes","No",,,,,,,,,,,,,"Yes","Yes","No","No","No","Yes","No","No","No","No","No","No","No","No"
"76-19-75-88","No","No","No","No","No",,,,,,,,,,,,,"No","No",,,,,,,,,,,,
"66-74-73-77","No","Yes","No","Yes","Yes",500,"No","No","Yes","No","No","No","No","No","No","No",,"No","No",,,,,,,,,,,,
"08-37-41-83","Yes","Yes","Yes","No","No",,,,,,,,,,,,,"Yes","Yes","No","No","No","No","No","No","Yes","No","No","No","No","No"
"68-02-84-17","Yes","Yes","Yes","No","No",,,,,,,,,,,,,"Yes","No",,,,,,,,,,,,
"75-80-31-44","Yes","No","Yes","No","No",,,,,,,,,,,,,"Yes","No",,,,,,,,,,,,
"27-87-86-78","Yes","Yes","Yes","Yes","No",,,,,,,,,,,,,"Yes","No",,,,,,,,,,,,
"69-86-48-74","No","No","Yes","No","No",,,,,,,,,,,,,"Yes","Yes","No","No","No","No","No","No","No","No","No","No","No","Yes"
"71-45-11-71","No","No","No","No","No",,,,,,,,,,,,,"No","No",,,,,,,,,,,,
"04-56-93-47","No","No","No","No","No",,,,,,,,,,,,,"No","No",,,,,,,,,,,,
"48-20-93-40","Yes","Yes","Yes","No","No",,,,,,,,,,,,,"Yes","No",,,,,,,,,,,,
"77-28-28-65","No","No","No","No","No",,,,,,,,,,,,,"No","No",,,,,,,,,,,,
"11-74-52-10","No","No","No","No","No",,,,,,,,,,,,,"Yes","No",,,,,,,,,,,,
"15-73-69-92","No","No","No","No","No",,,,,,,,,,,,,"No","No",,,,,,,,,,,,
"18-25-85-30","No","No","No","No","No",,,,,,,,,,,,,"No","No",,,,,,,,,,,,
"97-74-49-80","No","No","No","No","No",,,,,,,,,,,,,"No","No",,,,,,,,,,,,
"65-28-28-23","Yes","Yes","Yes","No","No",,,,,,,,,,,,,"Yes","No",,,,,,,,,,,,
"60-02-55-31","No","No","No","No","No",,,,,,,,,,,,,"Yes","No",,,,,,,,,,,,
"82-11-02-31","No","No","No","No","No",,,,,,,,,,,,,"Yes","No",,,,,,,,,,,,
"57-80-52-25","Yes","Yes","Yes","No","No",,,,,,,,,,,,,"No","No",,,,,,,,,,,,
"72-15-05-10","Yes","Yes","Yes","Yes","No",,,,,,,,,,,,,"Yes","No",,,,,,,,,,,,
"74-51-85-05","No","No","No","No","No",,,,,,,,,,,,,"Yes","No",,,,,,,,,,,,
"86-09-61-31","No","No","No","No","No",,,,,,,,,,,,,"Yes","No",,,,,,,,,,,,
"93-25-93-51","No","No","No","No","No",,,,,,,,,,,,,"Yes","No",,,,,,,,,,,,
"46-18-65-43","Yes","Yes","No","No","No",,,,,,,,,,,,,"No","No",,,,,,,,,,,,
"04-39-31-02","Yes","Yes","Yes","No","No",,,,,,,,,,,,,"Yes","Yes","Yes","No","No","No","No","No","No","No","No","No","No","No"
"95-71-10-81","No","No","Yes","No","No",,,,,,,,,,,,,"Yes","No",,,,,,,,,,,,
"12-15-65-08","No","No","No","No","No",,,,,,,,,,,,,"Yes","No",,,,,,,,,,,,
"44-29-85-16","No","Yes","No","No","No",,,,,,,,,,,,,"No","No",,,,,,,,,,,,
"71-69-40-35","No","No","No","No","No",,,,,,,,,,,,,"No","No",,,,,,,,,,,,
"06-79-89-11","Yes","Yes","No","No","No",,,,,,,,,,,,,"No","No",,,,,,,,,,,,
"21-46-83-44","No","No","No","No","No",,,,,,,,,,,,,"Yes","No",,,,,,,,,,,,
"53-46-63-99","No","No","No","No","No",,,,,,,,,,,,,"No","No",,,,,,,,,,,,
"92-47-39-90","No","No","No","No","No",,,,,,,,,,,,,"Yes","No",,,,,,,,,,,,
"48-13-13-53","No","No","No","No","No",,,,,,,,,,,,,"Yes","No",,,,,,,,,,,,
"22-45-98-08","No","Yes","No","No","No",,,,,,,,,,,,,"Yes","No",,,,,,,,,,,,
"05-13-82-78","No","No","No","No","No",,,,,,,,,,,,,"No","No",,,,,,,,,,,,
"38-34-24-20","No","No","No","No","No",,,,,,,,,,,,,"No","No",,,,,,,,,,,,
"95-32-48-88","No","No","No","No","No",,,,,,,,,,,,,"No","No",,,,,,,,,,,,
"38-26-85-56","No","No","No","No","No",,,,,,,,,,,,,"No","No",,,,,,,,,,,,
"14-26-58-26","No","No","No","No","No",,,,,,,,,,,,,"No","No",,,,,,,,,,,,
"98-72-74-27","No","Yes","No","No","No",,,,,,,,,,,,,"No","No",,,,,,,,,,,,
"71-71-39-84","No","Yes","No","No","No",,,,,,,,,,,,,"Yes","No",,,,,,,,,,,,
"22-94-31-61","No","No","No","No","No",,,,,,,,,,,,,"No","No",,,,,,,,,,,,
"76-87-83-96","No","No","No","No","No",,,,,,,,,,,,,"Yes","No",,,,,,,,,,,,
"76-33-66-65","Yes","Yes","No","No","No",,,,,,,,,,,,,"No","No",,,,,,,,,,,,
"20-69-31-32","No","Yes","No","No","No",,,,,,,,,,,,,"No","No",,,,,,,,,,,,
"32-73-67-08","No","No","Yes","Yes","Yes",2000,"Yes","No","No","No","No","No","No","No","No","No",,"Yes","No",,,,,,,,,,,,
"52-15-60-99","No","No","No","No","No",,,,,,,,,,,,,"No","No",,,,,,,,,,,,
"82-73-01-57","No","No","Yes","No","No",,,,,,,,,,,,,"Yes","No",,,,,,,,,,,,
"89-62-46-70","Yes","Yes","Yes","No","No",,,,,,,,,,,,,"Yes","No",,,,,,,,,,,,
"54-18-77-83","No","No","No","No","No",,,,,,,,,,,,,"Yes","No",,,,,,,,,,,,
"54-86-93-60","No","No","No","No","No",,,,,,,,,,,,,"Yes","No",,,,,,,,,,,,
"33-07-96-51","Yes","Yes","Yes","Yes","No",,,,,,,,,,,,,"Yes","Yes","No","No","No","No","No","No","Yes","No","No","No","No","No"
"10-60-87-78","No","No","Yes","No","No",,,,,,,,,,,,,"Yes","Yes","No","No","No","No","No","No","Yes","No","No","No","No","No"
"60-37-22-12","No","No","No","No","No",,,,,,,,,,,,,"No","No",,,,,,,,,,,,
"65-07-81-76","No","No","No","No","No",,,,,,,,,,,,,"No","No",,,,,,,,,,,,
"94-01-94-60","Yes","Yes","Yes","Yes","Yes",1000,"No","No","No","No","No","No","No","Yes","No","No",,"Yes","Yes","No","No","No","No","No","No","Yes","No","No","No","No","No"
"26-94-35-48","No","No","No","No","No",,,,,,,,,,,,,"No","No",,,,,,,,,,,,
"34-70-02-31","Yes","Yes","Yes","Yes","No",,,,,,,,,,,,,"Yes","No",,,,,,,,,,,,
"04-31-65-65","No","No","No","No","No",,,,,,,,,,,,,"Yes","No",,,,,,,,,,,,
"95-85-00-75","No","No","No","No","No",,,,,,,,,,,,,"No","No",,,,,,,,,,,,
"41-04-08-56","No","No","No","No","No",,,,,,,,,,,,,"No","No",,,,,,,,,,,,
"36-17-00-87","No","No","No","No","No",,,,,,,,,,,,,"No","No",,,,,,,,,,,,
"05-33-40-10","No","No","No","No","No",,,,,,,,,,,,,"No","No",,,,,,,,,,,,
"27-67-11-74","Yes","Yes","No","No","No",,,,,,,,,,,,,"No","No",,,,,,,,,,,,
"42-16-66-43","No","No","No","No","No",,,,,,,,,,,,,"Yes","No",,,,,,,,,,,,
"07-13-95-29","Yes","Yes","Yes","No","No",,,,,,,,,,,,,"Yes","Yes","No","No","No","No","No","Yes","No","No","No","No","No","No"
"96-93-55-42","No","No","No","No","No",,,,,,,,,,,,,"Yes","No",,,,,,,,,,,,
"35-46-21-62","No","Yes","Yes","No","No",,,,,,,,,,,,,"Yes","No",,,,,,,,,,,,
"40-51-79-00","Yes","Yes","Yes","No","No",,,,,,,,,,,,,"No","No",,,,,,,,,,,,
"80-05-91-55","No","No","No","No","No",,,,,,,,,,,,,"No","No",,,,,,,,,,,,
"59-22-24-47","No","No","No","No","No",,,,,,,,,,,,,"Yes","No",,,,,,,,,,,,
"78-46-05-26","No","No","No","No","No",,,,,,,,,,,,,"No","No",,,,,,,,,,,,
"01-54-87-19","Yes","Yes","Yes","Yes","No",,,,,,,,,,,,,"Yes","Yes","Yes","No","No","No","No","No","No","No","No","No","Yes","No"
"64-06-48-62","No","No","No","No","No",,,,,,,,,,,,,"No","No",,,,,,,,,,,,
"21-65-85-03","Yes","Yes","No","No","No",,,,,,,,,,,,,"No","No",,,,,,,,,,,,
"03-81-70-83","No","Yes","Yes","No","No",,,,,,,,,,,,,"Yes","No",,,,,,,,,,,,
"22-43-82-01","No","No","No","No","No",,,,,,,,,,,,,"Yes","No",,,,,,,,,,,,
"40-89-32-79","No","Yes","No","No","No",,,,,,,,,,,,,"No","No",,,,,,,,,,,,
"94-65-34-20","No","No","No","No","No",,,,,,,,,,,,,"Yes","No",,,,,,,,,,,,
"17-73-42-21","No","No","No","No","No",,,,,,,,,,,,,"Yes","No",,,,,,,,,,,,
"86-29-59-93","No","No","No","No","No",,,,,,,,,,,,,"No","No",,,,,,,,,,,,
"88-87-27-22","Yes","Yes","Yes","Yes","Yes",6000,"No","No","Yes","No","No","No","No","Yes","No","No",,"No","No",,,,,,,,,,,,
"17-95-26-62","No","No","Yes","No","No",,,,,,,,,,,,,"Yes","Yes","No","No","No","No","No","No","Yes","No","No","No","No","No"
"86-23-74-18","Yes","Yes","Yes","Yes","Yes",15000,"No","No","Yes","No","No","No","No","Yes","No","No",,"No","No",,,,,,,,,,,,
"69-47-17-72","No","No","No","No","No",,,,,,,,,,,,,"No","No",,,,,,,,,,,,
"77-46-09-31","Yes","Yes","No","No","Yes",5000,"Yes","No","Yes","No","No","No","No","No","No","No",,"Yes","No",,,,,,,,,,,,
"97-62-36-16","No","Yes","No","Yes","No",,,,,,,,,,,,,"Yes","Yes","No","No","No","No","No","No","Yes","No","No","No","No","No"
"39-46-61-12","No","No","No","No","No",,,,,,,,,,,,,"No","No",,,,,,,,,,,,
"51-78-77-10","Yes","Yes","Yes","No","No",,,,,,,,,,,,,"Yes","No",,,,,,,,,,,,
"95-19-67-91","No","No","No","No","No",,,,,,,,,,,,,"No","No",,,,,,,,,,,,
"90-10-35-11","Yes","No","Yes","No","No",,,,,,,,,,,,,"Yes","No",,,,,,,,,,,,
"43-53-25-48","No","No","No","No","No",,,,,,,,,,,,,"No","No",,,,,,,,,,,,
"91-87-02-88","No","No","No","No","No",,,,,,,,,,,,,"No","No",,,,,,,,,,,,
"54-62-08-69","Yes","No","Yes","Yes","No",,,,,,,,,,,,,"Yes","Yes","Yes","No","No","No","No","No","No","No","No","No","No","No"
"37-56-30-78","No","No","No","No","No",,,,,,,,,,,,,"Yes","No",,,,,,,,,,,,
"08-23-42-65","No","No","No","No","No",,,,,,,,,,,,,"No","No",,,,,,,,,,,,
"59-85-68-42","Yes","Yes","Yes","No","No",,,,,,,,,,,,,"Yes","No",,,,,,,,,,,,
"84-09-48-58","No","No","No","No","No",,,,,,,,,,,,,"No","No",,,,,,,,,,,,
"75-58-20-42","Yes","Yes","No","No","No",,,,,,,,,,,,,"Yes","Yes","No","No","No","No","No","Yes","No","No","No","No","No","No"
"00-68-70-04","No","No","No","No","No",,,,,,,,,,,,,"Yes","No",,,,,,,,,,,,
"51-54-98-03","No","No","No","No","No",,,,,,,,,,,,,"Yes","No",,,,,,,,,,,,
"90-58-96-49","Yes","Yes","Yes","No","No",,,,,,,,,,,,,"Yes","No",,,,,,,,,,,,
"07-07-62-62","Yes","Yes","No","No","No",,,,,,,,,,,,,"Yes","Yes","No","No","No","No","No","No","No","No","No","No","Yes","No"
"26-08-54-15","No","No","No","No","No",,,,,,,,,,,,,"Yes","No",,,,,,,,,,,,
"98-80-86-00","No","No","No","No","No",,,,,,,,,,,,,"Yes","No",,,,,,,,,,,,
"19-36-93-83","Yes","No","No","No","No",,,,,,,,,,,,,"No","No",,,,,,,,,,,,
"39-74-73-78","No","No","No","No","No",,,,,,,,,,,,,"Yes","No",,,,,,,,,,,,
"73-63-00-42","Yes","Yes","No","No","No",,,,,,,,,,,,,"No","No",,,,,,,,,,,,
"15-80-74-06","Yes","Yes","Yes","No","No",,,,,,,,,,,,,"No","No",,,,,,,,,,,,
"40-74-32-61","No","No","No","No","No",,,,,,,,,,,,,"No","No",,,,,,,,,,,,
"95-10-30-55","Yes","Yes","No","No","No",,,,,,,,,,,,,"Yes","No",,,,,,,,,,,,
"93-89-51-75","Yes","Yes","No","No","No",,,,,,,,,,,,,"No","No",,,,,,,,,,,,
"75-95-38-57","No","Yes","No","No","No",,,,,,,,,,,,,"Yes","No",,,,,,,,,,,,
"34-96-82-10","No","No","No","No","No",,,,,,,,,,,,,"No","No",,,,,,,,,,,,
"90-41-75-26","No","No","No","No","No",,,,,,,,,,,,,"No","No",,,,,,,,,,,,
"93-64-37-20","Yes","Yes","No","No","No",,,,,,,,,,,,,"Yes","No",,,,,,,,,,,,
"91-66-07-16","Yes","Yes","Yes","Yes","Yes",1000,"No","No","No","No","No","No","No","Yes","No","No",,"Yes","Yes","No","No","No","No","No","No","Yes","No","No","No","No","No"
"60-51-83-59","No","No","No","No","No",,,,,,,,,,,,,"No","No",,,,,,,,,,,,
"76-32-07-05","Yes","Yes","No","No","No",,,,,,,,,,,,,"Yes","No",,,,,,,,,,,,
"16-40-92-10","No","No","No","No","No",,,,,,,,,,,,,"Yes","No",,,,,,,,,,,,
"24-75-24-45","No","No","Yes","No","No",,,,,,,,,,,,,"No","No",,,,,,,,,,,,
"93-05-25-38","No","No","No","No","No",,,,,,,,,,,,,"Yes","No",,,,,,,,,,,,
"59-77-15-06","Yes","No","No","No","No",,,,,,,,,,,,,"Yes","No",,,,,,,,,,,,
"43-11-20-48","No","No","No","No","No",,,,,,,,,,,,,"No","No",,,,,,,,,,,,
"38-02-62-89","No","No","No","No","No",,,,,,,,,,,,,"No","No",,,,,,,,,,,,
"21-01-77-10","Yes","Yes","No","No","No",,,,,,,,,,,,,"Yes","No",,,,,,,,,,,,
"81-78-91-05","Yes","Yes","Yes","Yes","No",,,,,,,,,,,,,"Yes","Yes","No","No","No","No","No","No","Yes","No","No","No","No","No"
"47-09-64-37","No","No","No","No","No",,,,,,,,,,,,,"No","No",,,,,,,,,,,,
"34-25-65-08","No","Yes","Yes","Yes","No",,,,,,,,,,,,,"Yes","Yes","No","No","No","No","No","No","Yes","No","No","No","No","No"
"86-44-30-89","No","No","No","No","Yes",2000,"No","No","Yes","No","No","No","No","No","No","No",,"No","No",,,,,,,,,,,,
"74-03-89-65","Yes","Yes","Yes","Yes","No",,,,,,,,,,,,,"No","No",,,,,,,,,,,,
"56-65-93-48","No","No","No","No","No",,,,,,,,,,,,,"Yes","No",,,,,,,,,,,,
"66-39-11-55","Yes","Yes","Yes","Yes","No",,,,,,,,,,,,,"Yes","Yes","Yes","No","No","No","No","No","No","No","No","No","No","No"
"14-03-04-43","Yes","Yes","No","No","No",,,,,,,,,,,,,"Yes","No",,,,,,,,,,,,
"27-47-38-04","Yes","No","Yes","No","No",,,,,,,,,,,,,"Yes","No",,,,,,,,,,,,
"43-92-12-14","No","No","No","No","No",,,,,,,,,,,,,"No","No",,,,,,,,,,,,
"05-86-89-30","Yes","Yes","Yes","Yes","No",,,,,,,,,,,,,"Yes","Yes","No","No","No","Yes","No","No","No","No","No","No","No","No"
"84-33-11-24","No","No","No","No","No",,,,,,,,,,,,,"Yes","No",,,,,,,,,,,,
"79-96-52-99","No","No","No","No","No",,,,,,,,,,,,,"No","No",,,,,,,,,,,,
"27-91-30-19","No","No","Yes","No","No",,,,,,,,,,,,,"Yes","Yes","No","No","No","No","No","No","Yes","No","No","No","No","No"
"49-11-32-04","Yes","No","No","No","No",,,,,,,,,,,,,"Yes","No",,,,,,,,,,,,
"88-01-30-83","No","No","No","No","No",,,,,,,,,,,,,"No","No",,,,,,,,,,,,
"53-42-52-41","No","No","No","No","No",,,,,,,,,,,,,"No","No",,,,,,,,,,,,
"18-88-95-82","No","No","No","No","No",,,,,,,,,,,,,"No","No",,,,,,,,,,,,
"44-20-34-87","No","No","No","No","No",,,,,,,,,,,,,"No","No",,,,,,,,,,,,
"62-58-98-18","Yes","Yes","Yes","Yes","Yes",2000,"Yes","No","No","No","No","No","No","No","No","No",,"Yes","Yes","No","No","No","No","Yes","No","No","No","No","No","No","No"
"10-26-36-54","No","Yes","Yes","Yes","No",,,,,,,,,,,,,"Yes","Yes","No","No","No","No","Yes","No","No","No","No","No","No","No"
"97-96-81-02","Yes","Yes","No","No","No",,,,,,,,,,,,,"No","No",,,,,,,,,,,,
"29-40-66-47","No","No","No","No","No",,,,,,,,,,,,,"Yes","Yes","No","No","No","Yes","No","No","No","No","No","No","No","No"
"18-40-35-80","No","No","No","No","No",,,,,,,,,,,,,"Yes","No",,,,,,,,,,,,
"79-71-02-69","No","Yes","No","No","No",,,,,,,,,,,,,"No","No",,,,,,,,,,,,
"25-22-65-60","No","No","No","No","No",,,,,,,,,,,,,"No","No",,,,,,,,,,,,
"89-59-08-73","Yes","Yes","No","No","No",,,,,,,,,,,,,"No","No",,,,,,,,,,,,
"91-40-38-85","No","No","Yes","No","No",,,,,,,,,,,,,"Yes","No",,,,,,,,,,,,
"17-33-53-75","No","No","No","No","No",,,,,,,,,,,,,"Yes","No",,,,,,,,,,,,
"48-20-09-62","No","Yes","No","No","No",,,,,,,,,,,,,"No","No",,,,,,,,,,,,
"29-88-28-45","Yes","Yes","No","No","No",,,,,,,,,,,,,"Yes","No",,,,,,,,,,,,
"92-61-60-00","No","No","No","No","No",,,,,,,,,,,,,"No","No",,,,,,,,,,,,
"98-05-61-12","No","No","No","No","No",,,,,,,,,,,,,"No","No",,,,,,,,,,,,
"49-80-41-29","No","Yes","No","No","No",,,,,,,,,,,,,"No","No",,,,,,,,,,,,
"56-67-61-31","No","No","No","No","No",,,,,,,,,,,,,"Yes","No",,,,,,,,,,,,
"93-39-60-64","No","No","No","No","No",,,,,,,,,,,,,"Yes","No",,,,,,,,,,,,
"75-50-72-64","Yes","Yes","No","No","No",,,,,,,,,,,,,"No","No",,,,,,,,,,,,
"13-68-33-58","No","No","No","No","No",,,,,,,,,,,,,"No","No",,,,,,,,,,,,
"67-51-21-12","No","No","No","No","No",,,,,,,,,,,,,"Yes","No",,,,,,,,,,,,
"92-63-14-10","No","No","No","No","No",,,,,,,,,,,,,"No","No",,,,,,,,,,,,
"23-95-53-31","No","No","Yes","No","No",,,,,,,,,,,,,"Yes","No",,,,,,,,,,,,
"76-83-42-25","No","No","Yes","No","No",,,,,,,,,,,,,"Yes","No",,,,,,,,,,,,
"34-04-41-33","No","No","No","No","No",,,,,,,,,,,,,"No","No",,,,,,,,,,,,
"65-40-10-81","Yes","No","Yes","Yes","Yes",5000,"No","No","Yes","Yes","No","No","No","No","No","No",,"Yes","Yes","No","No","No","Yes","No","No","No","No","No","No","No","No"
"32-27-90-36","No","Yes","Yes","Yes","No",,,,,,,,,,,,,"Yes","Yes","No","No","No","No","No","Yes","Yes","No","No","No","No","No"
"34-35-99-68","Yes","Yes","Yes","Yes","No",,,,,,,,,,,,,"Yes","Yes","No","No","No","No","No","No","Yes","No","No","No","No","No"
"96-83-30-59","No","No","Yes","No","No",,,,,,,,,,,,,"Yes","Yes","No","Yes","No","No","No","No","No","No","No","No","No","No"
"08-93-39-25","No","No","No","Yes","Yes",500,"Yes","No","No","No","No","No","No","Yes","No","No",,"No","No",,,,,,,,,,,,
"70-80-52-20","Yes","Yes","No","No","No",,,,,,,,,,,,,"Yes","No",,,,,,,,,,,,
"98-33-69-97","Yes","Yes","Yes","Yes","No",,,,,,,,,,,,,"Yes","No",,,,,,,,,,,,
"72-65-40-82","No","No","No","No","Yes",1000,"Yes","No","No","No","No","No","No","No","No","No",,"Yes","Yes","No","No","No","No","No","No","Yes","No","No","No","No","No"
"28-81-45-53","No","No","Yes","No","No",,,,,,,,,,,,,"Yes","Yes","No","No","No","No","No","No","Yes","No","No","No","No","No"
"06-80-46-73","No","No","No","No","No",,,,,,,,,,,,,"Yes","No",,,,,,,,,,,,
"09-02-42-42","No","No","No","No","No",,,,,,,,,,,,,"Yes","No",,,,,,,,,,,,
"16-61-64-98","No","No","No","No","No",,,,,,,,,,,,,"Yes","No",,,,,,,,,,,,
"29-61-04-95","No","Yes","No","No","No",,,,,,,,,,,,,"No","No",,,,,,,,,,,,
"39-38-75-31","No","No","No","No","No",,,,,,,,,,,,,"No","No",,,,,,,,,,,,
"49-39-29-75","No","No","No","No","No",,,,,,,,,,,,,"No","No",,,,,,,,,,,,
"30-17-77-88","No","No","No","No","No",,,,,,,,,,,,,"No","No",,,,,,,,,,,,
"29-08-77-29","No","Yes","Yes","Yes","No",,,,,,,,,,,,,"Yes","No",,,,,,,,,,,,
"69-05-41-80","No","No","No","No","No",,,,,,,,,,,,,"No","No",,,,,,,,,,,,
"21-49-13-73","No","No","No","No","No",,,,,,,,,,,,,"No","No",,,,,,,,,,,,
"75-38-27-75","No","No","No","No","No",,,,,,,,,,,,,"No","No",,,,,,,,,,,,
"14-85-47-22","Yes","Yes","No","Yes","No",,,,,,,,,,,,,"Yes","No",,,,,,,,,,,,
"53-81-07-04","No","Yes","Yes","No","No",,,,,,,,,,,,,"Yes","No",,,,,,,,,,,,
"65-80-02-03","Yes","Yes","No","No","No",,,,,,,,,,,,,"No","No",,,,,,,,,,,,
"69-30-60-03","Yes","No","No","No","No",,,,,,,,,,,,,"No","No",,,,,,,,,,,,
"21-15-99-40","No","No","No","No","No",,,,,,,,,,,,,"Yes","No",,,,,,,,,,,,
"44-56-27-24","Yes","Yes","No","No","No",,,,,,,,,,,,,"No","No",,,,,,,,,,,,
"75-37-22-90","No","No","No","No","No",,,,,,,,,,,,,"No","No",,,,,,,,,,,,
"67-01-06-94","No","No","No","No","No",,,,,,,,,,,,,"No","No",,,,,,,,,,,,
"04-57-01-84","No","No","No","No","No",,,,,,,,,,,,,"No","No",,,,,,,,,,,,
"53-87-70-93","No","No","No","No","No",,,,,,,,,,,,,"No","No",,,,,,,,,,,,
"89-42-22-50","No","No","No","No","No",,,,,,,,,,,,,"Yes","No",,,,,,,,,,,,
"41-64-40-11","Yes","Yes","No","No","No",,,,,,,,,,,,,"No","No",,,,,,,,,,,,
"89-49-22-36","No","No","Yes","No","No",,,,,,,,,,,,,"Yes","No",,,,,,,,,,,,
"20-63-38-57","No","Yes","No","No","No",,,,,,,,,,,,,"No","No",,,,,,,,,,,,
"84-72-64-66","No","No","No","No","No",,,,,,,,,,,,,"Yes","No",,,,,,,,,,,,
"63-42-88-22","No","No","No","No","No",,,,,,,,,,,,,"Yes","No",,,,,,,,,,,,
"22-88-22-30","Yes","No","No","No","No",,,,,,,,,,,,,"No","No",,,,,,,,,,,,
"27-50-41-80","No","Yes","No","No","No",,,,,,,,,,,,,"No","No",,,,,,,,,,,,
"87-50-20-38","No","No","No","No","No",,,,,,,,,,,,,"No","No",,,,,,,,,,,,
"78-63-95-63","No","No","No","No","No",,,,,,,,,,,,,"No","No",,,,,,,,,,,,
"21-75-94-85","Yes","Yes","No","Yes","No",,,,,,,,,,,,,"No","No",,,,,,,,,,,,
"20-46-30-59","No","No","No","No","No",,,,,,,,,,,,,"Yes","No",,,,,,,,,,,,
"12-17-56-74","No","No","No","No","No",,,,,,,,,,,,,"Yes","No",,,,,,,,,,,,
"80-41-60-05","No","No","No","No","No",,,,,,,,,,,,,"No","No",,,,,,,,,,,,
"50-77-28-73","Yes","Yes","Yes","No","No",,,,,,,,,,,,,"No","No",,,,,,,,,,,,
"42-38-30-13","No","Yes","No","Yes","Yes",600,"No","No","No","No","No","No","No","Yes","No","No",,"Yes","Yes","No","No","No","No","No","No","Yes","No","No","No","No","No"
"05-33-62-23","Yes","Yes","No","No","No",,,,,,,,,,,,,"No","Yes","No","No","No","Yes","No","No","No","No","No","No","No","No"
"17-87-80-73","No","No","No","No","No",,,,,,,,,,,,,"Yes","No",,,,,,,,,,,,
"73-58-06-14","Yes","Yes","Yes","Yes","Yes",30000,"Yes","Yes","Yes","No","No","No","No","No","No","No",,"Yes","No",,,,,,,,,,,,
"22-13-82-99","No","No","No","No","No",,,,,,,,,,,,,"No","No",,,,,,,,,,,,
"49-72-13-69","Yes","Yes","Yes","Yes","Yes",1000,"Yes","No","No","No","No","No","No","No","No","No",,"Yes","No",,,,,,,,,,,,
"72-23-50-93","Yes","Yes","No","No","No",,,,,,,,,,,,,"No","No",,,,,,,,,,,,
"24-20-09-18","Yes","Yes","Yes","Yes","Yes",10000,"Yes","No","No","No","No","No","No","No","No","No",,"Yes","No",,,,,,,,,,,,
"02-65-40-62","No","No","No","No","No",,,,,,,,,,,,,"No","No",,,,,,,,,,,,
"65-04-66-76","No","No","No","No","No",,,,,,,,,,,,,"Yes","No",,,,,,,,,,,,
"87-33-92-13","No","No","No","No","No",,,,,,,,,,,,,"No","No",,,,,,,,,,,,
"61-75-70-64","No","No","No","No","No",,,,,,,,,,,,,"Yes","No",,,,,,,,,,,,
"23-31-62-51","No","No","No","No","No",,,,,,,,,,,,,"No","No",,,,,,,,,,,,
"95-05-18-77","No","No","Yes","No","No",,,,,,,,,,,,,"Yes","No",,,,,,,,,,,,
"87-43-52-74","No","No","No","No","No",,,,,,,,,,,,,"Yes","No",,,,,,,,,,,,
"61-21-03-67","No","No","Yes","Yes","No",,,,,,,,,,,,,"Yes","No",,,,,,,,,,,,
"72-29-78-52","No","No","No","No","No",,,,,,,,,,,,,"Yes","No",,,,,,,,,,,,
"11-76-72-18","No","No","No","No","No",,,,,,,,,,,,,"No","No",,,,,,,,,,,,
"97-14-88-73","No","No","Yes","No","No",,,,,,,,,,,,,"Yes","No",,,,,,,,,,,,
"68-19-50-42","No","No","No","No","No",,,,,,,,,,,,,"No","No",,,,,,,,,,,,
"95-00-37-38","No","Yes","No","Yes","No",,,,,,,,,,,,,"Yes","No",,,,,,,,,,,,
"94-73-96-31","No","No","No","No","No",,,,,,,,,,,,,"Yes","No",,,,,,,,,,,,
"40-23-79-37","No","No","No","No","No",,,,,,,,,,,,,"No","No",,,,,,,,,,,,
"49-36-92-60","No","No","No","No","No",,,,,,,,,,,,,"Yes","No",,,,,,,,,,,,
"21-46-54-95","No","Yes","Yes","Yes","Yes",200,"Yes","No","No","No","No","No","No","No","No","No",,"Yes","No",,,,,,,,,,,,
"65-71-98-91","No","No","No","No","No",,,,,,,,,,,,,"No","No",,,,,,,,,,,,
"58-91-32-30","No","No","No","No","No",,,,,,,,,,,,,"No","No",,,,,,,,,,,,
"18-10-16-95","No","No","No","No","No",,,,,,,,,,,,,"Yes","No",,,,,,,,,,,,
"20-74-87-97","No","No","No","No","No",,,,,,,,,,,,,"Yes","No",,,,,,,,,,,,
"42-18-27-84","No","No","No","No","No",,,,,,,,,,,,,"Yes","No",,,,,,,,,,,,
"65-19-88-53","No","No","No","No","No",,,,,,,,,,,,,"Yes","No",,,,,,,,,,,,
"56-92-07-98","No","No","No","No","No",,,,,,,,,,,,,"No","No",,,,,,,,,,,,
"74-74-25-12","No","No","No","No","No",,,,,,,,,,,,,"Yes","No",,,,,,,,,,,,
"83-96-24-75","No","Yes","No","No","No",,,,,,,,,,,,,"Yes","No",,,,,,,,,,,,
"56-67-49-17","No","No","No","No","No",,,,,,,,,,,,,"No","No",,,,,,,,,,,,
"16-50-24-00","No","No","No","No","No",,,,,,,,,,,,,"No","No",,,,,,,,,,,,
"73-07-75-47","No","No","No","No","No",,,,,,,,,,,,,"No","No",,,,,,,,,,,,
"26-48-16-48","No","No","No","No","No",,,,,,,,,,,,,"Yes","No",,,,,,,,,,,,
"72-76-08-58","No","Yes","No","No","No",,,,,,,,,,,,,"No","No",,,,,,,,,,,,
"51-88-01-88","No","No","No","No","No",,,,,,,,,,,,,"No","No",,,,,,,,,,,,
"94-25-97-12","No","No","No","No","No",,,,,,,,,,,,,"No","No",,,,,,,,,,,,
"06-34-31-56","No","No","No","No","No",,,,,,,,,,,,,"No","No",,,,,,,,,,,,
"85-35-12-09","No","No","No","No","No",,,,,,,,,,,,,"Yes","No",,,,,,,,,,,,
