interview__key,num_plots,lnd_mes,lnd_mes_1,plot_name,plot_area,begin_year,land_acquire,time_plot_home,soil_type,signs_good_plot__1,signs_good_plot__2,signs_good_plot__3,signs_good_plot__4,signs_good_plot__5,signs_good_plot__6,signs_good_plot__96,signs_good_plot_oth,plot_problem__1,plot_problem__2,plot_problem__3,plot_problem__4,plot_problem__5,plot_problem__6,plot_problem__96,plot_problem_other,if_soilwater_cons__1,if_soilwater_cons__2,if_soilwater_cons__3,if_soilwater_cons__4,if_soilwater_cons__5,if_soilwater_cons__6,if_soilwater_cons__7,if_soilwater_cons__9,if_soilwater_cons__10,if_soilwater_cons__11,if_soilwater_cons__12,if_soilwater_cons__13,if_soilwater_cons__14,if_soilwater_cons__15,if_soilwater_cons__96,if_soilwater_conservation_other,trees_onfarm,why_trees__1,why_trees__2,why_trees__3,why_trees__4,why_trees__5,why_trees__96,why_trees_oth
"30-84-56-78",2,"Hectares","","",,"",,,,,,,,,,,"",,,,,,,,"",,,,,,,,,,,,,,,,"",,,,,,,,""
"25-36-49-99",0,"Hectares","","",,"",,,,,,,,,,,"",,,,,,,,"",,,,,,,,,,,,,,,,"",,,,,,,,""
"95-91-52-45",0,"Hectares","","",,"",,,,,,,,,,,"",,,,,,,,"",,,,,,,,,,,,,,,,"",,,,,,,,""
"25-55-41-68",0,"Hectares","","",,"",,,,,,,,,,,"",,,,,,,,"",,,,,,,,,,,,,,,,"",,,,,,,,""
"16-89-26-77",0,"Hectares","","",,"",,,,,,,,,,,"",,,,,,,,"",,,,,,,,,,,,,,,,"",,,,,,,,""
"32-98-78-03",0,"Hectares","","",,"",,,,,,,,,,,"",,,,,,,,"",,,,,,,,,,,,,,,,"",,,,,,,,""
"76-60-63-85",1,"Hectares","","",,"",,,,,,,,,,,"",,,,,,,,"",,,,,,,,,,,,,,,,"",,,,,,,,""
"56-53-87-19",0,"Hectares","","",,"",,,,,,,,,,,"",,,,,,,,"",,,,,,,,,,,,,,,,"",,,,,,,,""
"17-45-76-38",0,"Acres","","",,"",,,,,,,,,,,"",,,,,,,,"",,,,,,,,,,,,,,,,"",,,,,,,,""
"25-00-79-64",0,"Hectares","","",,"",,,,,,,,,,,"",,,,,,,,"",,,,,,,,,,,,,,,,"",,,,,,,,""
"49-47-26-23",0,"Other➡️ Please specify","square metre","",,"",,,,,,,,,,,"",,,,,,,,"",,,,,,,,,,,,,,,,"",,,,,,,,""
"66-81-51-91",0,"Hectares","","",,"",,,,,,,,,,,"",,,,,,,,"",,,,,,,,,,,,,,,,"",,,,,,,,""
"02-25-80-90",1,"Hectares","","",,"",,,,,,,,,,,"",,,,,,,,"",,,,,,,,,,,,,,,,"",,,,,,,,""
"41-03-53-12",0,"Hectares","","",,"",,,,,,,,,,,"",,,,,,,,"",,,,,,,,,,,,,,,,"",,,,,,,,""
"09-25-62-80",0,"Hectares","","",,"",,,,,,,,,,,"",,,,,,,,"",,,,,,,,,,,,,,,,"",,,,,,,,""
"12-68-96-23",0,"Hectares","","",,"",,,,,,,,,,,"",,,,,,,,"",,,,,,,,,,,,,,,,"",,,,,,,,""
"46-89-61-94",1,"Hectares","","",,"",,,,,,,,,,,"",,,,,,,,"",,,,,,,,,,,,,,,,"",,,,,,,,""
"36-57-98-87",1,"Hectares","","",,"",,,,,,,,,,,"",,,,,,,,"",,,,,,,,,,,,,,,,"",,,,,,,,""
"93-61-95-87",0,"Hectares","","",,"",,,,,,,,,,,"",,,,,,,,"",,,,,,,,,,,,,,,,"",,,,,,,,""
"72-10-49-63",0,"Hectares","","",,"",,,,,,,,,,,"",,,,,,,,"",,,,,,,,,,,,,,,,"",,,,,,,,""
"65-98-70-74",0,"Hectares","","",,"",,,,,,,,,,,"",,,,,,,,"",,,,,,,,,,,,,,,,"",,,,,,,,""
"71-09-05-63",1,"Other➡️ Please specify","metre squared","",,"",,,,,,,,,,,"",,,,,,,,"",,,,,,,,,,,,,,,,"",,,,,,,,""
"81-05-32-56",2,"Hectares","","",,"",,,,,,,,,,,"",,,,,,,,"",,,,,,,,,,,,,,,,"",,,,,,,,""
"30-09-94-93",0,"Hectares","","",,"",,,,,,,,,,,"",,,,,,,,"",,,,,,,,,,,,,,,,"",,,,,,,,""
"85-23-91-16",0,"Hectares","","",,"",,,,,,,,,,,"",,,,,,,,"",,,,,,,,,,,,,,,,"",,,,,,,,""
"53-06-23-41",0,"Hectares","","",,"",,,,,,,,,,,"",,,,,,,,"",,,,,,,,,,,,,,,,"",,,,,,,,""
"93-66-25-28",0,"Hectares","","",,"",,,,,,,,,,,"",,,,,,,,"",,,,,,,,,,,,,,,,"",,,,,,,,""
"43-14-97-16",0,"Other➡️ Please specify","metre","",,"",,,,,,,,,,,"",,,,,,,,"",,,,,,,,,,,,,,,,"",,,,,,,,""
"49-90-63-33",0,"Hectares","","",,"",,,,,,,,,,,"",,,,,,,,"",,,,,,,,,,,,,,,,"",,,,,,,,""
"68-84-82-12",2,"Hectares","","",,"",,,,,,,,,,,"",,,,,,,,"",,,,,,,,,,,,,,,,"",,,,,,,,""
"25-99-22-65",2,"Hectares","","",,"",,,,,,,,,,,"",,,,,,,,"",,,,,,,,,,,,,,,,"",,,,,,,,""
"86-16-04-54",0,"Hectares","","",,"",,,,,,,,,,,"",,,,,,,,"",,,,,,,,,,,,,,,,"",,,,,,,,""
"42-95-35-09",1,"Hectares","","",,"",,,,,,,,,,,"",,,,,,,,"",,,,,,,,,,,,,,,,"",,,,,,,,""
"54-69-26-46",0,"Hectares","","",,"",,,,,,,,,,,"",,,,,,,,"",,,,,,,,,,,,,,,,"",,,,,,,,""
"92-23-96-13",0,"Hectares","","",,"",,,,,,,,,,,"",,,,,,,,"",,,,,,,,,,,,,,,,"",,,,,,,,""
"22-90-51-93",1,"Hectares","","",,"",,,,,,,,,,,"",,,,,,,,"",,,,,,,,,,,,,,,,"",,,,,,,,""
"15-81-26-28",0,"Hectares","","",,"",,,,,,,,,,,"",,,,,,,,"",,,,,,,,,,,,,,,,"",,,,,,,,""
"20-52-90-88",0,"Hectares","","",,"",,,,,,,,,,,"",,,,,,,,"",,,,,,,,,,,,,,,,"",,,,,,,,""
"35-31-07-84",1,"Hectares","","",,"",,,,,,,,,,,"",,,,,,,,"",,,,,,,,,,,,,,,,"",,,,,,,,""
"09-47-23-08",1,"Hectares","","",,"",,,,,,,,,,,"",,,,,,,,"",,,,,,,,,,,,,,,,"",,,,,,,,""
"03-49-16-10",0,"Hectares","","",,"",,,,,,,,,,,"",,,,,,,,"",,,,,,,,,,,,,,,,"",,,,,,,,""
"65-48-87-48",0,"Hectares","","",,"",,,,,,,,,,,"",,,,,,,,"",,,,,,,,,,,,,,,,"",,,,,,,,""
"54-94-74-75",0,"Hectares","","",,"",,,,,,,,,,,"",,,,,,,,"",,,,,,,,,,,,,,,,"",,,,,,,,""
"70-40-01-04",0,"Hectares","","",,"",,,,,,,,,,,"",,,,,,,,"",,,,,,,,,,,,,,,,"",,,,,,,,""
"33-37-06-20",0,"Hectares","","",,"",,,,,,,,,,,"",,,,,,,,"",,,,,,,,,,,,,,,,"",,,,,,,,""
"11-89-65-58",0,"Hectares","","",,"",,,,,,,,,,,"",,,,,,,,"",,,,,,,,,,,,,,,,"",,,,,,,,""
"86-01-74-97",0,"Hectares","","",,"",,,,,,,,,,,"",,,,,,,,"",,,,,,,,,,,,,,,,"",,,,,,,,""
"18-63-27-64",0,"Hectares","","",,"",,,,,,,,,,,"",,,,,,,,"",,,,,,,,,,,,,,,,"",,,,,,,,""
"00-01-02-02",1,"Hectares","","",,"",,,,,,,,,,,"",,,,,,,,"",,,,,,,,,,,,,,,,"",,,,,,,,""
"69-53-29-77",3,"Hectares","","",,"",,,,,,,,,,,"",,,,,,,,"",,,,,,,,,,,,,,,,"",,,,,,,,""
"38-36-87-54",0,"Hectares","","",,"",,,,,,,,,,,"",,,,,,,,"",,,,,,,,,,,,,,,,"",,,,,,,,""
"96-39-11-89",0,"Hectares","","",,"",,,,,,,,,,,"",,,,,,,,"",,,,,,,,,,,,,,,,"",,,,,,,,""
"62-05-75-13",0,"Hectares","","",,"",,,,,,,,,,,"",,,,,,,,"",,,,,,,,,,,,,,,,"",,,,,,,,""
"36-43-41-97",0,"Hectares","","",,"",,,,,,,,,,,"",,,,,,,,"",,,,,,,,,,,,,,,,"",,,,,,,,""
"12-03-37-86",0,"Hectares","","",,"",,,,,,,,,,,"",,,,,,,,"",,,,,,,,,,,,,,,,"",,,,,,,,""
"33-44-32-83",0,"Hectares","","",,"",,,,,,,,,,,"",,,,,,,,"",,,,,,,,,,,,,,,,"",,,,,,,,""
"39-65-48-99",0,"Hectares","","",,"",,,,,,,,,,,"",,,,,,,,"",,,,,,,,,,,,,,,,"",,,,,,,,""
"85-43-95-57",0,"Hectares","","",,"",,,,,,,,,,,"",,,,,,,,"",,,,,,,,,,,,,,,,"",,,,,,,,""
"07-73-56-26",2,"Hectares","","",,"",,,,,,,,,,,"",,,,,,,,"",,,,,,,,,,,,,,,,"",,,,,,,,""
"00-16-25-60",0,"Hectares","","",,"",,,,,,,,,,,"",,,,,,,,"",,,,,,,,,,,,,,,,"",,,,,,,,""
"05-35-63-46",4,"Hectares","","",,"",,,,,,,,,,,"",,,,,,,,"",,,,,,,,,,,,,,,,"",,,,,,,,""
"00-34-52-14",0,"Hectares","","",,"",,,,,,,,,,,"",,,,,,,,"",,,,,,,,,,,,,,,,"",,,,,,,,""
"81-06-64-01",0,"Hectares","","",,"",,,,,,,,,,,"",,,,,,,,"",,,,,,,,,,,,,,,,"",,,,,,,,""
"84-33-06-87",0,"Other➡️ Please specify","square metre","",,"",,,,,,,,,,,"",,,,,,,,"",,,,,,,,,,,,,,,,"",,,,,,,,""
"85-48-53-30",0,"Hectares","","",,"",,,,,,,,,,,"",,,,,,,,"",,,,,,,,,,,,,,,,"",,,,,,,,""
"61-17-81-33",0,"Hectares","","",,"",,,,,,,,,,,"",,,,,,,,"",,,,,,,,,,,,,,,,"",,,,,,,,""
"70-67-46-48",0,"Hectares","","",,"",,,,,,,,,,,"",,,,,,,,"",,,,,,,,,,,,,,,,"",,,,,,,,""
"08-84-58-33",0,"Hectares","","",,"",,,,,,,,,,,"",,,,,,,,"",,,,,,,,,,,,,,,,"",,,,,,,,""
"17-96-77-43",1,"Hectares","","",,"",,,,,,,,,,,"",,,,,,,,"",,,,,,,,,,,,,,,,"",,,,,,,,""
"05-74-99-19",0,"Hectares","","",,"",,,,,,,,,,,"",,,,,,,,"",,,,,,,,,,,,,,,,"",,,,,,,,""
"58-76-16-53",0,"Hectares","","",,"",,,,,,,,,,,"",,,,,,,,"",,,,,,,,,,,,,,,,"",,,,,,,,""
"14-93-43-30",0,"Hectares","","",,"",,,,,,,,,,,"",,,,,,,,"",,,,,,,,,,,,,,,,"",,,,,,,,""
"11-82-86-61",1,"Hectares","","",,"",,,,,,,,,,,"",,,,,,,,"",,,,,,,,,,,,,,,,"",,,,,,,,""
"03-50-12-90",1,"Hectares","","",,"",,,,,,,,,,,"",,,,,,,,"",,,,,,,,,,,,,,,,"",,,,,,,,""
"81-28-91-79",1,"Hectares","","",,"",,,,,,,,,,,"",,,,,,,,"",,,,,,,,,,,,,,,,"",,,,,,,,""
"87-17-87-24",1,"Hectares","","",,"",,,,,,,,,,,"",,,,,,,,"",,,,,,,,,,,,,,,,"",,,,,,,,""
"98-37-88-19",0,"Hectares","","",,"",,,,,,,,,,,"",,,,,,,,"",,,,,,,,,,,,,,,,"",,,,,,,,""
"19-43-58-99",1,"Hectares","","",,"",,,,,,,,,,,"",,,,,,,,"",,,,,,,,,,,,,,,,"",,,,,,,,""
"85-30-41-56",0,"Hectares","","",,"",,,,,,,,,,,"",,,,,,,,"",,,,,,,,,,,,,,,,"",,,,,,,,""
"78-32-31-52",0,"Other➡️ Please specify","square metre","",,"",,,,,,,,,,,"",,,,,,,,"",,,,,,,,,,,,,,,,"",,,,,,,,""
"37-97-45-71",0,"Hectares","","",,"",,,,,,,,,,,"",,,,,,,,"",,,,,,,,,,,,,,,,"",,,,,,,,""
"07-52-39-57",1,"Hectares","","",,"",,,,,,,,,,,"",,,,,,,,"",,,,,,,,,,,,,,,,"",,,,,,,,""
"80-35-75-14",0,"Hectares","","",,"",,,,,,,,,,,"",,,,,,,,"",,,,,,,,,,,,,,,,"",,,,,,,,""
"94-41-84-42",1,"Hectares","","",,"",,,,,,,,,,,"",,,,,,,,"",,,,,,,,,,,,,,,,"",,,,,,,,""
"96-46-53-15",0,"Hectares","","",,"",,,,,,,,,,,"",,,,,,,,"",,,,,,,,,,,,,,,,"",,,,,,,,""
"53-23-37-57",0,"Hectares","","",,"",,,,,,,,,,,"",,,,,,,,"",,,,,,,,,,,,,,,,"",,,,,,,,""
"34-02-59-21",0,"Hectares","","",,"",,,,,,,,,,,"",,,,,,,,"",,,,,,,,,,,,,,,,"",,,,,,,,""
"19-67-63-11",0,"Hectares","","",,"",,,,,,,,,,,"",,,,,,,,"",,,,,,,,,,,,,,,,"",,,,,,,,""
"57-12-45-97",0,"Hectares","","",,"",,,,,,,,,,,"",,,,,,,,"",,,,,,,,,,,,,,,,"",,,,,,,,""
"96-34-22-21",0,"Hectares","","",,"",,,,,,,,,,,"",,,,,,,,"",,,,,,,,,,,,,,,,"",,,,,,,,""
"03-38-35-14",1,"Hectares","","",,"",,,,,,,,,,,"",,,,,,,,"",,,,,,,,,,,,,,,,"",,,,,,,,""
"09-06-20-19",1,"Hectares","","",,"",,,,,,,,,,,"",,,,,,,,"",,,,,,,,,,,,,,,,"",,,,,,,,""
"51-25-36-09",5,"Hectares","","",,"",,,,,,,,,,,"",,,,,,,,"",,,,,,,,,,,,,,,,"",,,,,,,,""
"04-05-30-01",0,"Hectares","","",,"",,,,,,,,,,,"",,,,,,,,"",,,,,,,,,,,,,,,,"",,,,,,,,""
"50-01-20-35",1,"Hectares","","",,"",,,,,,,,,,,"",,,,,,,,"",,,,,,,,,,,,,,,,"",,,,,,,,""
"67-87-75-21",2,"Hectares","","",,"",,,,,,,,,,,"",,,,,,,,"",,,,,,,,,,,,,,,,"",,,,,,,,""
"53-81-28-44",0,"Hectares","","",,"",,,,,,,,,,,"",,,,,,,,"",,,,,,,,,,,,,,,,"",,,,,,,,""
"69-29-47-18",0,"Hectares","","",,"",,,,,,,,,,,"",,,,,,,,"",,,,,,,,,,,,,,,,"",,,,,,,,""
"22-59-76-95",0,"Hectares","","",,"",,,,,,,,,,,"",,,,,,,,"",,,,,,,,,,,,,,,,"",,,,,,,,""
"87-80-21-51",0,"Hectares","","",,"",,,,,,,,,,,"",,,,,,,,"",,,,,,,,,,,,,,,,"",,,,,,,,""
"21-25-86-78",2,"Hectares","","",,"",,,,,,,,,,,"",,,,,,,,"",,,,,,,,,,,,,,,,"",,,,,,,,""
"28-99-62-67",1,"Hectares","","",,"",,,,,,,,,,,"",,,,,,,,"",,,,,,,,,,,,,,,,"",,,,,,,,""
"14-08-31-40",1,"Hectares","","",,"",,,,,,,,,,,"",,,,,,,,"",,,,,,,,,,,,,,,,"",,,,,,,,""
"43-12-71-52",0,"Hectares","","",,"",,,,,,,,,,,"",,,,,,,,"",,,,,,,,,,,,,,,,"",,,,,,,,""
"64-05-81-04",1,"Hectares","","",,"",,,,,,,,,,,"",,,,,,,,"",,,,,,,,,,,,,,,,"",,,,,,,,""
"52-46-02-95",0,"Hectares","","",,"",,,,,,,,,,,"",,,,,,,,"",,,,,,,,,,,,,,,,"",,,,,,,,""
"45-07-09-59",0,"Hectares","","",,"",,,,,,,,,,,"",,,,,,,,"",,,,,,,,,,,,,,,,"",,,,,,,,""
"52-28-82-48",0,"Hectares","","",,"",,,,,,,,,,,"",,,,,,,,"",,,,,,,,,,,,,,,,"",,,,,,,,""
"72-80-69-88",0,"Hectares","","",,"",,,,,,,,,,,"",,,,,,,,"",,,,,,,,,,,,,,,,"",,,,,,,,""
"17-89-78-78",1,"Hectares","","",,"",,,,,,,,,,,"",,,,,,,,"",,,,,,,,,,,,,,,,"",,,,,,,,""
"07-52-31-91",0,"Hectares","","",,"",,,,,,,,,,,"",,,,,,,,"",,,,,,,,,,,,,,,,"",,,,,,,,""
"99-68-20-94",1,"Hectares","","",,"",,,,,,,,,,,"",,,,,,,,"",,,,,,,,,,,,,,,,"",,,,,,,,""
"84-66-38-33",0,"Hectares","","",,"",,,,,,,,,,,"",,,,,,,,"",,,,,,,,,,,,,,,,"",,,,,,,,""
"39-36-01-20",0,"Hectares","","",,"",,,,,,,,,,,"",,,,,,,,"",,,,,,,,,,,,,,,,"",,,,,,,,""
"05-30-74-26",0,"Hectares","","",,"",,,,,,,,,,,"",,,,,,,,"",,,,,,,,,,,,,,,,"",,,,,,,,""
"22-19-53-02",1,"Hectares","","",,"",,,,,,,,,,,"",,,,,,,,"",,,,,,,,,,,,,,,,"",,,,,,,,""
"20-37-92-05",2,"Hectares","","",,"",,,,,,,,,,,"",,,,,,,,"",,,,,,,,,,,,,,,,"",,,,,,,,""
"67-95-64-84",1,"Hectares","","",,"",,,,,,,,,,,"",,,,,,,,"",,,,,,,,,,,,,,,,"",,,,,,,,""
"67-07-39-08",1,"Hectares","","",,"",,,,,,,,,,,"",,,,,,,,"",,,,,,,,,,,,,,,,"",,,,,,,,""
"72-66-07-18",0,"Hectares","","",,"",,,,,,,,,,,"",,,,,,,,"",,,,,,,,,,,,,,,,"",,,,,,,,""
"72-69-50-37",0,"Hectares","","",,"",,,,,,,,,,,"",,,,,,,,"",,,,,,,,,,,,,,,,"",,,,,,,,""
"53-41-55-25",0,"Hectares","","",,"",,,,,,,,,,,"",,,,,,,,"",,,,,,,,,,,,,,,,"",,,,,,,,""
"99-40-82-80",2,"Hectares","","",,"",,,,,,,,,,,"",,,,,,,,"",,,,,,,,,,,,,,,,"",,,,,,,,""
"23-54-03-81",0,"Hectares","","",,"",,,,,,,,,,,"",,,,,,,,"",,,,,,,,,,,,,,,,"",,,,,,,,""
"27-20-78-36",1,"Other➡️ Please specify","metre squared","",,"",,,,,,,,,,,"",,,,,,,,"",,,,,,,,,,,,,,,,"",,,,,,,,""
"84-90-94-70",0,"Other➡️ Please specify","Metre","",,"",,,,,,,,,,,"",,,,,,,,"",,,,,,,,,,,,,,,,"",,,,,,,,""
"03-79-50-93",5,"Hectares","","",,"",,,,,,,,,,,"",,,,,,,,"",,,,,,,,,,,,,,,,"",,,,,,,,""
"83-85-13-86",0,"Hectares","","",,"",,,,,,,,,,,"",,,,,,,,"",,,,,,,,,,,,,,,,"",,,,,,,,""
"91-24-08-83",0,"Hectares","","",,"",,,,,,,,,,,"",,,,,,,,"",,,,,,,,,,,,,,,,"",,,,,,,,""
"25-32-96-44",0,"Hectares","","",,"",,,,,,,,,,,"",,,,,,,,"",,,,,,,,,,,,,,,,"",,,,,,,,""
"97-99-83-33",0,"Hectares","","",,"",,,,,,,,,,,"",,,,,,,,"",,,,,,,,,,,,,,,,"",,,,,,,,""
"55-35-77-06",1,"Hectares","","",,"",,,,,,,,,,,"",,,,,,,,"",,,,,,,,,,,,,,,,"",,,,,,,,""
"05-01-06-84",12,"Hectares","","",,"",,,,,,,,,,,"",,,,,,,,"",,,,,,,,,,,,,,,,"",,,,,,,,""
"49-78-46-84",1,"Hectares","","",,"",,,,,,,,,,,"",,,,,,,,"",,,,,,,,,,,,,,,,"",,,,,,,,""
"96-34-51-79",0,"Hectares","","",,"",,,,,,,,,,,"",,,,,,,,"",,,,,,,,,,,,,,,,"",,,,,,,,""
"05-90-60-44",0,"Hectares","","",,"",,,,,,,,,,,"",,,,,,,,"",,,,,,,,,,,,,,,,"",,,,,,,,""
"32-72-73-42",0,"Hectares","","",,"",,,,,,,,,,,"",,,,,,,,"",,,,,,,,,,,,,,,,"",,,,,,,,""
"94-88-32-78",0,"Hectares","","",,"",,,,,,,,,,,"",,,,,,,,"",,,,,,,,,,,,,,,,"",,,,,,,,""
"18-56-14-23",0,"Hectares","","",,"",,,,,,,,,,,"",,,,,,,,"",,,,,,,,,,,,,,,,"",,,,,,,,""
"84-22-47-37",1,"Hectares","","",,"",,,,,,,,,,,"",,,,,,,,"",,,,,,,,,,,,,,,,"",,,,,,,,""
"44-69-61-71",1,"Hectares","","",,"",,,,,,,,,,,"",,,,,,,,"",,,,,,,,,,,,,,,,"",,,,,,,,""
"05-76-24-30",0,"Hectares","","",,"",,,,,,,,,,,"",,,,,,,,"",,,,,,,,,,,,,,,,"",,,,,,,,""
"72-65-35-75",0,"Hectares","","",,"",,,,,,,,,,,"",,,,,,,,"",,,,,,,,,,,,,,,,"",,,,,,,,""
"92-30-60-06",1,"Hectares","","",,"",,,,,,,,,,,"",,,,,,,,"",,,,,,,,,,,,,,,,"",,,,,,,,""
"94-77-43-36",1,"Hectares","","",,"",,,,,,,,,,,"",,,,,,,,"",,,,,,,,,,,,,,,,"",,,,,,,,""
"72-37-57-39",0,"Hectares","","",,"",,,,,,,,,,,"",,,,,,,,"",,,,,,,,,,,,,,,,"",,,,,,,,""
"76-02-50-71",0,"Hectares","","",,"",,,,,,,,,,,"",,,,,,,,"",,,,,,,,,,,,,,,,"",,,,,,,,""
"75-53-97-04",1,"Hectares","","",,"",,,,,,,,,,,"",,,,,,,,"",,,,,,,,,,,,,,,,"",,,,,,,,""
"61-20-94-35",0,"Hectares","","",,"",,,,,,,,,,,"",,,,,,,,"",,,,,,,,,,,,,,,,"",,,,,,,,""
"33-94-27-06",2,"Hectares","","",,"",,,,,,,,,,,"",,,,,,,,"",,,,,,,,,,,,,,,,"",,,,,,,,""
"02-07-42-94",0,"Hectares","","",,"",,,,,,,,,,,"",,,,,,,,"",,,,,,,,,,,,,,,,"",,,,,,,,""
"48-79-63-92",0,"Hectares","","",,"",,,,,,,,,,,"",,,,,,,,"",,,,,,,,,,,,,,,,"",,,,,,,,""
"87-31-98-00",0,"Hectares","","",,"",,,,,,,,,,,"",,,,,,,,"",,,,,,,,,,,,,,,,"",,,,,,,,""
"68-12-26-88",0,"Hectares","","",,"",,,,,,,,,,,"",,,,,,,,"",,,,,,,,,,,,,,,,"",,,,,,,,""
"21-07-91-22",3,"Hectares","","",,"",,,,,,,,,,,"",,,,,,,,"",,,,,,,,,,,,,,,,"",,,,,,,,""
"59-08-91-97",1,"Hectares","","",,"",,,,,,,,,,,"",,,,,,,,"",,,,,,,,,,,,,,,,"",,,,,,,,""
"15-39-44-44",1,"Hectares","","",,"",,,,,,,,,,,"",,,,,,,,"",,,,,,,,,,,,,,,,"",,,,,,,,""
"70-81-99-80",0,"Hectares","","",,"",,,,,,,,,,,"",,,,,,,,"",,,,,,,,,,,,,,,,"",,,,,,,,""
"57-32-99-06",2,"Hectares","","",,"",,,,,,,,,,,"",,,,,,,,"",,,,,,,,,,,,,,,,"",,,,,,,,""
"60-00-51-13",0,"Hectares","","",,"",,,,,,,,,,,"",,,,,,,,"",,,,,,,,,,,,,,,,"",,,,,,,,""
"03-72-03-14",1,"Hectares","","",,"",,,,,,,,,,,"",,,,,,,,"",,,,,,,,,,,,,,,,"",,,,,,,,""
"32-51-19-72",0,"Hectares","","",,"",,,,,,,,,,,"",,,,,,,,"",,,,,,,,,,,,,,,,"",,,,,,,,""
"95-19-87-73",0,"Hectares","","",,"",,,,,,,,,,,"",,,,,,,,"",,,,,,,,,,,,,,,,"",,,,,,,,""
"09-07-28-33",0,"Hectares","","",,"",,,,,,,,,,,"",,,,,,,,"",,,,,,,,,,,,,,,,"",,,,,,,,""
"82-76-66-89",0,"Hectares","","",,"",,,,,,,,,,,"",,,,,,,,"",,,,,,,,,,,,,,,,"",,,,,,,,""
"32-84-70-99",0,"Hectares","","",,"",,,,,,,,,,,"",,,,,,,,"",,,,,,,,,,,,,,,,"",,,,,,,,""
"97-60-60-10",0,"Hectares","","",,"",,,,,,,,,,,"",,,,,,,,"",,,,,,,,,,,,,,,,"",,,,,,,,""
"77-34-61-84",0,"Hectares","","",,"",,,,,,,,,,,"",,,,,,,,"",,,,,,,,,,,,,,,,"",,,,,,,,""
"51-45-20-69",1,"Hectares","","",,"",,,,,,,,,,,"",,,,,,,,"",,,,,,,,,,,,,,,,"",,,,,,,,""
"56-62-79-46",0,"Hectares","","",,"",,,,,,,,,,,"",,,,,,,,"",,,,,,,,,,,,,,,,"",,,,,,,,""
"11-13-66-94",0,"Hectares","","",,"",,,,,,,,,,,"",,,,,,,,"",,,,,,,,,,,,,,,,"",,,,,,,,""
"15-09-86-52",0,"Hectares","","",,"",,,,,,,,,,,"",,,,,,,,"",,,,,,,,,,,,,,,,"",,,,,,,,""
"91-02-01-07",0,"Hectares","","",,"",,,,,,,,,,,"",,,,,,,,"",,,,,,,,,,,,,,,,"",,,,,,,,""
"38-98-52-39",0,"Hectares","","",,"",,,,,,,,,,,"",,,,,,,,"",,,,,,,,,,,,,,,,"",,,,,,,,""
"91-79-46-21",0,"Hectares","","",,"",,,,,,,,,,,"",,,,,,,,"",,,,,,,,,,,,,,,,"",,,,,,,,""
"09-72-08-00",0,"Hectares","","",,"",,,,,,,,,,,"",,,,,,,,"",,,,,,,,,,,,,,,,"",,,,,,,,""
"25-52-14-98",0,"Hectares","","",,"",,,,,,,,,,,"",,,,,,,,"",,,,,,,,,,,,,,,,"",,,,,,,,""
"54-44-91-10",0,"Hectares","","",,"",,,,,,,,,,,"",,,,,,,,"",,,,,,,,,,,,,,,,"",,,,,,,,""
"76-65-29-85",0,"Hectares","","",,"",,,,,,,,,,,"",,,,,,,,"",,,,,,,,,,,,,,,,"",,,,,,,,""
"02-98-88-27",0,"Hectares","","",,"",,,,,,,,,,,"",,,,,,,,"",,,,,,,,,,,,,,,,"",,,,,,,,""
"94-29-79-85",1,"Hectares","","",,"",,,,,,,,,,,"",,,,,,,,"",,,,,,,,,,,,,,,,"",,,,,,,,""
"73-36-17-40",0,"Hectares","","",,"",,,,,,,,,,,"",,,,,,,,"",,,,,,,,,,,,,,,,"",,,,,,,,""
"42-46-38-01",0,"Hectares","","",,"",,,,,,,,,,,"",,,,,,,,"",,,,,,,,,,,,,,,,"",,,,,,,,""
"73-70-95-80",0,"Hectares","","",,"",,,,,,,,,,,"",,,,,,,,"",,,,,,,,,,,,,,,,"",,,,,,,,""
"72-84-79-72",0,"Hectares","","",,"",,,,,,,,,,,"",,,,,,,,"",,,,,,,,,,,,,,,,"",,,,,,,,""
"65-38-87-54",0,"Hectares","","",,"",,,,,,,,,,,"",,,,,,,,"",,,,,,,,,,,,,,,,"",,,,,,,,""
"94-91-03-07",1,"Hectares","","",,"",,,,,,,,,,,"",,,,,,,,"",,,,,,,,,,,,,,,,"",,,,,,,,""
"43-00-27-37",1,"Hectares","","",,"",,,,,,,,,,,"",,,,,,,,"",,,,,,,,,,,,,,,,"",,,,,,,,""
"97-63-44-51",0,"Hectares","","",,"",,,,,,,,,,,"",,,,,,,,"",,,,,,,,,,,,,,,,"",,,,,,,,""
"13-97-69-06",1,"Hectares","","",,"",,,,,,,,,,,"",,,,,,,,"",,,,,,,,,,,,,,,,"",,,,,,,,""
"64-91-38-41",0,"Hectares","","",,"",,,,,,,,,,,"",,,,,,,,"",,,,,,,,,,,,,,,,"",,,,,,,,""
"81-33-83-30",1,"Hectares","","",,"",,,,,,,,,,,"",,,,,,,,"",,,,,,,,,,,,,,,,"",,,,,,,,""
"19-42-84-15",0,"Hectares","","",,"",,,,,,,,,,,"",,,,,,,,"",,,,,,,,,,,,,,,,"",,,,,,,,""
"13-49-27-25",0,"Hectares","","",,"",,,,,,,,,,,"",,,,,,,,"",,,,,,,,,,,,,,,,"",,,,,,,,""
"08-12-43-59",0,"Hectares","","",,"",,,,,,,,,,,"",,,,,,,,"",,,,,,,,,,,,,,,,"",,,,,,,,""
"82-85-64-69",0,"Hectares","","",,"",,,,,,,,,,,"",,,,,,,,"",,,,,,,,,,,,,,,,"",,,,,,,,""
"22-02-04-35",1,"Hectares","","",,"",,,,,,,,,,,"",,,,,,,,"",,,,,,,,,,,,,,,,"",,,,,,,,""
"00-91-45-36",0,"Hectares","","",,"",,,,,,,,,,,"",,,,,,,,"",,,,,,,,,,,,,,,,"",,,,,,,,""
"11-05-72-97",0,"Hectares","","",,"",,,,,,,,,,,"",,,,,,,,"",,,,,,,,,,,,,,,,"",,,,,,,,""
"16-99-02-10",0,"Hectares","","",,"",,,,,,,,,,,"",,,,,,,,"",,,,,,,,,,,,,,,,"",,,,,,,,""
"31-99-53-07",0,"Hectares","","",,"",,,,,,,,,,,"",,,,,,,,"",,,,,,,,,,,,,,,,"",,,,,,,,""
"48-93-31-20",3,"Hectares","","",,"",,,,,,,,,,,"",,,,,,,,"",,,,,,,,,,,,,,,,"",,,,,,,,""
"87-13-21-98",0,"Hectares","","",,"",,,,,,,,,,,"",,,,,,,,"",,,,,,,,,,,,,,,,"",,,,,,,,""
"55-27-15-85",1,"Hectares","","",,"",,,,,,,,,,,"",,,,,,,,"",,,,,,,,,,,,,,,,"",,,,,,,,""
"59-41-96-68",5,"Hectares","","",,"",,,,,,,,,,,"",,,,,,,,"",,,,,,,,,,,,,,,,"",,,,,,,,""
"22-18-88-41",0,"Hectares","","",,"",,,,,,,,,,,"",,,,,,,,"",,,,,,,,,,,,,,,,"",,,,,,,,""
"24-64-78-21",1,"Hectares","","",,"",,,,,,,,,,,"",,,,,,,,"",,,,,,,,,,,,,,,,"",,,,,,,,""
"86-04-16-80",2,"Hectares","","",,"",,,,,,,,,,,"",,,,,,,,"",,,,,,,,,,,,,,,,"",,,,,,,,""
"92-49-74-52",1,"Hectares","","",,"",,,,,,,,,,,"",,,,,,,,"",,,,,,,,,,,,,,,,"",,,,,,,,""
"24-72-61-31",1,"Hectares","","",,"",,,,,,,,,,,"",,,,,,,,"",,,,,,,,,,,,,,,,"",,,,,,,,""
"04-92-41-49",0,"Hectares","","",,"",,,,,,,,,,,"",,,,,,,,"",,,,,,,,,,,,,,,,"",,,,,,,,""
"10-43-22-87",0,"Hectares","","",,"",,,,,,,,,,,"",,,,,,,,"",,,,,,,,,,,,,,,,"",,,,,,,,""
"32-83-01-09",0,"Hectares","","",,"",,,,,,,,,,,"",,,,,,,,"",,,,,,,,,,,,,,,,"",,,,,,,,""
"79-05-50-27",0,"Hectares","","",,"",,,,,,,,,,,"",,,,,,,,"",,,,,,,,,,,,,,,,"",,,,,,,,""
"27-16-23-86",1,"Hectares","","",,"",,,,,,,,,,,"",,,,,,,,"",,,,,,,,,,,,,,,,"",,,,,,,,""
"12-61-67-91",0,"Hectares","","",,"",,,,,,,,,,,"",,,,,,,,"",,,,,,,,,,,,,,,,"",,,,,,,,""
"58-55-75-07",0,"Hectares","","",,"",,,,,,,,,,,"",,,,,,,,"",,,,,,,,,,,,,,,,"",,,,,,,,""
"00-06-72-58",1,"Hectares","","",,"",,,,,,,,,,,"",,,,,,,,"",,,,,,,,,,,,,,,,"",,,,,,,,""
"45-71-57-97",0,"Hectares","","",,"",,,,,,,,,,,"",,,,,,,,"",,,,,,,,,,,,,,,,"",,,,,,,,""
"18-81-00-96",0,"Hectares","","",,"",,,,,,,,,,,"",,,,,,,,"",,,,,,,,,,,,,,,,"",,,,,,,,""
"09-79-14-71",0,"Hectares","","",,"",,,,,,,,,,,"",,,,,,,,"",,,,,,,,,,,,,,,,"",,,,,,,,""
"71-80-89-34",0,"Hectares","","",,"",,,,,,,,,,,"",,,,,,,,"",,,,,,,,,,,,,,,,"",,,,,,,,""
"05-16-40-57",1,"Hectares","","",,"",,,,,,,,,,,"",,,,,,,,"",,,,,,,,,,,,,,,,"",,,,,,,,""
"11-65-24-94",2,"Hectares","","",,"",,,,,,,,,,,"",,,,,,,,"",,,,,,,,,,,,,,,,"",,,,,,,,""
"55-44-38-36",1,"Hectares","","",,"",,,,,,,,,,,"",,,,,,,,"",,,,,,,,,,,,,,,,"",,,,,,,,""
"84-73-72-31",1,"Hectares","","",,"",,,,,,,,,,,"",,,,,,,,"",,,,,,,,,,,,,,,,"",,,,,,,,""
"37-03-14-78",1,"Hectares","","",,"",,,,,,,,,,,"",,,,,,,,"",,,,,,,,,,,,,,,,"",,,,,,,,""
"77-78-34-26",0,"Hectares","","",,"",,,,,,,,,,,"",,,,,,,,"",,,,,,,,,,,,,,,,"",,,,,,,,""
"92-09-46-86",1,"Hectares","","",,"",,,,,,,,,,,"",,,,,,,,"",,,,,,,,,,,,,,,,"",,,,,,,,""
"27-55-59-32",0,"Hectares","","",,"",,,,,,,,,,,"",,,,,,,,"",,,,,,,,,,,,,,,,"",,,,,,,,""
"65-23-07-01",0,"Hectares","","",,"",,,,,,,,,,,"",,,,,,,,"",,,,,,,,,,,,,,,,"",,,,,,,,""
"79-30-25-19",0,"Hectares","","",,"",,,,,,,,,,,"",,,,,,,,"",,,,,,,,,,,,,,,,"",,,,,,,,""
"75-18-13-88",0,"Hectares","","",,"",,,,,,,,,,,"",,,,,,,,"",,,,,,,,,,,,,,,,"",,,,,,,,""
"40-16-04-38",1,"Hectares","","",,"",,,,,,,,,,,"",,,,,,,,"",,,,,,,,,,,,,,,,"",,,,,,,,""
"49-34-25-75",1,"Hectares","","",,"",,,,,,,,,,,"",,,,,,,,"",,,,,,,,,,,,,,,,"",,,,,,,,""
"02-31-03-32",0,"Hectares","","",,"",,,,,,,,,,,"",,,,,,,,"",,,,,,,,,,,,,,,,"",,,,,,,,""
"88-23-45-95",1,"Hectares","","",,"",,,,,,,,,,,"",,,,,,,,"",,,,,,,,,,,,,,,,"",,,,,,,,""
"92-15-40-92",0,"Hectares","","",,"",,,,,,,,,,,"",,,,,,,,"",,,,,,,,,,,,,,,,"",,,,,,,,""
"06-55-62-53",0,"Hectares","","",,"",,,,,,,,,,,"",,,,,,,,"",,,,,,,,,,,,,,,,"",,,,,,,,""
"57-74-77-03",0,"Hectares","","",,"",,,,,,,,,,,"",,,,,,,,"",,,,,,,,,,,,,,,,"",,,,,,,,""
"28-44-25-15",1,"Hectares","","",,"",,,,,,,,,,,"",,,,,,,,"",,,,,,,,,,,,,,,,"",,,,,,,,""
"90-03-82-22",0,"Hectares","","",,"",,,,,,,,,,,"",,,,,,,,"",,,,,,,,,,,,,,,,"",,,,,,,,""
"24-47-59-03",0,"Hectares","","",,"",,,,,,,,,,,"",,,,,,,,"",,,,,,,,,,,,,,,,"",,,,,,,,""
"23-30-88-30",0,"Hectares","","",,"",,,,,,,,,,,"",,,,,,,,"",,,,,,,,,,,,,,,,"",,,,,,,,""
"72-38-90-85",0,"Hectares","","",,"",,,,,,,,,,,"",,,,,,,,"",,,,,,,,,,,,,,,,"",,,,,,,,""
"76-02-43-67",2,"Hectares","","",,"",,,,,,,,,,,"",,,,,,,,"",,,,,,,,,,,,,,,,"",,,,,,,,""
"58-63-03-99",1,"Hectares","","",,"",,,,,,,,,,,"",,,,,,,,"",,,,,,,,,,,,,,,,"",,,,,,,,""
"53-04-65-79",0,"Hectares","","",,"",,,,,,,,,,,"",,,,,,,,"",,,,,,,,,,,,,,,,"",,,,,,,,""
"48-16-15-04",0,"Hectares","","",,"",,,,,,,,,,,"",,,,,,,,"",,,,,,,,,,,,,,,,"",,,,,,,,""
"85-34-28-65",0,"Hectares","","",,"",,,,,,,,,,,"",,,,,,,,"",,,,,,,,,,,,,,,,"",,,,,,,,""
"08-72-41-04",6,"Hectares","","",,"",,,,,,,,,,,"",,,,,,,,"",,,,,,,,,,,,,,,,"",,,,,,,,""
"48-20-18-94",1,"Hectares","","",,"",,,,,,,,,,,"",,,,,,,,"",,,,,,,,,,,,,,,,"",,,,,,,,""
"56-53-54-49",3,"Hectares","","",,"",,,,,,,,,,,"",,,,,,,,"",,,,,,,,,,,,,,,,"",,,,,,,,""
"01-08-40-07",4,"Hectares","","",,"",,,,,,,,,,,"",,,,,,,,"",,,,,,,,,,,,,,,,"",,,,,,,,""
"74-08-40-24",1,"Hectares","","",,"",,,,,,,,,,,"",,,,,,,,"",,,,,,,,,,,,,,,,"",,,,,,,,""
"14-31-43-40",1,"Hectares","","",,"",,,,,,,,,,,"",,,,,,,,"",,,,,,,,,,,,,,,,"",,,,,,,,""
"24-80-99-00",0,"Hectares","","",,"",,,,,,,,,,,"",,,,,,,,"",,,,,,,,,,,,,,,,"",,,,,,,,""
"40-28-46-68",0,"Hectares","","",,"",,,,,,,,,,,"",,,,,,,,"",,,,,,,,,,,,,,,,"",,,,,,,,""
"31-20-26-05",0,"Hectares","","",,"",,,,,,,,,,,"",,,,,,,,"",,,,,,,,,,,,,,,,"",,,,,,,,""
"37-39-15-65",1,"Hectares","","",,"",,,,,,,,,,,"",,,,,,,,"",,,,,,,,,,,,,,,,"",,,,,,,,""
"45-44-88-31",1,"Hectares","","",,"",,,,,,,,,,,"",,,,,,,,"",,,,,,,,,,,,,,,,"",,,,,,,,""
"91-91-62-09",0,"Hectares","","",,"",,,,,,,,,,,"",,,,,,,,"",,,,,,,,,,,,,,,,"",,,,,,,,""
"88-82-89-39",0,"Hectares","","",,"",,,,,,,,,,,"",,,,,,,,"",,,,,,,,,,,,,,,,"",,,,,,,,""
"79-34-34-89",1,"Hectares","","",,"",,,,,,,,,,,"",,,,,,,,"",,,,,,,,,,,,,,,,"",,,,,,,,""
"07-03-46-78",0,"Hectares","","",,"",,,,,,,,,,,"",,,,,,,,"",,,,,,,,,,,,,,,,"",,,,,,,,""
"52-55-71-22",1,"Hectares","","",,"",,,,,,,,,,,"",,,,,,,,"",,,,,,,,,,,,,,,,"",,,,,,,,""
"42-79-46-81",1,"Hectares","","",,"",,,,,,,,,,,"",,,,,,,,"",,,,,,,,,,,,,,,,"",,,,,,,,""
"39-12-44-07",0,"Hectares","","",,"",,,,,,,,,,,"",,,,,,,,"",,,,,,,,,,,,,,,,"",,,,,,,,""
"21-92-10-43",0,"Hectares","","",,"",,,,,,,,,,,"",,,,,,,,"",,,,,,,,,,,,,,,,"",,,,,,,,""
"29-41-63-44",0,"Hectares","","",,"",,,,,,,,,,,"",,,,,,,,"",,,,,,,,,,,,,,,,"",,,,,,,,""
"19-83-50-72",1,"Hectares","","",,"",,,,,,,,,,,"",,,,,,,,"",,,,,,,,,,,,,,,,"",,,,,,,,""
"58-42-18-32",0,"Hectares","","",,"",,,,,,,,,,,"",,,,,,,,"",,,,,,,,,,,,,,,,"",,,,,,,,""
"48-22-87-49",0,"Hectares","","",,"",,,,,,,,,,,"",,,,,,,,"",,,,,,,,,,,,,,,,"",,,,,,,,""
"85-54-41-38",0,"Hectares","","",,"",,,,,,,,,,,"",,,,,,,,"",,,,,,,,,,,,,,,,"",,,,,,,,""
"91-10-07-30",0,"Hectares","","",,"",,,,,,,,,,,"",,,,,,,,"",,,,,,,,,,,,,,,,"",,,,,,,,""
"12-91-55-52",0,"Hectares","","",,"",,,,,,,,,,,"",,,,,,,,"",,,,,,,,,,,,,,,,"",,,,,,,,""
"74-40-02-20",1,"Hectares","","",,"",,,,,,,,,,,"",,,,,,,,"",,,,,,,,,,,,,,,,"",,,,,,,,""
"09-31-11-33",2,"Hectares","","",,"",,,,,,,,,,,"",,,,,,,,"",,,,,,,,,,,,,,,,"",,,,,,,,""
"87-08-33-34",0,"Hectares","","",,"",,,,,,,,,,,"",,,,,,,,"",,,,,,,,,,,,,,,,"",,,,,,,,""
"61-84-77-75",0,"Hectares","","",,"",,,,,,,,,,,"",,,,,,,,"",,,,,,,,,,,,,,,,"",,,,,,,,""
"75-58-44-85",0,"Hectares","","",,"",,,,,,,,,,,"",,,,,,,,"",,,,,,,,,,,,,,,,"",,,,,,,,""
"11-16-18-86",0,"Hectares","","",,"",,,,,,,,,,,"",,,,,,,,"",,,,,,,,,,,,,,,,"",,,,,,,,""
"04-26-72-23",1,"Hectares","","",,"",,,,,,,,,,,"",,,,,,,,"",,,,,,,,,,,,,,,,"",,,,,,,,""
"54-13-05-65",0,"Hectares","","",,"",,,,,,,,,,,"",,,,,,,,"",,,,,,,,,,,,,,,,"",,,,,,,,""
"23-66-97-33",0,"Hectares","","",,"",,,,,,,,,,,"",,,,,,,,"",,,,,,,,,,,,,,,,"",,,,,,,,""
"06-64-69-84",0,"Hectares","","",,"",,,,,,,,,,,"",,,,,,,,"",,,,,,,,,,,,,,,,"",,,,,,,,""
"56-62-10-52",1,"Hectares","","",,"",,,,,,,,,,,"",,,,,,,,"",,,,,,,,,,,,,,,,"",,,,,,,,""
"05-04-82-73",0,"Hectares","","",,"",,,,,,,,,,,"",,,,,,,,"",,,,,,,,,,,,,,,,"",,,,,,,,""
"03-81-35-88",1,"Hectares","","",,"",,,,,,,,,,,"",,,,,,,,"",,,,,,,,,,,,,,,,"",,,,,,,,""
"87-65-62-49",0,"Hectares","","",,"",,,,,,,,,,,"",,,,,,,,"",,,,,,,,,,,,,,,,"",,,,,,,,""
"95-74-95-07",0,"Hectares","","",,"",,,,,,,,,,,"",,,,,,,,"",,,,,,,,,,,,,,,,"",,,,,,,,""
"51-31-85-01",0,"Hectares","","",,"",,,,,,,,,,,"",,,,,,,,"",,,,,,,,,,,,,,,,"",,,,,,,,""
"51-50-93-70",0,"Hectares","","",,"",,,,,,,,,,,"",,,,,,,,"",,,,,,,,,,,,,,,,"",,,,,,,,""
"43-24-35-84",1,"Hectares","","",,"",,,,,,,,,,,"",,,,,,,,"",,,,,,,,,,,,,,,,"",,,,,,,,""
"89-88-34-15",1,"Hectares","","",,"",,,,,,,,,,,"",,,,,,,,"",,,,,,,,,,,,,,,,"",,,,,,,,""
"14-85-25-58",0,"Hectares","","",,"",,,,,,,,,,,"",,,,,,,,"",,,,,,,,,,,,,,,,"",,,,,,,,""
"46-82-10-07",0,"Hectares","","",,"",,,,,,,,,,,"",,,,,,,,"",,,,,,,,,,,,,,,,"",,,,,,,,""
"80-79-44-48",2,"Hectares","","",,"",,,,,,,,,,,"",,,,,,,,"",,,,,,,,,,,,,,,,"",,,,,,,,""
"86-55-30-87",0,"Hectares","","",,"",,,,,,,,,,,"",,,,,,,,"",,,,,,,,,,,,,,,,"",,,,,,,,""
"95-51-95-92",0,"Hectares","","",,"",,,,,,,,,,,"",,,,,,,,"",,,,,,,,,,,,,,,,"",,,,,,,,""
"89-51-80-40",1,"Hectares","","",,"",,,,,,,,,,,"",,,,,,,,"",,,,,,,,,,,,,,,,"",,,,,,,,""
"80-53-41-39",0,"Hectares","","",,"",,,,,,,,,,,"",,,,,,,,"",,,,,,,,,,,,,,,,"",,,,,,,,""
"59-60-43-57",0,"Hectares","","",,"",,,,,,,,,,,"",,,,,,,,"",,,,,,,,,,,,,,,,"",,,,,,,,""
"87-22-49-94",2,"Hectares","","",,"",,,,,,,,,,,"",,,,,,,,"",,,,,,,,,,,,,,,,"",,,,,,,,""
"98-98-98-22",1,"Hectares","","",,"",,,,,,,,,,,"",,,,,,,,"",,,,,,,,,,,,,,,,"",,,,,,,,""
"19-11-80-87",1,"Hectares","","",,"",,,,,,,,,,,"",,,,,,,,"",,,,,,,,,,,,,,,,"",,,,,,,,""
"02-55-85-64",1,"Hectares","","",,"",,,,,,,,,,,"",,,,,,,,"",,,,,,,,,,,,,,,,"",,,,,,,,""
"61-35-56-51",0,"Hectares","","",,"",,,,,,,,,,,"",,,,,,,,"",,,,,,,,,,,,,,,,"",,,,,,,,""
"57-52-43-19",0,"Hectares","","",,"",,,,,,,,,,,"",,,,,,,,"",,,,,,,,,,,,,,,,"",,,,,,,,""
"39-14-69-76",0,"Hectares","","",,"",,,,,,,,,,,"",,,,,,,,"",,,,,,,,,,,,,,,,"",,,,,,,,""
"72-36-49-36",2,"Hectares","","",,"",,,,,,,,,,,"",,,,,,,,"",,,,,,,,,,,,,,,,"",,,,,,,,""
"80-82-49-42",0,"Hectares","","",,"",,,,,,,,,,,"",,,,,,,,"",,,,,,,,,,,,,,,,"",,,,,,,,""
"47-81-87-67",1,"Hectares","","",,"",,,,,,,,,,,"",,,,,,,,"",,,,,,,,,,,,,,,,"",,,,,,,,""
"55-33-21-42",0,"Hectares","","",,"",,,,,,,,,,,"",,,,,,,,"",,,,,,,,,,,,,,,,"",,,,,,,,""
"42-50-27-40",1,"Hectares","","",,"",,,,,,,,,,,"",,,,,,,,"",,,,,,,,,,,,,,,,"",,,,,,,,""
"74-79-87-37",0,"Hectares","","",,"",,,,,,,,,,,"",,,,,,,,"",,,,,,,,,,,,,,,,"",,,,,,,,""
"32-64-27-45",1,"Hectares","","",,"",,,,,,,,,,,"",,,,,,,,"",,,,,,,,,,,,,,,,"",,,,,,,,""
"43-28-98-57",1,"Hectares","","",,"",,,,,,,,,,,"",,,,,,,,"",,,,,,,,,,,,,,,,"",,,,,,,,""
"28-12-52-92",0,"Hectares","","",,"",,,,,,,,,,,"",,,,,,,,"",,,,,,,,,,,,,,,,"",,,,,,,,""
"98-31-37-04",0,"Hectares","","",,"",,,,,,,,,,,"",,,,,,,,"",,,,,,,,,,,,,,,,"",,,,,,,,""
"50-46-09-53",0,"Hectares","","",,"",,,,,,,,,,,"",,,,,,,,"",,,,,,,,,,,,,,,,"",,,,,,,,""
"48-80-48-31",1,"Hectares","","",,"",,,,,,,,,,,"",,,,,,,,"",,,,,,,,,,,,,,,,"",,,,,,,,""
"59-69-31-11",0,"Hectares","","",,"",,,,,,,,,,,"",,,,,,,,"",,,,,,,,,,,,,,,,"",,,,,,,,""
"68-17-57-15",0,"Hectares","","",,"",,,,,,,,,,,"",,,,,,,,"",,,,,,,,,,,,,,,,"",,,,,,,,""
"65-67-13-71",0,"Hectares","","",,"",,,,,,,,,,,"",,,,,,,,"",,,,,,,,,,,,,,,,"",,,,,,,,""
"14-98-70-62",0,"Hectares","","",,"",,,,,,,,,,,"",,,,,,,,"",,,,,,,,,,,,,,,,"",,,,,,,,""
"25-90-19-11",1,"Hectares","","",,"",,,,,,,,,,,"",,,,,,,,"",,,,,,,,,,,,,,,,"",,,,,,,,""
"45-83-41-38",3,"Hectares","","",,"",,,,,,,,,,,"",,,,,,,,"",,,,,,,,,,,,,,,,"",,,,,,,,""
"95-39-93-93",0,"Hectares","","",,"",,,,,,,,,,,"",,,,,,,,"",,,,,,,,,,,,,,,,"",,,,,,,,""
"61-12-40-36",0,"Hectares","","",,"",,,,,,,,,,,"",,,,,,,,"",,,,,,,,,,,,,,,,"",,,,,,,,""
"11-71-40-81",0,"Hectares","","",,"",,,,,,,,,,,"",,,,,,,,"",,,,,,,,,,,,,,,,"",,,,,,,,""
"36-42-18-14",1,"Hectares","","",,"",,,,,,,,,,,"",,,,,,,,"",,,,,,,,,,,,,,,,"",,,,,,,,""
"19-03-38-46",1,"Hectares","","",,"",,,,,,,,,,,"",,,,,,,,"",,,,,,,,,,,,,,,,"",,,,,,,,""
"92-48-70-16",3,"Hectares","","",,"",,,,,,,,,,,"",,,,,,,,"",,,,,,,,,,,,,,,,"",,,,,,,,""
"34-14-49-72",0,"Hectares","","",,"",,,,,,,,,,,"",,,,,,,,"",,,,,,,,,,,,,,,,"",,,,,,,,""
"22-89-40-33",0,"Hectares","","",,"",,,,,,,,,,,"",,,,,,,,"",,,,,,,,,,,,,,,,"",,,,,,,,""
"37-39-45-84",1,"Hectares","","",,"",,,,,,,,,,,"",,,,,,,,"",,,,,,,,,,,,,,,,"",,,,,,,,""
"98-85-46-77",0,"Hectares","","",,"",,,,,,,,,,,"",,,,,,,,"",,,,,,,,,,,,,,,,"",,,,,,,,""
"80-21-91-02",1,"Hectares","","",,"",,,,,,,,,,,"",,,,,,,,"",,,,,,,,,,,,,,,,"",,,,,,,,""
"22-74-67-59",2,"Hectares","","",,"",,,,,,,,,,,"",,,,,,,,"",,,,,,,,,,,,,,,,"",,,,,,,,""
"88-01-88-32",2,"Hectares","","",,"",,,,,,,,,,,"",,,,,,,,"",,,,,,,,,,,,,,,,"",,,,,,,,""
"98-88-56-41",0,"Hectares","","",,"",,,,,,,,,,,"",,,,,,,,"",,,,,,,,,,,,,,,,"",,,,,,,,""
"84-73-38-30",1,"Hectares","","",,"",,,,,,,,,,,"",,,,,,,,"",,,,,,,,,,,,,,,,"",,,,,,,,""
"93-79-44-00",0,"Hectares","","",,"",,,,,,,,,,,"",,,,,,,,"",,,,,,,,,,,,,,,,"",,,,,,,,""
"26-07-22-36",2,"Hectares","","",,"",,,,,,,,,,,"",,,,,,,,"",,,,,,,,,,,,,,,,"",,,,,,,,""
"55-76-99-68",0,"Hectares","","",,"",,,,,,,,,,,"",,,,,,,,"",,,,,,,,,,,,,,,,"",,,,,,,,""
"38-33-66-67",0,"Hectares","","",,"",,,,,,,,,,,"",,,,,,,,"",,,,,,,,,,,,,,,,"",,,,,,,,""
"16-65-54-37",0,"Hectares","","",,"",,,,,,,,,,,"",,,,,,,,"",,,,,,,,,,,,,,,,"",,,,,,,,""
"20-77-43-56",0,"Hectares","","",,"",,,,,,,,,,,"",,,,,,,,"",,,,,,,,,,,,,,,,"",,,,,,,,""
"08-12-15-69",0,"Hectares","","",,"",,,,,,,,,,,"",,,,,,,,"",,,,,,,,,,,,,,,,"",,,,,,,,""
"43-73-48-25",0,"Hectares","","",,"",,,,,,,,,,,"",,,,,,,,"",,,,,,,,,,,,,,,,"",,,,,,,,""
"86-00-77-05",1,"Hectares","","",,"",,,,,,,,,,,"",,,,,,,,"",,,,,,,,,,,,,,,,"",,,,,,,,""
"04-04-14-28",1,"Hectares","","",,"",,,,,,,,,,,"",,,,,,,,"",,,,,,,,,,,,,,,,"",,,,,,,,""
"06-32-06-25",0,"Hectares","","",,"",,,,,,,,,,,"",,,,,,,,"",,,,,,,,,,,,,,,,"",,,,,,,,""
"91-35-74-95",0,"Hectares","","",,"",,,,,,,,,,,"",,,,,,,,"",,,,,,,,,,,,,,,,"",,,,,,,,""
"87-84-09-54",1,"Hectares","","",,"",,,,,,,,,,,"",,,,,,,,"",,,,,,,,,,,,,,,,"",,,,,,,,""
"62-23-61-37",0,"Hectares","","",,"",,,,,,,,,,,"",,,,,,,,"",,,,,,,,,,,,,,,,"",,,,,,,,""
"51-67-29-73",3,"Hectares","","",,"",,,,,,,,,,,"",,,,,,,,"",,,,,,,,,,,,,,,,"",,,,,,,,""
"93-42-86-13",0,"Hectares","","",,"",,,,,,,,,,,"",,,,,,,,"",,,,,,,,,,,,,,,,"",,,,,,,,""
"31-42-54-99",0,"Hectares","","",,"",,,,,,,,,,,"",,,,,,,,"",,,,,,,,,,,,,,,,"",,,,,,,,""
"40-00-25-74",1,"Hectares","","",,"",,,,,,,,,,,"",,,,,,,,"",,,,,,,,,,,,,,,,"",,,,,,,,""
"32-73-63-74",0,"Hectares","","",,"",,,,,,,,,,,"",,,,,,,,"",,,,,,,,,,,,,,,,"",,,,,,,,""
"16-86-88-22",0,"Hectares","","",,"",,,,,,,,,,,"",,,,,,,,"",,,,,,,,,,,,,,,,"",,,,,,,,""
"64-46-66-46",1,"Hectares","","",,"",,,,,,,,,,,"",,,,,,,,"",,,,,,,,,,,,,,,,"",,,,,,,,""
"50-30-92-60",1,"Hectares","","",,"",,,,,,,,,,,"",,,,,,,,"",,,,,,,,,,,,,,,,"",,,,,,,,""
"24-09-68-36",0,"Hectares","","",,"",,,,,,,,,,,"",,,,,,,,"",,,,,,,,,,,,,,,,"",,,,,,,,""
"42-32-41-18",3,"Hectares","","",,"",,,,,,,,,,,"",,,,,,,,"",,,,,,,,,,,,,,,,"",,,,,,,,""
"29-79-40-11",1,"Hectares","","",,"",,,,,,,,,,,"",,,,,,,,"",,,,,,,,,,,,,,,,"",,,,,,,,""
"60-57-49-31",1,"Hectares","","",,"",,,,,,,,,,,"",,,,,,,,"",,,,,,,,,,,,,,,,"",,,,,,,,""
"60-10-68-48",1,"Hectares","","",,"",,,,,,,,,,,"",,,,,,,,"",,,,,,,,,,,,,,,,"",,,,,,,,""
"35-24-82-24",1,"Hectares","","",,"",,,,,,,,,,,"",,,,,,,,"",,,,,,,,,,,,,,,,"",,,,,,,,""
"94-16-94-83",0,"Hectares","","",,"",,,,,,,,,,,"",,,,,,,,"",,,,,,,,,,,,,,,,"",,,,,,,,""
"93-01-93-75",1,"Hectares","","",,"",,,,,,,,,,,"",,,,,,,,"",,,,,,,,,,,,,,,,"",,,,,,,,""
"25-76-97-37",0,"Hectares","","",,"",,,,,,,,,,,"",,,,,,,,"",,,,,,,,,,,,,,,,"",,,,,,,,""
"37-86-89-16",0,"Hectares","","",,"",,,,,,,,,,,"",,,,,,,,"",,,,,,,,,,,,,,,,"",,,,,,,,""
"59-63-12-34",0,"Hectares","","",,"",,,,,,,,,,,"",,,,,,,,"",,,,,,,,,,,,,,,,"",,,,,,,,""
"67-12-10-28",1,"Hectares","","",,"",,,,,,,,,,,"",,,,,,,,"",,,,,,,,,,,,,,,,"",,,,,,,,""
"25-90-81-61",1,"Hectares","","",,"",,,,,,,,,,,"",,,,,,,,"",,,,,,,,,,,,,,,,"",,,,,,,,""
"27-19-89-21",0,"Hectares","","",,"",,,,,,,,,,,"",,,,,,,,"",,,,,,,,,,,,,,,,"",,,,,,,,""
"03-62-40-58",0,"Hectares","","",,"",,,,,,,,,,,"",,,,,,,,"",,,,,,,,,,,,,,,,"",,,,,,,,""
"60-29-48-02",0,"Hectares","","",,"",,,,,,,,,,,"",,,,,,,,"",,,,,,,,,,,,,,,,"",,,,,,,,""
"93-40-82-23",1,"Hectares","","",,"",,,,,,,,,,,"",,,,,,,,"",,,,,,,,,,,,,,,,"",,,,,,,,""
"90-39-81-40",0,"Hectares","","",,"",,,,,,,,,,,"",,,,,,,,"",,,,,,,,,,,,,,,,"",,,,,,,,""
"26-16-19-49",0,"Hectares","","",,"",,,,,,,,,,,"",,,,,,,,"",,,,,,,,,,,,,,,,"",,,,,,,,""
"29-68-82-61",0,"Hectares","","",,"",,,,,,,,,,,"",,,,,,,,"",,,,,,,,,,,,,,,,"",,,,,,,,""
"29-03-78-72",0,"Hectares","","",,"",,,,,,,,,,,"",,,,,,,,"",,,,,,,,,,,,,,,,"",,,,,,,,""
"54-48-29-54",2,"Hectares","","",,"",,,,,,,,,,,"",,,,,,,,"",,,,,,,,,,,,,,,,"",,,,,,,,""
"29-79-23-67",0,"Hectares","","",,"",,,,,,,,,,,"",,,,,,,,"",,,,,,,,,,,,,,,,"",,,,,,,,""
"36-91-85-86",1,"Hectares","","",,"",,,,,,,,,,,"",,,,,,,,"",,,,,,,,,,,,,,,,"",,,,,,,,""
"33-77-00-47",0,"Hectares","","",,"",,,,,,,,,,,"",,,,,,,,"",,,,,,,,,,,,,,,,"",,,,,,,,""
"71-23-95-90",1,"Hectares","","",,"",,,,,,,,,,,"",,,,,,,,"",,,,,,,,,,,,,,,,"",,,,,,,,""
"77-62-89-56",0,"Hectares","","",,"",,,,,,,,,,,"",,,,,,,,"",,,,,,,,,,,,,,,,"",,,,,,,,""
"93-71-48-41",0,"Hectares","","",,"",,,,,,,,,,,"",,,,,,,,"",,,,,,,,,,,,,,,,"",,,,,,,,""
"08-18-22-01",0,"Hectares","","",,"",,,,,,,,,,,"",,,,,,,,"",,,,,,,,,,,,,,,,"",,,,,,,,""
"98-07-17-87",0,"Hectares","","",,"",,,,,,,,,,,"",,,,,,,,"",,,,,,,,,,,,,,,,"",,,,,,,,""
"23-98-05-49",0,"Hectares","","",,"",,,,,,,,,,,"",,,,,,,,"",,,,,,,,,,,,,,,,"",,,,,,,,""
"79-97-29-10",1,"Hectares","","",,"",,,,,,,,,,,"",,,,,,,,"",,,,,,,,,,,,,,,,"",,,,,,,,""
"41-50-66-96",1,"Hectares","","",,"",,,,,,,,,,,"",,,,,,,,"",,,,,,,,,,,,,,,,"",,,,,,,,""
"06-31-05-26",3,"Hectares","","",,"",,,,,,,,,,,"",,,,,,,,"",,,,,,,,,,,,,,,,"",,,,,,,,""
"25-90-09-86",0,"Hectares","","",,"",,,,,,,,,,,"",,,,,,,,"",,,,,,,,,,,,,,,,"",,,,,,,,""
"03-91-71-73",1,"Hectares","","",,"",,,,,,,,,,,"",,,,,,,,"",,,,,,,,,,,,,,,,"",,,,,,,,""
"36-45-13-48",0,"Hectares","","",,"",,,,,,,,,,,"",,,,,,,,"",,,,,,,,,,,,,,,,"",,,,,,,,""
"63-11-78-96",0,"Hectares","","",,"",,,,,,,,,,,"",,,,,,,,"",,,,,,,,,,,,,,,,"",,,,,,,,""
"79-48-70-94",1,"Hectares","","",,"",,,,,,,,,,,"",,,,,,,,"",,,,,,,,,,,,,,,,"",,,,,,,,""
"01-11-02-57",0,"Hectares","","",,"",,,,,,,,,,,"",,,,,,,,"",,,,,,,,,,,,,,,,"",,,,,,,,""
"41-82-62-49",0,"Hectares","","",,"",,,,,,,,,,,"",,,,,,,,"",,,,,,,,,,,,,,,,"",,,,,,,,""
"57-39-86-38",1,"Hectares","","",,"",,,,,,,,,,,"",,,,,,,,"",,,,,,,,,,,,,,,,"",,,,,,,,""
"47-31-29-24",1,"Hectares","","",,"",,,,,,,,,,,"",,,,,,,,"",,,,,,,,,,,,,,,,"",,,,,,,,""
"87-48-42-67",0,"Hectares","","",,"",,,,,,,,,,,"",,,,,,,,"",,,,,,,,,,,,,,,,"",,,,,,,,""
"88-51-36-66",1,"Hectares","","",,"",,,,,,,,,,,"",,,,,,,,"",,,,,,,,,,,,,,,,"",,,,,,,,""
"88-12-77-50",0,"Hectares","","",,"",,,,,,,,,,,"",,,,,,,,"",,,,,,,,,,,,,,,,"",,,,,,,,""
"17-63-55-71",0,"Hectares","","",,"",,,,,,,,,,,"",,,,,,,,"",,,,,,,,,,,,,,,,"",,,,,,,,""
"08-89-64-68",0,"Hectares","","",,"",,,,,,,,,,,"",,,,,,,,"",,,,,,,,,,,,,,,,"",,,,,,,,""
"40-29-00-57",1,"Hectares","","",,"",,,,,,,,,,,"",,,,,,,,"",,,,,,,,,,,,,,,,"",,,,,,,,""
"86-10-11-11",0,"Hectares","","",,"",,,,,,,,,,,"",,,,,,,,"",,,,,,,,,,,,,,,,"",,,,,,,,""
"80-48-57-31",0,"Hectares","","",,"",,,,,,,,,,,"",,,,,,,,"",,,,,,,,,,,,,,,,"",,,,,,,,""
"03-33-65-79",0,"Hectares","","",,"",,,,,,,,,,,"",,,,,,,,"",,,,,,,,,,,,,,,,"",,,,,,,,""
"86-28-43-28",0,"Hectares","","",,"",,,,,,,,,,,"",,,,,,,,"",,,,,,,,,,,,,,,,"",,,,,,,,""
"95-58-64-05",0,"Hectares","","",,"",,,,,,,,,,,"",,,,,,,,"",,,,,,,,,,,,,,,,"",,,,,,,,""
"51-45-88-78",1,"Hectares","","",,"",,,,,,,,,,,"",,,,,,,,"",,,,,,,,,,,,,,,,"",,,,,,,,""
"90-62-42-39",0,"Hectares","","",,"",,,,,,,,,,,"",,,,,,,,"",,,,,,,,,,,,,,,,"",,,,,,,,""
"71-64-26-40",0,"Hectares","","",,"",,,,,,,,,,,"",,,,,,,,"",,,,,,,,,,,,,,,,"",,,,,,,,""
"81-24-00-67",0,"Hectares","","",,"",,,,,,,,,,,"",,,,,,,,"",,,,,,,,,,,,,,,,"",,,,,,,,""
"12-70-32-30",0,"Hectares","","",,"",,,,,,,,,,,"",,,,,,,,"",,,,,,,,,,,,,,,,"",,,,,,,,""
"82-97-70-37",0,"Hectares","","",,"",,,,,,,,,,,"",,,,,,,,"",,,,,,,,,,,,,,,,"",,,,,,,,""
"62-46-14-70",0,"Hectares","","",,"",,,,,,,,,,,"",,,,,,,,"",,,,,,,,,,,,,,,,"",,,,,,,,""
"71-10-70-44",0,"Hectares","","",,"",,,,,,,,,,,"",,,,,,,,"",,,,,,,,,,,,,,,,"",,,,,,,,""
"72-64-30-28",1,"Hectares","","",,"",,,,,,,,,,,"",,,,,,,,"",,,,,,,,,,,,,,,,"",,,,,,,,""
"13-26-76-47",0,"Hectares","","",,"",,,,,,,,,,,"",,,,,,,,"",,,,,,,,,,,,,,,,"",,,,,,,,""
"49-80-23-99",0,"Hectares","","",,"",,,,,,,,,,,"",,,,,,,,"",,,,,,,,,,,,,,,,"",,,,,,,,""
"86-00-13-77",0,"Hectares","","",,"",,,,,,,,,,,"",,,,,,,,"",,,,,,,,,,,,,,,,"",,,,,,,,""
"48-57-10-38",0,"Hectares","","",,"",,,,,,,,,,,"",,,,,,,,"",,,,,,,,,,,,,,,,"",,,,,,,,""
"69-84-94-36",0,"Hectares","","",,"",,,,,,,,,,,"",,,,,,,,"",,,,,,,,,,,,,,,,"",,,,,,,,""
"18-54-82-39",0,"Hectares","","",,"",,,,,,,,,,,"",,,,,,,,"",,,,,,,,,,,,,,,,"",,,,,,,,""
"72-38-29-03",0,"Hectares","","",,"",,,,,,,,,,,"",,,,,,,,"",,,,,,,,,,,,,,,,"",,,,,,,,""
"20-35-14-07",0,"Hectares","","",,"",,,,,,,,,,,"",,,,,,,,"",,,,,,,,,,,,,,,,"",,,,,,,,""
"80-76-98-64",1,"Hectares","","",,"",,,,,,,,,,,"",,,,,,,,"",,,,,,,,,,,,,,,,"",,,,,,,,""
"46-71-82-60",0,"Hectares","","",,"",,,,,,,,,,,"",,,,,,,,"",,,,,,,,,,,,,,,,"",,,,,,,,""
"24-76-27-27",0,"Hectares","","",,"",,,,,,,,,,,"",,,,,,,,"",,,,,,,,,,,,,,,,"",,,,,,,,""
"85-49-52-94",1,"Hectares","","",,"",,,,,,,,,,,"",,,,,,,,"",,,,,,,,,,,,,,,,"",,,,,,,,""
"41-14-53-27",.a,"Other➡️ Please specify","metre squared","",,"",,,,,,,,,,,"",,,,,,,,"",,,,,,,,,,,,,,,,"",,,,,,,,""
"19-25-83-42",0,"Hectares","","",,"",,,,,,,,,,,"",,,,,,,,"",,,,,,,,,,,,,,,,"",,,,,,,,""
"52-70-09-40",0,"Hectares","","",,"",,,,,,,,,,,"",,,,,,,,"",,,,,,,,,,,,,,,,"",,,,,,,,""
"14-14-61-40",0,"Hectares","","",,"",,,,,,,,,,,"",,,,,,,,"",,,,,,,,,,,,,,,,"",,,,,,,,""
"79-24-47-25",0,"Hectares","","",,"",,,,,,,,,,,"",,,,,,,,"",,,,,,,,,,,,,,,,"",,,,,,,,""
"98-74-77-48",0,"Hectares","","",,"",,,,,,,,,,,"",,,,,,,,"",,,,,,,,,,,,,,,,"",,,,,,,,""
"45-71-76-98",0,"Hectares","","",,"",,,,,,,,,,,"",,,,,,,,"",,,,,,,,,,,,,,,,"",,,,,,,,""
"07-23-89-71",0,"Hectares","","",,"",,,,,,,,,,,"",,,,,,,,"",,,,,,,,,,,,,,,,"",,,,,,,,""
"05-94-07-12",0,"Hectares","","",,"",,,,,,,,,,,"",,,,,,,,"",,,,,,,,,,,,,,,,"",,,,,,,,""
"58-90-20-54",0,"Hectares","","",,"",,,,,,,,,,,"",,,,,,,,"",,,,,,,,,,,,,,,,"",,,,,,,,""
"50-03-32-43",1,"Hectares","","",,"",,,,,,,,,,,"",,,,,,,,"",,,,,,,,,,,,,,,,"",,,,,,,,""
"62-49-02-44",0,"Hectares","","",,"",,,,,,,,,,,"",,,,,,,,"",,,,,,,,,,,,,,,,"",,,,,,,,""
"75-29-94-40",0,"Hectares","","",,"",,,,,,,,,,,"",,,,,,,,"",,,,,,,,,,,,,,,,"",,,,,,,,""
