interview__key,r_members__id,migrant_ind,migrant_current,migrant_past,migr_itt,migr_desti,migr_desti_oth,migrant_year_first,migrant_year_recent,migrant_months_no,migrant_visit,remit_amt,remit_receiver
"30-84-56-78",1,"Yes","No","Yes",,,"",2005,2017,,,,
"30-84-56-78",2,"No",,"No","No intention to migrate",,"",,,,,,
"30-84-56-78",3,"No",,"No","Yes temporarily migrate","Town outside region","",,,,,,
"25-36-49-99",1,"No",,"Yes","No intention to migrate",,"",2019,2019,,,,
"25-36-49-99",2,"No",,"Yes","No intention to migrate",,"",2019,2019,,,,
"25-36-49-99",3,"No",,"No","No intention to migrate",,"",,,,,,
"25-36-49-99",4,"Yes","Yes","No",,,"",2023,2023,1,1,0,
"25-36-49-99",5,"No",,"No","No intention to migrate",,"",,,,,,
"95-91-52-45",1,"No",,"No","No intention to migrate",,"",,,,,,
"95-91-52-45",2,"No",,"No","Don’t know",,"",,,,,,
"25-55-41-68",1,"No",,"No","No intention to migrate",,"",,,,,,
"25-55-41-68",2,"No",,"No","No intention to migrate",,"",,,,,,
"25-55-41-68",3,"No",,"No","No intention to migrate",,"",,,,,,
"25-55-41-68",4,"No",,"No","No intention to migrate",,"",,,,,,
"16-89-26-77",1,"No",,"No","Yes temporarily migrate","Capital city","",,,,,,
"16-89-26-77",2,"No",,"No","Yes temporarily migrate","Capital city","",,,,,,
"32-98-78-03",1,"No",,"No","No intention to migrate",,"",,,,,,
"32-98-78-03",2,"No",,"No","No intention to migrate",,"",,,,,,
"32-98-78-03",3,"No",,"No","No intention to migrate",,"",,,,,,
"32-98-78-03",4,"No",,"No","No intention to migrate",,"",,,,,,
"32-98-78-03",5,"No",,"No","No intention to migrate",,"",,,,,,
"76-60-63-85",1,"No",,"No","Yes temporarily migrate","Village in region","",,,,,,
"76-60-63-85",2,"No",,"No","Don’t know",,"",,,,,,
"76-60-63-85",3,"No",,"No","Don’t know",,"",,,,,,
"76-60-63-85",4,"No",,"No","Yes permanently migrate","Capital city","",,,,,,
"56-53-87-19",1,"No",,"No","Yes permanently migrate","Village in region","",,,,,,
"17-45-76-38",1,"No",,"No","No intention to migrate",,"",,,,,,
"17-45-76-38",2,"Yes","No","No",,,"",2021,2021,,,,
"17-45-76-38",3,"Yes","No","No",,,"",2021,2021,,,,
"25-00-79-64",1,"No",,"No","Yes temporarily migrate","Town outside region","",,,,,,
"25-00-79-64",3,"No",,"No","Don’t know",,"",,,,,,
"49-47-26-23",1,"No",,"No","Yes temporarily migrate","Town outside region","",,,,,,
"66-81-51-91",1,"No",,"No","No intention to migrate",,"",,,,,,
"66-81-51-91",2,"No",,"No","No intention to migrate",,"",,,,,,
"02-25-80-90",1,"No",,"No","No intention to migrate",,"",,,,,,
"02-25-80-90",2,"No",,"No","Don’t know",,"",,,,,,
"02-25-80-90",3,"No",,"No","Don’t know",,"",,,,,,
"41-03-53-12",1,"No",,"No","No intention to migrate",,"",,,,,,
"41-03-53-12",2,"No",,"No","No intention to migrate",,"",,,,,,
"09-25-62-80",1,"No",,"No","No intention to migrate",,"",,,,,,
"09-25-62-80",2,"No",,"No","No intention to migrate",,"",,,,,,
"09-25-62-80",3,"No",,"No","No intention to migrate",,"",,,,,,
"09-25-62-80",4,"No",,"No","No intention to migrate",,"",,,,,,
"09-25-62-80",5,"No",,"No","No intention to migrate",,"",,,,,,
"12-68-96-23",1,"No",,"No","No intention to migrate",,"",,,,,,
"12-68-96-23",2,"No",,"No","No intention to migrate",,"",,,,,,
"46-89-61-94",1,"No",,"No","No intention to migrate",,"",,,,,,
"46-89-61-94",2,"Yes","No","Yes",,,"",2022,2022,,,,
"46-89-61-94",3,"No",,"No","No intention to migrate",,"",,,,,,
"36-57-98-87",1,"No",,"No","No intention to migrate",,"",,,,,,
"36-57-98-87",2,"No",,"No","No intention to migrate",,"",,,,,,
"93-61-95-87",1,"No",,"No","Yes permanently migrate","Village in region","",,,,,,
"93-61-95-87",3,"Yes","No","No",,,"",2022,2022,,,,
"93-61-95-87",4,"No",,"No","No intention to migrate",,"",,,,,,
"93-61-95-87",5,"No",,"Yes","Yes temporarily migrate","village outside region","",2010,2022,,,,
"72-10-49-63",1,"No",,"No","No intention to migrate",,"",,,,,,
"72-10-49-63",2,"No",,"No","No intention to migrate",,"",,,,,,
"72-10-49-63",3,"No",,"No","No intention to migrate",,"",,,,,,
"65-98-70-74",1,"No",,"No","Yes temporarily migrate","Town outside region","",,,,,,
"65-98-70-74",2,"No",,"No","Yes temporarily migrate","Town outside region","",,,,,,
"65-98-70-74",3,"No",,"No","Don’t know",,"",,,,,,
"65-98-70-74",4,"No",,"No","Yes permanently migrate","Village in region","",,,,,,
"65-98-70-74",5,"No",,"No","Yes temporarily migrate","village outside region","",,,,,,
"71-09-05-63",1,"No",,"No","No intention to migrate",,"",,,,,,
"71-09-05-63",2,"No",,"No","No intention to migrate",,"",,,,,,
"71-09-05-63",3,"Yes","No","Yes",,,"",2022,2022,,,,
"71-09-05-63",4,"No",,"No","Yes permanently migrate","Village in region","",,,,,,
"71-09-05-63",5,"No",,"No","No intention to migrate",,"",,,,,,
"71-09-05-63",6,"No",,"No","No intention to migrate",,"",,,,,,
"81-05-32-56",1,"Yes","Yes","No",,,"",2016,2016,2,8,400,"Son"
"81-05-32-56",2,"No",,"No","Don’t know",,"",,,,,,
"81-05-32-56",3,"Yes","Yes","Yes",,,"",2020,2020,1,11,0,
"30-09-94-93",1,"No",,"No","No intention to migrate",,"",,,,,,
"30-09-94-93",2,"No",,"No","No intention to migrate",,"",,,,,,
"30-09-94-93",3,"No",,"No","No intention to migrate",,"",,,,,,
"30-09-94-93",4,"No",,"No","No intention to migrate",,"",,,,,,
"30-09-94-93",5,"No",,"No","No intention to migrate",,"",,,,,,
"85-23-91-16",1,"No",,"No","Yes permanently migrate","Town outside region","",,,,,,
"53-06-23-41",1,"No",,"Yes","No intention to migrate",,"",2013,2013,,,,
"53-06-23-41",2,"No",,"Yes","No intention to migrate",,"",2018,2018,,,,
"93-66-25-28",1,"No",,"No","No intention to migrate",,"",,,,,,
"93-66-25-28",2,"No",,"No","No intention to migrate",,"",,,,,,
"43-14-97-16",1,"No",,"No","Yes temporarily migrate","Town outside region","",,,,,,
"43-14-97-16",2,"No",,"No","Yes temporarily migrate","Capital city","",,,,,,
"43-14-97-16",3,"No",,"No","Yes temporarily migrate","Capital city","",,,,,,
"43-14-97-16",4,"No",,"No","Yes temporarily migrate","Capital city","",,,,,,
"49-90-63-33",1,"No",,"No","No intention to migrate",,"",,,,,,
"49-90-63-33",2,"No",,"No","No intention to migrate",,"",,,,,,
"49-90-63-33",3,"No",,"No","No intention to migrate",,"",,,,,,
"49-90-63-33",4,"No",,"No","No intention to migrate",,"",,,,,,
"49-90-63-33",5,"No",,"No","No intention to migrate",,"",,,,,,
"68-84-82-12",1,"No",,"No","No intention to migrate",,"",,,,,,
"68-84-82-12",2,"No",,"No","No intention to migrate",,"",,,,,,
"68-84-82-12",3,"No",,"Yes","No intention to migrate",,"",2020,2020,,,,
"68-84-82-12",4,"No",,"No","No intention to migrate",,"",,,,,,
"68-84-82-12",5,"No",,"No","Yes temporarily migrate","Town outside region","",,,,,,
"68-84-82-12",6,"No",,"No","No intention to migrate",,"",,,,,,
"68-84-82-12",7,"No",,"No","No intention to migrate",,"",,,,,,
"68-84-82-12",8,"No",,"No","No intention to migrate",,"",,,,,,
"68-84-82-12",9,"No",,"No","No intention to migrate",,"",,,,,,
"25-99-22-65",1,"No",,"No","No intention to migrate",,"",,,,,,
"25-99-22-65",2,"No",,"No","No intention to migrate",,"",,,,,,
"25-99-22-65",3,"No",,"No","No intention to migrate",,"",,,,,,
"25-99-22-65",4,"No",,"No","Yes temporarily migrate","Don’t know","",,,,,,
"25-99-22-65",5,"No",,"No","No intention to migrate",,"",,,,,,
"86-16-04-54",1,"No",,"No","No intention to migrate",,"",,,,,,
"86-16-04-54",2,"No",,"No","No intention to migrate",,"",,,,,,
"86-16-04-54",3,"No",,"No","No intention to migrate",,"",,,,,,
"42-95-35-09",1,"No",,"No","No intention to migrate",,"",,,,,,
"42-95-35-09",2,"No",,"No","No intention to migrate",,"",,,,,,
"42-95-35-09",3,"No",,"Yes","Yes temporarily migrate","village outside region","",2019,2022,,,,
"54-69-26-46",1,"No",,"No","No intention to migrate",,"",,,,,,
"54-69-26-46",2,"No",,"No","No intention to migrate",,"",,,,,,
"92-23-96-13",1,"No",,"No","No intention to migrate",,"",,,,,,
"92-23-96-13",2,"No",,"No","No intention to migrate",,"",,,,,,
"92-23-96-13",3,"No",,"No","No intention to migrate",,"",,,,,,
"22-90-51-93",1,"No",,"No","No intention to migrate",,"",,,,,,
"22-90-51-93",2,"No",,"No","No intention to migrate",,"",,,,,,
"15-81-26-28",1,"No",,"No","No intention to migrate",,"",,,,,,
"15-81-26-28",2,"No",,"No","No intention to migrate",,"",,,,,,
"20-52-90-88",1,"No",,"No","No intention to migrate",,"",,,,,,
"20-52-90-88",2,"No",,"No","Yes permanently migrate","Town outside region","",,,,,,
"20-52-90-88",3,"No",,"No","Yes permanently migrate","Town outside region","",,,,,,
"35-31-07-84",1,"Yes","No","No",,,"",2013,2023,,,,
"35-31-07-84",2,"Yes","No","No",,,"",2000,2023,,,,
"35-31-07-84",3,"Yes","Yes","No",,,"",2000,2023,1,11,0,
"35-31-07-84",5,"Yes","No","No",,,"",1999,2023,,,,
"09-47-23-08",1,"No",,"No","No intention to migrate",,"",,,,,,
"09-47-23-08",2,"No",,"No","No intention to migrate",,"",,,,,,
"09-47-23-08",3,"No",,"No","No intention to migrate",,"",,,,,,
"09-47-23-08",4,"No",,"No","No intention to migrate",,"",,,,,,
"03-49-16-10",1,"No",,"No","Yes permanently migrate","Town outside region","",,,,,,
"03-49-16-10",2,"No",,"No","Yes temporarily migrate","Town outside region","",,,,,,
"65-48-87-48",1,"No",,"No","No intention to migrate",,"",,,,,,
"65-48-87-48",2,"No",,"No","No intention to migrate",,"",,,,,,
"65-48-87-48",3,"No",,"No","No intention to migrate",,"",,,,,,
"65-48-87-48",4,"No",,"No","No intention to migrate",,"",,,,,,
"54-94-74-75",1,"No",,"No","Yes temporarily migrate","Capital city","",,,,,,
"54-94-74-75",2,"No",,"No","Yes temporarily migrate","Capital city","",,,,,,
"70-40-01-04",1,"No",,"No","No intention to migrate",,"",,,,,,
"70-40-01-04",2,"No",,"No","No intention to migrate",,"",,,,,,
"33-37-06-20",1,"No",,"No","Yes temporarily migrate","Town outside region","",,,,,,
"33-37-06-20",3,"No",,"No","No intention to migrate",,"",,,,,,
"33-37-06-20",5,"No",,"No","No intention to migrate",,"",,,,,,
"11-89-65-58",1,"No",,"No","No intention to migrate",,"",,,,,,
"11-89-65-58",2,"No",,"No","No intention to migrate",,"",,,,,,
"11-89-65-58",3,"No",,"No","Yes temporarily migrate","Town outside region","",,,,,,
"11-89-65-58",4,"No",,"No","Yes temporarily migrate","Town outside region","",,,,,,
"11-89-65-58",5,"No",,"No","No intention to migrate",,"",,,,,,
"11-89-65-58",6,"No",,"No","No intention to migrate",,"",,,,,,
"11-89-65-58",7,"No",,"No","No intention to migrate",,"",,,,,,
"86-01-74-97",1,"Yes","No","No",,,"",2005,2022,,,,
"86-01-74-97",2,"Yes","No","No",,,"",2000,2023,,,,
"18-63-27-64",1,"No",,"No","No intention to migrate",,"",,,,,,
"18-63-27-64",2,"No",,"No","No intention to migrate",,"",,,,,,
"00-01-02-02",1,"No",,"No","No intention to migrate",,"",,,,,,
"00-01-02-02",2,"No",,"No","Yes temporarily migrate","Town outside region","",,,,,,
"00-01-02-02",3,"No",,"No","Yes temporarily migrate","Town outside region","",,,,,,
"00-01-02-02",4,"No",,"No","Yes temporarily migrate","Town outside region","",,,,,,
"00-01-02-02",6,"No",,"No","Yes temporarily migrate","Town outside region","",,,,,,
"69-53-29-77",1,"No",,"Yes","No intention to migrate",,"",2019,2019,,,,
"69-53-29-77",2,"No",,"No","Yes permanently migrate","Town outside region","",,,,,,
"69-53-29-77",3,"No",,"No","No intention to migrate",,"",,,,,,
"38-36-87-54",1,"No",,"No","No intention to migrate",,"",,,,,,
"38-36-87-54",2,"No",,"No","No intention to migrate",,"",,,,,,
"96-39-11-89",1,"No",,"No","No intention to migrate",,"",,,,,,
"96-39-11-89",2,"No",,"No","No intention to migrate",,"",,,,,,
"62-05-75-13",1,"No",,"No","Yes permanently migrate","Town outside region","",,,,,,
"62-05-75-13",2,"No",,"No","Yes permanently migrate","Town outside region","",,,,,,
"62-05-75-13",6,"No",,"No","Yes permanently migrate","Town outside region","",,,,,,
"62-05-75-13",7,"No",,"No","Yes permanently migrate","Capital city","",,,,,,
"36-43-41-97",1,"Yes","Yes","No",,,"",2023,2023,1,1,900,"Spouse"
"36-43-41-97",2,"Yes","No","Yes",,,"",2022,2022,,,,
"12-03-37-86",1,"No",,"No","No intention to migrate",,"",,,,,,
"12-03-37-86",2,"No",,"No","No intention to migrate",,"",,,,,,
"12-03-37-86",4,"No",,"No","No intention to migrate",,"",,,,,,
"33-44-32-83",1,"No",,"No","No intention to migrate",,"",,,,,,
"33-44-32-83",2,"No",,"No","No intention to migrate",,"",,,,,,
"33-44-32-83",3,"No",,"No","No intention to migrate",,"",,,,,,
"33-44-32-83",4,"No",,"No","No intention to migrate",,"",,,,,,
"39-65-48-99",1,"No",,"No","No intention to migrate",,"",,,,,,
"85-43-95-57",1,"No",,"No","Yes temporarily migrate","Village in region","",,,,,,
"85-43-95-57",2,"No",,"No","Yes temporarily migrate","Town outside region","",,,,,,
"85-43-95-57",3,"No",,"No","No intention to migrate",,"",,,,,,
"07-73-56-26",1,"No",,"No","No intention to migrate",,"",,,,,,
"07-73-56-26",2,"No",,"No","No intention to migrate",,"",,,,,,
"07-73-56-26",3,"No",,"No","No intention to migrate",,"",,,,,,
"07-73-56-26",4,"No",,"No","No intention to migrate",,"",,,,,,
"07-73-56-26",5,"No",,"No","No intention to migrate",,"",,,,,,
"07-73-56-26",6,"No",,"No","No intention to migrate",,"",,,,,,
"00-16-25-60",1,"Yes","No","No",,,"",2022,2023,,,,
"00-16-25-60",2,"No",,"No","Yes temporarily migrate","Capital city","",,,,,,
"00-16-25-60",4,"Yes","No","No",,,"",2022,2022,,,,
"05-35-63-46",1,"No",,"No","No intention to migrate",,"",,,,,,
"05-35-63-46",2,"No",,"No","No intention to migrate",,"",,,,,,
"05-35-63-46",3,"Yes","No","No",,,"",2020,2020,,,,
"05-35-63-46",7,"No",,"No","No intention to migrate",,"",,,,,,
"00-34-52-14",1,"No",,"No","Yes temporarily migrate","Town outside region","",,,,,,
"00-34-52-14",2,"No",,"No","Yes temporarily migrate","Town outside region","",,,,,,
"00-34-52-14",3,"No",,"No","Yes temporarily migrate","Town outside region","",,,,,,
"00-34-52-14",4,"No",,"No","No intention to migrate",,"",,,,,,
"00-34-52-14",7,"No",,"No","No intention to migrate",,"",,,,,,
"81-06-64-01",1,"No",,"No","Yes permanently migrate","Town in region","",,,,,,
"81-06-64-01",2,"No",,"No","Yes permanently migrate","Town in region","",,,,,,
"81-06-64-01",3,"No",,"No","Yes permanently migrate","Town in region","",,,,,,
"81-06-64-01",4,"No",,"No","Yes permanently migrate","Town in region","",,,,,,
"84-33-06-87",1,"Yes","No","No",,,"",2019,2023,,,,
"84-33-06-87",2,"No",,"No","Yes temporarily migrate","Town outside region","",,,,,,
"84-33-06-87",3,"No",,"No","Yes temporarily migrate","Town in region","",,,,,,
"84-33-06-87",4,"Yes","No","No",,,"",2022,2022,,,,
"84-33-06-87",5,"No",,"No","Yes temporarily migrate","Town outside region","",,,,,,
"84-33-06-87",6,"No",,"No","Yes temporarily migrate","Town outside region","",,,,,,
"85-48-53-30",1,"No",,"No","No intention to migrate",,"",,,,,,
"61-17-81-33",1,"No",,"No","No intention to migrate",,"",,,,,,
"61-17-81-33",2,"No",,"No","No intention to migrate",,"",,,,,,
"61-17-81-33",3,"No",,"No","No intention to migrate",,"",,,,,,
"70-67-46-48",1,"No",,"No","No intention to migrate",,"",,,,,,
"70-67-46-48",2,"No",,"No","No intention to migrate",,"",,,,,,
"70-67-46-48",3,"No",,"No","No intention to migrate",,"",,,,,,
"70-67-46-48",4,"No",,"No","No intention to migrate",,"",,,,,,
"08-84-58-33",1,"No",,"No","Yes temporarily migrate","Town in region","",,,,,,
"08-84-58-33",2,"No",,"No","Yes temporarily migrate","Town in region","",,,,,,
"17-96-77-43",1,"Yes","No","No",,,"",2017,2022,,,,
"17-96-77-43",2,"No",,"No","No intention to migrate",,"",,,,,,
"17-96-77-43",3,"No",,"Yes","Yes temporarily migrate","Capital city","",2018,2020,,,,
"17-96-77-43",4,"No",,"No","Yes temporarily migrate","Town outside region","",,,,,,
"17-96-77-43",5,"No",,"No","Yes temporarily migrate","Town in region","",,,,,,
"17-96-77-43",6,"No",,"No","Yes permanently migrate","Town outside region","",,,,,,
"05-74-99-19",1,"No",,"No","No intention to migrate",,"",,,,,,
"05-74-99-19",2,"No",,"No","No intention to migrate",,"",,,,,,
"05-74-99-19",3,"No",,"No","No intention to migrate",,"",,,,,,
"05-74-99-19",4,"No",,"No","No intention to migrate",,"",,,,,,
"58-76-16-53",1,"No",,"No","No intention to migrate",,"",,,,,,
"58-76-16-53",2,"No",,"No","No intention to migrate",,"",,,,,,
"58-76-16-53",3,"Yes","Yes","No",,,"",2021,2023,9,4,0,
"58-76-16-53",4,"No",,"No","Yes permanently migrate","Capital city","",,,,,,
"58-76-16-53",5,"No",,"No","Yes permanently migrate","Capital city","",,,,,,
"14-93-43-30",1,"No",,"No","No intention to migrate",,"",,,,,,
"11-82-86-61",1,"No",,"No","No intention to migrate",,"",,,,,,
"03-50-12-90",1,"No",,"No","No intention to migrate",,"",,,,,,
"03-50-12-90",2,"No",,"No","No intention to migrate",,"",,,,,,
"03-50-12-90",3,"No",,"No","No intention to migrate",,"",,,,,,
"03-50-12-90",4,"No",,"No","No intention to migrate",,"",,,,,,
"81-28-91-79",1,"Yes","No","Yes",,,"",2019,2019,,,,
"81-28-91-79",3,"No",,"No","Yes permanently migrate","Town outside region","",,,,,,
"87-17-87-24",1,"No",,"No","No intention to migrate",,"",,,,,,
"87-17-87-24",2,"No",,"No","No intention to migrate",,"",,,,,,
"87-17-87-24",3,"No",,"No","No intention to migrate",,"",,,,,,
"87-17-87-24",4,"No",,"No","No intention to migrate",,"",,,,,,
"87-17-87-24",5,"No",,"No","No intention to migrate",,"",,,,,,
"87-17-87-24",8,"No",,"No","No intention to migrate",,"",,,,,,
"98-37-88-19",1,"Yes","No","No",,,"",2001,2023,,,,
"98-37-88-19",3,"Yes","No","No",,,"",1997,2023,,,,
"19-43-58-99",1,"No",,"No","Yes permanently migrate","Town in region","",,,,,,
"19-43-58-99",3,"No",,"Yes","Yes permanently migrate","Town outside region","",2022,2022,,,,
"85-30-41-56",1,"No",,"No","No intention to migrate",,"",,,,,,
"85-30-41-56",2,"No",,"No","No intention to migrate",,"",,,,,,
"85-30-41-56",3,"No",,"No","No intention to migrate",,"",,,,,,
"85-30-41-56",4,"No",,"No","No intention to migrate",,"",,,,,,
"78-32-31-52",1,"Yes","No","No",,,"",2021,2022,,,,
"78-32-31-52",2,"Yes","No","No",,,"",2021,2022,,,,
"78-32-31-52",3,"No",,"No","Yes temporarily migrate","Capital city","",,,,,,
"78-32-31-52",4,"Yes","No","No",,,"",2019,2022,,,,
"78-32-31-52",5,"Yes","No","No",,,"",2018,2022,,,,
"78-32-31-52",6,"No",,"No","Yes temporarily migrate","Capital city","",,,,,,
"78-32-31-52",8,"No",,"No","Yes temporarily migrate","Capital city","",,,,,,
"78-32-31-52",9,"No",,"No","Yes temporarily migrate","Capital city","",,,,,,
"78-32-31-52",12,"No",,"No","Yes temporarily migrate","Town outside region","",,,,,,
"78-32-31-52",13,"No",,"No","Yes temporarily migrate","Capital city","",,,,,,
"37-97-45-71",1,"No",,"No","No intention to migrate",,"",,,,,,
"37-97-45-71",2,"No",,"No","No intention to migrate",,"",,,,,,
"37-97-45-71",3,"No",,"No","No intention to migrate",,"",,,,,,
"07-52-39-57",1,"No",,"Yes","No intention to migrate",,"",2021,2021,,,,
"07-52-39-57",2,"No",,"No","No intention to migrate",,"",,,,,,
"07-52-39-57",3,"No",,"No","No intention to migrate",,"",,,,,,
"07-52-39-57",4,"No",,"Yes","No intention to migrate",,"",2022,2022,,,,
"07-52-39-57",5,"No",,"No","No intention to migrate",,"",,,,,,
"80-35-75-14",1,"No",,"No","Yes temporarily migrate","Town outside region","",,,,,,
"80-35-75-14",2,"No",,"No","No intention to migrate",,"",,,,,,
"80-35-75-14",3,"No",,"No","No intention to migrate",,"",,,,,,
"94-41-84-42",1,"No",,"No","Yes permanently migrate","Town outside region","",,,,,,
"96-46-53-15",1,"No",,"No","Yes permanently migrate","Town outside region","",,,,,,
"96-46-53-15",2,"No",,"No","No intention to migrate",,"",,,,,,
"96-46-53-15",3,"No",,"No","Yes permanently migrate","Town in region","",,,,,,
"96-46-53-15",4,"No",,"No","Yes permanently migrate","Town outside region","",,,,,,
"96-46-53-15",6,"No",,"No","No intention to migrate",,"",,,,,,
"53-23-37-57",1,"No",,"No","No intention to migrate",,"",,,,,,
"53-23-37-57",2,"No",,"No","No intention to migrate",,"",,,,,,
"53-23-37-57",3,"No",,"No","No intention to migrate",,"",,,,,,
"53-23-37-57",4,"No",,"No","No intention to migrate",,"",,,,,,
"34-02-59-21",1,"No",,"No","No intention to migrate",,"",,,,,,
"34-02-59-21",2,"No",,"No","No intention to migrate",,"",,,,,,
"34-02-59-21",3,"No",,"No","No intention to migrate",,"",,,,,,
"19-67-63-11",1,"No",,"No","No intention to migrate",,"",,,,,,
"19-67-63-11",2,"No",,"No","Yes temporarily migrate","Town outside region","",,,,,,
"19-67-63-11",3,"No",,"No","No intention to migrate",,"",,,,,,
"19-67-63-11",4,"No",,"No","No intention to migrate",,"",,,,,,
"57-12-45-97",1,"No",,"No","Don’t know",,"",,,,,,
"96-34-22-21",1,"No",,"No","No intention to migrate",,"",,,,,,
"03-38-35-14",1,"No",,"No","No intention to migrate",,"",,,,,,
"09-06-20-19",1,"No",,"No","No intention to migrate",,"",,,,,,
"09-06-20-19",2,"No",,"No","No intention to migrate",,"",,,,,,
"51-25-36-09",1,"No",,"No","No intention to migrate",,"",,,,,,
"51-25-36-09",2,"No",,"No","No intention to migrate",,"",,,,,,
"51-25-36-09",4,"No",,"No","Yes temporarily migrate","Village in region","",,,,,,
"04-05-30-01",1,"No",,"No","No intention to migrate",,"",,,,,,
"04-05-30-01",2,"No",,"No","No intention to migrate",,"",,,,,,
"04-05-30-01",4,"No",,"No","No intention to migrate",,"",,,,,,
"50-01-20-35",1,"No",,"No","No intention to migrate",,"",,,,,,
"50-01-20-35",2,"No",,"No","No intention to migrate",,"",,,,,,
"50-01-20-35",3,"No",,"No","No intention to migrate",,"",,,,,,
"50-01-20-35",4,"No",,"No","No intention to migrate",,"",,,,,,
"50-01-20-35",5,"No",,"No","No intention to migrate",,"",,,,,,
"50-01-20-35",6,"Yes","No","No",,,"",2019,2023,,,,
"50-01-20-35",7,"No",,"No","No intention to migrate",,"",,,,,,
"67-87-75-21",1,"No",,"No","Yes temporarily migrate","Village in region","",,,,,,
"67-87-75-21",2,"No",,"No","No intention to migrate",,"",,,,,,
"67-87-75-21",3,"No",,"No","No intention to migrate",,"",,,,,,
"67-87-75-21",4,"No",,"No","No intention to migrate",,"",,,,,,
"67-87-75-21",5,"No",,"Yes","No intention to migrate",,"",2018,2018,,,,
"67-87-75-21",6,"No",,"No","Yes temporarily migrate","village outside region","",,,,,,
"67-87-75-21",8,"Yes","Yes","No",,,"",2015,2023,1,5,0,
"67-87-75-21",9,"Yes","Yes","No",,,"",2019,2022,4,2,0,
"67-87-75-21",10,"No",,"No","No intention to migrate",,"",,,,,,
"53-81-28-44",1,"No",,"No","Yes temporarily migrate","Town outside region","",,,,,,
"53-81-28-44",2,"No",,"No","No intention to migrate",,"",,,,,,
"69-29-47-18",1,"No",,"No","No intention to migrate",,"",,,,,,
"69-29-47-18",2,"No",,"No","No intention to migrate",,"",,,,,,
"69-29-47-18",3,"No",,"No","Yes permanently migrate","Town outside region","",,,,,,
"69-29-47-18",4,"No",,"No","No intention to migrate",,"",,,,,,
"69-29-47-18",7,"No",,"No","No intention to migrate",,"",,,,,,
"69-29-47-18",8,"No",,"No","Yes temporarily migrate","Don’t know","",,,,,,
"22-59-76-95",1,"No",,"No","Yes permanently migrate","village outside region","",,,,,,
"22-59-76-95",2,"No",,"No","Yes permanently migrate","village outside region","",,,,,,
"22-59-76-95",3,"Yes","No","No",,,"",2021,2022,,,,
"87-80-21-51",1,"No",,"No","No intention to migrate",,"",,,,,,
"87-80-21-51",3,"No",,"No","No intention to migrate",,"",,,,,,
"87-80-21-51",4,"No",,"No","No intention to migrate",,"",,,,,,
"87-80-21-51",5,"No",,"No","No intention to migrate",,"",,,,,,
"21-25-86-78",1,"No",,"No","No intention to migrate",,"",,,,,,
"21-25-86-78",2,"No",,"No","No intention to migrate",,"",,,,,,
"21-25-86-78",3,"No",,"No","Yes temporarily migrate","Capital city","",,,,,,
"21-25-86-78",4,"No",,"No","No intention to migrate",,"",,,,,,
"28-99-62-67",1,"No",,"No","No intention to migrate",,"",,,,,,
"28-99-62-67",2,"No",,"No","No intention to migrate",,"",,,,,,
"28-99-62-67",3,"No",,"No","No intention to migrate",,"",,,,,,
"28-99-62-67",4,"Yes","No","No",,,"",2022,2023,,,,
"14-08-31-40",1,"No",,"No","No intention to migrate",,"",,,,,,
"43-12-71-52",1,"No",,"No","Yes permanently migrate","Outside the country","",,,,,,
"43-12-71-52",2,"No",,"No","No intention to migrate",,"",,,,,,
"43-12-71-52",3,"No",,"No","No intention to migrate",,"",,,,,,
"43-12-71-52",4,"No",,"No","No intention to migrate",,"",,,,,,
"43-12-71-52",5,"No",,"No","No intention to migrate",,"",,,,,,
"43-12-71-52",6,"No",,"No","No intention to migrate",,"",,,,,,
"43-12-71-52",8,"No",,"No","No intention to migrate",,"",,,,,,
"43-12-71-52",10,"No",,"No","No intention to migrate",,"",,,,,,
"43-12-71-52",11,"No",,"No","No intention to migrate",,"",,,,,,
"64-05-81-04",1,"No",,"No","No intention to migrate",,"",,,,,,
"64-05-81-04",2,"No",,"No","No intention to migrate",,"",,,,,,
"52-46-02-95",1,"Yes","No","No",,,"",2021,2021,,,,
"52-46-02-95",2,"Yes","No","No",,,"",2021,2021,,,,
"52-46-02-95",3,"Yes","No","No",,,"",2021,2021,,,,
"52-46-02-95",4,"Yes","No","No",,,"",2021,2021,,,,
"45-07-09-59",1,"No",,"No","No intention to migrate",,"",,,,,,
"52-28-82-48",1,"No",,"No","No intention to migrate",,"",,,,,,
"52-28-82-48",2,"No",,"No","No intention to migrate",,"",,,,,,
"52-28-82-48",3,"No",,"No","No intention to migrate",,"",,,,,,
"72-80-69-88",1,"No",,"No","No intention to migrate",,"",,,,,,
"72-80-69-88",2,"No",,"No","No intention to migrate",,"",,,,,,
"72-80-69-88",3,"No",,"No","No intention to migrate",,"",,,,,,
"17-89-78-78",1,"No",,"No","Yes permanently migrate","village outside region","",,,,,,
"07-52-31-91",1,"No",,"No","No intention to migrate",,"",,,,,,
"07-52-31-91",2,"No",,"No","Don’t know",,"",,,,,,
"07-52-31-91",3,"No",,"No","No intention to migrate",,"",,,,,,
"07-52-31-91",4,"No",,"No","Don’t know",,"",,,,,,
"07-52-31-91",5,"No",,"No","No intention to migrate",,"",,,,,,
"07-52-31-91",10,"No",,"No","No intention to migrate",,"",,,,,,
"99-68-20-94",1,"No",,"No","No intention to migrate",,"",,,,,,
"99-68-20-94",2,"Yes","No","Yes",,,"",2023,2023,,,,
"99-68-20-94",3,"No",,"Yes","No intention to migrate",,"",2020,2023,,,,
"84-66-38-33",1,"No",,"No","Yes permanently migrate","Village in region","",,,,,,
"84-66-38-33",2,"No",,"No","Yes permanently migrate","Capital city","",,,,,,
"39-36-01-20",1,"No",,"No","No intention to migrate",,"",,,,,,
"39-36-01-20",2,"No",,"No","No intention to migrate",,"",,,,,,
"39-36-01-20",3,"Yes","No","No",,,"",2004,2023,,,,
"39-36-01-20",4,"No",,"No","No intention to migrate",,"",,,,,,
"05-30-74-26",1,"No",,"Yes","Yes permanently migrate","Town outside region","",2018,2018,,,,
"05-30-74-26",2,"No",,"No","No intention to migrate",,"",,,,,,
"05-30-74-26",3,"No",,"No","Yes permanently migrate","Village in region","",,,,,,
"05-30-74-26",4,"No",,"No","No intention to migrate",,"",,,,,,
"22-19-53-02",1,"No",,"No","No intention to migrate",,"",,,,,,
"22-19-53-02",2,"No",,"No","No intention to migrate",,"",,,,,,
"22-19-53-02",3,"No",,"No","No intention to migrate",,"",,,,,,
"20-37-92-05",1,"No",,"No","Yes permanently migrate","Town outside region","",,,,,,
"20-37-92-05",2,"No",,"Yes","Yes permanently migrate","Capital city","",2016,2018,,,,
"20-37-92-05",3,"No",,"No","No intention to migrate",,"",,,,,,
"20-37-92-05",4,"No",,"Yes","No intention to migrate",,"",2012,2020,,,,
"20-37-92-05",5,"No",,"No","Yes temporarily migrate","Capital city","",,,,,,
"20-37-92-05",6,"No",,"No","Yes temporarily migrate","village outside region","",,,,,,
"20-37-92-05",7,"No",,"No","No intention to migrate",,"",,,,,,
"67-95-64-84",1,"No",,"No","No intention to migrate",,"",,,,,,
"67-95-64-84",2,"No",,"No","No intention to migrate",,"",,,,,,
"67-07-39-08",1,"No",,"No","No intention to migrate",,"",,,,,,
"67-07-39-08",2,"No",,"No","No intention to migrate",,"",,,,,,
"67-07-39-08",3,"No",,"No","Yes permanently migrate","Capital city","",,,,,,
"72-66-07-18",1,"No",,"No","No intention to migrate",,"",,,,,,
"72-66-07-18",2,"No",,"No","No intention to migrate",,"",,,,,,
"72-69-50-37",1,"No",,"No","No intention to migrate",,"",,,,,,
"53-41-55-25",1,"No",,"No","Yes temporarily migrate","Other, Specify","To work in the delta still in the region",,,,,,
"53-41-55-25",2,"Yes","No","Yes",,,"",2003,2003,,,,
"53-41-55-25",3,"No",,"No","No intention to migrate",,"",,,,,,
"99-40-82-80",1,"No",,"No","No intention to migrate",,"",,,,,,
"99-40-82-80",2,"No",,"Yes","Don’t know",,"",2019,2019,,,,
"23-54-03-81",1,"No",,"No","No intention to migrate",,"",,,,,,
"23-54-03-81",4,"No",,"No","No intention to migrate",,"",,,,,,
"27-20-78-36",1,"No",,"No","No intention to migrate",,"",,,,,,
"27-20-78-36",2,"No",,"No","No intention to migrate",,"",,,,,,
"27-20-78-36",3,"No",,"No","No intention to migrate",,"",,,,,,
"27-20-78-36",4,"Yes","Yes","No",,,"",2022,2022,1,11,0,
"27-20-78-36",6,"No",,"No","Yes temporarily migrate","Capital city","",,,,,,
"84-90-94-70",1,"Yes","No","No",,,"",2020,2022,,,,
"84-90-94-70",2,"Yes","Yes","Yes",,,"",2022,2023,7,5,0,
"03-79-50-93",1,"No",,"No","No intention to migrate",,"",,,,,,
"03-79-50-93",2,"No",,"No","No intention to migrate",,"",,,,,,
"03-79-50-93",3,"No",,"No","No intention to migrate",,"",,,,,,
"03-79-50-93",4,"No",,"No","No intention to migrate",,"",,,,,,
"03-79-50-93",5,"No",,"No","No intention to migrate",,"",,,,,,
"83-85-13-86",1,"No",,"No","No intention to migrate",,"",,,,,,
"83-85-13-86",2,"No",,"No","No intention to migrate",,"",,,,,,
"83-85-13-86",3,"No",,"No","No intention to migrate",,"",,,,,,
"91-24-08-83",1,"No",,"No","No intention to migrate",,"",,,,,,
"91-24-08-83",2,"No",,"No","No intention to migrate",,"",,,,,,
"91-24-08-83",3,"No",,"No","No intention to migrate",,"",,,,,,
"25-32-96-44",1,"No",,"No","No intention to migrate",,"",,,,,,
"25-32-96-44",2,"No",,"No","Yes permanently migrate","Town outside region","",,,,,,
"97-99-83-33",1,"No",,"No","No intention to migrate",,"",,,,,,
"97-99-83-33",2,"No",,"No","No intention to migrate",,"",,,,,,
"55-35-77-06",1,"Yes","No","Yes",,,"",2015,2022,,,,
"05-01-06-84",1,"No",,"No","Yes temporarily migrate","Town outside region","",,,,,,
"05-01-06-84",2,"No",,"No","Yes temporarily migrate","Town outside region","",,,,,,
"05-01-06-84",3,"No",,"No","Yes temporarily migrate","Town outside region","",,,,,,
"05-01-06-84",4,"No",,"No","Yes temporarily migrate","Capital city","",,,,,,
"05-01-06-84",6,"No",,"No","Yes temporarily migrate","Capital city","",,,,,,
"05-01-06-84",7,"No",,"No","Yes temporarily migrate","Capital city","",,,,,,
"05-01-06-84",9,"No",,"No","Yes temporarily migrate","Capital city","",,,,,,
"49-78-46-84",1,"No",,"No","No intention to migrate",,"",,,,,,
"49-78-46-84",2,"No",,"No","Yes permanently migrate","village outside region","",,,,,,
"96-34-51-79",1,"No",,"No","No intention to migrate",,"",,,,,,
"96-34-51-79",2,"No",,"No","No intention to migrate",,"",,,,,,
"96-34-51-79",3,"No",,"No","No intention to migrate",,"",,,,,,
"96-34-51-79",4,"No",,"No","No intention to migrate",,"",,,,,,
"96-34-51-79",5,"No",,"No","No intention to migrate",,"",,,,,,
"96-34-51-79",6,"No",,"No","No intention to migrate",,"",,,,,,
"96-34-51-79",7,"No",,"No","No intention to migrate",,"",,,,,,
"96-34-51-79",9,"No",,"No","No intention to migrate",,"",,,,,,
"96-34-51-79",10,"No",,"No","No intention to migrate",,"",,,,,,
"05-90-60-44",1,"No",,"No","No intention to migrate",,"",,,,,,
"05-90-60-44",2,"No",,"No","No intention to migrate",,"",,,,,,
"05-90-60-44",3,"No",,"No","No intention to migrate",,"",,,,,,
"32-72-73-42",1,"No",,"No","No intention to migrate",,"",,,,,,
"32-72-73-42",2,"No",,"No","No intention to migrate",,"",,,,,,
"32-72-73-42",3,"No",,"No","No intention to migrate",,"",,,,,,
"32-72-73-42",4,"No",,"No","Yes permanently migrate","Town outside region","",,,,,,
"32-72-73-42",5,"No",,"No","No intention to migrate",,"",,,,,,
"32-72-73-42",6,"No",,"No","Yes permanently migrate","Outside the country","",,,,,,
"32-72-73-42",7,"No",,"No","Yes permanently migrate","Outside the country","",,,,,,
"32-72-73-42",8,"No",,"No","Yes temporarily migrate","Town outside region","",,,,,,
"32-72-73-42",11,"No",,"No","No intention to migrate",,"",,,,,,
"32-72-73-42",12,"No",,"No","No intention to migrate",,"",,,,,,
"32-72-73-42",13,"No",,"No","No intention to migrate",,"",,,,,,
"94-88-32-78",1,"No",,"No","No intention to migrate",,"",,,,,,
"94-88-32-78",2,"No",,"No","No intention to migrate",,"",,,,,,
"94-88-32-78",3,"No",,"No","No intention to migrate",,"",,,,,,
"94-88-32-78",4,"No",,"No","No intention to migrate",,"",,,,,,
"94-88-32-78",5,"No",,"No","No intention to migrate",,"",,,,,,
"94-88-32-78",6,"No",,"No","No intention to migrate",,"",,,,,,
"94-88-32-78",7,"No",,"No","No intention to migrate",,"",,,,,,
"94-88-32-78",8,"No",,"No","No intention to migrate",,"",,,,,,
"94-88-32-78",9,"No",,"No","No intention to migrate",,"",,,,,,
"94-88-32-78",16,"No",,"No","No intention to migrate",,"",,,,,,
"94-88-32-78",17,"No",,"No","No intention to migrate",,"",,,,,,
"18-56-14-23",1,"No",,"No","No intention to migrate",,"",,,,,,
"84-22-47-37",1,"No",,"No","No intention to migrate",,"",,,,,,
"84-22-47-37",2,"No",,"No","No intention to migrate",,"",,,,,,
"84-22-47-37",3,"No",,"No","Yes permanently migrate","Town in region","",,,,,,
"84-22-47-37",4,"No",,"No","Yes temporarily migrate","Capital city","",,,,,,
"44-69-61-71",1,"No",,"No","No intention to migrate",,"",,,,,,
"44-69-61-71",2,"No",,"No","No intention to migrate",,"",,,,,,
"44-69-61-71",3,"No",,"No","No intention to migrate",,"",,,,,,
"44-69-61-71",4,"No",,"No","No intention to migrate",,"",,,,,,
"44-69-61-71",7,"No",,"No","No intention to migrate",,"",,,,,,
"05-76-24-30",1,"No",,"No","No intention to migrate",,"",,,,,,
"05-76-24-30",3,"No",,"No","No intention to migrate",,"",,,,,,
"05-76-24-30",4,"No",,"No","No intention to migrate",,"",,,,,,
"72-65-35-75",1,"No",,"No","No intention to migrate",,"",,,,,,
"72-65-35-75",2,"No",,"No","No intention to migrate",,"",,,,,,
"72-65-35-75",3,"No",,"No","No intention to migrate",,"",,,,,,
"72-65-35-75",4,"No",,"No","No intention to migrate",,"",,,,,,
"72-65-35-75",5,"No",,"No","Don’t know",,"",,,,,,
"72-65-35-75",7,"No",,"No","No intention to migrate",,"",,,,,,
"92-30-60-06",1,"No",,"No","Yes permanently migrate","Village in region","",,,,,,
"94-77-43-36",1,"No",,"No","No intention to migrate",,"",,,,,,
"94-77-43-36",2,"No",,"No","No intention to migrate",,"",,,,,,
"94-77-43-36",3,"No",,"No","No intention to migrate",,"",,,,,,
"72-37-57-39",1,"No",,"No","Yes permanently migrate","village outside region","",,,,,,
"76-02-50-71",1,"No",,"No","No intention to migrate",,"",,,,,,
"76-02-50-71",2,"No",,"No","No intention to migrate",,"",,,,,,
"76-02-50-71",3,"No",,"No","No intention to migrate",,"",,,,,,
"76-02-50-71",7,"No",,"No","No intention to migrate",,"",,,,,,
"76-02-50-71",8,"No",,"No","No intention to migrate",,"",,,,,,
"75-53-97-04",1,"No",,"No","No intention to migrate",,"",,,,,,
"75-53-97-04",2,"No",,"No","No intention to migrate",,"",,,,,,
"61-20-94-35",1,"No",,"No","No intention to migrate",,"",,,,,,
"61-20-94-35",2,"No",,"No","No intention to migrate",,"",,,,,,
"33-94-27-06",1,"No",,"No","No intention to migrate",,"",,,,,,
"33-94-27-06",2,"No",,"No","No intention to migrate",,"",,,,,,
"33-94-27-06",3,"No",,"No","No intention to migrate",,"",,,,,,
"33-94-27-06",4,"No",,"No","No intention to migrate",,"",,,,,,
"02-07-42-94",1,"No",,"No","No intention to migrate",,"",,,,,,
"02-07-42-94",2,"No",,"No","No intention to migrate",,"",,,,,,
"48-79-63-92",1,"Yes","No","No",,,"",2023,2023,,,,
"48-79-63-92",2,"Yes","No","No",,,"",2023,2023,,,,
"48-79-63-92",4,"Yes","No","No",,,"",2023,2023,,,,
"87-31-98-00",1,"No",,"No","No intention to migrate",,"",,,,,,
"87-31-98-00",2,"No",,"No","No intention to migrate",,"",,,,,,
"68-12-26-88",1,"No",,"No","Yes permanently migrate","Town in region","",,,,,,
"68-12-26-88",2,"No",,"Yes","Yes permanently migrate","Town in region","",2022,2022,,,,
"21-07-91-22",1,"No",,"No","No intention to migrate",,"",,,,,,
"21-07-91-22",2,"No",,"No","No intention to migrate",,"",,,,,,
"21-07-91-22",3,"No",,"No","No intention to migrate",,"",,,,,,
"21-07-91-22",4,"No",,"No","No intention to migrate",,"",,,,,,
"21-07-91-22",5,"No",,"No","No intention to migrate",,"",,,,,,
"21-07-91-22",6,"No",,"No","No intention to migrate",,"",,,,,,
"21-07-91-22",7,"No",,"No","No intention to migrate",,"",,,,,,
"21-07-91-22",8,"No",,"No","No intention to migrate",,"",,,,,,
"59-08-91-97",1,"No",,"No","Yes temporarily migrate","Town outside region","",,,,,,
"59-08-91-97",2,"No",,"No","No intention to migrate",,"",,,,,,
"15-39-44-44",1,"No",,"No","Yes temporarily migrate","Outside the country","",,,,,,
"15-39-44-44",2,"No",,"No","No intention to migrate",,"",,,,,,
"15-39-44-44",3,"No",,"No","No intention to migrate",,"",,,,,,
"15-39-44-44",4,"No",,"No","Yes permanently migrate","Town outside region","",,,,,,
"70-81-99-80",1,"No",,"No","No intention to migrate",,"",,,,,,
"70-81-99-80",2,"No",,"No","No intention to migrate",,"",,,,,,
"70-81-99-80",3,"No",,"No","No intention to migrate",,"",,,,,,
"70-81-99-80",4,"No",,"No","No intention to migrate",,"",,,,,,
"70-81-99-80",5,"No",,"No","No intention to migrate",,"",,,,,,
"70-81-99-80",6,"No",,"No","No intention to migrate",,"",,,,,,
"70-81-99-80",8,"No",,"No","No intention to migrate",,"",,,,,,
"57-32-99-06",1,"No",,"No","Don’t know",,"",,,,,,
"57-32-99-06",2,"No",,"No","No intention to migrate",,"",,,,,,
"57-32-99-06",3,"No",,"No","No intention to migrate",,"",,,,,,
"57-32-99-06",4,"No",,"No","No intention to migrate",,"",,,,,,
"57-32-99-06",5,"No",,"No","Don’t know",,"",,,,,,
"57-32-99-06",6,"No",,"No","No intention to migrate",,"",,,,,,
"57-32-99-06",7,"No",,"No","No intention to migrate",,"",,,,,,
"60-00-51-13",1,"No",,"No","No intention to migrate",,"",,,,,,
"60-00-51-13",2,"No",,"No","No intention to migrate",,"",,,,,,
"60-00-51-13",3,"No",,"No","No intention to migrate",,"",,,,,,
"60-00-51-13",4,"No",,"No","Yes temporarily migrate","Capital city","",,,,,,
"60-00-51-13",5,"No",,"No","No intention to migrate",,"",,,,,,
"60-00-51-13",6,"No",,"No","No intention to migrate",,"",,,,,,
"03-72-03-14",1,"Yes","No","Yes",,,"",2022,2022,,,,
"03-72-03-14",2,"No",,"Yes","No intention to migrate",,"",2021,2021,,,,
"03-72-03-14",3,"Yes","No","No",,,"",2022,2022,,,,
"32-51-19-72",1,"No",,"No","Yes permanently migrate","Town in region","",,,,,,
"32-51-19-72",2,"No",,"No","Yes permanently migrate","Town in region","",,,,,,
"32-51-19-72",3,"No",,"No","Yes permanently migrate","Town in region","",,,,,,
"32-51-19-72",4,"No",,"No","Yes permanently migrate","Town in region","",,,,,,
"32-51-19-72",5,"No",,"No","Yes permanently migrate","Town in region","",,,,,,
"32-51-19-72",6,"No",,"No","Yes permanently migrate","Town in region","",,,,,,
"32-51-19-72",7,"No",,"No","Yes permanently migrate","Town in region","",,,,,,
"32-51-19-72",9,"No",,"No","Yes permanently migrate","Town in region","",,,,,,
"32-51-19-72",10,"No",,"No","Yes permanently migrate","Town in region","",,,,,,
"95-19-87-73",1,"No",,"No","No intention to migrate",,"",,,,,,
"95-19-87-73",2,"No",,"No","No intention to migrate",,"",,,,,,
"95-19-87-73",3,"No",,"No","Yes temporarily migrate","Town in region","",,,,,,
"09-07-28-33",1,"No",,"No","Yes permanently migrate","village outside region","",,,,,,
"09-07-28-33",2,"No",,"No","No intention to migrate",,"",,,,,,
"09-07-28-33",3,"No",,"No","No intention to migrate",,"",,,,,,
"09-07-28-33",4,"No",,"No","No intention to migrate",,"",,,,,,
"09-07-28-33",5,"No",,"No","No intention to migrate",,"",,,,,,
"82-76-66-89",1,"No",,"No","No intention to migrate",,"",,,,,,
"82-76-66-89",2,"No",,"No","No intention to migrate",,"",,,,,,
"82-76-66-89",3,"No",,"No","No intention to migrate",,"",,,,,,
"82-76-66-89",7,"No",,"No","No intention to migrate",,"",,,,,,
"32-84-70-99",1,"No",,"No","No intention to migrate",,"",,,,,,
"97-60-60-10",1,"Yes","No","No",,,"",2021,2023,,,,
"97-60-60-10",2,"No",,"No","Yes temporarily migrate","Capital city","",,,,,,
"97-60-60-10",3,"Yes","No","No",,,"",1991,2023,,,,
"77-34-61-84",1,"No",,"No","No intention to migrate",,"",,,,,,
"77-34-61-84",2,"No",,"No","No intention to migrate",,"",,,,,,
"77-34-61-84",3,"No",,"No","No intention to migrate",,"",,,,,,
"51-45-20-69",1,"No",,"No","No intention to migrate",,"",,,,,,
"51-45-20-69",2,"No",,"No","Yes permanently migrate","Outside the country","",,,,,,
"56-62-79-46",1,"No",,"No","No intention to migrate",,"",,,,,,
"56-62-79-46",2,"Yes","No","No",,,"",2021,2021,,,,
"56-62-79-46",3,"No",,"No","No intention to migrate",,"",,,,,,
"11-13-66-94",1,"No",,"No","No intention to migrate",,"",,,,,,
"11-13-66-94",2,"No",,"No","No intention to migrate",,"",,,,,,
"15-09-86-52",1,"No",,"No","No intention to migrate",,"",,,,,,
"15-09-86-52",2,"No",,"No","Yes temporarily migrate","village outside region","",,,,,,
"15-09-86-52",3,"No",,"No","Don’t know",,"",,,,,,
"15-09-86-52",4,"No",,"No","No intention to migrate",,"",,,,,,
"15-09-86-52",5,"No",,"No","No intention to migrate",,"",,,,,,
"91-02-01-07",1,"No",,"No","No intention to migrate",,"",,,,,,
"91-02-01-07",2,"No",,"No","Yes temporarily migrate","village outside region","",,,,,,
"38-98-52-39",1,"No",,"No","Don’t know",,"",,,,,,
"38-98-52-39",2,"No",,"No","Don’t know",,"",,,,,,
"38-98-52-39",3,"No",,"No","Don’t know",,"",,,,,,
"91-79-46-21",1,"No",,"No","Yes permanently migrate","Village in region","",,,,,,
"91-79-46-21",2,"No",,"No","Yes permanently migrate","Village in region","",,,,,,
"09-72-08-00",1,"No",,"No","Yes temporarily migrate","Town outside region","",,,,,,
"09-72-08-00",2,"No",,"No","Yes temporarily migrate","Town outside region","",,,,,,
"09-72-08-00",3,"No",,"No","No intention to migrate",,"",,,,,,
"25-52-14-98",1,"No",,"No","No intention to migrate",,"",,,,,,
"25-52-14-98",2,"No",,"No","No intention to migrate",,"",,,,,,
"25-52-14-98",4,"No",,"No","No intention to migrate",,"",,,,,,
"54-44-91-10",8,"No",,"No","Don’t know",,"",,,,,,
"54-44-91-10",12,"No",,"No","No intention to migrate",,"",,,,,,
"76-65-29-85",1,"No",,"No","No intention to migrate",,"",,,,,,
"76-65-29-85",2,"No",,"No","No intention to migrate",,"",,,,,,
"76-65-29-85",3,"No",,"No","No intention to migrate",,"",,,,,,
"76-65-29-85",4,"No",,"No","No intention to migrate",,"",,,,,,
"02-98-88-27",1,"Yes","No","No",,,"",2013,2023,,,,
"02-98-88-27",2,"Yes","No","No",,,"",2017,2023,,,,
"94-29-79-85",1,"No",,"No","No intention to migrate",,"",,,,,,
"94-29-79-85",2,"No",,"No","No intention to migrate",,"",,,,,,
"94-29-79-85",3,"No",,"No","No intention to migrate",,"",,,,,,
"73-36-17-40",1,"No",,"No","No intention to migrate",,"",,,,,,
"42-46-38-01",1,"No",,"No","No intention to migrate",,"",,,,,,
"42-46-38-01",2,"No",,"No","No intention to migrate",,"",,,,,,
"73-70-95-80",1,"Yes","No","Yes",,,"",2022,2022,,,,
"73-70-95-80",2,"No",,"No","No intention to migrate",,"",,,,,,
"73-70-95-80",3,"No",,"No","No intention to migrate",,"",,,,,,
"72-84-79-72",1,"No",,"No","Yes permanently migrate","Town outside region","",,,,,,
"72-84-79-72",2,"No",,"No","Yes permanently migrate","Capital city","",,,,,,
"65-38-87-54",1,"No",,"No","No intention to migrate",,"",,,,,,
"65-38-87-54",2,"No",,"No","No intention to migrate",,"",,,,,,
"65-38-87-54",4,"No",,"No","Yes temporarily migrate","Capital city","",,,,,,
"65-38-87-54",5,"No",,"No","Yes temporarily migrate","Capital city","",,,,,,
"65-38-87-54",6,"No",,"No","Yes temporarily migrate","Capital city","",,,,,,
"94-91-03-07",1,"No",,"No","No intention to migrate",,"",,,,,,
"94-91-03-07",2,"No",,"No","No intention to migrate",,"",,,,,,
"94-91-03-07",4,"No",,"No","No intention to migrate",,"",,,,,,
"43-00-27-37",1,"No",,"No","No intention to migrate",,"",,,,,,
"43-00-27-37",2,"No",,"No","No intention to migrate",,"",,,,,,
"97-63-44-51",1,"No",,"No","No intention to migrate",,"",,,,,,
"97-63-44-51",2,"No",,"No","No intention to migrate",,"",,,,,,
"13-97-69-06",1,"No",,"No","No intention to migrate",,"",,,,,,
"13-97-69-06",2,"No",,"No","No intention to migrate",,"",,,,,,
"64-91-38-41",2,"No",,"No","Don’t know",,"",,,,,,
"64-91-38-41",3,"No",,"No","Don’t know",,"",,,,,,
"64-91-38-41",4,"No",,"No","Yes permanently migrate","Town outside region","",,,,,,
"81-33-83-30",1,"No",,"No","No intention to migrate",,"",,,,,,
"81-33-83-30",2,"No",,"No","No intention to migrate",,"",,,,,,
"81-33-83-30",3,"No",,"No","No intention to migrate",,"",,,,,,
"81-33-83-30",4,"No",,"No","No intention to migrate",,"",,,,,,
"81-33-83-30",10,"No",,"No","No intention to migrate",,"",,,,,,
"81-33-83-30",11,"No",,"No","No intention to migrate",,"",,,,,,
"81-33-83-30",12,"No",,"No","No intention to migrate",,"",,,,,,
"19-42-84-15",1,"No",,"No","Yes temporarily migrate","Village in region","",,,,,,
"19-42-84-15",2,"No",,"No","No intention to migrate",,"",,,,,,
"19-42-84-15",3,"No",,"No","Don’t know",,"",,,,,,
"19-42-84-15",4,"No",,"No","Don’t know",,"",,,,,,
"13-49-27-25",1,"No",,"No","No intention to migrate",,"",,,,,,
"13-49-27-25",2,"No",,"No","No intention to migrate",,"",,,,,,
"08-12-43-59",1,"No",,"No","Yes temporarily migrate","Town outside region","",,,,,,
"08-12-43-59",2,"No",,"No","Yes temporarily migrate","Town outside region","",,,,,,
"82-85-64-69",1,"No",,"No","Yes permanently migrate","Town outside region","",,,,,,
"82-85-64-69",2,"No",,"No","No intention to migrate",,"",,,,,,
"82-85-64-69",3,"No",,"No","No intention to migrate",,"",,,,,,
"82-85-64-69",4,"No",,"No","No intention to migrate",,"",,,,,,
"82-85-64-69",5,"No",,"No","No intention to migrate",,"",,,,,,
"82-85-64-69",6,"No",,"No","No intention to migrate",,"",,,,,,
"22-02-04-35",1,"Yes","No","No",,,"",2007,2023,,,,
"22-02-04-35",2,"Yes","No","No",,,"",2002,2023,,,,
"22-02-04-35",3,"No",,"No","Yes temporarily migrate","Capital city","",,,,,,
"00-91-45-36",1,"No",,"No","No intention to migrate",,"",,,,,,
"00-91-45-36",2,"No",,"No","No intention to migrate",,"",,,,,,
"11-05-72-97",1,"Yes","No","No",,,"",2013,2023,,,,
"11-05-72-97",2,"No",,"No","Yes temporarily migrate","Capital city","",,,,,,
"11-05-72-97",3,"No",,"No","Yes temporarily migrate","Capital city","",,,,,,
"16-99-02-10",1,"No",,"No","No intention to migrate",,"",,,,,,
"16-99-02-10",2,"No",,"No","No intention to migrate",,"",,,,,,
"31-99-53-07",1,"No",,"No","No intention to migrate",,"",,,,,,
"31-99-53-07",2,"No",,"No","Don’t know",,"",,,,,,
"31-99-53-07",3,"No",,"No","No intention to migrate",,"",,,,,,
"48-93-31-20",1,"No",,"No","No intention to migrate",,"",,,,,,
"48-93-31-20",2,"No",,"No","No intention to migrate",,"",,,,,,
"87-13-21-98",1,"No",,"No","No intention to migrate",,"",,,,,,
"87-13-21-98",2,"No",,"No","No intention to migrate",,"",,,,,,
"55-27-15-85",1,"No",,"No","No intention to migrate",,"",,,,,,
"55-27-15-85",2,"No",,"No","No intention to migrate",,"",,,,,,
"55-27-15-85",3,"No",,"No","Yes permanently migrate","village outside region","",,,,,,
"59-41-96-68",1,"No",,"No","Yes permanently migrate","Town outside region","",,,,,,
"59-41-96-68",2,"No",,"No","No intention to migrate",,"",,,,,,
"59-41-96-68",3,"No",,"Yes","Yes permanently migrate","Town outside region","",2020,2020,,,,
"59-41-96-68",4,"No",,"Yes","Yes permanently migrate","Capital city","",2019,2020,,,,
"22-18-88-41",1,"No",,"No","No intention to migrate",,"",,,,,,
"22-18-88-41",2,"No",,"No","No intention to migrate",,"",,,,,,
"22-18-88-41",3,"No",,"No","No intention to migrate",,"",,,,,,
"24-64-78-21",1,"Yes","No","No",,,"",2022,2022,,,,
"24-64-78-21",2,"Yes","No","Yes",,,"",2017,2022,,,,
"24-64-78-21",3,"No",,"Yes","Don’t know",,"",2021,2021,,,,
"24-64-78-21",4,"No",,"Yes","No intention to migrate",,"",2019,2019,,,,
"86-04-16-80",1,"No",,"No","No intention to migrate",,"",,,,,,
"86-04-16-80",2,"No",,"No","Yes permanently migrate","Town outside region","",,,,,,
"86-04-16-80",3,"No",,"No","Yes permanently migrate","Town outside region","",,,,,,
"92-49-74-52",1,"No",,"No","No intention to migrate",,"",,,,,,
"92-49-74-52",2,"No",,"No","No intention to migrate",,"",,,,,,
"92-49-74-52",3,"No",,"No","No intention to migrate",,"",,,,,,
"92-49-74-52",7,"No",,"No","No intention to migrate",,"",,,,,,
"24-72-61-31",1,"No",,"No","No intention to migrate",,"",,,,,,
"04-92-41-49",1,"No",,"No","No intention to migrate",,"",,,,,,
"04-92-41-49",2,"No",,"No","No intention to migrate",,"",,,,,,
"04-92-41-49",3,"No",,"No","No intention to migrate",,"",,,,,,
"04-92-41-49",4,"No",,"No","No intention to migrate",,"",,,,,,
"04-92-41-49",5,"No",,"No","No intention to migrate",,"",,,,,,
"10-43-22-87",1,"No",,"No","No intention to migrate",,"",,,,,,
"10-43-22-87",2,"No",,"No","No intention to migrate",,"",,,,,,
"10-43-22-87",3,"No",,"No","No intention to migrate",,"",,,,,,
"10-43-22-87",4,"No",,"No","No intention to migrate",,"",,,,,,
"10-43-22-87",5,"No",,"No","No intention to migrate",,"",,,,,,
"10-43-22-87",6,"No",,"No","No intention to migrate",,"",,,,,,
"10-43-22-87",7,"No",,"No","No intention to migrate",,"",,,,,,
"32-83-01-09",1,"No",,"No","No intention to migrate",,"",,,,,,
"79-05-50-27",1,"Yes","No","Yes",,,"",2014,2022,,,,
"79-05-50-27",2,"Yes","Yes","No",,,"",2000,2023,1,11,0,
"27-16-23-86",1,"No",,"No","No intention to migrate",,"",,,,,,
"27-16-23-86",2,"No",,"No","No intention to migrate",,"",,,,,,
"27-16-23-86",3,"No",,"No","No intention to migrate",,"",,,,,,
"27-16-23-86",4,"No",,"No","Yes permanently migrate","Town in region","",,,,,,
"27-16-23-86",5,"No",,"No","Yes permanently migrate","Town outside region","",,,,,,
"27-16-23-86",6,"No",,"No","Yes permanently migrate","Town in region","",,,,,,
"12-61-67-91",1,"No",,"No","No intention to migrate",,"",,,,,,
"12-61-67-91",2,"No",,"No","No intention to migrate",,"",,,,,,
"12-61-67-91",3,"No",,"No","No intention to migrate",,"",,,,,,
"12-61-67-91",4,"No",,"No","No intention to migrate",,"",,,,,,
"12-61-67-91",5,"No",,"No","No intention to migrate",,"",,,,,,
"12-61-67-91",6,"No",,"No","No intention to migrate",,"",,,,,,
"12-61-67-91",7,"No",,"No","No intention to migrate",,"",,,,,,
"58-55-75-07",1,"No",,"No","No intention to migrate",,"",,,,,,
"58-55-75-07",2,"Yes","No","No",,,"",2019,2022,,,,
"00-06-72-58",1,"No",,"No","No intention to migrate",,"",,,,,,
"00-06-72-58",2,"No",,"No","No intention to migrate",,"",,,,,,
"00-06-72-58",3,"No",,"No","Yes temporarily migrate","Town outside region","",,,,,,
"00-06-72-58",4,"No",,"No","No intention to migrate",,"",,,,,,
"00-06-72-58",5,"No",,"No","No intention to migrate",,"",,,,,,
"45-71-57-97",1,"No",,"No","No intention to migrate",,"",,,,,,
"45-71-57-97",2,"No",,"No","No intention to migrate",,"",,,,,,
"45-71-57-97",3,"No",,"No","No intention to migrate",,"",,,,,,
"45-71-57-97",4,"No",,"No","No intention to migrate",,"",,,,,,
"45-71-57-97",5,"No",,"No","Yes temporarily migrate","Town outside region","",,,,,,
"45-71-57-97",6,"No",,"No","No intention to migrate",,"",,,,,,
"45-71-57-97",7,"No",,"No","No intention to migrate",,"",,,,,,
"45-71-57-97",8,"No",,"No","No intention to migrate",,"",,,,,,
"18-81-00-96",1,"No",,"No","No intention to migrate",,"",,,,,,
"18-81-00-96",2,"No",,"No","No intention to migrate",,"",,,,,,
"18-81-00-96",3,"No",,"No","No intention to migrate",,"",,,,,,
"18-81-00-96",4,"No",,"No","No intention to migrate",,"",,,,,,
"18-81-00-96",5,"No",,"No","No intention to migrate",,"",,,,,,
"09-79-14-71",1,"No",,"No","No intention to migrate",,"",,,,,,
"09-79-14-71",2,"No",,"No","No intention to migrate",,"",,,,,,
"71-80-89-34",1,"No",,"No","No intention to migrate",,"",,,,,,
"71-80-89-34",2,"No",,"No","No intention to migrate",,"",,,,,,
"05-16-40-57",1,"No",,"No","No intention to migrate",,"",,,,,,
"05-16-40-57",2,"No",,"No","No intention to migrate",,"",,,,,,
"05-16-40-57",3,"No",,"No","No intention to migrate",,"",,,,,,
"05-16-40-57",4,"No",,"No","No intention to migrate",,"",,,,,,
"11-65-24-94",1,"No",,"No","No intention to migrate",,"",,,,,,
"11-65-24-94",2,"No",,"No","No intention to migrate",,"",,,,,,
"11-65-24-94",3,"No",,"No","Yes temporarily migrate","Town outside region","",,,,,,
"55-44-38-36",1,"No",,"No","No intention to migrate",,"",,,,,,
"55-44-38-36",2,"No",,"No","No intention to migrate",,"",,,,,,
"55-44-38-36",3,"No",,"No","No intention to migrate",,"",,,,,,
"84-73-72-31",1,"No",,"No","No intention to migrate",,"",,,,,,
"84-73-72-31",2,"No",,"No","Yes permanently migrate","Outside the country","",,,,,,
"37-03-14-78",1,"No",,"No","No intention to migrate",,"",,,,,,
"37-03-14-78",2,"No",,"No","No intention to migrate",,"",,,,,,
"37-03-14-78",3,"No",,"No","Yes temporarily migrate","Town outside region","",,,,,,
"37-03-14-78",4,"No",,"No","No intention to migrate",,"",,,,,,
"77-78-34-26",1,"No",,"No","No intention to migrate",,"",,,,,,
"92-09-46-86",1,"No",,"No","No intention to migrate",,"",,,,,,
"92-09-46-86",2,"No",,"No","No intention to migrate",,"",,,,,,
"92-09-46-86",3,"No",,"No","Yes temporarily migrate","Capital city","",,,,,,
"92-09-46-86",4,"No",,"No","No intention to migrate",,"",,,,,,
"27-55-59-32",1,"No",,"No","No intention to migrate",,"",,,,,,
"27-55-59-32",3,"No",,"No","No intention to migrate",,"",,,,,,
"65-23-07-01",1,"No",,"No","No intention to migrate",,"",,,,,,
"65-23-07-01",2,"No",,"Yes","Don’t know",,"",2020,2020,,,,
"65-23-07-01",3,"No",,"No","No intention to migrate",,"",,,,,,
"65-23-07-01",4,"No",,"No","No intention to migrate",,"",,,,,,
"79-30-25-19",1,"No",,"No","No intention to migrate",,"",,,,,,
"79-30-25-19",2,"No",,"No","Yes permanently migrate","village outside region","",,,,,,
"79-30-25-19",3,"No",,"No","No intention to migrate",,"",,,,,,
"79-30-25-19",4,"No",,"No","No intention to migrate",,"",,,,,,
"79-30-25-19",5,"No",,"No","No intention to migrate",,"",,,,,,
"75-18-13-88",1,"No",,"No","No intention to migrate",,"",,,,,,
"75-18-13-88",2,"No",,"No","No intention to migrate",,"",,,,,,
"75-18-13-88",3,"No",,"No","Yes temporarily migrate","Capital city","",,,,,,
"40-16-04-38",1,"No",,"No","No intention to migrate",,"",,,,,,
"40-16-04-38",2,"No",,"No","No intention to migrate",,"",,,,,,
"40-16-04-38",3,"No",,"No","No intention to migrate",,"",,,,,,
"40-16-04-38",4,"No",,"No","No intention to migrate",,"",,,,,,
"49-34-25-75",1,"No",,"No","No intention to migrate",,"",,,,,,
"49-34-25-75",2,"No",,"No","No intention to migrate",,"",,,,,,
"49-34-25-75",3,"No",,"No","Yes permanently migrate","Capital city","",,,,,,
"49-34-25-75",4,"No",,"No","No intention to migrate",,"",,,,,,
"49-34-25-75",5,"No",,"No","Yes permanently migrate","Capital city","",,,,,,
"02-31-03-32",1,"No",,"No","No intention to migrate",,"",,,,,,
"02-31-03-32",2,"No",,"No","Yes temporarily migrate","Capital city","",,,,,,
"88-23-45-95",1,"No",,"No","No intention to migrate",,"",,,,,,
"88-23-45-95",2,"No",,"No","Don’t know",,"",,,,,,
"88-23-45-95",3,"No",,"No","No intention to migrate",,"",,,,,,
"88-23-45-95",4,"No",,"No","No intention to migrate",,"",,,,,,
"92-15-40-92",1,"No",,"No","No intention to migrate",,"",,,,,,
"92-15-40-92",2,"No",,"No","No intention to migrate",,"",,,,,,
"06-55-62-53",1,"No",,"No","No intention to migrate",,"",,,,,,
"06-55-62-53",2,"Yes","No","No",,,"",2021,2022,,,,
"06-55-62-53",3,"No",,"No","No intention to migrate",,"",,,,,,
"06-55-62-53",6,"Yes","Yes","No",,,"",2023,2023,1,11,0,
"57-74-77-03",1,"No",,"No","Yes temporarily migrate","village outside region","",,,,,,
"57-74-77-03",2,"No",,"No","Yes temporarily migrate","Capital city","",,,,,,
"57-74-77-03",3,"Yes","No","No",,,"",2022,2022,,,,
"28-44-25-15",1,"No",,"No","No intention to migrate",,"",,,,,,
"28-44-25-15",2,"No",,"No","No intention to migrate",,"",,,,,,
"28-44-25-15",3,"No",,"No","No intention to migrate",,"",,,,,,
"28-44-25-15",4,"No",,"No","No intention to migrate",,"",,,,,,
"28-44-25-15",5,"No",,"No","No intention to migrate",,"",,,,,,
"28-44-25-15",6,"No",,"No","No intention to migrate",,"",,,,,,
"28-44-25-15",7,"No",,"No","No intention to migrate",,"",,,,,,
"28-44-25-15",8,"No",,"No","No intention to migrate",,"",,,,,,
"28-44-25-15",9,"No",,"No","No intention to migrate",,"",,,,,,
"28-44-25-15",10,"No",,"No","No intention to migrate",,"",,,,,,
"90-03-82-22",1,"No",,"No","Yes permanently migrate","Town outside region","",,,,,,
"90-03-82-22",2,"No",,"No","No intention to migrate",,"",,,,,,
"90-03-82-22",3,"No",,"No","No intention to migrate",,"",,,,,,
"90-03-82-22",4,"No",,"No","No intention to migrate",,"",,,,,,
"90-03-82-22",6,"No",,"No","No intention to migrate",,"",,,,,,
"24-47-59-03",1,"No",,"No","No intention to migrate",,"",,,,,,
"24-47-59-03",2,"No",,"No","No intention to migrate",,"",,,,,,
"24-47-59-03",3,"No",,"No","No intention to migrate",,"",,,,,,
"23-30-88-30",1,"No",,"No","No intention to migrate",,"",,,,,,
"23-30-88-30",2,"No",,"Yes","No intention to migrate",,"",2020,2021,,,,
"72-38-90-85",1,"No",,"No","Yes permanently migrate","Town outside region","",,,,,,
"72-38-90-85",2,"No",,"No","No intention to migrate",,"",,,,,,
"72-38-90-85",3,"No",,"No","No intention to migrate",,"",,,,,,
"72-38-90-85",4,"No",,"No","Yes temporarily migrate","Town outside region","",,,,,,
"72-38-90-85",5,"No",,"No","No intention to migrate",,"",,,,,,
"72-38-90-85",6,"No",,"No","No intention to migrate",,"",,,,,,
"72-38-90-85",7,"No",,"No","No intention to migrate",,"",,,,,,
"76-02-43-67",1,"No",,"No","No intention to migrate",,"",,,,,,
"76-02-43-67",2,"No",,"No","No intention to migrate",,"",,,,,,
"76-02-43-67",3,"No",,"No","No intention to migrate",,"",,,,,,
"76-02-43-67",4,"No",,"No","No intention to migrate",,"",,,,,,
"76-02-43-67",5,"No",,"Yes","Yes temporarily migrate","Town outside region","",2022,2022,,,,
"76-02-43-67",6,"No",,"No","No intention to migrate",,"",,,,,,
"58-63-03-99",1,"No",,"No","Yes permanently migrate","village outside region","",,,,,,
"58-63-03-99",2,"No",,"No","Yes permanently migrate","village outside region","",,,,,,
"58-63-03-99",3,"No",,"No","No intention to migrate",,"",,,,,,
"53-04-65-79",1,"No",,"No","No intention to migrate",,"",,,,,,
"53-04-65-79",2,"No",,"No","Yes temporarily migrate","Town in region","",,,,,,
"48-16-15-04",1,"Yes","No","No",,,"",2013,2023,,,,
"85-34-28-65",1,"No",,"No","No intention to migrate",,"",,,,,,
"08-72-41-04",1,"Yes","No","No",,,"",2022,2023,,,,
"08-72-41-04",3,"Yes","No","No",,,"",2022,2023,,,,
"08-72-41-04",4,"Yes","No","No",,,"",2022,2023,,,,
"08-72-41-04",5,"No",,"No","No intention to migrate",,"",,,,,,
"48-20-18-94",1,"No",,"No","No intention to migrate",,"",,,,,,
"48-20-18-94",2,"Yes","Yes","Yes",,,"",2018,2020,10,2,0,
"48-20-18-94",3,"No",,"No","No intention to migrate",,"",,,,,,
"56-53-54-49",1,"No",,"No","No intention to migrate",,"",,,,,,
"56-53-54-49",2,"No",,"No","No intention to migrate",,"",,,,,,
"56-53-54-49",3,"No",,"No","No intention to migrate",,"",,,,,,
"01-08-40-07",2,"Yes","No","Yes",,,"",2018,2023,,,,
"01-08-40-07",3,"Yes","No","No",,,"",2018,2023,,,,
"74-08-40-24",1,"No",,"No","No intention to migrate",,"",,,,,,
"74-08-40-24",2,"No",,"No","No intention to migrate",,"",,,,,,
"14-31-43-40",1,"Yes","No","Yes",,,"",1997,2016,,,,
"14-31-43-40",2,"No",,"No","No intention to migrate",,"",,,,,,
"14-31-43-40",3,"No",,"No","No intention to migrate",,"",,,,,,
"14-31-43-40",4,"No",,"No","No intention to migrate",,"",,,,,,
"14-31-43-40",5,"No",,"No","No intention to migrate",,"",,,,,,
"14-31-43-40",6,"No",,"No","Yes temporarily migrate","Village in region","",,,,,,
"14-31-43-40",7,"No",,"No","Yes temporarily migrate","Village in region","",,,,,,
"24-80-99-00",1,"No",,"No","No intention to migrate",,"",,,,,,
"40-28-46-68",1,"No",,"No","No intention to migrate",,"",,,,,,
"40-28-46-68",2,"No",,"No","No intention to migrate",,"",,,,,,
"31-20-26-05",1,"No",,"No","No intention to migrate",,"",,,,,,
"31-20-26-05",2,"No",,"No","No intention to migrate",,"",,,,,,
"31-20-26-05",3,"No",,"No","No intention to migrate",,"",,,,,,
"37-39-15-65",1,"No",,"No","No intention to migrate",,"",,,,,,
"37-39-15-65",2,"No",,"No","Don’t know",,"",,,,,,
"37-39-15-65",3,"No",,"No","Don’t know",,"",,,,,,
"45-44-88-31",1,"No",,"Yes","No intention to migrate",,"",2004,2019,,,,
"45-44-88-31",2,"No",,"No","Yes temporarily migrate","village outside region","",,,,,,
"45-44-88-31",3,"No",,"No","Yes temporarily migrate","Capital city","",,,,,,
"45-44-88-31",4,"No",,"No","No intention to migrate",,"",,,,,,
"45-44-88-31",5,"No",,"No","Yes temporarily migrate","Capital city","",,,,,,
"45-44-88-31",6,"No",,"No","Yes temporarily migrate","Capital city","",,,,,,
"45-44-88-31",7,"No",,"No","No intention to migrate",,"",,,,,,
"45-44-88-31",8,"No",,"No","No intention to migrate",,"",,,,,,
"91-91-62-09",1,"Yes","No","No",,,"",2001,2023,,,,
"91-91-62-09",2,"Yes","No","No",,,"",2000,2023,,,,
"91-91-62-09",3,"No",,"No","No intention to migrate",,"",,,,,,
"91-91-62-09",4,"No",,"No","Yes temporarily migrate","Capital city","",,,,,,
"91-91-62-09",5,"No",,"No","Yes temporarily migrate","Capital city","",,,,,,
"88-82-89-39",1,"No",,"No","No intention to migrate",,"",,,,,,
"88-82-89-39",2,"No",,"No","No intention to migrate",,"",,,,,,
"88-82-89-39",3,"No",,"No","No intention to migrate",,"",,,,,,
"88-82-89-39",4,"No",,"No","No intention to migrate",,"",,,,,,
"79-34-34-89",1,"No",,"No","No intention to migrate",,"",,,,,,
"79-34-34-89",2,"No",,"No","No intention to migrate",,"",,,,,,
"79-34-34-89",3,"No",,"No","No intention to migrate",,"",,,,,,
"79-34-34-89",4,"No",,"No","No intention to migrate",,"",,,,,,
"79-34-34-89",5,"No",,"No","No intention to migrate",,"",,,,,,
"07-03-46-78",1,"No",,"No","No intention to migrate",,"",,,,,,
"07-03-46-78",2,"No",,"No","No intention to migrate",,"",,,,,,
"07-03-46-78",5,"No",,"No","No intention to migrate",,"",,,,,,
"52-55-71-22",1,"No",,"No","No intention to migrate",,"",,,,,,
"52-55-71-22",2,"No",,"No","No intention to migrate",,"",,,,,,
"52-55-71-22",3,"No",,"No","No intention to migrate",,"",,,,,,
"52-55-71-22",4,"No",,"No","No intention to migrate",,"",,,,,,
"42-79-46-81",1,"No",,"No","No intention to migrate",,"",,,,,,
"42-79-46-81",2,"No",,"No","No intention to migrate",,"",,,,,,
"42-79-46-81",3,"No",,"No","No intention to migrate",,"",,,,,,
"42-79-46-81",4,"No",,"No","Yes temporarily migrate","Capital city","",,,,,,
"42-79-46-81",8,"No",,"No","No intention to migrate",,"",,,,,,
"39-12-44-07",1,"No",,"No","No intention to migrate",,"",,,,,,
"39-12-44-07",2,"No",,"No","No intention to migrate",,"",,,,,,
"39-12-44-07",3,"No",,"No","No intention to migrate",,"",,,,,,
"39-12-44-07",4,"No",,"No","No intention to migrate",,"",,,,,,
"21-92-10-43",1,"Yes","No","No",,,"",2019,2023,,,,
"21-92-10-43",2,"Yes","No","No",,,"",2019,2023,,,,
"29-41-63-44",1,"No",,"No","Yes permanently migrate","Village in region","",,,,,,
"29-41-63-44",2,"No",,"No","No intention to migrate",,"",,,,,,
"29-41-63-44",3,"No",,"No","No intention to migrate",,"",,,,,,
"29-41-63-44",4,"No",,"No","Yes permanently migrate","Village in region","",,,,,,
"19-83-50-72",1,"Yes","No","Yes",,,"",2001,2023,,,,
"19-83-50-72",2,"Yes","No","Yes",,,"",2000,2023,,,,
"58-42-18-32",1,"No",,"No","No intention to migrate",,"",,,,,,
"58-42-18-32",2,"No",,"No","No intention to migrate",,"",,,,,,
"58-42-18-32",3,"No",,"No","No intention to migrate",,"",,,,,,
"48-22-87-49",1,"No",,"No","Yes temporarily migrate","Town outside region","",,,,,,
"48-22-87-49",2,"No",,"No","Yes temporarily migrate","Town outside region","",,,,,,
"85-54-41-38",1,"No",,"Yes","No intention to migrate",,"",2021,2021,,,,
"85-54-41-38",2,"No",,"No","No intention to migrate",,"",,,,,,
"91-10-07-30",1,"Yes","No","No",,,"",2018,2023,,,,
"12-91-55-52",1,"No",,"No","Yes temporarily migrate","Capital city","",,,,,,
"12-91-55-52",2,"No",,"No","Yes temporarily migrate","Capital city","",,,,,,
"12-91-55-52",3,"Yes","No","No",,,"",2013,2023,,,,
"12-91-55-52",4,"No",,"No","Yes temporarily migrate","Capital city","",,,,,,
"12-91-55-52",5,"Yes","No","No",,,"",2012,2021,,,,
"12-91-55-52",6,"Yes","No","No",,,"",2012,2023,,,,
"74-40-02-20",1,"No",,"No","No intention to migrate",,"",,,,,,
"74-40-02-20",2,"No",,"No","No intention to migrate",,"",,,,,,
"74-40-02-20",3,"No",,"No","No intention to migrate",,"",,,,,,
"74-40-02-20",5,"No",,"No","No intention to migrate",,"",,,,,,
"09-31-11-33",1,"No",,"No","No intention to migrate",,"",,,,,,
"09-31-11-33",2,"No",,"No","No intention to migrate",,"",,,,,,
"87-08-33-34",1,"No",,"No","Yes temporarily migrate","Town in region","",,,,,,
"87-08-33-34",2,"No",,"No","Yes permanently migrate","Town in region","",,,,,,
"61-84-77-75",1,"No",,"No","Yes permanently migrate","Town in region","",,,,,,
"61-84-77-75",2,"No",,"No","Yes permanently migrate","Capital city","",,,,,,
"75-58-44-85",1,"No",,"No","Yes permanently migrate","Town outside region","",,,,,,
"75-58-44-85",2,"No",,"No","Yes permanently migrate","Town outside region","",,,,,,
"11-16-18-86",1,"Yes","No","No",,,"",2007,2022,,,,
"11-16-18-86",2,"Yes","No","No",,,"",1995,2022,,,,
"11-16-18-86",3,"Yes","No","No",,,"",1992,2023,,,,
"04-26-72-23",1,"No",,"No","No intention to migrate",,"",,,,,,
"04-26-72-23",2,"No",,"No","Don’t know",,"",,,,,,
"54-13-05-65",1,"No",,"No","No intention to migrate",,"",,,,,,
"54-13-05-65",2,"No",,"No","No intention to migrate",,"",,,,,,
"54-13-05-65",3,"No",,"No","No intention to migrate",,"",,,,,,
"54-13-05-65",4,"No",,"No","No intention to migrate",,"",,,,,,
"23-66-97-33",1,"No",,"No","Don’t know",,"",,,,,,
"23-66-97-33",2,"No",,"No","Don’t know",,"",,,,,,
"06-64-69-84",1,"No",,"No","No intention to migrate",,"",,,,,,
"06-64-69-84",2,"No",,"No","No intention to migrate",,"",,,,,,
"56-62-10-52",1,"No",,"No","No intention to migrate",,"",,,,,,
"56-62-10-52",2,"No",,"No","No intention to migrate",,"",,,,,,
"56-62-10-52",3,"Yes","No","Yes",,,"",2019,2019,,,,
"05-04-82-73",1,"No",,"No","No intention to migrate",,"",,,,,,
"05-04-82-73",2,"No",,"No","No intention to migrate",,"",,,,,,
"05-04-82-73",3,"No",,"No","No intention to migrate",,"",,,,,,
"05-04-82-73",4,"No",,"No","No intention to migrate",,"",,,,,,
"05-04-82-73",8,"No",,"No","No intention to migrate",,"",,,,,,
"05-04-82-73",9,"No",,"No","No intention to migrate",,"",,,,,,
"03-81-35-88",1,"No",,"No","No intention to migrate",,"",,,,,,
"03-81-35-88",2,"No",,"No","No intention to migrate",,"",,,,,,
"03-81-35-88",4,"No",,"No","No intention to migrate",,"",,,,,,
"03-81-35-88",5,"No",,"No","No intention to migrate",,"",,,,,,
"03-81-35-88",9,"No",,"No","No intention to migrate",,"",,,,,,
"87-65-62-49",1,"No",,"No","Yes temporarily migrate","Capital city","",,,,,,
"87-65-62-49",2,"No",,"No","Yes temporarily migrate","Capital city","",,,,,,
"87-65-62-49",3,"Yes","No","No",,,"",2019,2023,,,,
"95-74-95-07",1,"No",,"No","No intention to migrate",,"",,,,,,
"95-74-95-07",2,"No",,"No","No intention to migrate",,"",,,,,,
"95-74-95-07",3,"No",,"No","No intention to migrate",,"",,,,,,
"95-74-95-07",4,"No",,"No","Yes temporarily migrate","Don’t know","",,,,,,
"95-74-95-07",5,"No",,"No","No intention to migrate",,"",,,,,,
"95-74-95-07",6,"No",,"No","No intention to migrate",,"",,,,,,
"95-74-95-07",11,"No",,"No","No intention to migrate",,"",,,,,,
"51-31-85-01",1,"No",,"No","No intention to migrate",,"",,,,,,
"51-31-85-01",2,"No",,"No","No intention to migrate",,"",,,,,,
"51-50-93-70",1,"No",,"No","No intention to migrate",,"",,,,,,
"51-50-93-70",2,"No",,"No","No intention to migrate",,"",,,,,,
"51-50-93-70",3,"No",,"No","No intention to migrate",,"",,,,,,
"51-50-93-70",4,"No",,"No","No intention to migrate",,"",,,,,,
"51-50-93-70",5,"No",,"No","No intention to migrate",,"",,,,,,
"43-24-35-84",1,"No",,"No","No intention to migrate",,"",,,,,,
"89-88-34-15",1,"No",,"No","No intention to migrate",,"",,,,,,
"89-88-34-15",2,"No",,"No","No intention to migrate",,"",,,,,,
"14-85-25-58",1,"No",,"No","No intention to migrate",,"",,,,,,
"14-85-25-58",2,"No",,"No","No intention to migrate",,"",,,,,,
"46-82-10-07",1,"No",,"No","No intention to migrate",,"",,,,,,
"46-82-10-07",2,"No",,"No","No intention to migrate",,"",,,,,,
"80-79-44-48",1,"No",,"No","No intention to migrate",,"",,,,,,
"80-79-44-48",3,"No",,"No","No intention to migrate",,"",,,,,,
"86-55-30-87",1,"No",,"No","No intention to migrate",,"",,,,,,
"86-55-30-87",2,"No",,"No","No intention to migrate",,"",,,,,,
"86-55-30-87",3,"No",,"No","No intention to migrate",,"",,,,,,
"95-51-95-92",1,"No",,"No","Yes permanently migrate","Outside the country","",,,,,,
"95-51-95-92",2,"No",,"No","Yes permanently migrate","Outside the country","",,,,,,
"89-51-80-40",1,"No",,"No","No intention to migrate",,"",,,,,,
"89-51-80-40",2,"No",,"No","No intention to migrate",,"",,,,,,
"89-51-80-40",3,"No",,"No","No intention to migrate",,"",,,,,,
"80-53-41-39",1,"No",,"No","No intention to migrate",,"",,,,,,
"80-53-41-39",2,"No",,"No","No intention to migrate",,"",,,,,,
"59-60-43-57",1,"No",,"No","No intention to migrate",,"",,,,,,
"59-60-43-57",2,"No",,"No","Yes temporarily migrate","Town outside region","",,,,,,
"87-22-49-94",1,"No",,"No","Yes temporarily migrate","Town outside region","",,,,,,
"87-22-49-94",2,"No",,"No","No intention to migrate",,"",,,,,,
"98-98-98-22",1,"No",,"No","No intention to migrate",,"",,,,,,
"98-98-98-22",2,"No",,"No","No intention to migrate",,"",,,,,,
"98-98-98-22",3,"No",,"No","No intention to migrate",,"",,,,,,
"19-11-80-87",1,"No",,"No","No intention to migrate",,"",,,,,,
"19-11-80-87",2,"No",,"No","Yes permanently migrate","Village in region","",,,,,,
"19-11-80-87",3,"No",,"No","Yes temporarily migrate","Village in region","",,,,,,
"19-11-80-87",4,"No",,"No","Yes temporarily migrate","Capital city","",,,,,,
"19-11-80-87",5,"No",,"No","Yes temporarily migrate","Capital city","",,,,,,
"02-55-85-64",1,"Yes","No","No",,,"",2022,2022,,,,
"61-35-56-51",1,"No",,"Yes","No intention to migrate",,"",2017,2017,,,,
"61-35-56-51",2,"No",,"No","No intention to migrate",,"",,,,,,
"57-52-43-19",1,"No",,"No","No intention to migrate",,"",,,,,,
"57-52-43-19",2,"No",,"No","No intention to migrate",,"",,,,,,
"57-52-43-19",3,"No",,"No","No intention to migrate",,"",,,,,,
"39-14-69-76",1,"No",,"No","No intention to migrate",,"",,,,,,
"39-14-69-76",2,"No",,"No","No intention to migrate",,"",,,,,,
"72-36-49-36",1,"No",,"No","No intention to migrate",,"",,,,,,
"72-36-49-36",2,"No",,"No","No intention to migrate",,"",,,,,,
"72-36-49-36",3,"No",,"No","No intention to migrate",,"",,,,,,
"80-82-49-42",1,"No",,"No","Yes temporarily migrate","Capital city","",,,,,,
"80-82-49-42",2,"No",,"No","Yes temporarily migrate","Capital city","",,,,,,
"47-81-87-67",1,"No",,"No","No intention to migrate",,"",,,,,,
"47-81-87-67",3,"No",,"No","Yes temporarily migrate","Village in region","",,,,,,
"47-81-87-67",5,"No",,"No","No intention to migrate",,"",,,,,,
"47-81-87-67",6,"No",,"No","No intention to migrate",,"",,,,,,
"47-81-87-67",7,"No",,"No","No intention to migrate",,"",,,,,,
"47-81-87-67",8,"No",,"No","Yes temporarily migrate","Capital city","",,,,,,
"55-33-21-42",1,"No",,"No","No intention to migrate",,"",,,,,,
"55-33-21-42",2,"No",,"No","No intention to migrate",,"",,,,,,
"55-33-21-42",3,"No",,"No","No intention to migrate",,"",,,,,,
"55-33-21-42",4,"No",,"No","No intention to migrate",,"",,,,,,
"55-33-21-42",5,"No",,"No","No intention to migrate",,"",,,,,,
"42-50-27-40",1,"No",,"No","No intention to migrate",,"",,,,,,
"42-50-27-40",2,"No",,"No","Yes temporarily migrate","Town outside region","",,,,,,
"42-50-27-40",3,"No",,"No","Yes temporarily migrate","Town outside region","",,,,,,
"42-50-27-40",4,"No",,"No","Yes temporarily migrate","Town outside region","",,,,,,
"42-50-27-40",5,"No",,"No","Yes temporarily migrate","Town outside region","",,,,,,
"74-79-87-37",1,"No",,"No","No intention to migrate",,"",,,,,,
"74-79-87-37",2,"No",,"No","Yes permanently migrate","Capital city","",,,,,,
"74-79-87-37",3,"No",,"No","Yes permanently migrate","Capital city","",,,,,,
"74-79-87-37",7,"No",,"No","Yes permanently migrate","Town outside region","",,,,,,
"32-64-27-45",1,"No",,"No","No intention to migrate",,"",,,,,,
"32-64-27-45",2,"No",,"No","No intention to migrate",,"",,,,,,
"32-64-27-45",3,"No",,"No","No intention to migrate",,"",,,,,,
"43-28-98-57",1,"Yes","Yes","Yes",,,"",2022,2023,12,50,800,"Daughter"
"43-28-98-57",2,"No",,"No","Yes permanently migrate","village outside region","",,,,,,
"43-28-98-57",3,"No",,"No","No intention to migrate",,"",,,,,,
"43-28-98-57",4,"No",,"No","No intention to migrate",,"",,,,,,
"43-28-98-57",5,"No",,"No","No intention to migrate",,"",,,,,,
"43-28-98-57",6,"No",,"No","Yes temporarily migrate","Town outside region","",,,,,,
"28-12-52-92",1,"No",,"No","No intention to migrate",,"",,,,,,
"98-31-37-04",1,"No",,"No","No intention to migrate",,"",,,,,,
"98-31-37-04",2,"No",,"No","No intention to migrate",,"",,,,,,
"98-31-37-04",3,"No",,"No","Yes temporarily migrate","Village in region","",,,,,,
"50-46-09-53",1,"No",,"No","No intention to migrate",,"",,,,,,
"50-46-09-53",2,"No",,"No","No intention to migrate",,"",,,,,,
"48-80-48-31",1,"No",,"No","No intention to migrate",,"",,,,,,
"48-80-48-31",2,"No",,"No","Yes temporarily migrate","Town in region","",,,,,,
"48-80-48-31",3,"Yes","Yes","No",,,"",2022,2023,8,6,0,
"48-80-48-31",4,"Yes","Yes","No",,,"",2023,2023,8,6,0,
"59-69-31-11",1,"No",,"No","No intention to migrate",,"",,,,,,
"59-69-31-11",2,"No",,"No","Yes permanently migrate","Village in region","",,,,,,
"59-69-31-11",3,"No",,"No","Yes permanently migrate","Village in region","",,,,,,
"68-17-57-15",1,"No",,"No","No intention to migrate",,"",,,,,,
"68-17-57-15",2,"No",,"No","No intention to migrate",,"",,,,,,
"65-67-13-71",1,"No",,"No","No intention to migrate",,"",,,,,,
"65-67-13-71",2,"No",,"No","No intention to migrate",,"",,,,,,
"65-67-13-71",3,"No",,"No","No intention to migrate",,"",,,,,,
"14-98-70-62",1,"No",,"No","No intention to migrate",,"",,,,,,
"14-98-70-62",2,"No",,"No","No intention to migrate",,"",,,,,,
"25-90-19-11",1,"No",,"No","No intention to migrate",,"",,,,,,
"25-90-19-11",2,"No",,"No","No intention to migrate",,"",,,,,,
"25-90-19-11",3,"No",,"No","No intention to migrate",,"",,,,,,
"25-90-19-11",5,"No",,"No","No intention to migrate",,"",,,,,,
"25-90-19-11",6,"No",,"No","No intention to migrate",,"",,,,,,
"25-90-19-11",7,"No",,"No","No intention to migrate",,"",,,,,,
"25-90-19-11",8,"No",,"No","No intention to migrate",,"",,,,,,
"45-83-41-38",1,"No",,"No","No intention to migrate",,"",,,,,,
"45-83-41-38",2,"No",,"No","No intention to migrate",,"",,,,,,
"45-83-41-38",3,"No",,"Yes","Yes temporarily migrate","Capital city","",2019,2019,,,,
"95-39-93-93",1,"No",,"No","No intention to migrate",,"",,,,,,
"61-12-40-36",1,"No",,"No","No intention to migrate",,"",,,,,,
"61-12-40-36",2,"No",,"No","No intention to migrate",,"",,,,,,
"61-12-40-36",3,"No",,"No","No intention to migrate",,"",,,,,,
"61-12-40-36",4,"No",,"No","Yes temporarily migrate","Village in region","",,,,,,
"61-12-40-36",5,"No",,"No","No intention to migrate",,"",,,,,,
"11-71-40-81",1,"No",,"No","No intention to migrate",,"",,,,,,
"11-71-40-81",2,"Yes","No","No",,,"",2022,2022,,,,
"11-71-40-81",4,"No",,"No","No intention to migrate",,"",,,,,,
"36-42-18-14",1,"No",,"No","No intention to migrate",,"",,,,,,
"36-42-18-14",2,"No",,"No","No intention to migrate",,"",,,,,,
"36-42-18-14",3,"No",,"No","No intention to migrate",,"",,,,,,
"36-42-18-14",4,"No",,"No","No intention to migrate",,"",,,,,,
"36-42-18-14",7,"No",,"No","No intention to migrate",,"",,,,,,
"36-42-18-14",8,"No",,"No","No intention to migrate",,"",,,,,,
"19-03-38-46",1,"No",,"No","No intention to migrate",,"",,,,,,
"19-03-38-46",2,"No",,"No","No intention to migrate",,"",,,,,,
"19-03-38-46",3,"No",,"No","No intention to migrate",,"",,,,,,
"92-48-70-16",1,"No",,"No","No intention to migrate",,"",,,,,,
"92-48-70-16",2,"No",,"No","No intention to migrate",,"",,,,,,
"34-14-49-72",1,"No",,"No","No intention to migrate",,"",,,,,,
"34-14-49-72",2,"No",,"No","No intention to migrate",,"",,,,,,
"22-89-40-33",1,"No",,"No","No intention to migrate",,"",,,,,,
"22-89-40-33",2,"No",,"No","Don’t know",,"",,,,,,
"22-89-40-33",3,"No",,"No","No intention to migrate",,"",,,,,,
"22-89-40-33",4,"No",,"No","Don’t know",,"",,,,,,
"22-89-40-33",5,"No",,"No","No intention to migrate",,"",,,,,,
"37-39-45-84",1,"No",,"No","No intention to migrate",,"",,,,,,
"37-39-45-84",2,"No",,"No","No intention to migrate",,"",,,,,,
"37-39-45-84",3,"No",,"No","Yes temporarily migrate","village outside region","",,,,,,
"98-85-46-77",1,"No",,"No","No intention to migrate",,"",,,,,,
"98-85-46-77",2,"No",,"No","No intention to migrate",,"",,,,,,
"98-85-46-77",3,"No",,"No","No intention to migrate",,"",,,,,,
"98-85-46-77",4,"No",,"No","No intention to migrate",,"",,,,,,
"98-85-46-77",5,"No",,"No","No intention to migrate",,"",,,,,,
"80-21-91-02",1,"No",,"No","No intention to migrate",,"",,,,,,
"80-21-91-02",2,"No",,"No","No intention to migrate",,"",,,,,,
"80-21-91-02",3,"No",,"No","No intention to migrate",,"",,,,,,
"80-21-91-02",4,"No",,"No","No intention to migrate",,"",,,,,,
"22-74-67-59",1,"No",,"No","No intention to migrate",,"",,,,,,
"22-74-67-59",2,"No",,"No","No intention to migrate",,"",,,,,,
"22-74-67-59",3,"No",,"No","Yes temporarily migrate","Village in region","",,,,,,
"22-74-67-59",4,"No",,"No","Yes temporarily migrate","Village in region","",,,,,,
"22-74-67-59",5,"No",,"No","No intention to migrate",,"",,,,,,
"22-74-67-59",6,"No",,"No","Yes temporarily migrate","Village in region","",,,,,,
"88-01-88-32",1,"No",,"No","No intention to migrate",,"",,,,,,
"88-01-88-32",2,"No",,"No","No intention to migrate",,"",,,,,,
"88-01-88-32",3,"No",,"No","Yes permanently migrate","Capital city","",,,,,,
"88-01-88-32",4,"No",,"No","No intention to migrate",,"",,,,,,
"88-01-88-32",5,"No",,"No","Yes permanently migrate","Capital city","",,,,,,
"88-01-88-32",6,"No",,"No","No intention to migrate",,"",,,,,,
"98-88-56-41",1,"No",,"No","No intention to migrate",,"",,,,,,
"98-88-56-41",2,"No",,"No","Don’t know",,"",,,,,,
"98-88-56-41",3,"No",,"No","No intention to migrate",,"",,,,,,
"84-73-38-30",1,"No",,"No","No intention to migrate",,"",,,,,,
"93-79-44-00",1,"No",,"No","No intention to migrate",,"",,,,,,
"93-79-44-00",2,"No",,"No","No intention to migrate",,"",,,,,,
"26-07-22-36",1,"No",,"No","Yes permanently migrate","Village in region","",,,,,,
"26-07-22-36",2,"No",,"No","No intention to migrate",,"",,,,,,
"55-76-99-68",1,"No",,"No","Yes permanently migrate","Town outside region","",,,,,,
"38-33-66-67",1,"No",,"No","Yes temporarily migrate","Town in region","",,,,,,
"38-33-66-67",2,"No",,"No","Don’t know",,"",,,,,,
"38-33-66-67",3,"No",,"No","Don’t know",,"",,,,,,
"16-65-54-37",1,"Yes","No","No",,,"",2012,2023,,,,
"16-65-54-37",2,"Yes","No","No",,,"",1996,2023,,,,
"16-65-54-37",3,"Yes","No","No",,,"",2009,2023,,,,
"16-65-54-37",4,"Yes","No","No",,,"",2000,2023,,,,
"20-77-43-56",1,"No",,"No","Yes temporarily migrate","village outside region","",,,,,,
"20-77-43-56",2,"No",,"No","Yes temporarily migrate","Village in region","",,,,,,
"20-77-43-56",3,"No",,"No","Yes temporarily migrate","Village in region","",,,,,,
"20-77-43-56",4,"No",,"No","No intention to migrate",,"",,,,,,
"08-12-15-69",1,"No",,"No","No intention to migrate",,"",,,,,,
"08-12-15-69",2,"No",,"No","No intention to migrate",,"",,,,,,
"43-73-48-25",1,"No",,"No","No intention to migrate",,"",,,,,,
"43-73-48-25",2,"No",,"No","No intention to migrate",,"",,,,,,
"43-73-48-25",3,"No",,"No","No intention to migrate",,"",,,,,,
"43-73-48-25",4,"No",,"No","No intention to migrate",,"",,,,,,
"43-73-48-25",7,"No",,"No","No intention to migrate",,"",,,,,,
"86-00-77-05",1,"Yes","No","No",,,"",2012,2023,,,,
"86-00-77-05",2,"Yes","No","No",,,"",2002,2022,,,,
"86-00-77-05",3,"No",,"No","Yes temporarily migrate","Town outside region","",,,,,,
"86-00-77-05",4,"Yes","No","No",,,"",2019,2023,,,,
"86-00-77-05",5,"No",,"No","Yes temporarily migrate","Capital city","",,,,,,
"86-00-77-05",6,"No",,"No","Yes temporarily migrate","Capital city","",,,,,,
"04-04-14-28",1,"No",,"No","No intention to migrate",,"",,,,,,
"04-04-14-28",2,"No",,"No","No intention to migrate",,"",,,,,,
"04-04-14-28",3,"No",,"No","No intention to migrate",,"",,,,,,
"04-04-14-28",6,"No",,"No","No intention to migrate",,"",,,,,,
"06-32-06-25",1,"No",,"No","No intention to migrate",,"",,,,,,
"91-35-74-95",1,"No",,"No","No intention to migrate",,"",,,,,,
"91-35-74-95",2,"No",,"No","No intention to migrate",,"",,,,,,
"91-35-74-95",3,"No",,"No","No intention to migrate",,"",,,,,,
"91-35-74-95",4,"No",,"No","No intention to migrate",,"",,,,,,
"91-35-74-95",5,"No",,"No","No intention to migrate",,"",,,,,,
"87-84-09-54",1,"No",,"No","Don’t know",,"",,,,,,
"87-84-09-54",2,"No",,"No","Don’t know",,"",,,,,,
"87-84-09-54",3,"No",,"No","Don’t know",,"",,,,,,
"87-84-09-54",4,"No",,"No","No intention to migrate",,"",,,,,,
"87-84-09-54",5,"No",,"No","No intention to migrate",,"",,,,,,
"62-23-61-37",2,"No",,"No","No intention to migrate",,"",,,,,,
"62-23-61-37",3,"No",,"No","No intention to migrate",,"",,,,,,
"62-23-61-37",4,"No",,"No","No intention to migrate",,"",,,,,,
"62-23-61-37",6,"No",,"No","No intention to migrate",,"",,,,,,
"62-23-61-37",7,"No",,"No","No intention to migrate",,"",,,,,,
"62-23-61-37",9,"No",,"No","No intention to migrate",,"",,,,,,
"51-67-29-73",1,"No",,"No","No intention to migrate",,"",,,,,,
"51-67-29-73",2,"No",,"No","No intention to migrate",,"",,,,,,
"51-67-29-73",3,"No",,"No","No intention to migrate",,"",,,,,,
"51-67-29-73",4,"No",,"No","No intention to migrate",,"",,,,,,
"93-42-86-13",1,"No",,"No","No intention to migrate",,"",,,,,,
"93-42-86-13",2,"No",,"No","No intention to migrate",,"",,,,,,
"93-42-86-13",3,"No",,"No","No intention to migrate",,"",,,,,,
"93-42-86-13",4,"No",,"No","No intention to migrate",,"",,,,,,
"31-42-54-99",1,"No",,"No","Yes temporarily migrate","Town outside region","",,,,,,
"31-42-54-99",2,"No",,"No","No intention to migrate",,"",,,,,,
"40-00-25-74",1,"No",,"No","No intention to migrate",,"",,,,,,
"32-73-63-74",1,"No",,"No","No intention to migrate",,"",,,,,,
"32-73-63-74",2,"No",,"No","No intention to migrate",,"",,,,,,
"16-86-88-22",1,"No",,"No","No intention to migrate",,"",,,,,,
"64-46-66-46",1,"No",,"No","Yes temporarily migrate","Town outside region","",,,,,,
"64-46-66-46",2,"No",,"No","Yes temporarily migrate","Capital city","",,,,,,
"50-30-92-60",1,"No",,"No","No intention to migrate",,"",,,,,,
"50-30-92-60",2,"No",,"No","No intention to migrate",,"",,,,,,
"50-30-92-60",3,"No",,"No","No intention to migrate",,"",,,,,,
"50-30-92-60",4,"No",,"No","No intention to migrate",,"",,,,,,
"50-30-92-60",5,"No",,"No","No intention to migrate",,"",,,,,,
"24-09-68-36",1,"No",,"No","No intention to migrate",,"",,,,,,
"24-09-68-36",2,"No",,"No","No intention to migrate",,"",,,,,,
"24-09-68-36",3,"No",,"No","No intention to migrate",,"",,,,,,
"24-09-68-36",4,"No",,"No","No intention to migrate",,"",,,,,,
"42-32-41-18",1,"No",,"No","No intention to migrate",,"",,,,,,
"29-79-40-11",1,"No",,"No","No intention to migrate",,"",,,,,,
"29-79-40-11",2,"No",,"No","No intention to migrate",,"",,,,,,
"29-79-40-11",3,"No",,"No","Don’t know",,"",,,,,,
"29-79-40-11",4,"No",,"No","Don’t know",,"",,,,,,
"29-79-40-11",5,"No",,"No","Yes temporarily migrate","village outside region","",,,,,,
"60-57-49-31",1,"No",,"No","No intention to migrate",,"",,,,,,
"60-10-68-48",1,"Yes","No","No",,,"",1994,2023,,,,
"60-10-68-48",2,"Yes","No","No",,,"",2001,2023,,,,
"35-24-82-24",1,"No",,"No","No intention to migrate",,"",,,,,,
"35-24-82-24",2,"No",,"No","No intention to migrate",,"",,,,,,
"35-24-82-24",3,"No",,"No","No intention to migrate",,"",,,,,,
"35-24-82-24",4,"No",,"No","No intention to migrate",,"",,,,,,
"35-24-82-24",5,"No",,"No","No intention to migrate",,"",,,,,,
"94-16-94-83",1,"No",,"No","No intention to migrate",,"",,,,,,
"94-16-94-83",2,"No",,"No","Don’t know",,"",,,,,,
"93-01-93-75",1,"No",,"No","No intention to migrate",,"",,,,,,
"25-76-97-37",1,"No",,"No","Yes permanently migrate","village outside region","",,,,,,
"37-86-89-16",1,"No",,"No","No intention to migrate",,"",,,,,,
"37-86-89-16",2,"No",,"No","No intention to migrate",,"",,,,,,
"37-86-89-16",3,"No",,"No","No intention to migrate",,"",,,,,,
"37-86-89-16",4,"No",,"No","No intention to migrate",,"",,,,,,
"59-63-12-34",1,"No",,"Yes","Yes permanently migrate","Outside the country","",2021,2021,,,,
"67-12-10-28",1,"No",,"No","No intention to migrate",,"",,,,,,
"67-12-10-28",2,"No",,"No","No intention to migrate",,"",,,,,,
"67-12-10-28",3,"Yes","Yes","No",,,"",2022,2023,8,4,0,
"25-90-81-61",1,"No",,"No","No intention to migrate",,"",,,,,,
"25-90-81-61",2,"No",,"No","No intention to migrate",,"",,,,,,
"27-19-89-21",1,"No",,"No","No intention to migrate",,"",,,,,,
"27-19-89-21",2,"No",,"No","No intention to migrate",,"",,,,,,
"27-19-89-21",3,"No",,"No","No intention to migrate",,"",,,,,,
"27-19-89-21",4,"No",,"No","No intention to migrate",,"",,,,,,
"03-62-40-58",1,"Yes","No","No",,,"",2000,2023,,,,
"60-29-48-02",1,"No",,"No","No intention to migrate",,"",,,,,,
"60-29-48-02",2,"No",,"No","No intention to migrate",,"",,,,,,
"60-29-48-02",3,"No",,"No","No intention to migrate",,"",,,,,,
"60-29-48-02",4,"No",,"No","No intention to migrate",,"",,,,,,
"93-40-82-23",1,"No",,"No","No intention to migrate",,"",,,,,,
"90-39-81-40",1,"No",,"No","Yes temporarily migrate","Town outside region","",,,,,,
"90-39-81-40",2,"No",,"No","No intention to migrate",,"",,,,,,
"90-39-81-40",3,"No",,"No","No intention to migrate",,"",,,,,,
"26-16-19-49",1,"No",,"No","No intention to migrate",,"",,,,,,
"26-16-19-49",2,"No",,"No","No intention to migrate",,"",,,,,,
"26-16-19-49",3,"No",,"No","No intention to migrate",,"",,,,,,
"26-16-19-49",4,"No",,"No","No intention to migrate",,"",,,,,,
"29-68-82-61",1,"No",,"No","No intention to migrate",,"",,,,,,
"29-68-82-61",5,"No",,"No","No intention to migrate",,"",,,,,,
"29-68-82-61",6,"No",,"No","No intention to migrate",,"",,,,,,
"29-03-78-72",1,"No",,"No","No intention to migrate",,"",,,,,,
"29-03-78-72",2,"No",,"No","No intention to migrate",,"",,,,,,
"54-48-29-54",1,"No",,"No","No intention to migrate",,"",,,,,,
"29-79-23-67",1,"No",,"No","No intention to migrate",,"",,,,,,
"29-79-23-67",2,"No",,"No","No intention to migrate",,"",,,,,,
"36-91-85-86",1,"Yes","No","No",,,"",2012,2022,,,,
"36-91-85-86",2,"Yes","No","No",,,"",2001,2022,,,,
"36-91-85-86",5,"Yes","No","No",,,"",1995,2023,,,,
"36-91-85-86",6,"Yes","No","No",,,"",1994,2023,,,,
"33-77-00-47",1,"No",,"No","No intention to migrate",,"",,,,,,
"33-77-00-47",2,"No",,"No","No intention to migrate",,"",,,,,,
"71-23-95-90",1,"No",,"No","No intention to migrate",,"",,,,,,
"71-23-95-90",2,"No",,"No","No intention to migrate",,"",,,,,,
"77-62-89-56",1,"No",,"No","No intention to migrate",,"",,,,,,
"77-62-89-56",2,"No",,"No","No intention to migrate",,"",,,,,,
"77-62-89-56",3,"No",,"No","No intention to migrate",,"",,,,,,
"77-62-89-56",4,"No",,"No","No intention to migrate",,"",,,,,,
"77-62-89-56",5,"No",,"No","No intention to migrate",,"",,,,,,
"93-71-48-41",1,"No",,"No","No intention to migrate",,"",,,,,,
"93-71-48-41",2,"Yes","No","No",,,"",2002,2023,,,,
"08-18-22-01",1,"No",,"No","No intention to migrate",,"",,,,,,
"98-07-17-87",1,"No",,"No","No intention to migrate",,"",,,,,,
"98-07-17-87",2,"No",,"No","No intention to migrate",,"",,,,,,
"23-98-05-49",1,"No",,"Yes","No intention to migrate",,"",1992,2022,,,,
"23-98-05-49",2,"No",,"Yes","No intention to migrate",,"",2018,2021,,,,
"23-98-05-49",3,"Yes","No","No",,,"",2018,2022,,,,
"79-97-29-10",1,"No",,"No","No intention to migrate",,"",,,,,,
"79-97-29-10",2,"No",,"No","No intention to migrate",,"",,,,,,
"41-50-66-96",1,"No",,"No","No intention to migrate",,"",,,,,,
"06-31-05-26",1,"No",,"No","No intention to migrate",,"",,,,,,
"06-31-05-26",2,"No",,"No","No intention to migrate",,"",,,,,,
"06-31-05-26",3,"No",,"No","No intention to migrate",,"",,,,,,
"06-31-05-26",4,"No",,"No","No intention to migrate",,"",,,,,,
"06-31-05-26",6,"No",,"No","No intention to migrate",,"",,,,,,
"25-90-09-86",1,"No",,"No","No intention to migrate",,"",,,,,,
"25-90-09-86",2,"No",,"No","Don’t know",,"",,,,,,
"25-90-09-86",3,"No",,"No","No intention to migrate",,"",,,,,,
"25-90-09-86",5,"No",,"No","Yes temporarily migrate","Village in region","",,,,,,
"25-90-09-86",8,"No",,"No","Yes temporarily migrate","Village in region","",,,,,,
"03-91-71-73",1,"No",,"No","No intention to migrate",,"",,,,,,
"03-91-71-73",2,"No",,"No","No intention to migrate",,"",,,,,,
"36-45-13-48",1,"No",,"No","No intention to migrate",,"",,,,,,
"36-45-13-48",2,"No",,"No","No intention to migrate",,"",,,,,,
"36-45-13-48",3,"No",,"No","No intention to migrate",,"",,,,,,
"36-45-13-48",4,"No",,"No","No intention to migrate",,"",,,,,,
"63-11-78-96",1,"No",,"No","No intention to migrate",,"",,,,,,
"63-11-78-96",2,"No",,"No","No intention to migrate",,"",,,,,,
"63-11-78-96",3,"No",,"No","No intention to migrate",,"",,,,,,
"79-48-70-94",1,"Yes","No","No",,,"",1992,2023,,,,
"79-48-70-94",2,"No",,"No","Yes temporarily migrate","Capital city","",,,,,,
"01-11-02-57",1,"No",,"No","No intention to migrate",,"",,,,,,
"01-11-02-57",2,"No",,"No","No intention to migrate",,"",,,,,,
"01-11-02-57",3,"No",,"No","Yes temporarily migrate","Town in region","",,,,,,
"01-11-02-57",4,"No",,"No","No intention to migrate",,"",,,,,,
"41-82-62-49",1,"No",,"No","Yes temporarily migrate","village outside region","",,,,,,
"41-82-62-49",2,"No",,"No","No intention to migrate",,"",,,,,,
"57-39-86-38",1,"No",,"No","Yes temporarily migrate","Town outside region","",,,,,,
"57-39-86-38",2,"No",,"No","No intention to migrate",,"",,,,,,
"47-31-29-24",1,"No",,"No","No intention to migrate",,"",,,,,,
"47-31-29-24",2,"Yes","No","No",,,"",2022,2022,,,,
"47-31-29-24",3,"No",,"No","No intention to migrate",,"",,,,,,
"47-31-29-24",4,"No",,"No","No intention to migrate",,"",,,,,,
"87-48-42-67",1,"No",,"No","No intention to migrate",,"",,,,,,
"88-51-36-66",1,"No",,"No","Yes temporarily migrate","Town in region","",,,,,,
"88-51-36-66",2,"No",,"No","No intention to migrate",,"",,,,,,
"88-51-36-66",3,"No",,"No","Yes temporarily migrate","Capital city","",,,,,,
"88-51-36-66",4,"No",,"No","Yes temporarily migrate","Town in region","",,,,,,
"88-12-77-50",1,"No",,"No","No intention to migrate",,"",,,,,,
"88-12-77-50",2,"No",,"No","No intention to migrate",,"",,,,,,
"88-12-77-50",6,"No",,"No","No intention to migrate",,"",,,,,,
"17-63-55-71",1,"No",,"No","No intention to migrate",,"",,,,,,
"17-63-55-71",2,"No",,"No","No intention to migrate",,"",,,,,,
"17-63-55-71",3,"No",,"No","No intention to migrate",,"",,,,,,
"17-63-55-71",4,"No",,"No","No intention to migrate",,"",,,,,,
"08-89-64-68",1,"No",,"No","No intention to migrate",,"",,,,,,
"08-89-64-68",2,"No",,"No","No intention to migrate",,"",,,,,,
"40-29-00-57",1,"No",,"No","No intention to migrate",,"",,,,,,
"40-29-00-57",2,"No",,"No","No intention to migrate",,"",,,,,,
"40-29-00-57",3,"No",,"No","No intention to migrate",,"",,,,,,
"40-29-00-57",4,"No",,"No","No intention to migrate",,"",,,,,,
"40-29-00-57",5,"No",,"No","No intention to migrate",,"",,,,,,
"86-10-11-11",1,"No",,"No","No intention to migrate",,"",,,,,,
"86-10-11-11",2,"No",,"No","Don’t know",,"",,,,,,
"80-48-57-31",1,"No",,"No","No intention to migrate",,"",,,,,,
"03-33-65-79",1,"No",,"No","Yes temporarily migrate","Town outside region","",,,,,,
"03-33-65-79",2,"No",,"No","Yes temporarily migrate","Town in region","",,,,,,
"03-33-65-79",3,"No",,"No","Yes temporarily migrate","Capital city","",,,,,,
"03-33-65-79",4,"No",,"No","Yes temporarily migrate","Capital city","",,,,,,
"03-33-65-79",5,"No",,"No","Yes temporarily migrate","Capital city","",,,,,,
"03-33-65-79",6,"Yes","No","No",,,"",2012,2022,,,,
"03-33-65-79",7,"No",,"No","Yes temporarily migrate","Town outside region","",,,,,,
"86-28-43-28",1,"No",,"No","Yes permanently migrate","village outside region","",,,,,,
"86-28-43-28",2,"No",,"No","No intention to migrate",,"",,,,,,
"95-58-64-05",1,"No",,"No","Yes temporarily migrate","Town outside region","",,,,,,
"95-58-64-05",2,"No",,"No","No intention to migrate",,"",,,,,,
"95-58-64-05",4,"No",,"No","No intention to migrate",,"",,,,,,
"51-45-88-78",1,"No",,"No","No intention to migrate",,"",,,,,,
"51-45-88-78",2,"No",,"No","Yes temporarily migrate","Capital city","",,,,,,
"51-45-88-78",3,"No",,"No","Yes temporarily migrate","Town outside region","",,,,,,
"51-45-88-78",4,"No",,"No","Yes temporarily migrate","Town in region","",,,,,,
"90-62-42-39",1,"No",,"No","No intention to migrate",,"",,,,,,
"90-62-42-39",2,"No",,"No","No intention to migrate",,"",,,,,,
"71-64-26-40",1,"No",,"No","No intention to migrate",,"",,,,,,
"81-24-00-67",1,"Yes","No","No",,,"",2022,2022,,,,
"81-24-00-67",2,"Yes","No","No",,,"",2022,2022,,,,
"12-70-32-30",1,"No",,"No","Yes temporarily migrate","village outside region","",,,,,,
"12-70-32-30",2,"No",,"No","Yes temporarily migrate","village outside region","",,,,,,
"82-97-70-37",1,"No",,"No","No intention to migrate",,"",,,,,,
"82-97-70-37",2,"No",,"No","No intention to migrate",,"",,,,,,
"82-97-70-37",3,"No",,"No","No intention to migrate",,"",,,,,,
"82-97-70-37",4,"No",,"No","No intention to migrate",,"",,,,,,
"82-97-70-37",5,"No",,"No","No intention to migrate",,"",,,,,,
"82-97-70-37",6,"No",,"No","No intention to migrate",,"",,,,,,
"82-97-70-37",7,"No",,"No","No intention to migrate",,"",,,,,,
"82-97-70-37",8,"No",,"No","No intention to migrate",,"",,,,,,
"82-97-70-37",12,"No",,"No","No intention to migrate",,"",,,,,,
"62-46-14-70",1,"No",,"No","No intention to migrate",,"",,,,,,
"62-46-14-70",2,"No",,"No","No intention to migrate",,"",,,,,,
"62-46-14-70",3,"No",,"No","No intention to migrate",,"",,,,,,
"62-46-14-70",4,"No",,"No","No intention to migrate",,"",,,,,,
"62-46-14-70",5,"No",,"No","No intention to migrate",,"",,,,,,
"62-46-14-70",6,"No",,"No","No intention to migrate",,"",,,,,,
"62-46-14-70",12,"No",,"No","No intention to migrate",,"",,,,,,
"62-46-14-70",13,"No",,"No","No intention to migrate",,"",,,,,,
"62-46-14-70",14,"No",,"No","No intention to migrate",,"",,,,,,
"71-10-70-44",1,"No",,"No","No intention to migrate",,"",,,,,,
"71-10-70-44",2,"No",,"Yes","No intention to migrate",,"",2021,2023,,,,
"71-10-70-44",3,"No",,"No","No intention to migrate",,"",,,,,,
"71-10-70-44",8,"Yes","Yes","No",,,"",2023,2023,1,11,0,
"72-64-30-28",1,"No",,"No","No intention to migrate",,"",,,,,,
"72-64-30-28",2,"No",,"No","No intention to migrate",,"",,,,,,
"13-26-76-47",1,"No",,"No","No intention to migrate",,"",,,,,,
"13-26-76-47",2,"No",,"No","No intention to migrate",,"",,,,,,
"13-26-76-47",3,"No",,"No","No intention to migrate",,"",,,,,,
"13-26-76-47",4,"No",,"No","No intention to migrate",,"",,,,,,
"13-26-76-47",5,"No",,"No","No intention to migrate",,"",,,,,,
"49-80-23-99",1,"No",,"No","No intention to migrate",,"",,,,,,
"49-80-23-99",2,"No",,"No","No intention to migrate",,"",,,,,,
"49-80-23-99",3,"No",,"No","No intention to migrate",,"",,,,,,
"86-00-13-77",1,"No",,"No","No intention to migrate",,"",,,,,,
"86-00-13-77",2,"No",,"No","No intention to migrate",,"",,,,,,
"48-57-10-38",1,"No",,"Yes","Yes permanently migrate","Town outside region","",2021,2021,,,,
"69-84-94-36",1,"No",,"No","No intention to migrate",,"",,,,,,
"69-84-94-36",2,"No",,"No","Yes temporarily migrate","Town in region","",,,,,,
"69-84-94-36",3,"No",,"No","Yes temporarily migrate","Capital city","",,,,,,
"18-54-82-39",1,"No",,"No","No intention to migrate",,"",,,,,,
"18-54-82-39",2,"No",,"No","No intention to migrate",,"",,,,,,
"72-38-29-03",1,"No",,"No","No intention to migrate",,"",,,,,,
"72-38-29-03",2,"No",,"No","No intention to migrate",,"",,,,,,
"20-35-14-07",1,"No",,"No","No intention to migrate",,"",,,,,,
"80-76-98-64",1,"No",,"No","No intention to migrate",,"",,,,,,
"80-76-98-64",2,"No",,"No","Yes temporarily migrate","Town in region","",,,,,,
"46-71-82-60",1,"No",,"No","No intention to migrate",,"",,,,,,
"46-71-82-60",2,"No",,"No","No intention to migrate",,"",,,,,,
"24-76-27-27",1,"No",,"No","No intention to migrate",,"",,,,,,
"24-76-27-27",2,"No",,"No","No intention to migrate",,"",,,,,,
"24-76-27-27",3,"No",,"No","No intention to migrate",,"",,,,,,
"85-49-52-94",1,"No",,"No","No intention to migrate",,"",,,,,,
"85-49-52-94",2,"No",,"No","No intention to migrate",,"",,,,,,
"85-49-52-94",3,"No",,"No","No intention to migrate",,"",,,,,,
"41-14-53-27",1,"Yes","No","No",,,"",2021,2023,,,,
"41-14-53-27",2,"No",,"No","No intention to migrate",,"",,,,,,
"41-14-53-27",3,"No",,"No","No intention to migrate",,"",,,,,,
"19-25-83-42",1,"No",,"No","No intention to migrate",,"",,,,,,
"19-25-83-42",2,"No",,"No","Yes permanently migrate","Town outside region","",,,,,,
"19-25-83-42",3,"No",,"No","Yes permanently migrate","Town outside region","",,,,,,
"52-70-09-40",1,"No",,"No","Yes temporarily migrate","Capital city","",,,,,,
"52-70-09-40",2,"No",,"No","Yes temporarily migrate","Capital city","",,,,,,
"52-70-09-40",3,"No",,"No","Yes temporarily migrate","Town outside region","",,,,,,
"14-14-61-40",1,"No",,"No","No intention to migrate",,"",,,,,,
"14-14-61-40",2,"No",,"No","No intention to migrate",,"",,,,,,
"14-14-61-40",3,"No",,"No","No intention to migrate",,"",,,,,,
"14-14-61-40",4,"Yes","No","Yes",,,"",2022,2022,,,,
"14-14-61-40",5,"No",,"No","Yes temporarily migrate","Capital city","",,,,,,
"14-14-61-40",6,"No",,"No","No intention to migrate",,"",,,,,,
"79-24-47-25",1,"No",,"No","No intention to migrate",,"",,,,,,
"79-24-47-25",2,"No",,"No","No intention to migrate",,"",,,,,,
"79-24-47-25",3,"No",,"No","Yes permanently migrate","Capital city","",,,,,,
"98-74-77-48",1,"No",,"No","No intention to migrate",,"",,,,,,
"98-74-77-48",2,"No",,"No","Don’t know",,"",,,,,,
"98-74-77-48",3,"No",,"No","No intention to migrate",,"",,,,,,
"98-74-77-48",5,"No",,"No","No intention to migrate",,"",,,,,,
"45-71-76-98",1,"No",,"No","No intention to migrate",,"",,,,,,
"45-71-76-98",2,"No",,"No","No intention to migrate",,"",,,,,,
"07-23-89-71",1,"No",,"No","No intention to migrate",,"",,,,,,
"07-23-89-71",2,"No",,"No","No intention to migrate",,"",,,,,,
"05-94-07-12",1,"No",,"No","No intention to migrate",,"",,,,,,
"58-90-20-54",1,"Yes","No","No",,,"",2015,2022,,,,
"58-90-20-54",2,"No",,"No","Yes temporarily migrate","Capital city","",,,,,,
"50-03-32-43",1,"No",,"No","No intention to migrate",,"",,,,,,
"50-03-32-43",2,"No",,"No","No intention to migrate",,"",,,,,,
"50-03-32-43",3,"No",,"No","No intention to migrate",,"",,,,,,
"50-03-32-43",4,"Yes","Yes","No",,,"",2023,2023,8,2,600,"Head/Self"
"62-49-02-44",1,"No",,"No","No intention to migrate",,"",,,,,,
"62-49-02-44",2,"No",,"No","No intention to migrate",,"",,,,,,
"62-49-02-44",3,"No",,"No","No intention to migrate",,"",,,,,,
"62-49-02-44",4,"No",,"No","No intention to migrate",,"",,,,,,
"62-49-02-44",6,"No",,"No","No intention to migrate",,"",,,,,,
"75-29-94-40",2,"No",,"No","Don’t know",,"",,,,,,
"75-29-94-40",3,"No",,"No","No intention to migrate",,"",,,,,,
