interview__key,s0_duration,s1_duration,s2_duration,s3_duration,s4_duration,s5_duration,s6_duration,s7_duration,s8_duration,s9_duration,s10_duration,s11_duration,s12_duration,s13_duration,s15_duration,interview__duration2,interview__duration,interview__duration_minutes,date,time
"30-84-56-78",3.68,33.78999999999999,1.479889502762431,4.948055555555555,.2,.53,15.33599999999999,3.212314049586777,37.748,5.971184573002755,1.348925619834711,14.83066666666667,1.819612188365651,2.739168975069252,3.89,131.5238171308438,"00.04:11:34",251.5666666666667,"2023-05-16","05:34:09"
"25-36-49-99",4.531999999999998,24.18,1.479889502762431,4.948055555555555,.37,.21,15.33599999999999,3.212314049586777,25.04304709141274,9.029999999999999,1.348925619834711,14.83066666666667,2.24,2.739168975069252,8.15,117.6500674608881,"00.03:04:58",184.9666666666667,"2023-05-16","06:17:41"
"95-91-52-45",3.33,18.27792817679558,1.63,3.9,1.267822580645161,.36,7.72,6.237999999999996,30.44,4.71,1.3,10.52,1.01,2.739168975069252,3.44,96.88291973250999,"00.01:59:53",119.8833333333333,"2023-05-16","08:53:28"
"25-55-41-68",2.519335180055402,33.78999999999999,1.479889502762431,5.95,.42,.18,7.72,4.86,35.11,5.971184573002755,.44,11.79,1.93,2.51,4.29,118.9604092558206,"00.02:33:32",153.5333333333333,"2023-05-16","07:11:32"
"16-89-26-77",3.36,8.44,2.21,8.036,.22,.19,6.67,6.237999999999996,30.95,8.98,1.09,14.48,1.819612188365651,4.8,2.89,100.3736121883656,"00.02:03:30",123.5,"2023-05-16","06:55:08"
"32-98-78-03",2.519335180055402,15.94,2.84,2.75,.17,.17,6.41,3.212314049586777,25.84,7.48,.67,27.17,3.04,5.361999999999998,2.9,106.4736492296422,"00.02:39:28",159.4666666666667,"2023-05-16","05:35:49"
"76-60-63-85",2.519335180055402,25.95,1.72,8.036,.21,2.039313186813187,8.039999999999999,4.77,27.62,5.971184573002755,1,11.96,1.71,4.01,5.28,110.8358329398713,"00.02:17:34",137.5666666666667,"2023-05-16","06:13:38"
"56-53-87-19",4.531999999999998,10.71,2.59,4.948055555555555,.66,.41,13.66,3.212314049586777,25.04304709141274,5.971184573002755,1.348925619834711,25.82,1.819612188365651,2.739168975069252,4.27,107.7343080528274,"00.03:32:14",212.2333333333333,"2023-05-16","06:25:30"
"17-45-76-38",1.61,18.4,2.18,6.73,.37,8.279999999999999,12.93,3.212314049586777,22.03,5.971184573002755,.59,11.81,2.15,.982,2.93,100.1754986225895,"00.01:48:54",108.9,"2023-05-16","12:31:21"
"25-00-79-64",4.531999999999998,18.27792817679558,1.46,4.61,.36,.17,6.37,1.35,27.9,8.6,1.81,12.29,1.22,2.739168975069252,5.91,97.59909715186483,"00.02:17:37",137.6166666666667,"2023-05-16","06:16:22"
"49-47-26-23",1.49,14.84,2.15,6.42,.21,.16,6.62,1.94,21.53,6.7,.55,8.77,1.66,2.52,2.45,78.01000000000001,"00.01:22:14",82.23333333333333,"2023-05-16","09:27:22"
"66-81-51-91",4.531999999999998,18.27792817679558,2.955999999999999,5.91,.46,2.039313186813187,15.33599999999999,3.212314049586777,25.04304709141274,8.68,2.21,11.34,1.819612188365651,1.9,12.95,116.6662146929739,"00.04:16:13",256.2166666666666,"2023-05-16","06:27:04"
"02-25-80-90",4.41,18.27792817679558,2.09,4.948055555555555,.65,.21,9.141722222222223,3.212314049586777,25.04304709141274,5.971184573002755,1.348925619834711,15.59,1.819612188365651,2.739168975069252,4.04,99.49195845184525,"00.05:23:17",323.2833333333334,"2023-05-17","07:27:36"
"41-03-53-12",2.519335180055402,21.42,2.46,2.734,.85,.97,7.76,1.71,25.04304709141274,6.1,2.17,27.882,1.819612188365651,2.739168975069252,2.208,108.385163434903,"00.02:59:14",179.2333333333333,"2023-05-17","08:44:18"
"09-25-62-80",1.54,32.52,1.479889502762431,6.51,.24,.61,13.89,1.19,37.748,9.029999999999999,1.348925619834711,14.83066666666667,3.044,5.361999999999998,5.12,134.4634817892638,"00.03:37:06",217.1,"2023-05-16","12:54:58"
"12-68-96-23",2.519335180055402,33.78999999999999,1.479889502762431,6.8,1.27,2.039313186813187,9.199999999999999,1.19,31.64,5.971184573002755,.49,11.19,1.86,2.739168975069252,5.980828729281768,118.1597201469848,"00.02:37:12",157.2,"2023-05-16","12:41:47"
"46-89-61-94",3.65,32.41,2.955999999999999,4.948055555555555,.18,.27,13.3,3.212314049586777,25.04304709141274,9.029999999999999,2.09,10.32,2.35,3.26,5,118.0194166965551,"00.03:06:54",186.9,"2023-05-16","09:28:45"
"36-57-98-87",2.519335180055402,18.27792817679558,2.01,4.948055555555555,.92,2.039313186813187,10.21,3.212314049586777,25.04304709141274,9.029999999999999,.5,12.01,1.819612188365651,5.361999999999998,5.13,103.0316054285849,"00.04:35:14",275.2333333333333,"2023-05-16","06:24:00"
"93-61-95-87",4.531999999999998,18.27792817679558,1.479889502762431,4.948055555555555,1.267822580645161,.41,15.33599999999999,3.212314049586777,37.748,5.971184573002755,2.694,19.69,1.819612188365651,2.739168975069252,7.38,127.5059756017831,"00.07:39:32",459.5333333333334,"2023-05-16","13:10:08"
"72-10-49-63",4.3,23.91,2.955999999999999,6.88,.22,8.279999999999999,15.33599999999999,6.08,34.39,8.1,1.22,13.57,2.67,5.361999999999998,2.63,135.904,"00.03:12:03",192.05,"2023-05-16","12:11:30"
"65-98-70-74",2.519335180055402,33.78999999999999,1.479889502762431,5.06,.38,.27,13.76,3.212314049586777,25.04304709141274,7.27,1.348925619834711,20.75,2.02,3.82,5.49,126.2135114436521,"00.03:38:14",218.2333333333333,"2023-05-16","12:36:59"
"71-09-05-63",3.26,18.27792817679558,1.479889502762431,4.948055555555555,8.519999999999989,2.039313186813187,15.18,4.42,25.04304709141274,8.31,1.43,13.76,1.819612188365651,2.739168975069252,6.63,117.8570146767744,"00.04:59:50",299.8333333333333,"2023-05-16","05:39:26"
"81-05-32-56",2.519335180055402,18.27792817679558,1.479889502762431,4.948055555555555,1.267822580645161,2.039313186813187,12.53,3.212314049586777,34.71,8.15,1.348925619834711,11.4,3.044,2.739168975069252,2.84,110.5067528271181,"00.05:19:58",319.9666666666666,"2023-05-16","07:35:56"
"30-09-94-93",2.98,18.27792817679558,1.49,7.6,.21,8.279999999999999,9.141722222222223,3.212314049586777,37.748,5.9,1.348925619834711,11.66,3.044,5.23,6.78,122.9028900684393,"00.04:48:12",288.2,"2023-05-16","13:00:43"
"85-23-91-16",1.63,11.38,.51,5.53,4.73,2.039313186813187,9.141722222222223,2.15,26.76,5.971184573002755,.86,8.699999999999999,1.819612188365651,2.25,2.208,85.67983217040381,"00.01:15:26",75.43333333333334,"2023-06-05","12:37:22"
"53-06-23-41",2.31,15.64,2.46,3.5,1.267822580645161,6.77,5.93,1.19,23.09,5.15,.5,8.619999999999999,.9399999999999999,3.98,3.58,84.92782258064516,"00.01:41:59",101.9833333333333,"2023-05-17","07:16:37"
"93-66-25-28",4.531999999999998,32.32,1.03,5.32,.12,.09,7.56,3.212314049586777,37.748,4.02,.83,10.75,1.8,2.739168975069252,2.77,114.841483024656,"00.01:57:32",117.5333333333333,"2023-05-17","12:28:48"
"43-14-97-16",2.519335180055402,7.416,1.85,3.88,.21,.17,9.130000000000001,3.2,24.04,6.23,1.13,21.08,1.95,2.63,4.13,89.5653351800554,"00.01:20:24",80.40000000000001,"2023-05-17","12:38:09"
"49-90-63-33",2.07,17.24,1.479889502762431,3.48,.11,.12,5.89,2.76,21.49,4.74,2.694,16.06,1.22,2.01,4.92,86.28388950276242,"00.01:42:04",102.0666666666667,"2023-05-25","11:41:42"
"68-84-82-12",2.78,28.39,1.479889502762431,7.98,1.267822580645161,2.039313186813187,14.75,4.16,32.98,7.14,2.694,14.83066666666667,1.07,5.361999999999998,4.29,131.2136919368874,"00.03:09:32",189.5333333333333,"2023-05-17","12:32:13"
"25-99-22-65",2.2,33.78999999999999,1.479889502762431,5.08,.2,1.84,8.699999999999999,1.19,25.04304709141274,5.971184573002755,1.348925619834711,11.54,1.65,2.739168975069252,5.980828729281768,108.7530444913637,"00.02:18:12",138.2,"2023-05-17","07:23:20"
"86-16-04-54",3.8,33.52,.5600000000000001,3.85,.14,.36,11.52,1.19,19.17,5.65,.63,11.66,2.3,3.14,3.52,101.01,"00.01:47:22",107.3666666666667,"2023-05-25","12:05:08"
"42-95-35-09",1.5,21.81,2.2,5.05,.38,7.24,14.42,3.39,37.748,7.26,2.694,9,1.45,1.79,2.98,118.912,"00.02:36:01",156.0166666666667,"2023-05-25","11:38:28"
"54-69-26-46",2.39,15.92,.66,6.52,.14,.5600000000000001,8.83,5.44,33.22,9.029999999999999,2.694,11.19,1.69,5.361999999999998,2.4,106.046,"00.02:09:19",129.3166666666667,"2023-05-25","07:20:11"
"92-23-96-13",1.65,9.4,.65,3.36,8.519999999999989,2.039313186813187,6.2,1.9,18.87,3.79,1.16,7.757999999999999,1.819612188365651,2.739168975069252,2.76,72.61609435024808,"00.01:19:52",79.86666666666666,"2023-05-25","11:45:58"
"22-90-51-93",2.38,12.81,.51,4.91,1.267822580645161,2.039313186813187,14.34,3.17,24.56,5.98,2.33,7.757999999999999,1.13,2.739168975069252,4.7,90.6243047425276,"00.02:14:51",134.85,"2023-05-25","07:13:07"
"15-81-26-28",3.18,11.65,1.479889502762431,2.78,.28,.07,4.946000000000001,1.19,15.208,4.75,1.05,14.83066666666667,1.4,2.739168975069252,3.37,68.92372514449835,"00.00:58:30",58.5,"2023-05-30","07:16:45"
"20-52-90-88",1.4,9.960000000000001,1.52,2.734,.1,2.039313186813187,7.13,4.15,34.58,5.971184573002755,2.24,14.83066666666667,1.819612188365651,3.68,2.208,94.36277661484826,"00.02:01:46",121.7666666666667,"2023-05-25","12:01:11"
"35-31-07-84",1.6,14.42,2.94,5.58,.22,8.279999999999999,11.44,4.31,18.66,5.08,2.694,16.55,2.21,2.64,17.36199999999999,113.986,"00.01:41:40",101.6666666666667,"2023-05-25","11:36:37"
"09-47-23-08",1.59,12.43,1.67,7.48,.15,2.039313186813187,15.33599999999999,2.65,25.04304709141274,8.359999999999999,1.98,14.83066666666667,3.044,1.77,6.21,104.5830269448926,"00.03:05:07",185.1166666666667,"2023-05-30","07:11:33"
"03-49-16-10",1.91,25.08,.99,2.91,.18,.4,9.141722222222223,2.58,24.11,4.89,.49,24.76,2.58,3.97,5.980828729281768,109.972550951504,"00.01:37:38",97.63333333333334,"2023-05-26","08:01:38"
"65-48-87-48",1.7,9.859999999999999,.62,4.14,1.267822580645161,.11,4.946000000000001,3.212314049586777,25.04304709141274,3.89,1.05,7.757999999999999,.99,1.5,2.85,68.93718372164469,"00.00:51:33",51.55,"2023-05-30","08:19:17"
"54-94-74-75",2.519335180055402,7.93,.99,2.84,.11,.08,5.38,3.67,28.68,5.971184573002755,1.348925619834711,10.73,1.31,2.59,17.36199999999999,91.51144537289285,"00.01:16:31",76.51666666666667,"2023-05-26","11:41:02"
"70-40-01-04",1.88,9.44,.79,4.41,.27,.16,8.289999999999999,4.95,25.04304709141274,6.84,.75,9.390000000000001,2.55,2.739168975069252,3.11,80.61221606648199,"00.01:36:51",96.84999999999999,"2023-05-30","12:18:54"
"33-37-06-20",2,7.416,2.76,4.948055555555555,3.8,.13,7.64,1.38,15.208,3.79,.65,9.720000000000001,1.819612188365651,1.61,3.26,66.13166774392121,"00.01:03:09",63.15,"2023-06-05","12:12:38"
"11-89-65-58",4.531999999999998,33.78999999999999,1.71,5.82,.11,.13,6.59,4.24,23.14,4.78,1.348925619834711,13.23,1.33,1.62,2.46,104.8309256198347,"00.01:47:30",107.5,"2023-05-30","12:31:24"
"86-01-74-97",2.519335180055402,13.99,1.14,3.51,1.267822580645161,4.69,8.67,3,18.21,4.55,2.46,27.76,3.044,2.63,5.980828729281768,103.4219864899823,"00.01:48:07",108.1166666666667,"2023-05-30","07:04:06"
"18-63-27-64",1.4,8.17,1.479889502762431,4.948055555555555,.16,.25,4.946000000000001,3.212314049586777,21.29,5.971184573002755,1.81,7.757999999999999,1.819612188365651,1.7,3.33,68.24505586927317,"00.00:56:40",56.66666666666666,"2023-05-30","12:19:14"
"00-01-02-02",3.51,24.99,2.3,6.63,.12,8.279999999999999,6.41,1.19,23.74,3.89,1.53,11.51,1.74,1.01,2.36,99.20999999999999,"00.01:39:42",99.7,"2023-05-30","07:21:58"
"69-53-29-77",1.78,18.27792817679558,1.479889502762431,4.948055555555555,.2,3.74,15.33599999999999,4.62,25.04304709141274,5.971184573002755,1.348925619834711,14.83066666666667,2.75,2.739168975069252,5.15,108.2148661610997,"00.04:18:44",258.7333333333333,"2023-05-17","08:56:38"
"38-36-87-54",1.41,13.53,.51,2.82,.23,2.039313186813187,5.63,3.85,19.16,6,.49,10.21,2.64,2.48,4.32,75.31931318681319,"00.01:31:37",91.61666666666666,"2023-06-05","12:31:07"
"96-39-11-89",1.56,15.19,1.479889502762431,4.948055555555555,.39,8.279999999999999,6.54,2.17,25.07,3.79,1.348925619834711,7.757999999999999,.9399999999999999,.982,2.88,83.3268706781527,"00.01:25:43",85.71666666666667,"2023-06-05","12:13:21"
"62-05-75-13",2.519335180055402,19.67,2.69,3.42,8.519999999999989,.3,5.61,5.07,18.32,7.46,.44,9.199999999999999,1.819612188365651,1.78,4.34,91.15894736842104,"00.01:34:17",94.28333333333333,"2023-05-17","12:35:44"
"36-43-41-97",3.73,16.15,1.479889502762431,3.97,.2,.49,8.17,3.212314049586777,30.14,8.25,2.05,12.18,1.87,2.739168975069252,3.04,97.67137252741846,"00.01:55:57",115.95,"2023-05-18","13:03:42"
"12-03-37-86",1.62,14.53,2.11,5.19,1.267822580645161,.26,9.619999999999999,6.237999999999996,37.748,8.77,1.348925619834711,7.96,3.044,2.01,3.63,105.3467482004799,"00.02:19:31",139.5166666666667,"2023-05-22","07:45:44"
"33-44-32-83",1.75,17.33,1.67,5.22,.14,.1,11.32,3.82,25.92,6.93,.9,20.76,1.819612188365651,2.55,3.98,104.2096121883657,"00.01:52:48",112.8,"2023-05-18","12:45:56"
"39-65-48-99",2.519335180055402,7.63,.76,3.75,.16,2.039313186813187,4.946000000000001,3.212314049586777,15.6,4.12,.59,23.35,2.83,4.34,2.68,78.52696241645536,"00.01:07:45",67.75,"2023-06-05","08:31:56"
"85-43-95-57",2,22.96,1.64,3.53,.32,.28,8.08,1.19,18.2,5.03,1.41,7.78,1.45,.982,4.02,78.872,"00.01:20:34",80.56666666666666,"2023-05-18","12:53:19"
"07-73-56-26",2.6,18.27792817679558,1.479889502762431,4.948055555555555,1.267822580645161,.73,9.141722222222223,6.237999999999996,25.04304709141274,8.779999999999999,2.694,10.42,1.819612188365651,2.739168975069252,10.51,106.6892462928286,"00.03:37:22",217.3666666666667,"2023-05-18","06:54:38"
"00-16-25-60",2.519335180055402,7.54,1.57,2.734,.16,.25,6.35,2.45,28.02,5.68,.49,15.56,1.77,2.87,17.36199999999999,95.32533518005539,"00.01:24:10",84.16666666666667,"2023-06-05","08:14:48"
"05-35-63-46",2.21,29.82,2.74,4.62,.26,8.050000000000001,9.69,2.41,26.8,5.37,2.54,8.949999999999999,.9399999999999999,.982,3.31,108.692,"00.01:54:38",114.6333333333333,"2023-05-18","09:14:40"
"00-34-52-14",2.05,24.38,2.955999999999999,4.22,.18,7.65,9.09,4.24,22.88,7.81,1.348925619834711,11.97,1.21,1.16,6.44,107.5849256198347,"00.02:00:30",120.5,"2023-05-18","06:49:58"
"81-06-64-01",2.519335180055402,18.75,2.24,4.37,8.519999999999989,.14,5.98,1.76,25.04304709141274,9.029999999999999,1.348925619834711,16.13,1.28,3.87,3.22,104.2013078913028,"00.02:30:39",150.65,"2023-05-18","07:14:58"
"84-33-06-87",1.4,22.27,1.479889502762431,4.75,.19,.12,12.39,2.96,23.18,5.971184573002755,1.348925619834711,14.83066666666667,1.819612188365651,2.22,2.38,97.31027855063222,"00.01:54:21",114.35,"2023-05-18","09:58:32"
"85-48-53-30",1.55,8.460000000000001,1.479889502762431,3.64,.14,.12,9.26,4.22,26.28,6.72,.77,14.83066666666667,1.28,2.739168975069252,2.52,84.00972514449835,"00.01:31:18",91.3,"2023-06-05","08:28:36"
"61-17-81-33",1.61,11.39,1.33,5.31,.19,.16,5.2,4.42,23.5,6.86,1.12,8.33,1.78,4.31,4.3,79.81,"00.01:20:47",80.78333333333333,"2023-05-19","07:54:39"
"70-67-46-48",1.81,28.51,.89,6.92,.12,5.27,14.27,4.54,32.43,7.94,1.348925619834711,8.710000000000001,3.044,2.739168975069252,5.5,124.042094594904,"00.02:17:44",137.7333333333333,"2023-05-19","10:48:52"
"08-84-58-33",1.4,7.44,1.02,6.34,.15,.11,5.14,2.38,20.4,5.971184573002755,1.41,8.859999999999999,1.819612188365651,1.49,2.51,66.4407967613684,"00.01:04:27",64.45,"2023-05-19","12:50:12"
"17-96-77-43",3.72,33.56,1.479889502762431,6.75,1.267822580645161,.15,7.72,5.4,25.04304709141274,5.971184573002755,.44,26.9,1.38,2.32,5.52,127.6219437478231,"00.03:20:22",200.3666666666667,"2023-05-19","07:53:00"
"05-74-99-19",1.45,22.8,1.48,6.83,.22,7.37,8.08,2.29,35.26,7.11,1.37,27.882,1.93,2.739168975069252,3.42,130.2311689750692,"00.03:09:06",189.1,"2023-05-18","09:56:09"
"58-76-16-53",4.531999999999998,10.63,2.955999999999999,2.82,.51,.15,6.93,3.09,32.62,7.62,1.04,14.83066666666667,1.34,2.41,3.72,95.19866666666667,"00.02:18:37",138.6166666666667,"2023-05-19","12:55:15"
"14-93-43-30",2.07,18.27792817679558,2.26,3.13,.11,.07,7.25,2.25,36.91,9.029999999999999,.5600000000000001,10.31,1.93,1.17,2.208,97.53592817679558,"00.01:58:22",118.3666666666667,"2023-05-19","05:35:02"
"11-82-86-61",2.67,9.98,2.49,4.948055555555555,1.267822580645161,.08,15.33599999999999,3.212314049586777,25.04304709141274,5.78,1.18,25.13,1.819612188365651,5,3.84,107.7768514655659,"00.03:11:57",191.95,"2023-05-22","07:51:37"
"03-50-12-90",1.65,32.79,1.71,4.948055555555555,1.267822580645161,.11,14.49,4.51,15.208,4.38,.5600000000000001,10.54,1.9,1.58,3.35,98.99387813620072,"00.02:02:57",122.95,"2023-05-19","07:59:08"
"81-28-91-79",1.57,8.67,1.479889502762431,6.66,5.82,8.119999999999999,9.01,2.87,18.28,4.6,1.09,27.882,1.19,2.21,5.980828729281768,105.4327182320442,"00.02:07:43",127.7166666666667,"2023-05-19","13:03:31"
"87-17-87-24",2.42,28.31,1.44,5,.44,.32,7.95,1.19,25.05,5.59,1.348925619834711,19.25,1.3,1.03,3.83,104.4689256198347,"00.01:48:36",108.6,"2023-05-19","12:51:24"
"98-37-88-19",1.83,7.416,2.1,5.14,.29,.27,14.67,3.212314049586777,21.7,5.971184573002755,1.97,14.68,1.819612188365651,4.78,17.36199999999999,103.2111108109552,"00.01:47:21",107.35,"2023-05-19","12:52:42"
"19-43-58-99",2.39,33.78999999999999,2.79,7.4,.21,.15,10.3,4.63,37.748,6.3,1.36,14.83066666666667,1.65,2.54,5.980828729281768,132.0694953959484,"00.02:44:20",164.3333333333333,"2023-05-19","07:49:19"
"85-30-41-56",2.43,12.65,2.03,8.036,.18,.15,13,5.82,29.85,9.029999999999999,2.38,18.58,2.04,5.361999999999998,7.68,119.218,"00.02:26:33",146.55,"2023-05-19","07:53:32"
"78-32-31-52",1.56,23.54,1.479889502762431,4.18,.21,.29,12.88,6.237999999999996,26.38,9.029999999999999,2.694,14.83066666666667,1.819612188365651,1.53,4.79,111.4521683577947,"00.01:59:42",119.7,"2023-05-19","07:49:49"
"37-97-45-71",2.01,11.98,.98,4.12,.22,.29,9.141722222222223,1.19,29.47,6.22,.8100000000000001,21.04,.9399999999999999,1.84,4,94.25172222222223,"00.01:31:02",91.03333333333333,"2023-05-19","10:04:38"
"07-52-39-57",3.41,15.94,2.65,4.948055555555555,8.34,2.039313186813187,7.46,6.237999999999996,20.17,4.2,1.86,9.640000000000001,.97,3.82,3.37,95.05536874236874,"00.01:55:00",115,"2023-05-19","10:30:46"
"80-35-75-14",1.4,16.14,2.955999999999999,6,.36,.17,15.33599999999999,6.237999999999996,25.04304709141274,7.11,2.1,14.83066666666667,3.044,2.739168975069252,5.980828729281768,109.4477114624304,"00.02:42:29",162.4833333333333,"2023-05-19","07:55:50"
"94-41-84-42",3.07,22.15,1.95,8.036,8.519999999999989,1.32,7.21,6.237999999999996,25.04304709141274,4.83,2.63,14.83066666666667,1.57,4.05,3.07,114.5177137580794,"00.02:33:01",153.0166666666667,"2023-05-18","07:13:54"
"96-46-53-15",1.71,16.64,1.62,3.1,1.267822580645161,5.9,5.13,1.77,17.44,5,.44,15.22,1.819612188365651,2.739168975069252,2.3,82.09660374408007,"00.01:39:33",99.55,"2023-05-22","06:34:09"
"53-23-37-57",1.71,15.51,2.51,4.52,1,.2,6.77,1.76,17.14,4.99,1,9.32,1.43,2.739168975069252,9.289999999999999,79.88916897506925,"00.01:20:15",80.25,"2023-05-22","12:26:13"
"34-02-59-21",3.03,27.65,2.44,5.46,.24,.22,13.2,3.212314049586777,37.748,5.31,.44,12.34,2.75,.982,3.8,118.8223140495868,"00.02:03:46",123.7666666666667,"2023-05-22","12:22:58"
"19-67-63-11",3.46,19.04,2.955999999999999,7.04,.28,.07,10.71,2.21,32.99,6.5,1.348925619834711,14.83066666666667,1.48,1.71,4.24,108.8655922865014,"00.02:25:14",145.2333333333333,"2023-05-20","12:11:50"
"57-12-45-97",1.87,18.27792817679558,1.479889502762431,4.62,.18,.08,7.85,2.56,25.04304709141274,5.971184573002755,1.63,7.757999999999999,2.52,3.23,2.49,85.5600493439735,"00.01:33:11",93.18333333333334,"2023-05-25","11:43:43"
"96-34-22-21",1.69,7.416,.78,6.06,.13,.09,10.22,5.98,22.84,5.18,1.61,14.83066666666667,2.17,1.06,2.208,82.26466666666667,"00.01:45:54",105.9,"2023-05-22","12:49:37"
"03-38-35-14",2.78,18.27792817679558,.74,5.32,.12,7.5,5.69,5.51,25.04304709141274,5.95,1.09,11.64,1.71,2.14,17.36199999999999,110.8729752682083,"00.01:44:51",104.85,"2023-05-19","10:22:17"
"09-06-20-19",2.89,28.27,.51,6.56,.1,.07,5.23,5.81,25.04304709141274,5.971184573002755,.58,23.8,1.819612188365651,2.739168975069252,5.980828729281768,115.3738415571322,"00.01:25:11",85.18333333333334,"2023-05-30","12:36:59"
"51-25-36-09",2.519335180055402,25.39,2.955999999999999,4.948055555555555,8.519999999999989,2.039313186813187,11.75,3.212314049586777,25.04304709141274,9.029999999999999,2.25,14.83066666666667,1.819612188365651,1.22,2.33,117.858343918456,"00.03:54:53",234.8833333333333,"2023-05-19","11:11:23"
"04-05-30-01",2.74,8.039999999999999,1.25,3.22,.12,.3,5.66,1.76,25.04304709141274,4.09,1.348925619834711,9.369999999999999,1.819612188365651,2.739168975069252,5.980828729281768,73.48158260396413,"00.01:16:47",76.78333333333333,"2023-05-27","09:26:12"
"50-01-20-35",4.531999999999998,18.27792817679558,2.955999999999999,4.948055555555555,.12,1.01,12.64,3.212314049586777,25.04304709141274,5.35,1.37,14.83066666666667,1.31,2.739168975069252,5.980828729281768,104.3200092443683,"00.02:39:36",159.6,"2023-05-25","07:27:36"
"67-87-75-21",2.519335180055402,18.27792817679558,1.479889502762431,4.948055555555555,2.14,.63,9.141722222222223,3.212314049586777,27.2,5.971184573002755,1.08,15.6,1.819612188365651,2.739168975069252,6.64,103.3992104234156,"00.05:35:39",335.65,"2023-05-19","07:54:33"
"53-81-28-44",2.519335180055402,18.27792817679558,1.97,4.17,.14,.07,9.141722222222223,4.24,21.67,6.44,1.89,18.2,1.26,5.33,7.55,102.8689855790732,"00.01:58:27",118.45,"2023-05-22","07:30:06"
"69-29-47-18",3.26,18.27792817679558,1.479889502762431,4.948055555555555,.18,.07,13.02,1.25,35.45,5.67,2.19,15.02,2.62,2.46,2.92,108.8158732351136,"00.02:23:28",143.4666666666667,"2023-05-22","07:32:29"
"22-59-76-95",4.52,18.27792817679558,1.479889502762431,6.37,.26,2.039313186813187,9.73,3.212314049586777,25.04304709141274,9.029999999999999,1.348925619834711,22.18,3.044,2.739168975069252,5.980828729281768,115.2554153315564,"00.03:23:31",203.5166666666667,"2023-05-18","06:55:26"
"87-80-21-51",2.519335180055402,18.27792817679558,1.05,4.948055555555555,1.267822580645161,6.52,9.141722222222223,6.17,26.45,6,.8,10.11,3.044,2.739168975069252,4.14,103.1780326903432,"00.02:14:45",134.75,"2023-05-25","12:57:51"
"21-25-86-78",1.4,16.83,1.15,7.48,.1,3.42,5.35,2.02,17.74,5.971184573002755,1.348925619834711,23.96,1.01,2.78,17.36199999999999,107.9221101928375,"00.02:22:05",142.0833333333333,"2023-05-31","12:41:26"
"28-99-62-67",2.519335180055402,33.78999999999999,1.49,3.72,.29,.11,10.13,4.65,33.46,5.14,1.348925619834711,27.882,1.06,2.73,3.52,131.8402607998901,"00.02:45:48",165.8,"2023-05-30","09:53:42"
"14-08-31-40",1.89,18.27792817679558,.5600000000000001,4.64,.17,.63,12.11,4.23,27.81,5.971184573002755,.72,8.630000000000001,1.819612188365651,4.05,5.980828729281768,97.48955366744575,"00.01:11:15",71.25,"2023-06-05","12:23:12"
"43-12-71-52",2.519335180055402,26.14,1.479889502762431,3.34,.12,.22,10.67,3.212314049586777,37.05,8.289999999999999,2.11,27.882,.99,2.89,5.47,132.3835387324046,"00.02:35:45",155.75,"2023-05-30","07:17:06"
"64-05-81-04",4.531999999999998,9.77,2.05,5.34,.15,2.039313186813187,9.539999999999999,3.212314049586777,36.28,5.26,1.29,14.83066666666667,1.69,2.55,5.65,104.1842939030666,"00.02:03:27",123.45,"2023-05-31","07:54:44"
"52-46-02-95",1.91,18.27792817679558,2.955999999999999,3.75,7.94,.18,7.79,1.64,25.04304709141274,5.971184573002755,2.56,26.39,1.46,2.739168975069252,12.9,121.5073288162803,"00.03:44:16",224.2666666666667,"2023-05-25","13:36:44"
"45-07-09-59",2.519335180055402,10.79,.51,6.11,.1,.14,6.03,3.212314049586777,24.83,5.5,2.6,7.757999999999999,1.97,1.49,3.87,77.42964922964218,"00.01:15:16",75.26666666666667,"2023-05-26","12:32:10"
"52-28-82-48",2.68,26.4,.98,4.948055555555555,.27,.07,9.5,3.212314049586777,18.86,5.32,1.19,27.882,1.47,1.09,5.980828729281768,109.8531983344241,"00.01:50:16",110.2666666666667,"2023-05-30","12:56:35"
"72-80-69-88",1.66,24.77,.99,5.4,.6,.29,8.41,3.212314049586777,29.69,8.460000000000001,1.57,11.83,2.56,2.739168975069252,8.56,110.741483024656,"00.02:19:50",139.8333333333333,"2023-05-18","10:33:54"
"17-89-78-78",2.519335180055402,13.68,1.3,2.97,.11,.22,7.55,3.212314049586777,21.67,4.16,.77,27.882,1.819612188365651,2.17,5.980828729281768,96.01409014728959,"00.01:36:49",96.81666666666666,"2023-05-26","13:19:40"
"07-52-31-91",1.74,16.54,2.1,3.34,8.519999999999989,2.46,8.85,2.11,25.04304709141274,4.92,.57,27.882,1.17,4.15,5.980828729281768,115.3758758206945,"00.02:20:00",140,"2023-05-30","07:31:34"
"99-68-20-94",3.1,25.6,1.479889502762431,4.91,.34,4.35,9.141722222222223,1.58,25.04304709141274,5.971184573002755,1.348925619834711,14.83066666666667,1.82,1.37,5.980828729281768,106.8662644051833,"00.01:38:44",98.73333333333333,"2023-05-30","12:15:25"
"84-66-38-33",2.24,14.65,1.05,3.65,1.267822580645161,6.37,9.141722222222223,2.77,25.98,5.971184573002755,.7,16.26,1.819612188365651,4.35,5.87,102.0903415642358,"00.01:51:21",111.35,"2023-05-30","07:19:04"
"39-36-01-20",2.51,32.63,1.479889502762431,8.036,.25,.5600000000000001,14.29,4.72,31.45,8.4,1.348925619834711,8.27,2.88,2.739168975069252,2.208,121.7719840976664,"00.02:20:08",140.1333333333333,"2023-05-26","07:33:33"
"05-30-74-26",2.519335180055402,11.68,1.74,4.948055555555555,.11,.09,4.98,1.19,15.6,5.971184573002755,1.42,8.59,1.42,2.739168975069252,9.279999999999999,72.27774428368296,"00.01:35:40",95.66666666666667,"2023-05-31","13:00:27"
"22-19-53-02",4.531999999999998,17.55,.53,5.05,.15,2.039313186813187,6.16,1.42,18.58,4.51,2.694,19.67,1.54,1.36,5.32,91.10531318681319,"00.01:36:16",96.26666666666667,"2023-06-05","12:17:10"
"20-37-92-05",2.82,33.03,1.479889502762431,3.82,.25,.29,8.77,3.212314049586777,37.748,5.971184573002755,1.61,14.83066666666667,2.77,4.96,6.58,128.1420547920186,"00.03:34:44",214.7333333333333,"2023-05-18","12:54:35"
"67-95-64-84",1.62,18.27792817679558,.87,7.48,1.267822580645161,.08,7.93,3.43,26.98,5.19,1.52,9.800000000000001,1.69,3.62,2.208,91.96375075744075,"00.01:50:26",110.4333333333333,"2023-05-27","08:49:53"
"67-07-39-08",3.15,16.13,2.15,6.64,8.519999999999989,.11,7.13,6.237999999999996,31.99,4.56,1.2,27.12,1.74,2.32,2.7,121.698,"00.01:59:43",119.7166666666667,"2023-05-18","06:56:05"
"72-66-07-18",3.33,22.22,2.63,8.036,.28,.38,9.35,3.212314049586777,33.46,8.859999999999999,1.348925619834711,12.83,3.044,5.361999999999998,3.04,117.3832396694215,"00.02:32:13",152.2166666666667,"2023-05-17","12:38:59"
"72-69-50-37",2.83,18.27792817679558,.51,6.56,.24,.09,9.141722222222223,3.212314049586777,25.04304709141274,5.971184573002755,1.348925619834711,14.83066666666667,.9399999999999999,1.76,2.48,93.23578839952145,"00.00:49:10",49.16666666666666,"2023-05-20","09:49:33"
"53-41-55-25",3.6,18.27792817679558,2.955999999999999,4.97,.25,.32,8.57,4.87,25.04304709141274,5.57,1.15,21.36,1.819612188365651,3.42,2.62,104.796587456574,"00.02:34:36",154.6,"2023-05-17","07:19:24"
"99-40-82-80",4.47,18.35,2.48,4.948055555555555,.35,.42,8.199999999999999,4.02,32.1,6.23,1.41,8.289999999999999,1.68,3.03,2.208,98.18605555555555,"00.02:49:52",169.8666666666667,"2023-05-17","08:43:54"
"23-54-03-81",4.09,18.27792817679558,2.01,4.73,.17,.22,11.14,6.237999999999996,24.76,6.61,2.694,14.83066666666667,2.23,2.54,3.71,104.2505948434622,"00.03:07:38",187.6333333333333,"2023-05-17","10:11:32"
"27-20-78-36",4.531999999999998,33.78999999999999,1.479889502762431,8.036,1.267822580645161,.12,15.33599999999999,3.212314049586777,22.5,5.971184573002755,.76,14.83066666666667,1.819612188365651,2.739168975069252,5.79,122.1846585360987,"00.04:17:41",257.6833333333333,"2023-05-18","09:15:52"
"84-90-94-70",1.4,7.416,2.955999999999999,4.948055555555555,1.267822580645161,.21,9.141722222222223,3.43,25.04304709141274,4.42,1.07,12.81,1.08,1.95,4.59,81.73264744983568,"00.02:48:28",168.4666666666667,"2023-05-17","07:13:21"
"03-79-50-93",1.4,30.66,.92,5.76,1.267822580645161,5.63,10.84,2.74,30.42,6.58,1.348925619834711,11.25,2.55,5.361999999999998,3.62,120.3487482004799,"00.02:57:38",177.6333333333333,"2023-05-19","08:00:45"
"83-85-13-86",1.76,8.56,.87,2.734,.12,.08,5.97,3.212314049586777,28.39,5.971184573002755,1.12,24.63,1.65,3.33,4.66,93.05749862258953,"00.01:39:52",99.86666666666666,"2023-05-19","11:16:12"
"91-24-08-83",2.519335180055402,33.78999999999999,1.13,6.21,.12,2.039313186813187,11.77,3.04,28.59,5.971184573002755,.44,10.59,1.45,2.739168975069252,2.64,113.0390019149406,"00.02:24:40",144.6666666666667,"2023-05-18","06:54:29"
"25-32-96-44",3.44,21.62,2.13,3.73,.18,.09,8.880000000000001,4.96,24.34,7.11,1.348925619834711,9.619999999999999,3.044,2.739168975069252,2.208,95.44009459490397,"00.01:57:09",117.15,"2023-05-18","13:10:57"
"97-99-83-33",3.02,18.27792817679558,1.4,4.948055555555555,.65,.32,8.76,3.212314049586777,37.748,9.029999999999999,.44,12.35,1.7,1.55,7.18,110.5862977819379,"00.02:15:42",135.7,"2023-05-17","07:21:10"
"55-35-77-06",1.77,18.27792817679558,1.59,5.79,1.267822580645161,2.039313186813187,14.47,3.212314049586777,27.14,7.93,2.694,27.17,2.44,2.739168975069252,2.35,120.88054696891,"00.02:33:52",153.8666666666667,"2023-05-18","06:57:31"
"05-01-06-84",2.39,29.03,2.44,6.2,.27,5.53,11.72,6.13,23.59,5.971184573002755,2.39,14.03,1.819612188365651,2.739168975069252,17.36199999999999,131.6119657364376,"00.02:12:49",132.8166666666667,"2023-05-19","10:03:47"
"49-78-46-84",2.519335180055402,8.57,.88,5.87,.15,2.039313186813187,7.32,1.86,37.748,5.21,1.348925619834711,27.882,1.16,1.97,3.09,107.6175739867033,"00.02:21:07",141.1166666666667,"2023-05-29","06:50:17"
"96-34-51-79",4.531999999999998,18.27792817679558,1.479889502762431,6.54,.17,.11,9.141722222222223,4.31,25.04304709141274,5.61,.67,26.82,1.97,2.9,4.55,112.124586993193,"00.03:42:03",222.05,"2023-05-18","09:56:13"
"05-90-60-44",1.89,9.390000000000001,.8100000000000001,3.84,.45,2.039313186813187,9.51,5.64,19.92,5.45,2.694,11.88,1.819612188365651,2.97,2.55,80.85292537517884,"00.01:27:03",87.05,"2023-05-27","09:08:52"
"32-72-73-42",2.519335180055402,18.27792817679558,1.479889502762431,6.44,1.267822580645161,3.53,9.141722222222223,5.45,25.04304709141274,5.971184573002755,1.348925619834711,14.83066666666667,2.37,2.739168975069252,5.980828729281768,106.3905193177487,"00.05:01:26",301.4333333333333,"2023-05-17","13:28:51"
"94-88-32-78",4.02,18.27792817679558,2.94,3.95,.12,.32,9.76,2.88,25.27,7.54,.83,26.27,1.6,2.6,2.95,109.3279281767956,"00.03:03:18",183.3,"2023-05-26","07:18:43"
"18-56-14-23",1.87,18.27792817679558,.78,6.91,.18,.28,12.12,2.71,34.57,8.300000000000001,1.348925619834711,18.16,2.61,2.739168975069252,2.49,113.3460227716995,"00.01:55:47",115.7833333333333,"2023-05-20","14:02:09"
"84-22-47-37",2.519335180055402,17.94,1.34,4.74,.13,.18,5.43,5.48,29.21,6.26,1.348925619834711,27.882,1.27,2.72,5.980828729281768,112.4310895291719,"00.02:24:49",144.8166666666667,"2023-05-20","12:06:48"
"44-69-61-71",1.89,18.27792817679558,1.77,3.55,8.519999999999989,4.23,12.44,3.212314049586777,21,9.029999999999999,.54,21.38,2.12,4.27,8.529999999999999,120.7602422263823,"00.02:29:57",149.95,"2023-05-19","14:08:17"
"05-76-24-30",4.45,17.73,2.05,6.25,.25,.19,13.88,3.212314049586777,24.16,6.49,1.43,14.83066666666667,3.044,1.34,5.980828729281768,105.2878094455352,"00.05:52:12",352.2,"2023-05-17","12:43:51"
"72-65-35-75",2.519335180055402,33.78999999999999,2.35,6.62,.3,8.279999999999999,8.92,3.212314049586777,24.49,5.46,1.348925619834711,10.83,1.74,3.12,5.04,118.0205748494769,"00.02:18:24",138.4,"2023-05-20","07:27:05"
"92-30-60-06",3.08,20.54,1.06,4.948055555555555,.46,2.039313186813187,9.141722222222223,2.2,34.07,6.28,.67,10.14,.9399999999999999,3.65,14.78,113.999090964591,"00.02:50:42",170.7,"2023-05-25","07:32:02"
"94-77-43-36",2.68,12.13,.6899999999999999,6.01,.42,1,15.33599999999999,4.17,25.59,6.88,2.43,19.3,2.51,1.17,5.980828729281768,106.2968287292818,"00.01:49:06",109.1,"2023-05-29","07:16:57"
"72-37-57-39",2.519335180055402,27.31,1.22,5.33,.22,5.04,9.41,6.237999999999996,37.5,8.98,1.57,10.04,2.71,2.739168975069252,2.46,123.2865041551246,"00.04:11:37",251.6166666666667,"2023-05-17","06:28:16"
"76-02-50-71",1.4,20.67,1.18,2.81,.15,.08,5.95,1.47,23.5,8.43,1.348925619834711,9.49,1.18,2.19,16.17,96.01892561983472,"00.01:48:23",108.3833333333333,"2023-05-20","13:04:00"
"75-53-97-04",2.02,18.27792817679558,1.479889502762431,6.17,.1,2.039313186813187,9.141722222222223,3.35,15.208,4.46,.99,16.67,1.44,2.67,3.92,87.93685308859342,"00.01:31:12",91.2,"2023-06-05","12:14:22"
"61-20-94-35",1.87,33.78999999999999,1.08,4.88,.14,.96,4.946000000000001,6.15,27.59,6.24,1.45,22.86,3.044,2.49,8.279999999999999,125.77,"00.03:58:54",238.9,"2023-05-25","06:59:07"
"33-94-27-06",2.17,15.37,.87,5.52,8.519999999999989,7.71,7.21,4.68,22.79,6.15,2.21,10.15,1.819612188365651,1.2,6.12,102.4896121883656,"00.01:49:53",109.8833333333333,"2023-05-20","08:24:38"
"02-07-42-94",2.519335180055402,18.27792817679558,1.75,6.65,.42,.51,5.65,3.98,34.9,6.62,.88,8.49,2.09,1.32,4.08,98.13726335685098,"00.01:52:03",112.05,"2023-05-20","10:35:47"
"48-79-63-92",2.94,13.04,2.3,3.42,.1,.24,6.4,3.212314049586777,18.91,4.79,.49,9.23,1.18,2.739168975069252,3.3,72.29148302465603,"00.01:10:14",70.23333333333333,"2023-05-22","07:16:39"
"87-31-98-00",2.519335180055402,18.94,.55,3.92,.3,.15,5.14,3.212314049586777,19.57,5.8,1.51,18.93,2.25,2.739168975069252,2.208,87.73881820471144,"00.01:25:22",85.36666666666666,"2023-05-20","10:39:23"
"68-12-26-88",2.72,33.19,2.955999999999999,4.41,.12,1.67,6.11,2.66,26.83,5.66,2.47,10.68,1.27,4.66,2.208,107.614,"00.02:24:00",144,"2023-05-20","07:05:16"
"21-07-91-22",1.94,33.78999999999999,1.31,4.27,.11,.12,11.14,1.99,15.208,5.04,1.98,14.83066666666667,.97,3.07,4.77,100.5386666666667,"00.02:11:34",131.5666666666667,"2023-05-26","11:59:48"
"59-08-91-97",1.68,8.880000000000001,.76,5.19,.1,.12,10.18,2.43,18.17,4.69,1.58,14.83066666666667,.9399999999999999,2.49,2.43,74.47066666666667,"00.01:27:11",87.18333333333334,"2023-05-29","07:16:05"
"15-39-44-44",2.57,33.78999999999999,1.479889502762431,4.948055555555555,1.267822580645161,.1,8.6,3.1,37.748,3.81,1.348925619834711,10.92,1.52,1.44,4.22,116.8626932587978,"00.02:52:03",172.05,"2023-05-19","10:23:05"
"70-81-99-80",1.51,26.44,2.72,4.04,.19,8.279999999999999,11.43,6.16,26.72,5.971184573002755,.5,21.66,1.819612188365651,2.739168975069252,5.980828729281768,126.1607944657194,"00.02:13:09",133.15,"2023-05-20","08:26:31"
"57-32-99-06",2.47,18.27792817679558,1.479889502762431,6.56,1.267822580645161,2.039313186813187,13.89,3.45,31.93,5.971184573002755,.46,15.9,2.58,3.62,6.48,116.3761380200191,"00.03:11:22",191.3666666666667,"2023-05-20","09:58:26"
"60-00-51-13",2.91,31.28,2.955999999999999,5.58,.1,2.039313186813187,9.44,1.9,30.95,6.85,1.348925619834711,15.31,1.91,1.74,4.94,119.2542388066479,"00.02:20:12",140.2,"2023-05-29","07:33:25"
"03-72-03-14",2.05,22.63,1.83,8.036,.34,.14,5.55,5.88,29.01,7.01,1.348925619834711,11.51,1.32,2.739168975069252,5.980828729281768,105.3749233241857,"00.01:51:42",111.7,"2023-05-20","12:15:23"
"32-51-19-72",2.519335180055402,16.66,2.75,4.948055555555555,.16,.98,6.26,1.59,15.208,5.56,1.06,9.56,1.19,1.88,4.79,75.11539073561096,"00.01:20:53",80.88333333333334,"2023-05-20","13:46:42"
"95-19-87-73",2.13,22.62,.71,3.75,.17,.2,12.39,6.237999999999996,31.98,5,1.09,7.757999999999999,1.81,3.45,16.81,116.106,"00.02:10:26",130.4333333333333,"2023-05-26","07:21:47"
"09-07-28-33",4.34,29.1,1.479889502762431,4.948055555555555,.26,.15,9.141722222222223,4.72,37.74,7.68,.5,25.09,2.21,2.66,4.84,134.8596672805402,"00.02:55:27",175.45,"2023-05-20","11:01:14"
"82-76-66-89",1.94,30.46,.65,2.734,5.95,.15,4.946000000000001,3.212314049586777,25.04304709141274,5.971184573002755,1.348925619834711,10.59,.97,2.739168975069252,5.980828729281768,102.685469038188,"00.02:38:11",158.1833333333333,"2023-05-27","07:12:48"
"32-84-70-99",1.59,10.99,.64,3.1,.49,.21,6.59,5.42,24.21,5.42,.92,27.882,1.819612188365651,4.88,2.32,96.48161218836565,"00.01:47:38",107.6333333333333,"2023-05-22","12:35:10"
"97-60-60-10",2.04,14.12,2.5,5.82,.29,.09,14.11,3.212314049586777,20.02,9.029999999999999,2.47,27.882,2.73,4.76,17.36199999999999,126.4363140495868,"00.02:06:33",126.55,"2023-05-29","12:14:45"
"77-34-61-84",2.4,18.27792817679558,1.99,8.036,.15,1.21,9.141722222222223,6.237999999999996,29.55,6.3,1.41,19.18,1.819612188365651,3.81,14.9,124.4132625873834,"00.02:04:04",124.0666666666667,"2023-05-29","12:15:16"
"51-45-20-69",2.519335180055402,19.54,1.08,3.47,.11,2.039313186813187,6.53,2.38,22.27,5.66,.7,12.46,1.819612188365651,.982,3.96,85.52026055523424,"00.01:51:18",111.3,"2023-05-29","09:53:04"
"56-62-79-46",1.98,28.78,2.13,5.36,1.267822580645161,8.279999999999999,11.75,3.212314049586777,18.59,4.51,1.348925619834711,9.609999999999999,1.15,3.37,16.94,118.2790622500666,"00.02:10:57",130.95,"2023-05-29","12:20:37"
"11-13-66-94",1.95,13.58,.58,4.948055555555555,.22,.11,7.57,2.78,23.85,7.68,1.86,8.789999999999999,1.02,1.33,5.980828729281768,82.24888428483733,"00.01:21:21",81.34999999999999,"2023-05-23","11:57:56"
"15-09-86-52",2.17,33.78999999999999,1.479889502762431,7.65,.26,.25,11.85,3.48,33.92,9.029999999999999,2.26,10.48,2.24,2.739168975069252,3.97,125.5690584778317,"00.02:40:56",160.9333333333333,"2023-05-22","07:26:45"
"91-02-01-07",4.531999999999998,13.56,1.11,8.02,.31,.19,12.28,1.19,32.83,6.92,1.348925619834711,13.29,1.819612188365651,4.9,5.61,107.9105378082004,"00.02:21:13",141.2166666666667,"2023-05-22","14:50:25"
"38-98-52-39",2.28,21.5,.75,3.89,1.267822580645161,8.279999999999999,8.84,3.212314049586777,24.98,5.971184573002755,2.13,16.1,3.02,5.17,12.1,119.4913212032347,"00.02:22:21",142.35,"2023-05-22","12:23:33"
"91-79-46-21",2.79,22.4,1.479889502762431,4.93,.37,8.279999999999999,9.94,5.04,25.97,7.83,2.32,8.09,.98,2.739168975069252,3.04,106.1990584778317,"00.01:48:26",108.4333333333333,"2023-05-22","12:26:50"
"09-72-08-00",3.6,16.01,1.89,6.52,.12,.59,4.946000000000001,3.76,20.94,5.65,2.54,10.72,1.21,2.739168975069252,7.69,88.92516897506925,"00.01:55:46",115.7666666666667,"2023-05-25","11:43:18"
"25-52-14-98",3.34,32.79,.84,5.92,.13,.14,15.33599999999999,3.212314049586777,25.04304709141274,6.6,1.03,14.83066666666667,2.58,4.21,4.07,120.0720278076662,"00.02:37:11",157.1833333333333,"2023-05-29","12:15:38"
"54-44-91-10",2.519335180055402,33.78999999999999,1.15,4.948055555555555,.13,.34,9.141722222222223,4.01,25.04304709141274,5.97,1.348925619834711,18.28,1.81,2.12,2.208,112.8090856690806,"00.02:39:41",159.6833333333333,"2023-05-23","12:19:26"
"76-65-29-85",2.8,30.34,.97,4.948055555555555,.23,1.26,9.141722222222223,6.05,33.14,8.76,1.22,27.882,1.28,2.78,2.3,133.1017777777778,"00.02:34:42",154.7,"2023-05-22","12:28:35"
"02-98-88-27",1.97,13.59,1.479889502762431,2.734,.16,.15,6.83,1.94,27.66,8.34,1.348925619834711,8.609999999999999,.96,4.09,3.33,83.19281512259714,"00.02:27:26",147.4333333333333,"2023-05-22","06:39:08"
"94-29-79-85",2.519335180055402,10.15,.71,4.82,7.57,7.77,6.55,3.5,15.208,5.971184573002755,1.51,14.7,1.33,3.5,5.980828729281768,91.78934848233992,"00.02:00:48",120.8,"2023-06-05","08:04:57"
"73-36-17-40",2.17,18.27792817679558,.51,7.15,.31,.88,9.07,3.69,25.04304709141274,7.13,1.348925619834711,9.16,1.62,5.13,2.208,93.69790088804304,"00.02:33:55",153.9166666666667,"2023-05-22","08:55:08"
"42-46-38-01",3.56,20.78,1.67,6.36,.25,.33,9,1.19,32.31,6.47,.51,16.92,1.03,1.15,3.23,104.76,"00.01:44:22",104.3666666666667,"2023-05-23","07:14:13"
"73-70-95-80",3.96,15.5,1.6,4.11,.12,.08,9.07,3.9,18.43,7.11,1.15,8,2.97,2.87,2.77,81.64,"00.01:58:37",118.6166666666667,"2023-05-29","07:32:31"
"72-84-79-72",2.05,18.27792817679558,.82,3.69,.15,.09,8.66,3.04,22.63,3.79,1.348925619834711,9.84,.9399999999999999,1.25,5.980828729281768,82.55768252591206,"00.01:34:44",94.73333333333333,"2023-05-22","15:17:58"
"65-38-87-54",3.41,9.550000000000001,1.63,3.01,.11,.13,8.49,2.39,24.67,5.38,2.03,18.87,3.044,2.43,5.980828729281768,91.12482872928177,"00.01:51:39",111.65,"2023-05-26","07:14:58"
"94-91-03-07",4.531999999999998,10.18,1.55,8.036,.13,2.039313186813187,12.98,4.63,27.8,8.869999999999999,2.69,21.6,2.51,2.98,4.64,115.1673131868132,"00.02:08:37",128.6166666666667,"2023-05-25","07:21:30"
"43-00-27-37",1.94,20.42,.86,8.036,.49,8.279999999999999,15.33599999999999,2.99,31.21,5.971184573002755,1,15.94,1.9,5.361999999999998,5.21,124.9451845730027,"00.02:31:49",151.8166666666667,"2023-05-22","12:21:22"
"97-63-44-51",1.4,7.46,1.479889502762431,2.85,.1,2.039313186813187,5.47,2.7,25.04304709141274,5.92,2.694,12.04,1.819612188365651,2.739168975069252,4.57,78.32503094442326,"00.01:18:55",78.91666666666667,"2023-05-29","12:03:19"
"13-97-69-06",1.4,16.04,.51,6.24,1.267822580645161,2.039313186813187,11.41,3.24,20.15,6.77,.44,12.83,2.44,4.36,15.35,104.4871357674583,"00.02:02:30",122.5,"2023-06-05","08:13:14"
"64-91-38-41",1.97,18.27792817679558,2.35,4.948055555555555,.1,2.039313186813187,7.78,1.19,25.04304709141274,5.971184573002755,1.348925619834711,14.51,1.819612188365651,.982,5.12,93.45006639178018,"00.02:38:14",158.2333333333333,"2023-05-22","14:43:50"
"81-33-83-30",2.21,32,1.479889502762431,7.07,1.267822580645161,7.59,9.550000000000001,5.77,27.35,7.23,2.694,10.3,2.37,1.67,2.99,121.5417120834076,"00.02:17:26",137.4333333333333,"2023-06-05","08:36:59"
"19-42-84-15",2.519335180055402,21.15,1.6,5.74,.3,.12,10.46,6.237999999999996,28.38,6.71,1.3,10.17,.9399999999999999,4.31,13.54,113.4773351800554,"00.01:56:24",116.4,"2023-05-23","13:05:25"
"13-49-27-25",1.53,15.64,.62,4.948055555555555,.28,.09,9.141722222222223,1.38,15.208,6.18,2.36,14.83066666666667,1.819612188365651,2.739168975069252,5.980828729281768,82.74805433716112,"00.02:34:40",154.6666666666667,"2023-05-23","12:33:20"
"08-12-43-59",1.85,10.81,1.12,3.24,.29,.12,5.16,3,19.99,5.44,1.348925619834711,11.61,.9399999999999999,2.739168975069252,8.32,75.97809459490396,"00.01:13:19",73.31666666666666,"2023-05-23","07:12:07"
"82-85-64-69",1.72,27.87,1.76,4.34,.19,.26,5.98,2.93,19.19,4.32,2.17,9.300000000000001,2.15,2.739168975069252,4.97,89.88916897506925,"00.01:36:43",96.71666666666667,"2023-05-29","07:16:05"
"22-02-04-35",1.56,15.71,1.74,4.64,.36,.43,13.63,3.43,22.53,7.74,2.694,27.02,3.03,5.361999999999998,5.980828729281768,115.8568287292818,"00.01:54:21",114.35,"2023-05-29","07:19:12"
"00-91-45-36",1.94,9.039999999999999,1.479889502762431,4.948055555555555,.25,8.279999999999999,9.141722222222223,3.212314049586777,15.208,5.971184573002755,.44,14.48,1.59,1.66,3.64,81.28116590312975,"00.01:10:48",70.8,"2023-06-05","08:17:11"
"11-05-72-97",2.519335180055402,18.27792817679558,1.25,3.02,.16,3.62,6.28,3.28,18.66,5.71,.54,13.36,2.14,3.6,16.86,99.27726335685098,"00.01:30:27",90.45,"2023-05-27","07:12:35"
"16-99-02-10",1.75,7.416,.51,4.948055555555555,.11,.18,6.74,1.33,19.25,5.84,.74,14.83066666666667,1.3,2.739168975069252,2.208,69.89189119729147,"00.01:25:13",85.21666666666667,"2023-05-26","09:00:31"
"31-99-53-07",1.86,22.06,.83,3.7,1.267822580645161,.09,5.7,3.03,23.23,4.85,1.41,14.83066666666667,1.819612188365651,2.28,5.980828729281768,92.93893016495925,"00.02:03:40",123.6666666666667,"2023-05-27","10:33:59"
"48-93-31-20",1.96,18.4,.84,6.39,.24,2.039313186813187,9.141722222222223,3.212314049586777,25.04304709141274,5.96,1.85,14.83066666666667,2.59,4.49,3.72,100.7070632167016,"00.02:47:06",167.1,"2023-05-26","12:26:38"
"87-13-21-98",1.77,15.76,1.21,7.25,.12,.16,8.869999999999999,3.7,28.14,6.29,1.348925619834711,9.640000000000001,2.91,5.361999999999998,5.980828729281768,98.51175434911647,"00.01:50:54",110.9,"2023-05-27","07:14:30"
"55-27-15-85",2.26,12.85,2.57,6.29,.14,6.51,10.88,3.212314049586777,21.47,3.79,1.51,10.86,2.22,1.14,7.23,92.93231404958678,"00.02:06:34",126.5666666666667,"2023-05-27","06:47:34"
"59-41-96-68",1.4,29.16,2.17,5.05,.15,.23,6.22,4.71,20.89,4.8,.44,9.91,.98,2.49,2.97,91.57000000000001,"00.01:35:32",95.53333333333333,"2023-05-27","07:09:26"
"22-18-88-41",2.519335180055402,16.1,.66,3.73,6.22,.09,6.16,1.92,25.04304709141274,7,.44,14.83066666666667,1.4,5.361999999999998,5.35,96.82504893813481,"00.02:44:55",164.9166666666667,"2023-05-26","07:10:02"
"24-64-78-21",2.519335180055402,28.1,1.479889502762431,4.948055555555555,8.519999999999989,2.039313186813187,11.93,3.212314049586777,25.04304709141274,9.029999999999999,1.11,14.83066666666667,1.819612188365651,4.11,4.32,123.0122334212184,"00.04:29:12",269.2,"2023-05-19","07:48:01"
"86-04-16-80",2.519335180055402,13.74,1.16,3.91,.11,2.039313186813187,5.23,3.74,20.87,3.79,.5,8.609999999999999,.9399999999999999,1.78,2.62,71.5586483668686,"00.01:26:41",86.68333333333334,"2023-05-27","10:31:42"
"92-49-74-52",3.11,29.38,1.479889502762431,6.79,.15,8.279999999999999,11.25,6.237999999999996,37.748,6.74,2.13,14.83066666666667,2.98,3.78,5.31,140.1965561694291,"00.02:14:30",134.5,"2023-05-27","09:33:31"
"24-72-61-31",4.531999999999998,15.66,.51,6.93,.15,.12,12.34,3.18,25.04304709141274,6.62,1.5,23.7,1.78,3.78,3.78,109.6250470914127,"00.02:19:18",139.3,"2023-05-20","09:22:14"
"04-92-41-49",2.18,24.78,.75,2.734,.22,.18,4.946000000000001,3.75,27.46,4.29,1.54,20.18,.96,1.42,4.56,99.95,"00.01:40:40",100.6666666666667,"2023-05-27","06:56:36"
"10-43-22-87",2.519335180055402,33.78999999999999,2.89,7.53,1.267822580645161,.24,11.99,1.89,34.8,3.79,1.79,12.01,3,.982,4.13,122.6191577607005,"00.02:30:45",150.75,"2023-05-27","06:56:40"
"32-83-01-09",1.96,14.08,.96,5.5,.1,.07,9.141722222222223,3.212314049586777,25.04304709141274,6.29,1.348925619834711,14.83066666666667,1.819612188365651,3.69,5.9,93.94628783808876,"00.02:09:26",129.4333333333333,"2023-05-24","09:58:08"
"79-05-50-27",1.63,11.22,2.31,4.948055555555555,.2,.08,5.23,3.52,19,6.61,.86,12.67,2.06,4.02,15.01,89.36805555555556,"00.01:17:07",77.11666666666666,"2023-05-27","09:26:05"
"27-16-23-86",2.39,18.27792817679558,1.35,3.16,.14,3.85,5.87,1.86,20.81,5.78,1.13,9.289999999999999,1.35,3,9.529999999999999,87.78792817679557,"00.01:45:01",105.0166666666667,"2023-05-24","10:19:15"
"12-61-67-91",1.42,21.85,1.2,2.98,.59,.21,7.12,1.44,19.54,4.64,1,10.14,1.32,.982,5.2,79.63200000000001,"00.01:19:11",79.18333333333334,"2023-05-26","07:05:06"
"58-55-75-07",2.42,18.27792817679558,1.25,4.948055555555555,.11,.08,9.141722222222223,3.212314049586777,25.04304709141274,3.79,1.44,14.83066666666667,2.2,2.739168975069252,3.34,92.82290273730879,"00.01:57:41",117.6833333333333,"2023-05-26","09:49:18"
"00-06-72-58",3.55,29.4,.93,5.85,.11,.14,7.82,3.99,27.23,8.789999999999999,1.348925619834711,15.49,1.91,3.14,4.99,114.6889256198347,"00.01:58:39",118.65,"2023-05-24","07:23:36"
"45-71-57-97",2.78,20.07,2.07,2.734,.24,.19,8.24,1.19,15.208,6.47,2.07,14.74,2.03,2.78,5.01,85.822,"00.01:45:52",105.8666666666667,"2023-05-25","07:30:17"
"18-81-00-96",2.66,18.27792817679558,.87,5.02,.35,4.59,15.33599999999999,2.35,26.1,5.33,1.76,9.66,1.83,2.19,3.13,99.45392817679557,"00.02:06:23",126.3833333333333,"2023-05-31","13:24:54"
"09-79-14-71",1.4,8.470000000000001,1.479889502762431,3.49,1.267822580645161,8.140000000000001,6.3,3,20.25,5.78,1.41,7.77,.9399999999999999,2.42,8.859999999999999,80.9777120834076,"00.01:33:45",93.75,"2023-05-26","11:39:11"
"71-80-89-34",2.42,18.27792817679558,.51,4.948055555555555,1.267822580645161,4.19,14.05,3.212314049586777,35.93,4.69,1.94,9.210000000000001,2.86,.982,3.67,108.1581203625831,"00.03:04:31",184.5166666666667,"2023-05-20","14:00:04"
"05-16-40-57",2.08,13.53,.84,6.35,.13,.07,4.946000000000001,1.75,18.16,8.220000000000001,1.28,8.51,1.67,1.66,3.57,72.76600000000001,"00.01:16:49",76.81666666666666,"2023-05-27","10:11:18"
"11-65-24-94",4.531999999999998,15.94,.82,7.77,.11,2.039313186813187,10.92,5.48,36.47,5.96,2.17,13.33,2.77,4.73,5.32,118.3613131868132,"00.02:23:22",143.3666666666667,"2023-05-27","09:27:12"
"55-44-38-36",1.51,18.27792817679558,1.42,8.036,1.267822580645161,8.279999999999999,14.1,5.68,26.47,6.81,1.348925619834711,11.61,1.37,5.361999999999998,4.08,115.6226763772755,"00.03:00:45",180.75,"2023-05-23","07:38:43"
"84-73-72-31",2.519335180055402,31.5,2.08,8.036,1.267822580645161,.16,11.36,1.19,36.13,5.54,1.67,7.757999999999999,1.16,2.739168975069252,3.16,116.2703267357698,"00.01:55:30",115.5,"2023-05-26","11:45:33"
"37-03-14-78",2.9,14.71,1.47,7.47,.1,.12,9.141722222222223,4.8,20.75,5.89,1.51,10.44,2.35,2.14,3.87,87.66172222222222,"00.01:30:16",90.26666666666667,"2023-06-05","13:03:37"
"77-78-34-26",2.83,11.27,1.479889502762431,3.08,.11,.07,9.6,4.59,37.748,6.56,1.348925619834711,14.83066666666667,1.819612188365651,4.21,2.208,101.7550939776295,"00.01:34:32",94.53333333333333,"2023-05-27","07:09:36"
"92-09-46-86",2.1,18.27792817679558,1.85,4.62,5.31,6.34,10.64,4.3,22.09,4.9,1.17,8.210000000000001,2.39,3.96,3.47,99.62792817679558,"00.01:38:50",98.83333333333333,"2023-05-27","07:06:55"
"27-55-59-32",1.58,12.23,.51,6.03,.1,.09,10.82,1.96,15.76,7.04,1.07,9.83,1.39,2.82,5.980828729281768,77.21082872928177,"00.01:53:22",113.3666666666667,"2023-05-27","06:56:17"
"65-23-07-01",1.95,29.04,2.91,4.948055555555555,.14,.3,9.890000000000001,4.73,18.18,9.029999999999999,1.56,9.66,2.68,4,4.17,103.1880555555556,"00.01:49:20",109.3333333333333,"2023-05-24","07:44:30"
"79-30-25-19",2.52,18.27792817679558,2.55,4.4,.16,.1,15.33599999999999,3.5,37.748,8.66,1.55,16.35,1.34,4.96,4.24,121.6919281767956,"00.02:23:54",143.9,"2023-05-22","14:44:14"
"75-18-13-88",1.42,18.27792817679558,1.2,4.13,.1,2.44,9.16,1.47,25.04304709141274,5.971184573002755,1.1,11.72,1.17,1.9,17.36199999999999,102.4641598412111,"00.01:01:10",61.16666666666666,"2023-05-31","07:46:15"
"40-16-04-38",1.52,18.27792817679558,1.04,5.43,8.519999999999989,6.68,6.41,3.71,20.89,6.22,.9399999999999999,9.039999999999999,1.3,1.57,4.32,95.86792817679557,"00.02:26:03",146.05,"2023-05-24","10:10:48"
"49-34-25-75",1.61,23.84,2.77,5.12,1.267822580645161,2.039313186813187,13.43,2.38,29.59,5.971184573002755,1.348925619834711,7.757999999999999,1.57,4.66,6.95,110.3052459602958,"00.02:14:03",134.05,"2023-05-26","07:01:03"
"02-31-03-32",3.84,27.68,.92,4.95,.13,2.28,9.141722222222223,4.1,16.37,8.800000000000001,2.38,19.54,1.819612188365651,2.92,3.87,108.7413344105879,"00.02:14:38",134.6333333333333,"2023-05-23","12:02:03"
"88-23-45-95",2.2,22.74,1.14,4.948055555555555,1.267822580645161,.11,11.62,6.237999999999996,25.04304709141274,7.11,1.348925619834711,10.99,1.819612188365651,2.739168975069252,7.28,106.5946320108831,"00.02:57:23",177.3833333333333,"2023-05-23","07:18:29"
"92-15-40-92",3.39,16.35,1.64,5.9,.21,2.039313186813187,8.539999999999999,4.25,34.8,3.79,.87,27.46,1.49,1.74,3.81,116.2793131868132,"00.01:52:15",112.25,"2023-05-27","09:27:33"
"06-55-62-53",1.92,22.05,1.479889502762431,8.036,.9399999999999999,.9,9.141722222222223,1.84,36.13,9.029999999999999,2.694,19.73,3.02,2.9,4.13,123.9416117249847,"00.02:00:59",120.9833333333333,"2023-05-31","07:43:47"
"57-74-77-03",1.84,11.8,2.47,3.83,.27,.25,13.12,4.04,27.71,9.029999999999999,.86,14.83066666666667,3.044,5.361999999999998,5.980828729281768,104.4374953959484,"00.02:15:45",135.75,"2023-05-20","12:07:37"
"28-44-25-15",4.47,18.27792817679558,2.68,4.948055555555555,.12,.16,9.33,6.237999999999996,22.16,5.9,.47,10.16,1.68,1.4,3.54,91.53398373235113,"00.02:17:43",137.7166666666667,"2023-05-24","07:27:55"
"90-03-82-22",2.2,20.75,1.04,2.734,1.267822580645161,2.039313186813187,9.141722222222223,1.36,15.62,9.029999999999999,1.348925619834711,27.882,2.3,1.77,8.029999999999999,106.5137836095153,"00.02:03:30",123.5,"2023-05-31","08:09:11"
"24-47-59-03",1.67,18.08,.62,4.2,1.24,.33,5.05,3.212314049586777,25.04304709141274,5.971184573002755,2.18,8.33,.9399999999999999,1.51,7.89,86.26654571400228,"00.01:09:26",69.43333333333334,"2023-05-31","12:40:59"
"23-30-88-30",3.25,7.416,1.52,3.99,.14,.13,9.141722222222223,2.09,37.748,5.05,.44,12.21,1.79,1.79,5.980828729281768,92.68655095150399,"00.00:59:09",59.15,"2023-05-31","13:25:17"
"72-38-90-85",3.74,30.32,2.47,4.72,.22,6.92,7.84,3.05,33.03,4.91,.5,16.24,3.044,1.71,2.22,120.934,"00.02:03:12",123.2,"2023-05-29","12:08:46"
"76-02-43-67",3.49,25.45,1.479889502762431,4.948055555555555,.16,6.84,9.141722222222223,6.237999999999996,32.13,5.58,1.1,26.23,.9399999999999999,2.81,5.65,132.1876672805402,"00.03:42:04",222.0666666666667,"2023-05-24","09:23:33"
"58-63-03-99",2.48,29.46,1.72,6.5,1.267822580645161,8.050000000000001,9.039999999999999,3.4,15.78,6.03,.44,7.757999999999999,2.19,4.03,2.93,101.0758225806452,"00.01:41:29",101.4833333333333,"2023-05-31","08:59:03"
"53-04-65-79",3.05,18.27792817679558,.64,2.97,6.76,1.12,5.3,2.47,15.46,5.55,1.01,16.58,1.819612188365651,1.4,10.42,92.82754036516123,"00.01:11:29",71.48333333333333,"2023-05-24","07:26:14"
"48-16-15-04",2.95,18.27792817679558,.88,6.71,.18,.28,5.82,3.21,25.04304709141274,6.2,2.28,14.83066666666667,1.51,3.64,3.6,95.41164193487499,"00.02:13:30",133.5,"2023-05-25","07:28:21"
"85-34-28-65",2.38,18.27792817679558,1.479889502762431,4.948055555555555,.35,2.74,9.141722222222223,3.212314049586777,25.04304709141274,3.79,.68,14.83066666666667,1.819612188365651,2.739168975069252,3.71,95.14240442843688,"00.00:42:14",42.23333333333333,"2023-06-09","09:23:19"
"08-72-41-04",3.03,27.51,2.955999999999999,6.13,1.267822580645161,3.55,9.539999999999999,6.237999999999996,23.38,9.029999999999999,2.23,15.61,1.819612188365651,2.739168975069252,17.36199999999999,132.39260374408,"00.03:44:56",224.9333333333333,"2023-05-20","14:02:16"
"48-20-18-94",3.55,33.78999999999999,2.955999999999999,5.19,1.267822580645161,.18,8.390000000000001,1.8,24.66,6.07,.44,9.359999999999999,1.819612188365651,2.739168975069252,5.980828729281768,108.1934324733618,"00.02:40:03",160.05,"2023-05-23","12:29:07"
"56-53-54-49",1.75,18.27792817679558,2.11,4.948055555555555,1.267822580645161,.25,9.141722222222223,3.212314049586777,37.748,5.84,1.348925619834711,27.882,1.819612188365651,5.361999999999998,6.74,127.6983803930056,"00.06:05:16",365.2666666666667,"2023-05-19","13:13:26"
"01-08-40-07",4.531999999999998,19.78,.84,8.036,8.519999999999989,2.039313186813187,9.141722222222223,3.46,32.27,7.06,.93,25.71,1.26,3.71,5.980828729281768,133.2698641383172,"00.02:27:45",147.75,"2023-05-24","11:52:28"
"74-08-40-24",1.8,7.416,.78,3.91,.1,.19,15.33599999999999,3.28,23.52,8.58,.85,8.25,1.9,2.74,4.68,83.33199999999999,"00.01:24:13",84.21666666666667,"2023-06-01","08:08:47"
"14-31-43-40",4.08,18.27792817679558,2.955999999999999,4.9,1.267822580645161,.07,9.141722222222223,6.237999999999996,29.33,5.971184573002755,2.49,14.83066666666667,3.044,5.21,5.03,112.8373242193324,"00.04:04:45",244.75,"2023-05-23","07:02:17"
"24-80-99-00",1.7,18.27792817679558,.51,3.75,1.267822580645161,2.039313186813187,9.141722222222223,3.1,23.09,5.971184573002755,1.348925619834711,14.83066666666667,1.819612188365651,.982,5.980828729281768,93.81000394362771,"00.01:26:38",86.63333333333334,"2023-05-24","07:35:02"
"40-28-46-68",1.62,7.416,.86,6.78,.16,.1,5.63,2.15,20.13,5.87,1.348925619834711,13.52,1.819612188365651,1.91,5.980828729281768,75.29536653748212,"00.02:11:47",131.7833333333333,"2023-05-29","12:05:31"
"31-20-26-05",2.519335180055402,27.94,.95,5.54,.24,.29,11.56,1.19,18.44,3.79,1.58,14.83066666666667,1.81,1.37,4.28,96.33000184672207,"00.01:38:20",98.33333333333333,"2023-05-24","10:10:31"
"37-39-15-65",3.54,28.4,.65,3.01,1.267822580645161,5.89,11.28,1.33,17.42,4.23,.74,14.83066666666667,1.55,2.58,11.51,108.2284892473118,"00.02:00:02",120.0333333333333,"2023-06-05","08:09:33"
"45-44-88-31",2.14,18.27792817679558,1.479889502762431,4.948055555555555,1.267822580645161,.11,15.18,4.46,25.04304709141274,8.890000000000001,1.59,14.83066666666667,1.38,2.13,6.13,107.8574095738381,"00.05:03:55",303.9166666666667,"2023-05-22","14:56:07"
"91-91-62-09",1.81,14.35,1.86,3.34,.12,8.27,7.51,3.99,23.9,4.75,.9,11.97,2.61,4.99,14.75,105.12,"00.01:41:37",101.6166666666667,"2023-05-30","12:16:10"
"88-82-89-39",2.57,21.1,1.76,5.51,.51,.26,9.06,3.212314049586777,25.04304709141274,5.971184573002755,1.348925619834711,14.83066666666667,1.819612188365651,2.739168975069252,5.980828729281768,101.7157478932203,"00.00:56:01",56.01666666666667,"2023-05-23","12:11:42"
"79-34-34-89",1.69,17.51,1.35,5.21,7.56,.24,9.141722222222223,3.4,37.748,4.16,.86,18.85,1.42,2.13,4.16,115.4297222222222,"00.03:17:27",197.45,"2023-05-20","14:14:07"
"07-03-46-78",1.4,17.24,.61,3.21,.12,.21,7.79,4.21,28.05,5.48,1.53,7.757999999999999,1.77,2.28,2.79,84.44799999999999,"00.01:36:43",96.71666666666667,"2023-05-31","12:42:38"
"52-55-71-22",3.3,16.93,.78,6.44,.12,.25,11.9,2.2,30,6.98,1.44,27.882,1.819612188365651,1.84,4.83,116.7116121883656,"00.02:10:41",130.6833333333333,"2023-05-23","06:52:26"
"42-79-46-81",2.16,19.83,2.955999999999999,4.43,1.267822580645161,8.279999999999999,12.01,4.72,36.71,9.029999999999999,1.23,27.882,2.6,4.29,3.67,141.0658225806451,"00.04:00:05",240.0833333333333,"2023-05-20","07:52:52"
"39-12-44-07",3.07,18.27792817679558,1.31,7.43,.31,1.33,15.33599999999999,3.212314049586777,37.748,7.73,.44,14.07,3.044,2.739168975069252,3.59,119.6374112014516,"00.03:28:29",208.4833333333333,"2023-05-22","07:18:24"
"21-92-10-43",2.63,8.789999999999999,1.1,2.734,.11,3.38,9.26,3.96,18.98,4.91,.52,14.83066666666667,1.69,1.95,5.980828729281768,80.82549539594844,"00.01:33:04",93.06666666666666,"2023-05-24","09:24:40"
"29-41-63-44",1.53,7.72,1.7,8.036,1.267822580645161,8.279999999999999,12.76,1.19,25.49,6.22,.71,14.83066666666667,2.3,3.58,5.980828729281768,101.5953179765936,"00.02:08:20",128.3333333333333,"2023-05-24","13:20:04"
"19-83-50-72",2.519335180055402,7.42,2.05,5.95,.36,8.18,9.141722222222223,3.24,18.46,3.79,1.75,14.83066666666667,2.19,2.94,5.980828729281768,88.80255279822606,"00.01:30:47",90.78333333333333,"2023-05-23","07:08:46"
"58-42-18-32",1.96,23.15,2.02,3.66,8.519999999999989,.12,10.76,4.39,32.8,6.54,.85,10.61,.9399999999999999,1.67,2.99,110.98,"00.02:20:19",140.3166666666667,"2023-05-31","07:55:34"
"48-22-87-49",2.19,12.96,.68,4.87,.15,2.87,9.141722222222223,2.66,17.81,5.971184573002755,1.73,14.83066666666667,.9399999999999999,1.29,5.980828729281768,84.07440219117341,"00.01:32:27",92.45,"2023-05-31","07:56:36"
"85-54-41-38",1.4,14.65,.74,2.85,.26,.4,12.73,1.2,25.04304709141274,5.971184573002755,.47,12.32,1.91,2.05,2.88,84.8742316644155,"00.01:12:09",72.15000000000001,"2023-06-06","08:01:28"
"91-10-07-30",3.7,10.85,.97,4.88,.22,4.85,5.26,3.22,17.96,3.94,.6,10.4,1.13,3.13,6.43,77.54000000000001,"00.01:23:34",83.56666666666666,"2023-06-05","08:14:45"
"12-91-55-52",2.519335180055402,28.46,2.55,2.734,.11,2.09,7.5,2.07,24.76,4.07,1.53,21.46,1.55,2.83,17.36199999999999,121.5953351800554,"00.01:42:08",102.1333333333333,"2023-05-31","12:58:44"
"74-40-02-20",1.61,23.36,.73,7.19,.14,7.89,11.73,2.45,20.54,6.47,.97,8.119999999999999,1.819612188365651,5.361999999999998,5.1,103.4816121883656,"00.02:58:11",178.1833333333333,"2023-05-30","07:42:19"
"09-31-11-33",2.519335180055402,18.27792817679558,1.42,5.27,1.267822580645161,2.039313186813187,9.141722222222223,3.212314049586777,25.04304709141274,5.971184573002755,1.348925619834711,14.83066666666667,1.819612188365651,5.361999999999998,2.208,99.73187153540086,"00.05:26:21",326.35,"2023-05-19","14:23:27"
"87-08-33-34",3.61,7.9,.8100000000000001,3.22,.14,.22,8.51,1.97,17.03,4.11,.44,14.83066666666667,1.819612188365651,2.739168975069252,5.83,73.17944783010157,"00.01:29:14",89.23333333333333,"2023-05-24","08:55:04"
"61-84-77-75",2.47,18.27792817679558,2.69,3.02,.35,.08,9.141722222222223,2.26,32.54,9.029999999999999,1.96,27.882,1.6,2.34,2.208,115.8496503990178,"00.01:57:03",117.05,"2023-05-24","08:50:27"
"75-58-44-85",2.519335180055402,8.84,1.1,4.55,1.84,.22,10.33,1.69,25.04304709141274,5.971184573002755,1.348925619834711,14.83066666666667,.95,2.19,4.35,85.77315913097227,"00.01:40:09",100.15,"2023-05-29","12:45:03"
"11-16-18-86",1.51,31.93,2.955999999999999,4.948055555555555,.36,.28,9.141722222222223,6.16,35.6,5.971184573002755,2.67,22.43,3.044,3.43,5.980828729281768,136.4117910800623,"00.03:22:26",202.4333333333333,"2023-05-22","08:01:06"
"04-26-72-23",1.86,18.19,.65,3.23,1.267822580645161,.07,9.119999999999999,2.06,23.11,8.82,.83,14.83066666666667,1.23,2.41,17.36199999999999,105.0404892473118,"00.02:42:36",162.6,"2023-05-31","12:42:42"
"54-13-05-65",1.93,9.98,.58,4.948055555555555,.16,.14,6.1,3.212314049586777,25.04304709141274,4.45,2.694,8.109999999999999,1.78,2.739168975069252,3.09,74.95658567162432,"00.00:54:44",54.73333333333333,"2023-05-31","07:42:52"
"23-66-97-33",1.55,11.82,.79,2.734,.1,2.039313186813187,4.946000000000001,1.38,20.15,9.029999999999999,1.348925619834711,13.31,1.819612188365651,5.18,10.83,87.02785099501355,"00.02:07:19",127.3166666666667,"2023-05-29","06:18:37"
"06-64-69-84",1.77,15.13,.51,3.04,7.28,.28,11.27,2.55,20.12,5.971184573002755,.72,17.69,2.81,2.739168975069252,3.82,95.70035354807202,"00.02:10:58",130.9666666666667,"2023-05-29","07:26:25"
"56-62-10-52",1.41,14.64,2.955999999999999,5.34,.32,.29,9.141722222222223,2.56,37.748,3.85,1.348925619834711,10.54,1.819612188365651,.982,3.82,96.76626003042259,"00.02:14:19",134.3166666666667,"2023-05-30","12:11:50"
"05-04-82-73",2.12,33.78999999999999,1.24,4.39,6.09,.22,15.33599999999999,1.97,26.85,6.59,2.694,9.52,2.28,2.68,6.9,122.67,"00.02:53:33",173.55,"2023-05-23","12:20:04"
"03-81-35-88",1.49,33.78999999999999,.78,3.3,8.519999999999989,.07,15.33599999999999,1.83,29.57,8.32,1.57,9.640000000000001,2.62,2.739168975069252,5.44,125.0151689750692,"00.02:25:58",145.9666666666667,"2023-06-01","07:34:56"
"87-65-62-49",1.6,13.78,1.44,3.75,.12,.08,10.31,4.5,22.32,6.51,1.13,13.77,2.16,2.4,17.36199999999999,101.232,"00.01:47:39",107.65,"2023-05-23","12:11:53"
"95-74-95-07",4.36,18.27792817679558,1.66,8.036,.1,.22,7.52,3.42,34.63,5.68,1.11,14.83066666666667,2.08,.982,7.09,109.9965948434622,"00.02:19:24",139.4,"2023-06-02","07:54:26"
"51-31-85-01",2.519335180055402,18.27792817679558,1.78,2.96,.18,.09,4.946000000000001,1.19,25.04304709141274,3.79,.71,10.99,1.82,1.78,2.64,78.71631044826373,"00.01:18:19",78.31666666666666,"2023-06-01","12:38:32"
"51-50-93-70",4.05,31.89,.97,3.16,.13,2.81,9.141722222222223,2.36,25.04304709141274,3.84,.97,14.83066666666667,1.92,2.03,16.78,119.9254359803016,"00.01:43:55",103.9166666666667,"2023-06-09","12:55:05"
"43-24-35-84",1.76,14.43,1.479889502762431,5.81,1.267822580645161,2.039313186813187,12.58,1.5,16.74,5.12,1.36,9.68,1.02,2.739168975069252,2.38,79.90619424529002,"00.02:12:22",132.3666666666667,"2023-05-31","12:56:45"
"89-88-34-15",1.42,11.13,.5600000000000001,2.734,.16,.13,4.946000000000001,1.19,25.04304709141274,5.971184573002755,1.88,11.61,1.03,2.739168975069252,2.38,72.92340063948475,"00.00:56:19",56.31666666666667,"2023-06-01","12:41:27"
"14-85-25-58",2.519335180055402,8.93,1.479889502762431,2.734,.16,4.87,4.946000000000001,2.83,27.74,6.03,.44,14.83066666666667,1.69,4.3,2.45,85.9498913494845,"00.01:20:25",80.41666666666667,"2023-06-03","07:50:32"
"46-82-10-07",2.519335180055402,21.25,1.479889502762431,4.948055555555555,.19,.19,9.710000000000001,3.212314049586777,25.68,6.67,1.34,16.39,2,3.42,3.09,102.0895942879602,"00.03:19:53",199.8833333333333,"2023-05-29","12:22:00"
"80-79-44-48",2.519335180055402,10.79,.91,3.17,.15,7.08,8.869999999999999,3.49,22.33,4.51,1.04,14.83066666666667,2.14,2.16,5.980828729281768,89.97083057600383,"00.01:50:37",110.6166666666667,"2023-06-02","11:01:09"
"86-55-30-87",2.41,19.9,.6899999999999999,2.97,.12,4.27,6.31,3.47,22.66,6.1,.99,19.97,2.3,1.68,15.02,108.86,"00.02:27:48",147.8,"2023-06-02","11:01:08"
"95-51-95-92",2.519335180055402,28.45,.9399999999999999,4.948055555555555,8.32,5.3,7.35,1.44,25.04304709141274,4.65,1.62,14.83066666666667,1.04,2.739168975069252,5.47,114.6602734687596,"00.02:04:26",124.4333333333333,"2023-06-01","07:10:11"
"89-51-80-40",4.12,20.07,.51,7.6,.17,2.039313186813187,9.141722222222223,6.237999999999996,24.54,4.57,.8,9.029999999999999,1.56,1.52,2.67,94.5790354090354,"00.02:11:07",131.1166666666667,"2023-06-06","09:23:45"
"80-53-41-39",2.73,18.27792817679558,1.43,5.72,.12,.11,6.17,5.96,22.54,4.63,1.23,26.43,1.73,4.66,4.27,106.0079281767956,"00.01:41:38",101.6333333333333,"2023-06-03","07:49:00"
"59-60-43-57",2.52,18.27792817679558,1.479889502762431,3.47,.11,2.039313186813187,5.92,3.212314049586777,25.36,3.79,2.694,22.38,1.18,.982,5.25,98.66544491595798,"00.01:16:40",76.66666666666667,"2023-06-01","07:44:23"
"87-22-49-94",2.62,7.416,.57,6,.1,.07,9.141722222222223,1.78,15.208,5.971184573002755,.67,7.757999999999999,1.44,2.739168975069252,5.980828729281768,67.46490449957599,"00.01:08:36",68.59999999999999,"2023-06-07","09:13:48"
"98-98-98-22",2.04,18.27792817679558,.6,4.6,.16,2.039313186813187,5.55,1.19,25.04304709141274,3.85,.93,10.63,1.819612188365651,1.56,2.45,80.73990064338716,"00.00:57:53",57.88333333333333,"2023-06-02","11:20:29"
"19-11-80-87",1.49,13.58,1.66,3.4,.11,.14,9.141722222222223,1.65,20.07,4.5,.5600000000000001,19.58,1.29,2.15,3.17,82.49172222222222,"00.01:32:33",92.55,"2023-06-02","09:32:32"
"02-55-85-64",4.17,10.32,1.61,4.948055555555555,.13,2.039313186813187,11.53,3.212314049586777,25.04304709141274,5.971184573002755,.95,13.94,1.6,2,3.12,90.58391445637102,"00.02:36:14",156.2333333333333,"2023-06-02","07:57:44"
"61-35-56-51",3.51,18.27792817679558,2.38,6.69,.12,2.039313186813187,5.74,3.9,28.15,3.82,1.7,17.13,1.49,2.739168975069252,5.980828729281768,103.6672390679598,"00.01:32:28",92.46666666666667,"2023-06-02","10:51:57"
"57-52-43-19",1.95,22.82,.54,4.15,.11,2.039313186813187,15.33599999999999,4.5,24.51,6.32,1.57,8.869999999999999,2.36,3.37,7.07,105.5153131868132,"00.03:05:33",185.55,"2023-06-02","08:08:59"
"39-14-69-76",2.519335180055402,7.416,1.479889502762431,4.948055555555555,1.267822580645161,2.039313186813187,9.141722222222223,3.212314049586777,25.04304709141274,5.971184573002755,1.348925619834711,14.83066666666667,1.819612188365651,2.739168975069252,5.980828729281768,89.75788612127428,"00.01:11:17",71.28333333333333,"2023-06-01","12:23:37"
"72-36-49-36",1.67,7.416,.51,3.76,.38,.65,9.141722222222223,1.92,25.04304709141274,4.45,.71,16.16,2.3,2.739168975069252,6.94,83.78993828870422,"00.01:21:39",81.65000000000001,"2023-06-06","09:21:14"
"80-82-49-42",1.72,7.416,.84,3.52,.13,2.61,5.63,2.95,34.22,5.83,.5600000000000001,17.42,1.78,3.5,17.36199999999999,105.488,"00.01:30:44",90.73333333333333,"2023-06-02","07:57:47"
"47-81-87-67",1.4,18.27792817679558,1.479889502762431,3.18,1.267822580645161,.09,10.27,1.8,15.208,5.971184573002755,.91,12.37,2.39,1.84,3.21,79.66482483320593,"00.01:47:16",107.2666666666667,"2023-06-01","07:31:30"
"55-33-21-42",2.19,21.83,1.43,4.948055555555555,.13,.65,5.07,5.59,19.49,7.15,1.93,19.08,1.819612188365651,2.73,3.4,97.4376677439212,"00.01:53:36",113.6,"2023-06-01","12:20:09"
"42-50-27-40",2.53,15.88,1.26,5.86,.33,.41,8.289999999999999,3.77,15.208,4.34,1.22,17.58,1.45,1.53,2.92,82.578,"00.01:26:14",86.23333333333333,"2023-06-07","08:07:10"
"74-79-87-37",2.519335180055402,7.92,.84,4.948055555555555,4.25,2.039313186813187,4.946000000000001,2.2,17.17,4.75,1.96,23.24,2.98,2.739168975069252,5.980828729281768,88.48270162677517,"00.01:49:23",109.3833333333333,"2023-06-02","09:28:49"
"32-64-27-45",1.75,7.416,.7,5.98,8.519999999999989,6.23,5.97,3.52,15.208,6.63,1.66,9.32,1.58,2.739168975069252,4.22,81.44316897506924,"00.01:27:37",87.61666666666666,"2023-06-01","07:37:01"
"43-28-98-57",2.519335180055402,12.55,1.479889502762431,2.734,.21,2.039313186813187,11.71,3.14,15.88,5.46,1.21,27.882,1.4,2.06,11.18,101.454537869631,"00.02:44:52",164.8666666666667,"2023-05-31","07:59:15"
"28-12-52-92",2.519335180055402,18.27792817679558,1.479889502762431,4.948055555555555,.13,.21,6.08,3.212314049586777,25.04304709141274,4.12,2.43,14.83066666666667,1.819612188365651,1.89,4.43,91.42084841120081,"00.00:56:21",56.35,"2023-06-02","10:59:19"
"98-31-37-04",2.519335180055402,32.11,.68,2.734,1.267822580645161,.07,10.76,3.84,20.14,4.74,2.694,9.960000000000001,1.93,4.23,3.15,100.8251577607006,"00.01:42:28",102.4666666666667,"2023-06-07","07:58:51"
"50-46-09-53",4.531999999999998,20.57,.76,4.948055555555555,.14,.12,4.946000000000001,2.1,22.39,5.17,1.348925619834711,12.25,1.48,5.11,4.38,90.24498117539027,"00.01:33:38",93.63333333333334,"2023-06-01","13:13:14"
"48-80-48-31",2.519335180055402,12.02,2.955999999999999,4.57,.17,.17,9.141722222222223,1.77,25.04304709141274,4.65,.6,9.74,2.22,1.69,5.59,82.85010449369037,"00.01:11:31",71.51666666666667,"2023-06-02","10:53:28"
"59-69-31-11",3.78,12.05,.87,4.948055555555555,.1,2.039313186813187,5.19,1.86,17.06,4.49,1.348925619834711,14.83066666666667,1.87,1.47,5.05,76.95696102887013,"00.01:02:02",62.03333333333333,"2023-06-09","09:49:23"
"68-17-57-15",3.42,18.29,.51,6.19,.15,1.66,5.95,3.67,26.92,4.88,2.694,16.47,1.16,1.51,2.63,96.104,"00.01:35:13",95.21666666666667,"2023-06-07","09:40:38"
"65-67-13-71",2.43,8.76,.51,4.948055555555555,1.267822580645161,2.5,9.141722222222223,3.212314049586777,25.04304709141274,5.971184573002755,.63,8.15,1.819612188365651,.99,5.38,80.75375826079086,"00.00:49:49",49.81666666666667,"2023-06-07","09:34:51"
"14-98-70-62",2.63,18.27792817679558,1.479889502762431,4.948055555555555,.14,1.42,6.19,3.212314049586777,17.27,5.971184573002755,.65,7.757999999999999,.9399999999999999,1.86,9.640000000000001,82.3873718577031,"00.01:36:07",96.11666666666666,"2023-06-02","07:48:05"
"25-90-19-11",1.4,29.92,2.03,5.97,.11,7.14,7.39,2.82,29.15,5.971184573002755,1.57,9.81,1.12,1.07,5.980828729281768,111.4520133022845,"00.01:49:22",109.3666666666667,"2023-05-31","12:31:56"
"45-83-41-38",2.519335180055402,17.73,1.69,8.036,1.267822580645161,.07,9.141722222222223,2.33,16.09,5.971184573002755,.9399999999999999,16.55,1.63,2.53,5.980828729281768,92.47689328520731,"00.02:01:15",121.25,"2023-06-01","08:03:53"
"95-39-93-93",4.531999999999998,7.58,1.479889502762431,2.734,.11,.08,9.141722222222223,3.212314049586777,20.06,5.971184573002755,1.82,14.83066666666667,1.53,1.28,5.980828729281768,80.34260574352261,"00.01:49:23",109.3833333333333,"2023-06-02","08:15:43"
"61-12-40-36",2.71,13.15,1.46,3.17,.1,.17,9.141722222222223,1.4,16.57,4.44,1.61,14.83066666666667,1.13,3.55,5.980828729281768,79.41321761817066,"00.01:48:35",108.5833333333333,"2023-06-09","09:23:19"
"11-71-40-81",2.519335180055402,13.56,2.12,4.31,1.267822580645161,.44,5.09,3.8,21.51,3.91,.7,14.6,1.76,2.739168975069252,4.57,82.89632673576982,"00.01:20:34",80.56666666666666,"2023-06-09","12:51:02"
"36-42-18-14",2.519335180055402,25.67,1.24,7.94,.15,.2,9.65,4.72,35.84,3.79,1.14,24.99,1.64,2.739168975069252,5.980828729281768,128.2093328844064,"00.02:05:23",125.3833333333333,"2023-06-01","12:19:34"
"19-03-38-46",3.41,11.14,1.19,4.948055555555555,1.267822580645161,.09,9.141722222222223,1.57,22.26,4.96,2.42,14.24,.9399999999999999,.982,5.79,84.34960035842295,"00.01:21:21",81.34999999999999,"2023-06-07","09:53:33"
"92-48-70-16",1.94,22.74,1.479889502762431,8.036,1.267822580645161,6.86,9.141722222222223,1.29,15.208,4.72,1.94,16.95,1.819612188365651,1.25,2.59,97.23304649399546,"00.02:08:16",128.2666666666667,"2023-06-03","09:26:26"
"34-14-49-72",4.5,15.72,.68,4.948055555555555,.1,.07,9.141722222222223,2.23,16.28,3.79,.49,19.53,1.819612188365651,3.82,3.33,86.44938996614343,"00.03:09:47",189.7833333333333,"2023-05-30","13:02:38"
"22-89-40-33",1.79,33.78999999999999,1.75,7.64,.22,2.57,7.76,2.72,30.73,5.971184573002755,.5600000000000001,14.83066666666667,2.04,1.77,5.980828729281768,120.1226799689512,"00.02:23:15",143.25,"2023-06-01","13:05:44"
"37-39-45-84",2.48,22.58,1.42,7.05,8.519999999999989,2.039313186813187,12.55,4.95,24.46,6.29,1.48,10.72,1.3,2.77,2.55,111.1593131868132,"00.02:03:45",123.75,"2023-06-02","08:19:07"
"98-85-46-77",2.519335180055402,16.04,.8100000000000001,4.66,.14,.08,10.97,3.46,37.748,6.86,1.32,8.24,2.13,2.89,5.09,102.9573351800554,"00.01:53:34",113.5666666666667,"2023-06-01","08:03:23"
"80-21-91-02",4.48,18.27792817679558,1.479889502762431,4.81,.13,2.039313186813187,9.9,3.212314049586777,33.45,6.24,.49,14.83066666666667,1.819612188365651,5.361999999999998,5.980828729281768,112.5025525002721,"00.02:05:00",125,"2023-06-06","07:45:00"
"22-74-67-59",4.13,33.78999999999999,1.07,3.82,1.267822580645161,2.039313186813187,6.31,1.19,25.04304709141274,5.971184573002755,1.348925619834711,10.27,1.53,2.42,12.43,112.6302930517085,"00.01:40:19",100.3166666666667,"2023-06-02","07:51:58"
"88-01-88-32",1.63,19.97,1.64,4.44,.29,6.5,9.141722222222223,1.19,25.04304709141274,5.72,1.12,9.220000000000001,1.12,1.87,5.980828729281768,94.87559804291674,"00.01:37:46",97.76666666666667,"2023-06-01","12:47:55"
"98-88-56-41",2.519335180055402,14.52,1,4.948055555555555,1.267822580645161,.08,11.01,1.8,30.78,6.06,1.348925619834711,27.882,1.21,2.23,5.33,111.9861389360908,"00.02:57:44",177.7333333333333,"2023-05-25","06:17:56"
"84-73-38-30",2.48,15.32,.54,5.54,1.267822580645161,.13,10.11,4.42,30.64,5.48,.99,12.1,2.54,5.361999999999998,2.9,99.81982258064517,"00.03:55:01",235.0166666666667,"2023-05-24","08:14:35"
"93-79-44-00",1.79,14.15,1.479889502762431,4.948055555555555,.25,6.09,4.946000000000001,3.212314049586777,15.208,3.79,1.4,8.94,.9399999999999999,1.34,2.53,71.01425910790476,"00.01:25:17",85.28333333333333,"2023-06-01","07:32:24"
"26-07-22-36",2.519335180055402,13.04,2.6,3.25,.45,.27,7.8,3.81,24.03,5.971184573002755,1.59,21.5,1.01,1.69,2.54,92.07051975305815,"00.01:44:39",104.65,"2023-06-08","07:03:31"
"55-76-99-68",2.65,18.27792817679558,1.479889502762431,4.948055555555555,.19,2.039313186813187,9.141722222222223,3.212314049586777,25.04304709141274,5.83,1.348925619834711,7.86,2.03,.982,3.47,88.5031954049832,"00.00:52:18",52.3,"2023-06-08","08:36:42"
"38-33-66-67",1.4,14.44,.74,3.65,1.267822580645161,.09,9.141722222222223,1.45,18.85,5.971184573002755,.6899999999999999,27.882,1.819612188365651,4.11,2.28,93.78234156423579,"00.01:15:01",75.01666666666667,"2023-06-03","07:59:58"
"16-65-54-37",1.4,13.8,2.1,3.39,.13,3.2,8.35,3.6,19.55,4.09,1.76,15.34,1.97,3.34,17.36199999999999,99.38199999999999,"00.01:32:09",92.15000000000001,"2023-06-01","12:36:11"
"20-77-43-56",3.34,10.84,2.05,3.59,.12,2.039313186813187,7.25,2.54,25.04304709141274,8.35,1.348925619834711,24.41,1.36,1.58,5.91,99.77128589806064,"00.01:13:49",73.81666666666666,"2023-06-07","08:38:59"
"08-12-15-69",2.519335180055402,18.27792817679558,1.24,4.948055555555555,1.267822580645161,2.039313186813187,9.141722222222223,3.212314049586777,37.748,6.53,1.348925619834711,24.87,1.819612188365651,1.97,5.980828729281768,122.913857489156,"00.02:06:17",126.2833333333333,"2023-06-01","13:16:02"
"43-73-48-25",1.69,18.27792817679558,.62,4.948055555555555,.14,2.039313186813187,12.71,2.05,22.98,4.39,.48,7.92,1.63,1.83,4.26,85.96529691916432,"00.01:36:10",96.16666666666667,"2023-06-09","08:12:00"
"86-00-77-05",1.86,21.46,2.04,4.22,8.519999999999989,8.279999999999999,9.470000000000001,3.31,16.47,3.9,2.23,10.21,1.92,4.08,13.79,111.76,"00.01:48:31",108.5166666666667,"2023-06-01","07:41:26"
"04-04-14-28",2.519335180055402,11.2,2.76,5.6,1.267822580645161,2.039313186813187,13.96,1.53,19.69,5.11,.99,14.83066666666667,1.38,4.81,5.980828729281768,93.66796634346218,"00.02:19:41",139.6833333333333,"2023-06-02","07:59:11"
"06-32-06-25",2.519335180055402,18.27792817679558,.76,4.37,.13,2.039313186813187,9.141722222222223,2.15,15.9,3.79,1.41,14.83066666666667,1.21,1.41,5.980828729281768,83.91979416183483,"00.01:19:26",79.43333333333334,"2023-06-03","11:16:06"
"91-35-74-95",1.45,15.55,.61,4.948055555555555,.18,2.039313186813187,6.27,2.42,16.85,4.76,.76,14.83066666666667,1.88,2.97,2.98,78.49803540903541,"00.01:11:02",71.03333333333333,"2023-06-06","12:33:41"
"87-84-09-54",1.55,27.15,1.28,3.6,8.519999999999989,8.279999999999999,7.79,2.92,21.41,3.92,.44,8.59,1.33,2.79,3.03,102.6,"00.01:49:49",109.8166666666667,"2023-06-02","11:09:43"
"62-23-61-37",1.59,16.85,2.29,2.92,.29,.1,11.46,1.57,15.46,5.9,.88,20.79,1.66,2.85,14.75,99.36,"00.01:20:01",80.01666666666667,"2023-06-09","09:25:18"
"51-67-29-73",3.57,14.96,1.87,4.948055555555555,8.519999999999989,.1,13.47,5.55,25.04304709141274,3.79,.98,21.99,1.18,2.95,5.980828729281768,114.90193137625,"00.02:11:42",131.7,"2023-06-02","10:57:41"
"93-42-86-13",2.519335180055402,33.78999999999999,.52,2.734,.22,.14,9.141722222222223,5.1,30.54,4.48,1.98,14.83066666666667,2.54,3.95,5.980828729281768,118.466552798226,"00.02:00:46",120.7666666666667,"2023-06-06","07:45:09"
"31-42-54-99",1.98,15.02,1.479889502762431,5.18,.15,.21,14.85,4.2,25.04304709141274,5.971184573002755,1.348925619834711,9.01,1.819612188365651,5.361999999999998,6.46,98.08465897537829,"00.04:01:57",241.95,"2023-05-25","11:37:44"
"40-00-25-74",2.19,11.61,1.479889502762431,5.35,7.64,5.79,9.141722222222223,1.78,20.53,5.96,.61,14.71,1.36,2.83,2.97,93.95161172498466,"00.01:30:53",90.88333333333334,"2023-06-03","11:11:25"
"32-73-63-74",2.19,11.82,1.479889502762431,3.33,.1,6.01,7.13,2.11,15.208,4.35,2.02,14.83066666666667,2,.982,9.359999999999999,82.92055616942909,"00.01:45:54",105.9,"2023-06-06","09:37:15"
"16-86-88-22",1.68,7.416,1.479889502762431,3.18,.15,.07,9.141722222222223,1.95,22.07,6.94,.9,14.83066666666667,3.044,2.739168975069252,5.980828729281768,81.57227609600234,"00.01:21:25",81.41666666666667,"2023-06-03","07:39:49"
"64-46-66-46",1.4,8.08,.54,4.22,.21,6.92,9.141722222222223,2.26,17.91,5.971184573002755,1.348925619834711,7.757999999999999,1.2,2.739168975069252,5.980828729281768,75.67983011941071,"00.01:36:40",96.66666666666667,"2023-06-07","07:58:27"
"50-30-92-60",4.531999999999998,33.63,1.33,6.57,1.267822580645161,.18,6.05,3.29,22.57,5.971184573002755,1.348925619834711,15.33,2.32,.982,3.74,109.1119327734826,"00.01:59:14",119.2333333333333,"2023-06-03","11:23:01"
"24-09-68-36",2.67,12.44,.68,8.036,.13,.43,9.141722222222223,1.45,25.04304709141274,6.14,1.87,14.83066666666667,.9399999999999999,1.14,5.75,90.69143598030163,"00.01:02:52",62.86666666666667,"2023-06-03","07:53:16"
"42-32-41-18",3.38,7.416,1.479889502762431,5.36,1.07,2.039313186813187,13.22,3.79,26.16,5.971184573002755,1.98,14.83066666666667,2.18,2.72,10.26,101.857053929245,"00.02:32:20",152.3333333333333,"2023-06-06","09:22:28"
"29-79-40-11",1.5,19.46,1.52,8.036,1.267822580645161,2.039313186813187,10.16,1.44,18.48,4.56,.88,14.83066666666667,1.12,2.45,6.47,94.21380243412501,"00.02:14:35",134.5833333333333,"2023-06-06","08:14:00"
"60-57-49-31",1.52,18.27792817679558,1.479889502762431,3.32,1.267822580645161,2.039313186813187,9.141722222222223,1.48,25.04304709141274,5.971184573002755,1.348925619834711,18.36,1.819612188365651,2.13,5.980828729281768,99.18027387113621,"00.01:20:04",80.06666666666666,"2023-06-06","08:13:36"
"60-10-68-48",1.94,7.416,.58,3.64,8.519999999999989,2.039313186813187,9.41,4.22,27.99,5.26,2.31,14.83066666666667,1.91,5.22,5.980828729281768,101.2668085827616,"00.02:16:04",136.0666666666667,"2023-06-03","11:23:45"
"35-24-82-24",2.519335180055402,26.88,1.17,6.41,.17,.08,7.15,3.54,21.94,6.85,.44,12.83,2.1,5.361999999999998,5.08,102.5213351800554,"00.01:46:58",106.9666666666667,"2023-06-03","08:02:30"
"94-16-94-83",3.18,8.9,.77,2.79,6.74,5.69,9.141722222222223,1.99,34.22,8.34,2.694,25.23,1.06,3.35,2.66,116.7557222222222,"00.01:44:16",104.2666666666667,"2023-06-03","11:27:29"
"93-01-93-75",2.519335180055402,7.95,1.479889502762431,5.32,.24,.21,9.869999999999999,4.99,37.46,4.73,1.348925619834711,13.63,2.07,1.2,2.208,95.22615030265254,"00.01:11:16",71.26666666666667,"2023-06-10","07:39:43"
"25-76-97-37",1.51,18.27792817679558,.87,2.77,.1,.22,5.65,3.24,15.42,4.27,.62,13.08,1.25,2.32,2.208,71.80592817679558,"00.01:04:44",64.73333333333333,"2023-06-03","11:12:42"
"37-86-89-16",1.83,17.1,.63,2.734,.23,3.95,9.141722222222223,3.212314049586777,25.04304709141274,4.15,.52,7.757999999999999,1.23,1,7.08,85.60908336322174,"00.01:04:18",64.3,"2023-06-03","11:22:35"
"59-63-12-34",2.519335180055402,7.63,.86,4.948055555555555,.16,2.039313186813187,4.946000000000001,1.39,27.15,3.96,1.65,8.09,1.819612188365651,2.739168975069252,5.980828729281768,75.88231381514082,"00.02:05:43",125.7166666666667,"2023-06-07","09:17:59"
"67-12-10-28",1.81,14.57,1.39,2.88,.13,8.039999999999999,6.88,3.33,15.24,5.971184573002755,2.43,14.83066666666667,3.044,2.739168975069252,3.31,86.59502021473867,"00.01:54:26",114.4333333333333,"2023-06-03","11:13:23"
"25-90-81-61",2.519335180055402,7.416,1.479889502762431,4.948055555555555,1.267822580645161,5.12,5.2,3.212314049586777,31.45,5.971184573002755,2.63,7.757999999999999,1.16,2.42,15.42,97.97260144160808,"00.01:06:00",66,"2023-06-06","10:10:15"
"27-19-89-21",1.58,22.16,.57,2.734,.15,6.4,10.37,2.12,25.04304709141274,5.971184573002755,1.57,20.15,.9399999999999999,1.17,5.980828729281768,106.9090603936973,"00.01:11:34",71.56666666666666,"2023-06-06","12:44:29"
"03-62-40-58",2.55,10.65,.96,6,.11,2.039313186813187,9.02,3.14,28.61,6.58,1.53,12.86,2.17,2.74,16.2,105.1593131868132,"00.01:33:46",93.76666666666667,"2023-06-06","09:20:15"
"60-29-48-02",3.3,9.51,.52,4.98,7.36,.14,5.58,1.69,17.26,4.51,1.29,9.949999999999999,1.15,1.09,2.49,70.82000000000001,"00.01:15:22",75.36666666666666,"2023-06-06","10:01:07"
"93-40-82-23",2.91,18.57,1.479889502762431,6.66,1.59,2.039313186813187,9.49,1.63,21.54,5.72,1.348925619834711,14.83066666666667,.97,2.53,6.41,97.71879497607699,"00.01:25:17",85.28333333333333,"2023-06-06","10:33:56"
"90-39-81-40",1.4,11.13,1.29,4.948055555555555,.53,.62,4.946000000000001,3.212314049586777,16.63,5.42,1.58,7.757999999999999,1.14,2.739168975069252,3.75,67.09353858021159,"00.00:57:06",57.1,"2023-06-07","08:12:31"
"26-16-19-49",2.519335180055402,24.11,.64,4.948055555555555,.21,.57,4.95,1.46,25.04304709141274,5.971184573002755,1.45,18.49,1.7,1,5.980828729281768,99.04245112930822,"00.01:10:19",70.31666666666666,"2023-06-06","09:58:40"
"29-68-82-61",1.83,18.27792817679558,1.31,2.734,1.267822580645161,5.48,9.141722222222223,3.32,25.04304709141274,5.72,.44,27.85,3.044,3.41,2.45,111.3185200710757,"00.01:44:55",104.9166666666667,"2023-06-06","09:15:04"
"29-03-78-72",1.87,14.17,1.479889502762431,4.948055555555555,.13,2.039313186813187,5.94,3.212314049586777,18.3,4.63,.66,10.15,1.74,2.739168975069252,2.31,74.31874126978721,"00.01:15:01",75.01666666666667,"2023-06-06","08:08:10"
"54-48-29-54",4.25,18.27792817679558,1.479889502762431,4.948055555555555,6.58,3.82,5.8,1.76,25.04304709141274,4.32,1.2,20,1.78,1.28,5.980828729281768,106.5197490558081,"00.01:14:01",74.01666666666667,"2023-06-06","12:39:50"
"29-79-23-67",1.61,29.58,.74,3.37,8.519999999999989,2.039313186813187,10.71,3.95,20.34,7.3,1.25,11.61,2.46,4.51,2.24,110.2293131868132,"00.02:05:52",125.8666666666667,"2023-06-03","11:32:29"
"36-91-85-86",1.41,17.74,1.59,4.35,8.519999999999989,2.039313186813187,11.95,4.26,26.3,4.73,1.46,18.56,2.65,1.8,5.980828729281768,113.3401419160949,"00.02:09:58",129.9666666666667,"2023-06-03","07:49:46"
"33-77-00-47",2.21,18.71,1.479889502762431,3.59,1.267822580645161,.12,5.83,1.84,18.81,5.66,.44,10.42,1.73,1.51,2.208,75.82571208340759,"00.01:19:45",79.75,"2023-06-07","10:43:08"
"71-23-95-90",2.519335180055402,18.27792817679558,.51,6.11,4.3,.19,6.76,6.237999999999996,30.46,6.76,.74,18.55,2.11,4.93,2.81,111.265263356851,"00.01:51:40",111.6666666666667,"2023-06-03","07:54:16"
"77-62-89-56",1.45,20.87,1.34,3.6,.15,2.039313186813187,6.88,1.56,24.28,4.18,.83,8.06,1.4,1.88,2.45,80.9693131868132,"00.01:08:10",68.16666666666667,"2023-06-09","14:03:45"
"93-71-48-41",4.531999999999998,14.33,2.02,5.33,.21,5.5,7.79,2.83,35.6,4.11,2.21,14.14,.9399999999999999,2.739168975069252,4.29,106.5711689750693,"00.01:47:28",107.4666666666667,"2023-06-06","07:51:03"
"08-18-22-01",3.44,18.27792817679558,1.479889502762431,3.71,.14,.14,5.27,1.35,15.208,4.45,1.348925619834711,10.61,1.33,1.34,4.71,72.80474329939273,"00.01:08:28",68.46666666666667,"2023-06-06","12:50:52"
"98-07-17-87",2.519335180055402,12.45,.51,4.948055555555555,.12,2.039313186813187,7.64,1.19,34.26,3.79,.44,7.87,2.5,2.13,17.36199999999999,99.76870392242414,"00.01:08:39",68.65000000000001,"2023-06-07","08:16:50"
"23-98-05-49",1.61,13.47,1.479889502762431,7.15,.11,.22,15.33599999999999,3.212314049586777,26.21,4.9,2.19,22.71,1.819612188365651,5.361999999999998,6.7,112.4798157407149,"00.01:39:43",99.71666666666667,"2023-06-09","07:53:11"
"79-97-29-10",2.519335180055402,8.789999999999999,.51,6.2,.13,2.039313186813187,9.141722222222223,1.92,15.208,5.971184573002755,1.348925619834711,21.33,1.819612188365651,2.38,5.980828729281768,85.2889216995757,"00.01:35:26",95.43333333333334,"2023-06-06","07:49:11"
"41-50-66-96",2.12,9.800000000000001,.53,3.68,.57,4.67,5.75,2.68,15.208,3.79,.64,8.67,.9399999999999999,2.47,4.52,66.038,"00.01:09:15",69.25,"2023-06-09","07:52:11"
"06-31-05-26",2.03,16.6,2.93,4.03,.17,8.279999999999999,9.68,2.49,24.23,4.57,2.44,9.77,1.78,1.64,2.7,93.34,"00.01:43:37",103.6166666666667,"2023-06-03","07:48:27"
"25-90-09-86",2.66,28.82,2.32,5.12,.44,.24,15.33599999999999,3.212314049586777,20.63,7.68,1.57,27.882,1.819612188365651,2.72,12.59,133.0399262379524,"00.02:00:53",120.8833333333333,"2023-06-08","08:10:39"
"03-91-71-73",2.52,10.24,1.1,4.948055555555555,.14,2.039313186813187,9.141722222222223,3.212314049586777,18.01,5.971184573002755,.76,9.9,1.24,3.31,3.43,75.9625895871805,"00.01:34:48",94.8,"2023-06-03","07:43:43"
"36-45-13-48",2.41,18.27792817679558,1.18,4.948055555555555,3.56,2.039313186813187,6.77,1.8,25.85,6.73,.44,16.05,1.19,1.93,5.32,98.49529691916432,"00.01:57:27",117.45,"2023-06-06","12:47:06"
"63-11-78-96",2.519335180055402,20.65,2.955999999999999,4.06,.2,7.73,9.141722222222223,6.237999999999996,30.11,6.66,2.12,15.58,1.819612188365651,.982,5.980828729281768,116.747498319925,"00.02:16:27",136.45,"2023-06-07","10:30:27"
"79-48-70-94",2.519335180055402,9.4,.89,3.39,.16,2.83,4.946000000000001,3.42,25.04304709141274,3.79,1.75,18.03,2.04,2.29,17.36199999999999,97.86038227146814,"00.01:12:41",72.68333333333334,"2023-06-06","07:58:35"
"01-11-02-57",2.45,21.99,.91,5.19,.11,.09,9.141722222222223,3.63,15.208,5.971184573002755,1.96,14.83066666666667,1.11,2.34,2.97,87.90157346189164,"00.01:22:51",82.84999999999999,"2023-06-02","07:43:34"
"41-82-62-49",1.57,7.416,1.11,3.47,.18,8.279999999999999,5.72,2.3,26.49,5.15,1.38,18.55,1.71,4.1,17.36199999999999,104.788,"00.01:37:42",97.7,"2023-06-05","12:17:17"
"57-39-86-38",1.67,12.16,.96,3.57,1.267822580645161,8.27,11.71,5.35,19.55,4.21,1.348925619834711,7.757999999999999,1.21,3.08,2.92,85.03474820047987,"00.01:54:11",114.1833333333333,"2023-06-06","08:17:25"
"47-31-29-24",2.07,20.18,2.14,6.89,4.27,8.17,9.141722222222223,3.24,20.42,4.48,1.348925619834711,10.47,1.08,.982,3.92,98.80264784205694,"00.01:44:20",104.3333333333333,"2023-06-08","07:47:05"
"87-48-42-67",1.87,18.27792817679558,1.479889502762431,5.03,1.267822580645161,.65,6.56,2.25,24.46,5.79,1.58,7.757999999999999,2.14,4.1,4.48,87.69364026020317,"00.01:45:17",105.2833333333333,"2023-06-03","11:19:32"
"88-51-36-66",2.07,18.27792817679558,.9399999999999999,5.55,1.267822580645161,2.039313186813187,9.141722222222223,2.18,15.208,5.971184573002755,1.08,27.882,1.6,1.8,11.91,106.9179707394789,"00.01:41:35",101.5833333333333,"2023-06-06","12:56:12"
"88-12-77-50",3.35,10.83,2.955999999999999,4.948055555555555,.1,.08,9.141722222222223,1.77,21.59,4.13,.44,9.19,2.41,3.41,5.980828729281768,80.32660650705955,"00.01:17:53",77.88333333333334,"2023-06-09","13:11:28"
"17-63-55-71",4.03,16.48,.63,5.4,1.267822580645161,.12,10.15,3.66,19.61,4.87,1.06,11.03,1.819612188365651,1.95,3.09,85.16743476901081,"00.01:24:02",84.03333333333333,"2023-06-07","08:42:15"
"08-89-64-68",2.519335180055402,9.09,1.479889502762431,3.83,.13,.17,6.25,1.93,25.04304709141274,5.01,1.348925619834711,18.13,1.23,.982,5.980828729281768,83.12402612334705,"00.01:37:22",97.36666666666666,"2023-06-10","08:42:51"
"40-29-00-57",4.01,15.59,.85,3.38,.4,.79,6.39,1.26,25.04304709141274,3.79,1.27,14.83066666666667,1.87,1.13,17.36199999999999,97.9657137580794,"00.01:06:49",66.81666666666666,"2023-06-06","07:53:51"
"86-10-11-11",3.11,22.31,1.479889502762431,4.948055555555555,.15,6.15,4.946000000000001,3.59,25.04304709141274,4.72,.62,7.757999999999999,1.74,2.66,2.208,91.43299214973072,"00.01:45:46",105.7666666666667,"2023-06-07","09:33:10"
"80-48-57-31",1.99,18.27792817679558,.51,4.948055555555555,.13,2.039313186813187,9.141722222222223,3.99,18.58,5.971184573002755,.8,12.07,1.72,2.38,17.36199999999999,99.91020371438928,"00.01:06:49",66.81666666666666,"2023-06-07","07:50:51"
"03-33-65-79",2.26,29.61,2.64,2.83,.17,.07,10.94,3.11,17.43,5.6,.97,19.15,2.4,1.78,17.36199999999999,116.322,"00.01:45:58",105.9666666666667,"2023-06-07","09:41:56"
"86-28-43-28",1.48,18.27792817679558,.73,4.948055555555555,.12,2.039313186813187,9.141722222222223,2.33,17.83,3.79,.85,8.51,1.819612188365651,.982,2.208,75.05663132975219,"00.00:50:07",50.11666666666667,"2023-06-08","08:48:16"
"95-58-64-05",1.98,7.416,1.65,4.73,.17,8.25,10.07,1.81,27.07,8.220000000000001,.44,23.08,2.4,3.98,3.61,104.876,"00.02:17:50",137.8333333333333,"2023-05-25","07:10:00"
"51-45-88-78",1.84,9.369999999999999,1.49,3.66,.12,.18,5.31,2.04,18.33,4.22,1.47,7.97,1.819612188365651,3.26,4.46,65.53961218836565,"00.01:08:52",68.86666666666666,"2023-06-06","12:35:06"
"90-62-42-39",2.519335180055402,7.416,.87,4.948055555555555,.13,.07,4.946000000000001,2.23,18.93,5.971184573002755,.93,23.7,1.819612188365651,1.4,5.980828729281768,81.86101622626113,"00.01:05:57",65.95,"2023-06-07","08:10:01"
"71-64-26-40",2.519335180055402,14.64,.51,5.15,.17,2.039313186813187,15.33599999999999,2.38,20.83,5.48,.61,7.757999999999999,1.819612188365651,1.85,5.980828729281768,87.073089284516,"00.01:44:11",104.1833333333333,"2023-06-07","08:00:40"
"81-24-00-67",2.519335180055402,8.029999999999999,1.11,3.87,.11,8.279999999999999,9.141722222222223,2.03,25.04304709141274,4.55,.87,14.09,1.83,1.98,17.36199999999999,100.8161044936904,"00.01:28:05",88.08333333333333,"2023-06-09","07:43:45"
"12-70-32-30",1.4,14.43,1.45,3.1,1.267822580645161,2.039313186813187,5.65,2.02,20.72,5.24,1.348925619834711,8.039999999999999,1.69,3.19,5.980828729281768,77.56689011657483,"00.01:09:24",69.40000000000001,"2023-06-10","09:49:15"
"82-97-70-37",1.67,18.27792817679558,2.6,4.948055555555555,6.46,2.01,11.74,3.212314049586777,27.53,6.37,.5600000000000001,14.83066666666667,1.87,2.26,5.980828729281768,110.3197931778864,"00.02:17:33",137.55,"2023-06-09","12:58:21"
"62-46-14-70",1.84,18.27792817679558,2.56,3.48,.18,.07,9.141722222222223,2.45,18.5,6.73,1.48,26.56,1.52,2.78,4.61,100.1796503990178,"00.02:08:10",128.1666666666667,"2023-06-09","13:38:36"
"71-10-70-44",1.4,25.76,2.62,4.19,.28,.08,9.141722222222223,2.41,26.49,5.61,2.694,8.77,2.31,1.53,3.54,96.82572222222223,"00.01:40:16",100.2666666666667,"2023-06-09","09:55:51"
"72-64-30-28",2.519335180055402,20.32,1.479889502762431,2.85,7.83,3.11,9.141722222222223,3.212314049586777,24.84,5.971184573002755,1.348925619834711,14.83066666666667,2.07,1.16,5.980828729281768,106.6648665434127,"00.01:35:46",95.76666666666667,"2023-06-10","07:55:44"
"13-26-76-47",2.2,18.27792817679558,.85,7.8,.52,.46,6.46,3.212314049586777,37.41,4.3,1.64,15.93,2.2,1.7,3.35,106.3102422263824,"00.02:30:30",150.5,"2023-05-31","07:50:18"
"49-80-23-99",2.519335180055402,7.6,1.479889502762431,4.948055555555555,.14,.08,9.141722222222223,3.212314049586777,25.04304709141274,5.971184573002755,1.35,14.83066666666667,1.39,1.1,5.980828729281768,84.78704357054632,"00.00:45:30",45.5,"2023-06-10","07:41:39"
"86-00-13-77",1.85,16.96,.51,3.26,.13,.13,9.141722222222223,3.08,17.78,5.2,1.348925619834711,8.289999999999999,1.16,1.93,2.8,73.57064784205693,"00.01:10:49",70.81666666666666,"2023-06-09","09:50:33"
"48-57-10-38",4.531999999999998,9.699999999999999,1.479889502762431,5.04,.2,.07,6.54,3.9,27.35,3.79,.78,14.83066666666667,1.819612188365651,3.65,5.980828729281768,89.66299708707652,"00.02:00:53",120.8833333333333,"2023-06-10","08:23:05"
"69-84-94-36",1.41,10.43,1.08,4.948055555555555,1.267822580645161,.08,4.946000000000001,2,23.37,3.79,1.12,14.83066666666667,.9399999999999999,2.739168975069252,4.68,77.63171377793664,"00.00:52:08",52.13333333333333,"2023-06-10","07:50:08"
"18-54-82-39",2.57,15.84,1.479889502762431,3.75,.1,.41,7.23,3.58,15.76,5.51,1.28,21.24,1.51,1.09,2.55,83.89988950276243,"00.01:24:14",84.23333333333333,"2023-06-09","07:46:05"
"72-38-29-03",1.64,13.64,.51,4.4,.48,3.31,7.3,5.57,28.09,5.67,.53,8.98,2.21,3.35,5.980828729281768,91.66082872928177,"00.02:56:42",176.7,"2023-05-24","07:25:00"
"20-35-14-07",2.519335180055402,8.869999999999999,1.479889502762431,4.948055555555555,.13,.08,9.141722222222223,3.212314049586777,25.04304709141274,3.79,1.24,14.83066666666667,1.819612188365651,1.13,5.980828729281768,84.21547118590921,"00.00:58:39",58.65,"2023-06-09","12:55:42"
"80-76-98-64",2.58,8.68,.51,8.036,.13,.1,9.141722222222223,1.42,15.39,5.971184573002755,.63,20.82,.96,1.03,5.980828729281768,81.37973552450674,"00.01:18:30",78.5,"2023-06-10","09:00:54"
"46-71-82-60",4.06,7.59,.59,2.89,.11,2.039313186813187,9.141722222222223,1.19,21.26,8.25,1.348925619834711,12.53,2.9,2.739168975069252,5.980828729281768,82.61995873322114,"00.01:02:02",62.03333333333333,"2023-06-10","09:59:46"
"24-76-27-27",1.4,9.550000000000001,.51,4.41,2.33,7.43,12.32,2.47,28.39,7.33,.44,9.24,2.74,3.77,3.89,96.22,"00.01:34:16",94.26666666666667,"2023-06-10","08:05:24"
"85-49-52-94",4.22,9.93,2.22,5.74,7.11,.22,9.141722222222223,1.26,17.69,5.971184573002755,1.15,14.83066666666667,1.53,1.59,5.980828729281768,88.58440219117341,"00.01:55:31",115.5166666666667,"2023-06-10","07:23:49"
"41-14-53-27",2.519335180055402,12.4,1.479889502762431,4.948055555555555,2.27,2.039313186813187,9.141722222222223,3.212314049586777,25.04304709141274,5.971184573002755,1.348925619834711,14.83066666666667,1.819612188365651,2.739168975069252,5.980828729281768,95.74406354062911,"00.03:12:53",192.8833333333333,"2023-05-18","07:41:57"
"19-25-83-42",2.76,18.41,1.15,4.948055555555555,.21,8.279999999999999,9.141722222222223,3.212314049586777,25.04304709141274,5.971184573002755,.73,8.029999999999999,1.819612188365651,.982,8.470000000000001,99.1579356801457,"00.01:16:41",76.68333333333334,"2023-06-09","07:47:21"
"52-70-09-40",2.519335180055402,9.06,1.51,3.13,1.267822580645161,.24,7.82,2.97,27.72,5.07,1.9,13.8,2.05,3.77,17.21,100.0371577607006,"00.01:20:48",80.8,"2023-06-10","07:40:31"
"14-14-61-40",2.04,20.62,2.52,8.036,.1,.21,6.5,4.4,22.88,4.82,1.63,17.89,1.07,1.68,2.88,97.276,"00.01:42:00",102,"2023-06-09","09:15:34"
"79-24-47-25",2.519335180055402,18.27792817679558,.9,2.734,1.267822580645161,2.039313186813187,5.12,1.78,29,5.28,.87,16.13,1.819612188365651,2.02,3.4,93.15801131267499,"00.01:46:31",106.5166666666667,"2023-06-10","08:42:25"
"98-74-77-48",2.19,15.58,.64,4.948055555555555,.11,2.039313186813187,5,3.212314049586777,15.208,3.97,.8100000000000001,7.757999999999999,1.3,3.41,2.208,68.38368279195552,"00.01:15:21",75.34999999999999,"2023-06-06","12:34:32"
"45-71-76-98",2.519335180055402,18.27792817679558,1.479889502762431,2.734,4.33,.07,4.946000000000001,1.47,36.45,3.83,.96,17.05,1.01,2.92,5.980828729281768,104.0279815888952,"00.00:56:25",56.41666666666666,"2023-06-10","09:33:58"
"07-23-89-71",2.27,10.55,1.479889502762431,3.71,1.267822580645161,.16,8.49,2.66,25.04304709141274,4.98,1.85,8.720000000000001,1.819612188365651,2.739168975069252,5.980828729281768,81.72036906753701,"00.01:14:33",74.55,"2023-06-10","08:26:19"
"05-94-07-12",1.82,7.416,1.3,2.88,.22,2.039313186813187,7.14,1.42,16.81,5.971184573002755,1.16,14.83066666666667,1.819612188365651,1.76,5.980828729281768,72.56760534413003,"00.01:07:31",67.51666666666667,"2023-06-10","09:47:16"
"58-90-20-54",2.519335180055402,7.416,.78,3.06,1.267822580645161,.09,8.949999999999999,2.41,17.79,6.01,1.41,19.23,1.75,1.93,17.36199999999999,91.97515776070055,"00.01:14:45",74.75,"2023-06-10","09:15:42"
"50-03-32-43",2.519335180055402,28.06,2.82,4.948055555555555,.38,8.279999999999999,11.99,1.93,22.96,7.98,1.348925619834711,14.83066666666667,1.95,2.739168975069252,3.35,116.0861519971816,"00.02:17:44",137.7333333333333,"2023-06-10","07:55:49"
"62-49-02-44",3.52,17.56,.9,4.2,.1,.07,8.83,1.33,20.09,6.35,1.85,9.09,1.62,1.1,4.64,81.25,"00.01:22:36",82.59999999999999,"2023-06-09","08:07:13"
"75-29-94-40",1.73,20.43,2.3,4.48,1.267822580645161,5.19,13.95,3.212314049586777,23.56,4.18,1.348925619834711,13.97,2.37,1.5,2.45,101.9390622500667,"00.01:56:37",116.6166666666667,"2023-06-10","09:06:33"
