interview__key,r_crop__id,crop_area,cp06,crop_harvest,crop_output,crop_unit,crop_unit_1,crop_sale,crop_saleamt,crop_slunits,crop_slunits_1,crop_price,crop_buyer__1,crop_buyer__2,crop_buyer__3,crop_buyer__4,crop_buyer__5,crop_buyer__6,crop_buyer__96,crop_buyer_oth,crop_buyer_where,crop_homecons,crop_clunits,crop_cunits_1,cp_stor,cpamt,cpunits2,cpunits2_oth,crop_inkind_pay,payment_unit,payment_unit_oth,crop_gifts,gift_unit,gift_unit_oth,crop_oth_uses,crop_ouse_oth,ouses_unit,ouses_unit_oth,crp_irrig,irrig__1,irrig__2,irrig__3,irrig__4,irrig__5,irrig__6,irrig__96,irrig__n888,irrig__n999,irrig_others,irrig_method__1,irrig_method__2,irrig_method__3,irrig_method__4,irrig_method__96,irrig_method__n888,irrig_method__n999,seed,var_trait_1__1,var_trait_1__2,var_trait_1__3,var_trait_1__4,var_trait_1__5,var_trait_1__6,var_trait_1__7,var_trait_1__8,var_trait_1__9,var_trait_1__10,var_trait_1__11,var_trait_1__12,var_trait_1__13,var_trait_1__14,var_trait_1__15,var_trait_1__16,var_trait_1__17,var_trait_1__18,var_trait_1__19,var_trait_1__20,var_trait_1__96,var_trait_1_other,seed_source_1,seed_source_oth_1,seed_amt_1,seed_amtunits,seed_amtunits_oth,seed_price_1,cp07,cp08,cp09,cp11
"95-91-52-45","MAIZE","0.5","Yes","Yes",25,"10kg bag","","Yes",20,"10kg bag","",80,"No","No","Yes","No","No","No","No",,,5,"10kg bag","","No",,,"","I don't know",,"",0,,"","I don't know","",,"","No",,,,,,,,,,"",,,,,,,,,"Yes","No","No","No","No","No","No","No","No","No","No","No","No","No","No","No","No","No","No","No","No",,,,,,,,"No","Yes","Yes","No"
"95-91-52-45","MILLET/MAIWA","I don't Know","Yes","Yes",25,"10kg bag","","Yes",20,"10kg bag","",80,"No","No","Yes","No","No","No","No",,,5,"10kg bag","","No",,,"","I don't know",,"",0,,"","I don't know","",,"","No",,,,,,,,,,"",,,,,,,,,"Yes","No","No","No","No","No","No","No","No","No","No","No","No","No","No","No","No","No","No","No","No",,,,,,,,,,,
"93-61-95-87","ONION","1e-04","Yes","Yes",2.5,"2kg packet","","No",,,"",,,,,,,,,,,2,"2kg packet","","No",,,"","0",,"",0,,"","0","",,"","Yes",0,0,1,0,0,0,0,0,0,"","No","No","Yes","No","No","No","No",,"No","No","No","No","No","No","No","No","No","No","Yes","No","No","No","No","No","No","No","No","No","No",,,,,,,,"Yes","No","No","No"
"93-61-95-87","IRISH POTATO","15","No","No",,,"",,,,"",,,,,,,,,,,,,"","No",,,"",,,"",,,"",,"",,"","Yes",0,0,1,0,0,0,0,0,0,"","No","No","Yes","No","No","No","No",,"No","No","No","No","No","No","No","No","No","No","No","No","No","No","No","No","Yes",,"No","No","No",,,,,,,,"Yes","No","No","No"
"93-61-95-87","PUMPKIN","2e-04","No","Yes",5,"Kilograms","","No",,,"",,,,,,,,,,,5,"Kilograms","","No",,,"","0",,"",0,,"","0","",,"","Yes",0,0,1,0,0,0,0,0,0,"","No","No","Yes","No","No","No","No",,"No","No","No","No","No","No","No","No","No","No","No","Yes","No","No","No","No","No","No","No","No","No",,,,,,,,"Yes","No","No","No"
"93-61-95-87","CHILLI PEPPER (SHOMBO)","1e-04","Yes","Yes",500,"Grams","","No",,,"",,,,,,,,,,,500,"Grams","","No",,,"","0",,"",0,,"","0","",,"","Yes",0,0,1,0,0,0,0,0,0,"","No","No","Yes","No","No","No","No",,"No","No","No","No",,,"No","No","Yes","No","No","No","No","No","No","No","No","No","No","No","No",,,,,,,,"Yes","No","No","No"
"71-09-05-63","GUAVA","I don't Know","Yes","No",,,"",,,,"",,,,,,,,,,,,,"","No",,,"",,,"",,,"",,"",,"","Yes",,,,,,,,,,"","No","No","Yes","No","No","No","No",,"No","No","No","No","No","No","No","No","No","No","No","No","No","No","No","No","No","No","No","No","Yes",,,,,,,,,,,
"71-09-05-63","MANGO","I don't Know","Yes","No",,,"",,,,"",,,,,,,,,,,,,"","No",,,"",,,"",,,"",,"",,"","Yes",,,,,,,,,,"","No","No","Yes","No","No","No","No",,"No","No","No","No","No","No","No","No","No","No","No","No","No","No","No","No","No","No","No","No","Yes",,,,,,,,,,,
"81-05-32-56","BEANS/COWPEA","I don't Know","Yes","Yes",20,"Liters","","No",,,"",,,,,,,,,,,1,"Liters","","Yes","0.5","Other (please specify)","Not sure since Olebile is the one practicing crop farming","I don't know",,"",0,,"","I don't know","",,"","Yes",,,,,,,,,,"","No","Yes","No","No","No","No","No",,,"No","No","No","No","Yes",,"No","No","No","No","No","No","No","No","No","No","No","No","No","No",,,,,,,,,,,
"81-05-32-56","MAIZE","I don't Know","Yes","No",,,"",,,,"",,,,,,,,,,,,,"","No",,,"",,,"",,,"",,"",,"","Yes",,,,,,,,,,"","No","Yes","No","No","No","No","No",,"Yes","No","No","No","No","No","No",,"No","No","No","No","No","No","No","No","No","No","No","No","No",,,,,,,,,,,
"81-05-32-56","GREEN VEGETABLE","I don't Know","Yes","Yes",50,"Kilograms","","No",,,"",,,,,,,,,,,2,"Kilograms","","No",,,"","I don't know",,"",0,,"","I don't know","",,"","Yes",,,,,,,,,,"","No","Yes","No","No","No","No","No",,"Yes","No","No","No","No","No","No","No","No","No","No","No","No","No","No","No","No","No","No","No","No",,,,,,,,,,,
"85-23-91-16","MAIZE","0.5","No","Yes",10,"10kg bag","","No",,,"",,,,,,,,,,,3,"10kg bag","","Yes","6","10kg bag","","I don't know",,"",1,"10kg bag","","0","",,"","No",,,,,,,,,,"",,,,,,,,,"Yes","No","No","No","No","No","No","No","No","No","No","No","No","No","No","No","No","No","No","No","No",,,,,,,,"Yes","No","No","Yes"
"53-06-23-41","MAIZE","2","No","Yes",15,"50 kg bag","","Yes",5000,"50 kg bag","",350,"Yes","No","No","No","No","No","No",,,1,"50 kg bag","","Yes","5","50 kg bag","","0",,"",1,"50 kg bag","","0","",,"","No",,,,,,,,,,"",,,,,,,,,"No","No","Yes","No",,"No","No","No","No","No","No","No","No","No","No","No","No","No","No","No","No",,,,,,,"No","No","No","No","Yes"
"53-06-23-41","SUGAR CANE","0.5","No","No",,,"",,,,"",,,,,,,,,,,,,"","No",,,"",,,"",,,"",,"",,"","No",,,,,,,,,,"",,,,,,,,,"No","No","No","No","No","No","No","No","No","No","No","No","No","No","No","No","No","No","No","Yes","No",,,,,,,,"No","No","No","No"
"53-06-23-41","SORGHUM","0.5","No","Yes",3,"50 kg bag","","No",,,"",,,,,,,,,,,3,"50 kg bag","","Yes","1","50 kg bag","","0",,"",0,,"","0","",,"","No",,,,,,,,,,"",,,,,,,,,"No","No","Yes","No",,"No","No","No","No","No","No","No","No","No","No","No","No","No","No","No","No",,,,"Yes",,,"No","No","No","No","No"
"68-84-82-12","MAIZE","0.05","Yes","No",,,"",,,,"",,,,,,,,,,,,,"","No",,,"",,,"",,,"",,"",,"","No",,,,,,,,,,"",,,,,,,,,"No","No",,"No","Yes","No","No","No","No","No","No","No","No","No","No","No","No","No","No","No","No",,,,"Yes",,,"No","No","No","No","Yes"
"68-84-82-12","MILLET/MAIWA","0.05","Yes","No",,,"",,,,"",,,,,,,,,,,,,"","No",,,"",,,"",,,"",,"",,"","No",,,,,,,,,,"",,,,,,,,,"No","No","No","No","No","Yes","No",,"No","No","No","No","No","No","No","No","No","No","No","No","No",,,,"Yes",,,"No","No","No","No","Yes"
"68-84-82-12","SORGHUM","0.02","Yes","No",,,"",,,,"",,,,,,,,,,,,,"","No",,,"",,,"",,,"",,"",,"","No",,,,,,,,,,"",,,,,,,,,"No","No","No","No","No","Yes","No",,"No","No","No","No","No","No","No","No","No","No","No","No","No",,,,"Yes",,,"No","No","No","No","Yes"
"42-95-35-09","OTHER SPECIFY","1","Yes","No",,,"",,,,"",,,,,,,,,,,,,"","No",,,"",,,"",,,"",,"",,"","No",,,,,,,,,,"",,,,,,,,,"Yes",,,"No","No","No","No","No","No","No","No","No","No","No","No","No","No","No","No","No","No",,,,"Yes",,,"No","No","Yes","Yes","Yes"
"42-95-35-09","MAIZE","1","Yes","No",,,"",,,,"",,,,,,,,,,,,,"","No",,,"",,,"",,,"",,"",,"","No",,,,,,,,,,"",,,,,,,,,"Yes","No",,"No",,"No","No","No","No","No","No","No","No","No","No","No","No","No","No","No","No",,,,,,,"No","No","Yes","Yes","Yes"
"42-95-35-09","SORGHUM","1","Yes","No",,,"",,,,"",,,,,,,,,,,,,"","No",,,"",,,"",,,"",,"",,"","No",,,,,,,,,,"",,,,,,,,,"Yes","No",,"No",,"No","No","No","No","No","No","No","No","No","No","No","No","No","No","No","No",,,,,,,"No","No","Yes","Yes","Yes"
"92-23-96-13","MAIZE","0.5","No","No",,,"",,,,"",,,,,,,,,,,,,"","No",,,"",,,"",,,"",,"",,"","No",,,,,,,,,,"",,,,,,,,,"No","No",,"No","Yes","No","No","No","No","No","No","No","No","No","No","No","No","No","No","No","No",,,,,,,"No","No","No","No","Yes"
"22-90-51-93","MAIZE","1","No","Yes",3,"50 kg bag","","No",,,"",,,,,,,,,,,2,"50 kg bag","","Yes","1","50 kg bag","","0",,"",0,,"","0","",,"","No",,,,,,,,,,"",,,,,,,,,"No","No","Yes","No","No","No","No","No","No","No",,"No","No","No","No","No","No","No","No","No","No",,,,,,,"No","No","Yes","No","Yes"
"22-90-51-93","MILLET/MAIWA","2","No","Yes",9,"50 kg bag","","Yes",4,"50 kg bag","",400,"Yes","No","No","No","No","No","No",,,2,"50 kg bag","","Yes","3","50 kg bag","","0",,"",0,,"","0","",,"","No",,,,,,,,,,"",,,,,,,,,"No","No","No","No",,"No","No","No","No","No","Yes","No","No","No","No","No","No","No","No","No","No",,,,,,,"No","No","Yes","No","Yes"
"22-90-51-93","SORGHUM","1","No","Yes",2,"50 kg bag","","No",,,"",,,,,,,,,,,0,,"","Yes","2","50 kg bag","","0",,"",0,,"","0","",,"","No",,,,,,,,,,"",,,,,,,,,"No","No","Yes","No","No","No","No","No","No","No","No","No","No","No","No","No","No","No","No","No","No",,,,,,,"No","No","Yes","No","Yes"
"33-37-06-20","MANGO","I don't Know","No","No",,,"",,,,"",,,,,,,,,,,,,"","No",,,"",,,"",,,"",,"",,"","Yes",,,,,,,,,,"","No","No","No","No","Yes","No","No",,"No","No","No","Yes","No",,"No","No",,"No","No","No","No","No","No","No","No","No","No","No","No",,,,"Yes",,,,,,,
"33-37-06-20","PAWPAW","I don't Know","No","No",,,"",,,,"",,,,,,,,,,,,,"","No",,,"",,,"",,,"",,"",,"","Yes",,,,,,,,,,"","No","No","Yes","No","No","No","No",,"No","No","No","Yes","No",,"No","No",,"No","No","No","No","No","No","No","No","No","No","No","No",,,,"Yes",,,,,,,
"62-05-75-13","MAIZE","1","No","No",,,"",,,,"",,,,,,,,,,,,,"","No",,,"",,,"",,,"",,"",,"","No",,,,,,,,,,"",,,,,,,,,"No","No",,"No","Yes","No","No","No","No","No","No","No","No","No","No","No","No","No","No","No","No",,,,,,,"No","No","No","No","No"
"62-05-75-13","SORGHUM","1","No","Yes",2,"50 kg bag","","No",,,"",,,,,,,,,,,2,"50 kg bag","","No",,,"","0",,"",0,,"","0","",,"","No",,,,,,,,,,"",,,,,,,,,"No","No",,"No","Yes","No","No","No","No","No","No","No","No","No","No","No","No","No","No","No","No",,,,,,,"No","No","No","No","No"
"12-03-37-86","ONION","0.0067","No","Yes",5,"Kilograms","","No",,,"",,,,,,,,,,,5,"Kilograms","","No",,,"","0",,"",0,,"","0","",,"","Yes",0,0,1,0,0,0,0,0,0,"","No","No","Yes","No","No","No","No",,"No","No","No","No","Yes","No","No","No","No","No","No","No","No","No","No","No","No","No","No","No","No",,,,,,,,"Yes","No","Yes","No"
"12-03-37-86","GREEN VEGETABLE","0.006","No","Yes",5,"Kilograms","","No",,,"",,,,,,,,,,,5,"Kilograms","","No",,,"","0",,"",0,,"","0","",,"","Yes",0,0,1,0,0,0,0,0,0,"","No","No","Yes","No","No","No","No",,"No","No","No","No","Yes","No","No","No","No","No",,"No","No","No","No","No","No","No","No","No","No",,,,,,,,"Yes","No","Yes","No"
"12-03-37-86","TOMATO","0.006","No","Yes",8,"Kilograms","","No",,,"",,,,,,,,,,,8,"Kilograms","","No",,,"","0",,"",0,,"","0","",,"","Yes",0,0,1,0,0,0,0,0,0,"","No","No","Yes","No","No","No","No",,"No","No","Yes","No","No","No","No","No","No","No","No","No","No","No","No","No","No","No","No","No","No",,,,,,,,"Yes","No","Yes","No"
"07-73-56-26","MAIZE","7","No","Yes",7,"25kg bag","","No",,,"",,,,,,,,,,,3,"25kg bag","","Yes","4","25kg bag","","0",,"",0,,"","0","",,"","No",,,,,,,,,,"",,,,,,,,,"No","No","No","No","No","No","No","No","Yes","No",,"No","No","No","No","No","No","No","No","No","No",,,,,,,,"No","Yes","No","Yes"
"07-73-56-26","MELON/EGUSI","2","No","Yes",3,"Wheelbarrow","","No",,,"",,,,,,,,,,,3,"Wheelbarrow","","No",,,"","0",,"",0,,"","0","",,"","No",,,,,,,,,,"",,,,,,,,,"No","No","No","No","No","No","Yes","No","No","No",,"No","No","No","No","No","No","No","No","No","No",,,,,,,,"No","Yes","No","Yes"
"07-73-56-26","OTHER(SPECIFY)","6","No","Yes",4,"Other (please specify)","loads of a minivan","No",,,"",,,,,,,,,,,4,"Other (please specify)","minivan loads","No",,,"","0",,"",0,,"","0","",,"","No",,,,,,,,,,"",,,,,,,,,"No","No","No","No","Yes","No","No","No","No","No",,"No","No","No","No","No","No","No","No","No","No",,,,"Yes",,,,"No","Yes","No","Yes"
"81-06-64-01","OTHER SPECIFY","0.003","Yes","Yes",20,"Numbers","","No",,,"",,,,,,,,,,,20,"Numbers","","No",,,"","0",,"",0,,"","0","",,"","No",,,,,,,,,,"",,,,,,,,,"No","No","No","No","No",,"Yes","No","No","No","No","No","No","No","No","No","No","No","No","No","No",,,,,,,"No","No","No","No","No"
"81-06-64-01","MAIZE","0.003","Yes","Yes",10,"Kilograms","","No",,,"",,,,,,,,,,,10,"Kilograms","","No",,,"","0",,"",0,,"","0","",,"","No",,,,,,,,,,"",,,,,,,,,"No","No","No","No","No","No","Yes","No","No","No","No","No","No","No","No","No","No","No","No","No","No",,,,,,,"No","No","No","No","No"
"17-96-77-43","BEANS/COWPEA","300","Yes","No",,,"",,,,"",,,,,,,,,,,,,"","No",,,"",,,"",,,"",,"",,"","Yes",1,0,0,0,0,0,0,0,0,"","No","Yes","No","No","No","No","No",,"Yes","No",,"No",,"No","No","No","No","No","No","No","No","No","No","No","No","No","No","No","No",,,,,,,,"No","Yes","Yes","Yes"
"17-96-77-43","MAIZE","200","No","No",,,"",,,,"",,,,,,,,,,,,,"","No",,,"",,,"",,,"",,"",,"","Yes",1,0,0,0,0,0,0,0,0,"","No","Yes","No","No","No","No","No",,"Yes","No",,"No",,"No","No","No","No","No","No","No","No","No","No","No","No","No","No","No","No",,,,,,,,"No","Yes","Yes","Yes"
"17-96-77-43","MILLET/MAIWA","200","No","No",,,"",,,,"",,,,,,,,,,,,,"","No",,,"",,,"",,,"",,"",,"","Yes",1,0,0,0,0,0,0,0,0,"","No","No","No","No","Yes","No","No",,"Yes","No",,"No",,"No","No","No","No","No","No","No","No","No","No","No","No","No","No","No","No",,,,,,,,"No","Yes","Yes","Yes"
"17-96-77-43","GARLIC","0.36","Yes","No",,,"",,,,"",,,,,,,,,,,,,"","No",,,"",,,"",,,"",,"",,"","Yes",1,0,0,0,0,0,0,0,0,"","No","Yes","No","No","No","No","No",,"Yes","No",,"No",,"No","No","No","No","No","No","No","No","No","No","No","No","No","No","No","No",,,,,,,,"No","Yes","Yes","Yes"
"17-96-77-43","ONION","3","No","No",,,"",,,,"",,,,,,,,,,,,,"","No",,,"",,,"",,,"",,"",,"","Yes",1,0,0,0,0,0,0,0,0,"","No","Yes","No","No","No","No","No",,"Yes","No",,"No",,"No","No","No","No","No","No","No","No","No","No","No","No","No","No","No","No",,,,,,,,"No","Yes","Yes","Yes"
"17-96-77-43","GREEN VEGETABLE","0.16","No","No",,,"",,,,"",,,,,,,,,,,,,"","No",,,"",,,"",,,"",,"",,"","Yes",1,0,0,0,0,0,0,0,0,"","Yes","No","No","No","No","No","No",,"Yes","No",,"No",,"No","No","No","No","No","No","No","No","No","No","No","No","No","No","No","No",,,,"Yes",,,,"No","Yes","Yes","No"
"17-96-77-43","SORGHUM","500","No","No",,,"",,,,"",,,,,,,,,,,,,"","Yes","250000","Liters","",,,"",,,"",,"",,"","Yes",1,0,0,0,0,0,0,0,0,"","No","No","No","No","Yes","No","No",,"Yes","No",,"No",,"No","No","No","No","No","No","No","No","No","No","No","No","No","No","No","No",,,,,,,,"No","Yes","Yes","Yes"
"11-82-86-61","MAIZE","0.4","No","Yes",300,"Numbers","","No",,,"",,,,,,,,,,,150,"Numbers","","No",,,"","0",,"",0,,"","150","To be used as seed for next ploughing season.","Numbers","","No",,,,,,,,,,"",,,,,,,,,"No","No","No","No","No","No","No","No","No","No",,"No","No","No","No","No","No","No","Yes","No","No",,,,,,,,"No","No","No","Yes"
"03-50-12-90","BEANS/COWPEA","8","No","Yes",0,,"",,,,"",,,,,,,,,,,,,"","No",,,"",,,"",,,"",,"",,"","No",,,,,,,,,,"",,,,,,,,,"No","No","No","No","No","No","No","No","Yes","No","No","No","No","No","No","No","No","No","No","No","No",,,,,,,,"Yes","No","Yes","Yes"
"81-28-91-79","SORGHUM","4","No","No",,,"",,,,"",,,,,,,,,,,,,"","No",,,"",,,"",,,"",,"",,"","No",,,,,,,,,,"",,,,,,,,,"No","No","No","No",,"Yes","No",,"No","No","No","No","No","No","No","No","No","No","No","No","No",,,,,,,"No","No","No","No","Yes"
"07-52-39-57","MAIZE","2","No","No",,,"",,,,"",,,,,,,,,,,,,"","No",,,"",,,"",,,"",,"",,"","No",,,,,,,,,,"",,,,,,,,,"Yes",,"No","No","No","No","No","No","No","No","No","No","No","No","No","No","No","No","No","No","No",,,,,,,,"No","No","No","No"
"07-52-39-57","SORGHUM","1","No","No",,,"",,,,"",,,,,,,,,,,,,"","No",,,"",,,"",,,"",,"",,"","No",,,,,,,,,,"",,,,,,,,,"Yes","No","No",,,"No","No","No","No","No","No","No","No","No","No","No","No","No","No","No","No",,,,,,,,"No","No","No","No"
"94-41-84-42","SORGHUM","5","No","Yes",10,"50 kg bag","","Yes",6,"50 kg bag","",200,"Yes","No","No","No","No","No","No",,,4,"50 kg bag","","No",,,"","0",,"",0,,"","0","",,"","No",,,,,,,,,,"",,,,,,,,,"No","No","No","No","No","Yes","No",,"No","No","No","No","No","No","No","No","No","No","No","No","No",,,,,,,"No","No","No","No","Yes"
"57-12-45-97","LEMON","0.001","Yes","No",,,"",,,,"",,,,,,,,,,,,,"","No",,,"",,,"",,,"",,"",,"","Yes",0,0,0,0,0,0,1,0,0,"piped water","No","No","Yes","No","No","No","No",,"No","No","No",,"No","No","No","No","Yes","No","No","No","No","No","No","No","No","No","No","No","No",,,,"Yes",,,,"No","No","No","No"
"57-12-45-97","MANGO","0.001","Yes","No",,,"",,,,"",,,,,,,,,,,,,"","No",,,"",,,"",,,"",,"",,"","Yes",0,0,0,0,0,0,1,0,0,"piped water","No","No","Yes","No","No","No","No",,"No","No","No",,"No","No","No","No","Yes","No","No","No","No","No","No","No","No","No","No","No","No",,,,,,,,"No","No","No","No"
"57-12-45-97","AVOCADO PEAR","0.001","Yes","No",,,"",,,,"",,,,,,,,,,,,,"","No",,,"",,,"",,,"",,"",,"","Yes",0,0,0,0,0,0,1,0,0,"piped water","No","No","Yes","No","No","No","No",,"No","No","No","No","No","No","No","No","No","No",,"No","No","Yes","No","No","No","No","No","No","No",,,,"Yes",,,,"No","No","No","No"
"51-25-36-09","BEANS/COWPEA","2.5","No","No",,,"",,,,"",,,,,,,,,,,,,"","No",,,"",,,"",,,"",,"",,"","No",,,,,,,,,,"",,,,,,,,,"No","No","No","No","No","No","No","No",,"No","Yes","No","No","No","No","No","No","No","No","No","No",,,,,,,"No","No","No","No","Yes"
"51-25-36-09","MAIZE","2.5","No","No",,,"",,,,"",,,,,,,,,,,,,"","No",,,"",,,"",,,"",,"",,"","No",,,,,,,,,,"",,,,,,,,,"No","No","No","No","No","No","No","No","Yes","No","No",,"No","No","No","No","No","No","No","No","No",,,,"Yes",,,"No","No","No","No","Yes"
"52-46-02-95","MAIZE","0.001","Yes","Yes",1,"25kg bag","","No",,,"",,,,,,,,,,,1,"25kg bag","","No",,,"","0",,"",0,,"","0","",,"","No",,,,,,,,,,"",,,,,,,,,"No","No","No","No","Yes",,"No","No","No","No","No","No","No","No","No","No","No","No","No","No","No",,,,,,,"No","No","No","No","No"
"52-46-02-95","MELON/EGUSI","0.001","Yes","Yes",13,"Numbers","","No",,,"",,,,,,,,,,,13,"Numbers","","No",,,"","0",,"",0,,"","0","",,"","No",,,,,,,,,,"",,,,,,,,,"No","No","No","No","Yes",,"No","No","No","No","No","No","No","No","No","No","No","No","No","No","No",,,,,,,"No","No","No","No","No"
"07-52-31-91","APPLE","0.002","Yes","No",,,"",,,,"",,,,,,,,,,,,,"","No",,,"",,,"",,,"",,"",,"","Yes",0,0,0,0,0,0,1,0,0,"piped water","No","No","Yes","No","No","No","No",,"No","No","No","No",,"Yes","No","No",,"No","No","No","No","No","No","No","No","No","No","No","No",,,,,,,"No","No","No","No","No"
"07-52-31-91","GUAVA","0.002","Yes","No",,,"",,,,"",,,,,,,,,,,,,"","No",,,"",,,"",,,"",,"",,"","Yes",0,0,0,0,0,0,1,0,0,"piped water","No","No","Yes","No","No","No","No",,"No","No","No","No","No",,"No","No","Yes","No","No","No","No","No","No","No","No","No","No","No","No",,,,,,,"No","No","No","No","No"
"07-52-31-91","MANGO","0.002","Yes","No",,,"",,,,"",,,,,,,,,,,,,"","No",,,"",,,"",,,"",,"",,"","Yes",0,0,0,0,0,0,1,0,0,"piped water","No","No","Yes","No","No","No","No",,"No","No","No","Yes","No","No","No","No",,"No","No","No","No","No","No","No","No","No","No","No","No",,,,,,,"No","No","No","No","No"
"67-07-39-08","MILLET/MAIWA","1","No","Yes",5,"50 kg bag","","No",,,"",,,,,,,,,,,1,"50 kg bag","","Yes","3","50 kg bag","","0",,"",1,"50 kg bag","","0","",,"","No",,,,,,,,,,"",,,,,,,,,"Yes",,"No","No","No","No","No","No","No","No","No","No","No","No","No","No","No","No","No","No","No",,,,"Yes",,,,"No","No","No","No"
"67-07-39-08","SORGHUM","1","No","Yes",5,"50 kg bag","","No",,,"",,,,,,,,,,,0,,"","Yes","3","50 kg bag","","0",,"",2,"50 kg bag","","0","",,"","No",,,,,,,,,,"",,,,,,,,,"Yes",,"No","No","No","No","No","No","No","No","No","No","No","No","No","No","No","No","No","No","No",,,,"Yes",,,,"No","No","No","No"
"27-20-78-36","OTHER SPECIFY","0.016","Yes","Yes",2,"Numbers","","No",,,"",,,,,,,,,,,1,"Numbers","","No",,,"","0",,"",1,"Numbers","","0","",,"","Yes",0,0,1,0,0,0,0,0,0,"","Yes","No","No","No","No","No","No",,"No","No","No","No","No","No","No","No","No","No","Yes","No","No","No","No","No","No","No","No","No","No",,,,,,,"No","No","No","No","No"
"27-20-78-36","BEANS/COWPEA","0.016","Yes","Yes",6,"2kg packet","","No",,,"",,,,,,,,,,,2,"2kg packet","","Yes","2","2kg packet","","0",,"",2,"2kg packet","","0","",,"","Yes",0,0,1,0,0,0,0,0,0,"","Yes","No","No","No","No","No","No",,"No","No","No","No","No","No","No","No","No","No","Yes","No","No","No","No","No","No","No","No","No","No",,,,,,,,"Yes","No","Yes","No"
"27-20-78-36","GROUND NUT/PEANUTS","0.016","Yes","Yes",5,"Kilograms","","No",,,"",,,,,,,,,,,3,"Kilograms","","No",,,"","0",,"",2,"Kilograms","","0","",,"","Yes",0,0,1,0,0,0,0,0,0,"","Yes","No","No","No","No","No","No",,"No","No","No","No","No","No","No","No","No","No","Yes","No","No","No","No","No","No","No","No","No","No",,,,,,,,"No","No","No","No"
"84-90-94-70","OTHER SPECIFY","1","Yes","Yes",5,"Bale / Bundle","","No",,,"",,,,,,,,,,,5,"Bale / Bundle","","No",,,"","0",,"",0,,"","0","",,"","Yes",0,0,0,0,0,0,1,0,0,"use hosepipe","No","No","Yes","No","No","No","No",,"No","No","No","No","No","No","No","No","No","No","Yes","No","No","No","No","No","No","No","No","No","No",,,,"No",,,,"No","Yes","No","No"
"84-90-94-70","GREEN VEGETABLE","1","Yes","Yes",4,"Bale / Bundle","","No",,,"",,,,,,,,,,,4,"Bale / Bundle","","No",,,"","0",,"",3,"Bale / Bundle","","0","",,"","Yes",0,0,0,0,0,0,1,0,0,"hosepipe","No","No","No","No","Yes","No","No",,"No","No","No","Yes","No","No","No","No","No","No",,"No","No","No","No","No","No","No","No","No","No",,,,,,,,"No","Yes","No","No"
"03-79-50-93","OTHER SPECIFY","0.1","Yes","No",,,"",,,,"",,,,,,,,,,,,,"","No",,,"",,,"",,,"",,"",,"","Yes",1,0,0,0,0,0,0,0,0,"","Yes","No","No","No","No","No","No",,"No","No","No","No","Yes","No",,"No","No","No","No","No","No","No","No","No","No","No","No","No","No",,,,,,,,"Yes","No","Yes","No"
"03-79-50-93","TOMATO","0.1","Yes","No",,,"",,,,"",,,,,,,,,,,,,"","No",,,"",,,"",,,"",,"",,"","Yes",1,0,0,0,0,0,0,0,0,"","Yes","No","No","No","No","No","No",,"No","No","No","No","Yes","No",,"No","No","No","No","No","No","No","No","No","No","No","No","No","No",,,,,,,,"Yes","No","Yes","No"
"03-79-50-93","SORGHUM","3","No","Yes",40,"50 kg bag","","No",,,"",,,,,,,,,,,5,"50 kg bag","","No",,,"","0",,"",0,,"","0","",,"","No",,,,,,,,,,"",,,,,,,,,"No","No","No","No",,"Yes",,"No","No","No","No","No","No","No","No","No","No","No","No","No","No",,,,,,,"No","No","No","Yes","Yes"
"55-35-77-06","OTHER SPECIFY","1","Yes","No",,,"",,,,"",,,,,,,,,,,,,"","No",,,"",,,"",,,"",,"",,"","No",,,,,,,,,,"",,,,,,,,,"No","No","No","No","Yes","No","No","No","No","No","No","No","No","No","No","No","No","No","No","No","No",,,,,,,,"No","No","No","Yes"
"55-35-77-06","MAIZE","2","Yes","No",,,"",,,,"",,,,,,,,,,,,,"","No",,,"",,,"",,,"",,"",,"","No",,,,,,,,,,"",,,,,,,,,"No","No","Yes","No","No","No",,"No","No","No","No","No","No","No","No","No","No","No","No","No","No",,,,,,,,"No","No","No","Yes"
"55-35-77-06","MELON/EGUSI","0.5","Yes","Yes",500,"Other (please specify)","harvested over 500 watermelons","Yes",500,"Other (please specify)","5-20 pula each depending on the size",20,"Yes","No","No","No","No","No","No",,,50,"Other (please specify)","50 watermelons","No",,,"","10","Other (please specify)","10 watermelons",20,"Other (please specify)","20 watermelons","0","",,"","No",,,,,,,,,,"",,,,,,,,,"No","No","No","Yes","No","No","No","No","No","No","No","No","No","No","No","No","No","No","No","No","No",,,,,,,,"No","No","No","Yes"
"44-69-61-71","MAIZE","5","No","No",,,"",,,,"",,,,,,,,,,,,,"","No",,,"",,,"",,,"",,"",,"","No",,,,,,,,,,"",,,,,,,,,"No","No","No","No",,"Yes",,"No","No","No","No","No","No","No","No","No","No","No","No","No","No",,,,,,,"No","No","No","No","Yes"
"44-69-61-71","OKRO","0.006","Yes","No",,,"",,,,"",,,,,,,,,,,,,"","No",,,"",,,"",,,"",,"",,"","Yes",0,0,0,0,0,0,1,0,0,"own piped water","No","No","Yes","No","No","No","No",,"No","No","No","No",,"Yes",,"No","No","No","No","No","No","No","No","No","No","No","No","No","No",,,,,,,,"Yes","No","No","No"
"44-69-61-71","GREEN VEGETABLE","0.006","Yes","No",,,"",,,,"",,,,,,,,,,,,,"","No",,,"",,,"",,,"",,"",,"","Yes",0,0,0,0,0,0,1,0,0,"tap water","No","No","Yes","No","No","No","No",,"No","No","No","No","No","Yes",,,"No","No","No","No","No","No","No","No","No","No","No","No","No",,,,,,,,"Yes","No","No","No"
"33-94-27-06","BEANS/COWPEA","1","No","No",,,"",,,,"",,,,,,,,,,,,,"","No",,,"",,,"",,,"",,"",,"","No",,,,,,,,,,"",,,,,,,,,"No","No",,"No","Yes","No","No","No","No","No",,"No","No","No","No","No","No","No","No","No","No",,,,,,,,"No","No","No","Yes"
"33-94-27-06","MAIZE","1","No","No",,,"",,,,"",,,,,,,,,,,,,"","No",,,"",,,"",,,"",,"",,"","No",,,,,,,,,,"",,,,,,,,,"No","No",,"No","Yes","No","No","No","No","No","No","No","No","No","No","No","No","No","No","No","No",,,,,,,"No","No","No","No","Yes"
"33-94-27-06","SORGHUM","7.8","No","No",,,"",,,,"",,,,,,,,,,,,,"","No",,,"",,,"",,,"",,"",,"","No",,,,,,,,,,"",,,,,,,,,"No","No",,"No","Yes","No","No","No","No","No","No","No","No","No","No","No","No","No","No","No","No",,,,,,,"No","No","No","No","Yes"
"87-31-98-00","GREEN VEGETABLE","0.005","No","No",,,"",,,,"",,,,,,,,,,,,,"","No",,,"",,,"",,,"",,"",,"","Yes",0,0,0,0,0,0,1,0,0,"own piped water","No","No","Yes","No","No","No","No",,"No","No","No","No",,"Yes",,"No","No","No","No","No","No","No","No","No","No","No","No","No","No",,,,,,,,"No","No","No","No"
"15-39-44-44","BEANS/COWPEA","12.5","No","Yes",94,"50 kg bag","","No",,,"",,,,,,,,,,,0,,"","No",,,"","0",,"",0,,"","0","",,"","No",,,,,,,,,,"",,,,,,,,,"No","No","No","No","No","No","No","No","No","No","No","No","No","No","No","No","No","No","No","No","Yes",,,,,,,,"Yes","No","Yes","Yes"
"57-32-99-06","SORGHUM","8","No","No",,,"",,,,"",,,,,,,,,,,,,"","No",,,"",,,"",,,"",,"",,"","No",,,,,,,,,,"",,,,,,,,,"No","No","Yes","No",,"No","No","No","No","No","No","No","No","No","No","No",,"No","No","No","No",,,,,,,,"No","Yes","Yes","Yes"
"82-76-66-89","MANGO","0.0013","No","No",,,"",,,,"",,,,,,,,,,,,,"","No",,,"",,,"",,,"",,"",,"","Yes",0,0,0,0,0,0,1,0,0,"piped water","No","No","Yes","No","No","No","No",,"No","No","No",,"Yes","No","No","No","No","No","No","No","No","No","No","No","No","No","No","No","No",,,,,,,,"No","No","No","No"
"56-62-79-46","GUAVA","0.002","Yes","No",,,"",,,,"",,,,,,,,,,,,,"","No",,,"",,,"",,,"",,"",,"","Yes",0,0,0,0,0,0,1,0,0,"piped water","No","No","Yes","No","No","No","No",,"No","No","No",,"Yes","No","No","No","No","No","No","No","No","No","No","No","No","No","No","No","No",,,,,,,"No","No","No","No","No"
"56-62-79-46","LEMON","0.002","Yes","No",,,"",,,,"",,,,,,,,,,,,,"","No",,,"",,,"",,,"",,"",,"","Yes",0,0,0,0,0,0,1,0,0,"piped water","No","No","Yes","No","No","No","No",,"No","No","Yes","No","No","No","No","No","No","No",,,"No","No","No","No","No","No","No","No","No",,,,"Yes",,,"No","No","No","No","No"
"56-62-79-46","MANGO","0.002","Yes","No",,,"",,,,"",,,,,,,,,,,,,"","No",,,"",,,"",,,"",,"",,"","Yes",0,0,0,0,0,0,1,0,0,"piped water","No","No","Yes","No","No","No","No",,"No","No","No",,"No","Yes","No","No",,"No","No","No","No","No","No","No","No","No","No","No","No",,,,,,,"No","No","No","No","No"
"56-62-79-46","PAWPAW","0.002","Yes","No",,,"",,,,"",,,,,,,,,,,,,"","No",,,"",,,"",,,"",,"",,"","Yes",0,0,0,0,0,0,1,0,0,"piped water","No","No","Yes","No","No","No","No",,"No","No","No","No","Yes","No","No","No",,"No","No","No","No","No","No","No","No","No","No","No","No",,,,,,,"No","No","No","No","No"
"56-62-79-46","BANANA","0.002","Yes","No",,,"",,,,"",,,,,,,,,,,,,"","No",,,"",,,"",,,"",,"",,"","Yes",0,0,0,0,0,0,1,0,0,"piped water","No","No","Yes","No","No","No","No",,"No","No","No",,"No","Yes","No","No","No","No","No","No","No","No","No","No","No","No","No","No","No",,,,"Yes",,,"No","No","No","No","No"
"38-98-52-39","OTHER SPECIFY","0.01","Yes","No",,,"",,,,"",,,,,,,,,,,,,"","No",,,"",,,"",,,"",,"",,"","Yes",0,0,0,0,0,0,1,0,0,"piped water","No","No","Yes","No","No","No","No",,"No","No","No","No","Yes","No",,"No","No","No","No","No","No","No","No","No","No","No","No","No","No",,,,,,,"No","Yes","No","No","No"
"38-98-52-39","ONION","0.01","Yes","No",,,"",,,,"",,,,,,,,,,,,,"","No",,,"",,,"",,,"",,"",,"","Yes",0,0,0,0,0,0,1,0,0,"Tapwater","No","No","Yes","No","No","No","No",,"No","No","No","No","Yes","No","No","No",,"No",,"No","No","No","No","No","No","No","No","No","No",,,,,,,,"Yes","No","No","No"
"38-98-52-39","GREEN VEGETABLE","0.01","Yes","No",,,"",,,,"",,,,,,,,,,,,,"","No",,,"",,,"",,,"",,"",,"","Yes",0,0,0,0,0,0,1,0,0,"Tapwater","No","No","Yes","No","No","No","No",,"No","No","No","No",,"Yes","No","No","No","No",,"No","No","No","No","No","No","No","No","No","No",,,,,,,,"Yes","No","No","No"
"38-98-52-39","TOMATO","0.01","Yes","No",,,"",,,,"",,,,,,,,,,,,,"","No",,,"",,,"",,,"",,"",,"","Yes",0,0,0,0,0,0,1,0,0,"piped water","No","No","Yes","No","No","No","No",,"No","No","No","No","Yes","No","No","No",,"No","No","No","No","No","No","No","No","No","No","No","No",,,,,,,,"Yes","No","No","No"
"94-29-79-85","BEANS/COWPEA","1","Yes","No",,,"",,,,"",,,,,,,,,,,,,"","No",,,"",,,"",,,"",,"",,"","No",,,,,,,,,,"",,,,,,,,,"No","No","No","No","No","No","No","Yes","No","No","No",,"No","No","No","No","No","No","No","No","No",,,,"Yes",,,"No","No","No","No","Yes"
"94-29-79-85","MAIZE","1","Yes","No",,,"",,,,"",,,,,,,,,,,,,"","No",,,"",,,"",,,"",,"",,"","No",,,,,,,,,,"",,,,,,,,,"No","No","Yes","No","No","No","No","No","No","No","No",,"No","No","No","No","No","No","No","No","No",,,,,,,"No","No","No","No","Yes"
"13-97-69-06","MAIZE","1.5","No","Yes",4,"50 kg bag","","Yes",3,"50 kg bag","",200,"Yes","No","No","No","No","No","No",,,1,"25kg bag","","Yes","1","25kg bag","","0",,"",0,,"","0","",,"","No",,,,,,,,,,"",,,,,,,,,"No","No","No","No","No","No","No","No","No","No","No","No","No","No","No","No","No","No","No","No","Yes",,,,,,,"No","No","No","No","Yes"
"81-33-83-30","OTHER SPECIFY","1.5","Yes","No",,,"",,,,"",,,,,,,,,,,,,"","No",,,"",,,"",,,"",,"",,"","No",,,,,,,,,,"",,,,,,,,,"No",,"No","No","No","No","No","Yes","No","No","No","No","No","No","No","No","No","No","No","No","No",,,,,,,"No","No","No","No","Yes"
"81-33-83-30","MAIZE","1.5","Yes","Yes",5,"50 kg bag","","No",,,"",,,,,,,,,,,1,"50 kg bag","","No",,,"","0",,"",0,,"","0","",,"","No",,,,,,,,,,"",,,,,,,,,"No","No",,"No",,"No","No","Yes","No","No","No","No","No","No","No","No","No","No","No","No","No",,,,"Yes",,,"No","No","No","No","Yes"
"31-99-53-07","BEANS/COWPEA","0.2","Yes","Yes",3,"50 kg bag","","No",,,"",,,,,,,,,,,2,"50 kg bag","","Yes","1","50 kg bag","","0",,"",0,,"","0","",,"","No",,,,,,,,,,"",,,,,,,,,"No","No","No",,"Yes","No","No","No","No","No","No","No","No","No","No","No","No","No","No","No","No",,,,"Yes",,,,"No","No","No","No"
"31-99-53-07","MAIZE","0.2","Yes","Yes",2,"50 kg bag","","No",,,"",,,,,,,,,,,2,"50 kg bag","","No",,,"","0",,"",0,,"","0","",,"","No",,,,,,,,,,"",,,,,,,,,"No","No","No","No","Yes","No","No","No","No","No","No","No","No","No","No","No","No","No","No","No","No",,,,,,,,"No","No","No","No"
"31-99-53-07","MELON/EGUSI","0.2","Yes","Yes",30,"Numbers","","No",,,"",,,,,,,,,,,30,"Numbers","","No",,,"","0",,"",0,,"","0","",,"","No",,,,,,,,,,"",,,,,,,,,"No","No","No","No","Yes","No","No","No",,"No","No","No","No","No","No","No","No","No","No","No","No",,,,,,,"No","No","No","No","No"
"31-99-53-07","MILLET/MAIWA","0.2","Yes","Yes",3,"50 kg bag","","No",,,"",,,,,,,,,,,1,"50 kg bag","","Yes","2","50 kg bag","","0",,"",0,,"","0","",,"","No",,,,,,,,,,"",,,,,,,,,"No","No","No","No","Yes","No","No","No","No","No","No","No","No","No","No","No","No","No","No","No","No",,,,"Yes",,,,"No","No","No","No"
"31-99-53-07","BANANA","0.0015","No","No",,,"",,,,"",,,,,,,,,,,,,"","No",,,"",,,"",,,"",,"",,"","Yes",0,0,0,0,0,0,1,0,0,"Piped water","No","No","Yes","No","No","No","No",,"No","No","No","No",,"No","No","No","Yes","No","No","No","No","No","No","No","No","No","No","No","No",,,,,,,,"Yes","No","No","No"
"31-99-53-07","SORGHUM","0.2","Yes","Yes",2,"50 kg bag","","No",,,"",,,,,,,,,,,2,"50 kg bag","","No",,,"","0",,"",0,,"","0","",,"","No",,,,,,,,,,"",,,,,,,,,"No","No","No","No","Yes","No","No","No","No","No","No","No","No","No","No","No","No","No","No","No","No",,,,,,,,"No","No","No","No"
"22-18-88-41","TOMATO","I don't Know","No","No",,,"",,,,"",,,,,,,,,,,,,"","No",,,"",,,"",,,"",,"",,"","Yes",,,,,,,,,,"","No","No","Yes","No","No","No","No",,"No","No",,"No","Yes","No","No","No","No","No","No","No","No","No","No","No","No","No","No","No","No",,,,"Yes",,,,,,,
"09-79-14-71","PUMPKIN","2","No","Yes",200,"Numbers","","No",,,"",,,,,,,,,,,0,,"","Yes","200","Numbers","","0",,"",0,,"","200","feeds to livestock","Numbers","","No",,,,,,,,,,"",,,,,,,,,"No","No","Yes","No",,"No","No","No","No","No","No","No","No","No","No","No","No","No","No","No","No",,,,"Yes",,,,"No","No","No","Yes"
"09-79-14-71","SORGHUM","2","No","Yes",9,"50 kg bag","","No",,,"",,,,,,,,,,,9,"50 kg bag","","Yes","9","50 kg bag","","0",,"",0,,"","0","",,"","No",,,,,,,,,,"",,,,,,,,,"No","No","Yes","No",,"No","No","No","No","No","No","No","No","No","No","No","No","No","No","No","No",,,,,,,,"No","No","No","Yes"
"71-80-89-34","MAIZE","0.004","No","Yes",250,"Numbers","","Yes",200,"Numbers","",10,"Yes","No","No","No","No","No","No",,,25,"Numbers","","No",,,"","0",,"",0,,"","0","",,"","Yes",0,0,1,0,0,0,0,0,0,"","Yes","No","Yes","No","No","No","No",,"No","No","No","No","Yes","No","No","No",,"No","No","No","No","No","No","No","No","No","No","No","No",,,,,,,,"Yes","No","Yes","No"
"71-80-89-34","CHILLI PEPPER (SHOMBO)","0.001","Yes","No",,,"",,,,"",,,,,,,,,,,,,"","No",,,"",,,"",,,"",,"",,"","Yes",0,0,1,0,0,0,0,0,0,"","Yes","No","Yes","No","No","No","No",,"Yes","No",,"No",,"No","No","No","No","No","No","No","No","No","No","No","No","No","No","No","No",,,,,,,,"Yes","No","Yes","No"
"71-80-89-34","GUAVA","1e-04","No","Yes",150,"Numbers","","Yes",120,"Numbers","",2,"Yes","No","No","No","No","No","No",,,30,"Numbers","","No",,,"","0",,"",0,,"","0","",,"","Yes",0,0,1,0,0,0,0,0,0,"","Yes","No","Yes","No","No","No","No",,"No","No","No","No","Yes",,"No","No",,"No","No","No","No","No","No","No","No","No","No","No","No",,,,,,,,"Yes","No","Yes","No"
"71-80-89-34","LEMON","9e-04","Yes","No",,,"",,,,"",,,,,,,,,,,,,"","No",,,"",,,"",,,"",,"",,"","Yes",0,0,1,0,0,0,0,0,0,"","Yes","No","Yes","No","No","No","No",,"No","No","No","No","No","No","No","No","No","No","No","No","No","No","No","No","No","No","No","No","Yes",,,,,,,,"Yes","No","No","No"
"71-80-89-34","MANGO","0.002","No","No",,,"",,,,"",,,,,,,,,,,,,"","No",,,"",,,"",,,"",,"",,"","Yes",0,0,1,0,0,0,0,0,0,"","Yes","No","Yes","No","No","No","No",,"No",,"No","No","Yes","No","No","No","No","No","No","No","No","No","No","No","No","No",,"No","No",,,,,,,,"Yes","No","Yes","No"
"71-80-89-34","PAWPAW","0.001","Yes","Yes",13,"Numbers","","Yes",13,"Numbers","",30,"Yes","No","No","No","No","No","No",,,0,,"","No",,,"","0",,"",0,,"","0","",,"","Yes",0,0,1,0,0,0,0,0,0,"","Yes","No","Yes","No","No","No","No",,"No",,"Yes","No","No","No","No","No","No","No",,"No","No","No","No","No","No","No","No","No","No",,,,,,,,"Yes","No","Yes","No"
"55-44-38-36","OTHER SPECIFY","0.002","No","Yes",2,"50 kg bag","","No",,,"",,,,,,,,,,,2,"50 kg bag","","No",,,"","0",,"",0,,"","0","",,"","Yes",0,0,1,0,0,0,0,0,0,"","No","No","Yes","No","No","No","No",,"No","No",,"No","Yes","No","No","No","No","No","No","No","No","No","No","No","No","No","No","No","No",,,,"Yes",,,"No","Yes","No","No","No"
"55-44-38-36","GUAVA","0.002","No","No",,,"",,,,"",,,,,,,,,,,,,"","No",,,"",,,"",,,"",,"",,"","Yes",0,0,1,0,0,0,0,0,0,"","No","No","Yes","No","No","No","No",,"No","Yes","No","No","No","No","No","No","No","No","No","No","No","No","No","No","No","No","No","No","No",,,,,,,"No","Yes","No","No","No"
"55-44-38-36","LEMON","0.001","No","No",,,"",,,,"",,,,,,,,,,,,,"","No",,,"",,,"",,,"",,"",,"","Yes",0,0,1,0,0,0,0,0,0,"","No","No","Yes","No","No","No","No",,"No","Yes","No","No","No","No","No","No","No","No","No","No","No","No","No","No","No","No","No","No","No",,,,,,,"No","Yes","No","No","No"
"55-44-38-36","MANGO","0.002","No","Yes",1,"50 kg bag","","No",,,"",,,,,,,,,,,1,"50 kg bag","","No",,,"","0",,"",0,,"","0","",,"","Yes",0,0,1,0,0,0,0,0,0,"","No","No","Yes","No","No","No","No",,"No","No","Yes","No","No","No","No","No","No","No",,"No","No","No","No","No","No","No","No","No","No",,,,"No",,,"No","Yes","No","No","No"
"55-44-38-36","OTHER(SPECIFY)","0.001","No","No",,,"",,,,"",,,,,,,,,,,,,"","No",,,"",,,"",,,"",,"",,"","Yes",0,0,1,0,0,0,0,0,0,"","No","No","Yes","No","No","No","No",,"Yes","No","No","No","No","No","No","No","No","No","No","No","No","No","No","No","No","No","No","No","No",,,,,,,"No","Yes","No","No","No"
"55-44-38-36","BANANA","0.002","No","No",,,"",,,,"",,,,,,,,,,,,,"","No",,,"",,,"",,,"",,"",,"","Yes",0,0,1,0,0,0,0,0,0,"","No","No","Yes","No","No","No","No",,"No","Yes","No","No","No","No","No","No","No","No","No","No","No","No","No","No","No","No","No","No","No",,,,"Yes",,,"No","Yes","No","No","No"
"55-44-38-36","PINEAPPLE","0.001","No","No",,,"",,,,"",,,,,,,,,,,,,"","No",,,"",,,"",,,"",,"",,"","Yes",0,0,1,0,0,0,0,0,0,"","No","No","Yes","No","No","No","No",,"No","Yes","No","No","No","No","No","No","No","No","No","No","No","No","No","No","No","No","No","No","No",,,,,,,"No","Yes","No","No","No"
"92-09-46-86","MANGO","0.001","No","No",,,"",,,,"",,,,,,,,,,,,,"","No",,,"",,,"",,,"",,"",,"","Yes",0,0,1,0,0,0,0,0,0,"","Yes","No","No","No","No","No","No",,"No","No","No","No","Yes","No","No","No","No","No","No","No","No","No","No","No","No","No","No","No","No",,,,,,,,"No","No","No","No"
"40-16-04-38","BEANS/COWPEA","3","No","Yes",2,"50 kg bag","","No",,,"",,,,,,,,,,,1,"25kg bag","","Yes","2","50 kg bag","","0",,"",0,,"","0","",,"","No",,,,,,,,,,"",,,,,,,,,"Yes","No",,"No","No","No",,"No","No","No","No","No","No","No","No","No","No","No","No","No","No",,,,"Yes",,,,"No","No","No","Yes"
"88-23-45-95","OTHER SPECIFY","0.01","Yes","No",,,"",,,,"",,,,,,,,,,,,,"","No",,,"",,,"",,,"",,"",,"","Yes",0,0,0,0,0,0,1,0,0,"piped water","No","No","Yes","No","No","No","No",,"No","No","No","No","Yes","No","No",,"No","No","No","No","No","No","No","No","No","No","No","No","No",,,,,,,,"Yes","No","No","No"
"88-23-45-95","ONION","0.01","Yes","No",,,"",,,,"",,,,,,,,,,,,,"","No",,,"",,,"",,,"",,"",,"","Yes",0,0,0,0,0,0,1,0,0,"piped water","No","No","Yes","No","No","No","No",,"No","No","No","No","Yes",,"No","No","No","No","No","No","No","No","No","No","No","No","No","No","No",,,,,,,,"Yes","No","No","No"
"88-23-45-95","GREEN VEGETABLE","0.01","Yes","No",,,"",,,,"",,,,,,,,,,,,,"","No",,,"",,,"",,,"",,"",,"","Yes",0,0,0,0,0,0,1,0,0,"piped water","No","No","Yes","No","No","No","No",,"No","No","No","No","Yes","No","No","No","No","No",,,"No","No","No","No","No","No","No","No","No",,,,,,,,"Yes","No","No","No"
"88-23-45-95","MANGO","0.01","Yes","No",,,"",,,,"",,,,,,,,,,,,,"","No",,,"",,,"",,,"",,"",,"","Yes",0,0,0,0,0,0,1,0,0,"piped water","No","No","Yes","No","No","No","No",,"No","No","No","Yes",,"No",,"No","No","No","No","No","No","No","No","No","No","No","No","No","No",,,,,,,"No","Yes","No","No","No"
"88-23-45-95","PAWPAW","0.01","Yes","No",,,"",,,,"",,,,,,,,,,,,,"","No",,,"",,,"",,,"",,"",,"","Yes",0,0,0,0,0,0,1,0,0,"piped water","No","No","Yes","No","No","No","No",,"No","Yes","No","No","No",,"No","No",,"No","No","No","No","No","No","No","No","No","No","No","No",,,,,,,"No","Yes","No","No","No"
"53-04-65-79","SORGHUM","9","No","No",,,"",,,,"",,,,,,,,,,,,,"","No",,,"",,,"",,,"",,"",,"","No",,,,,,,,,,"",,,,,,,,,"No","No","Yes","No",,"No","No",,"No","No","No","No","No","No","No","No","No","No","No","No","No",,,,,,,,"No","No","No","Yes"
"08-72-41-04","MAIZE","6","Yes","No",,,"",,,,"",,,,,,,,,,,,,"","No",,,"",,,"",,,"",,"",,"","No",,,,,,,,,,"",,,,,,,,,"No","No","No","No","Yes","No","No","No","No","No","No","No","No","No","No","No","No","No","No","No","No",,,,,,,"No","No","No","No","Yes"
"08-72-41-04","SORGHUM","4","Yes","No",,,"",,,,"",,,,,,,,,,,,,"","No",,,"",,,"",,,"",,"",,"","No",,,,,,,,,,"",,,,,,,,,"No","No","No","No","Yes","No","No","No","No","No","No","No","No","No","No","No","No","No","No","No","No",,,,,,,"No","No","No","No","Yes"
"48-20-18-94","MAIZE","3","No","Yes",10,"50 kg bag","","Yes",5,"50 kg bag","",3.8,"No","No","Yes","No","No","No","No",,,3,"50 kg bag","","Yes","1","50 kg bag","","0",,"",1,"50 kg bag","","0","",,"","No",,,,,,,,,,"",,,,,,,,,"No","No","No","No","No","No","No","Yes","No","No","No","No","No","No","No","No","No","No","No","No","No",,,,,,,,"No","Yes","No","Yes"
"48-20-18-94","SORGHUM","2","No","Yes",10,"50 kg bag","","No",,,"",,,,,,,,,,,0,,"","Yes","10","50 kg bag","","0",,"",0,,"","0","",,"","No",,,,,,,,,,"",,,,,,,,,"No","No","No","No","No","No","No","Yes","No","No","No","No","No","No","No","No","No","No","No","No","No",,,,,,,,"No","Yes","No","Yes"
"56-53-54-49","OTHER(SPECIFY)","140","No","Yes",110,"Tonnes","","Yes",110,"Tonnes","",4800,"No","No","No","No","No","Yes","No",,,0,,"","No",,,"","0",,"",0,,"","0","",,"","No",,,,,,,,,,"",,,,,,,,,"No","No","Yes","No",,"No","No","No",,"No","No","No","No","No","No","No","No","No","No","No","No",,,,,,,,"No","Yes","Yes","Yes"
"56-53-54-49","SORGHUM","27","No","Yes",3675,"Tonnes","","Yes",3675,"Tonnes","",2700,"No","No","No","No","No","Yes","No",,,0,,"","No",,,"","0",,"",0,,"","0","",,"","No",,,,,,,,,,"",,,,,,,,,"No","No","Yes","No",,"No","No","No",,"No","No","No","No","No","No","No","No","No","No","No","No",,,,,,,,"No","Yes","Yes","Yes"
"01-08-40-07","SORGHUM","6","No","No",,,"",,,,"",,,,,,,,,,,,,"","No",,,"",,,"",,,"",,"",,"","No",,,,,,,,,,"",,,,,,,,,"No","No","No","No","Yes","No","No","No","No","No","No","No","No","No","No","No","No","No","No","No","No",,,,,,,,"No","No","Yes","Yes"
"14-31-43-40","OKRO","0.005","No","Yes",200,"Numbers","","No",,,"",,,,,,,,,,,150,"Numbers","","No",,,"","0",,"",50,"Numbers","","0","",,"","Yes",0,0,1,0,0,0,0,0,0,"","Yes","No","Yes","No","No","No","No",,"No","No","No","No",,"No","No","No","No","No","Yes","No","No","No","No","No","No","No","No","No","No",,,,,,,,"Yes","No","No","No"
"14-31-43-40","GREEN VEGETABLE","0.003","No","Yes",840,"Bale / Bundle","","No",,,"",,,,,,,,,,,640,"Bale / Bundle","","No",,,"","0",,"",200,"Bale / Bundle","","0","",,"","Yes",0,0,1,0,0,0,0,0,0,"","Yes","No","No","No","No","No","No",,"No","No","No","No","Yes","No","No","No","No","No","No","No","No","No","No","No","No","No","No","No","No",,,,,,,,"Yes","No","No","No"
"37-39-15-65","OTHER SPECIFY","1.5","Yes","Yes",30,"Numbers","","No",,,"",,,,,,,,,,,30,"Numbers","","No",,,"","0",,"",0,,"","0","",,"","No",,,,,,,,,,"",,,,,,,,,"No","No","Yes","No","No",,"No","No",,"No","No","No","No","No","No","No","No","No","No","No","No",,,,,,,,"No","No","No","Yes"
"37-39-15-65","MAIZE","1.5","No","Yes",2,"Wheelbarrow","","No",,,"",,,,,,,,,,,2,"Wheelbarrow","","No",,,"","0",,"",0,,"","0","",,"","No",,,,,,,,,,"",,,,,,,,,"No","No","No","Yes",,,"No","No","No","No","No","No","No","No","No","No","No","No","No","No","No",,,,,,,,"No","No","No","Yes"
"37-39-15-65","SORGHUM","1.5","Yes","Yes",1,"Other (please specify)","20litre bucket","No",,,"",,,,,,,,,,,1,"Other (please specify)","20litre bucket","No",,,"","0",,"",0,,"","0","",,"","No",,,,,,,,,,"",,,,,,,,,"No","No","No","Yes","No",,"No","No",,"No","No","No","No","No","No","No","No","No","No","No","No",,,,,,,,"No","No","No","No"
"45-44-88-31","BEANS/COWPEA","1.5","Yes","Yes",3,"50 kg bag","","Yes",1,"50 kg bag","",1000,"Yes","No","No","No","No","No","No",,,1,"10kg bag","","Yes","2","50 kg bag","","0",,"",0,,"","0","",,"","No",,,,,,,,,,"",,,,,,,,,"Yes","No",,,"No","No","No","No","No","No","No","No","No","No","No","No","No","No","No","No","No",,,,"Yes",,,,"No","No","No","Yes"
"45-44-88-31","MAIZE","2","Yes","Yes",5,"50 kg bag","","No",,,"",,,,,,,,,,,2,"25kg bag","","Yes","5","50 kg bag","","0",,"",0,,"","0","",,"","No",,,,,,,,,,"",,,,,,,,,"Yes","No",,,"No","No","No","No","No","No","No","No","No","No","No","No","No","No","No","No","No",,,,"Yes",,,"No","No","No","No","Yes"
"79-34-34-89","SORGHUM","7","No","No",,,"",,,,"",,,,,,,,,,,,,"","No",,,"",,,"",,,"",,"",,"","No",,,,,,,,,,"",,,,,,,,,"No","No","No","No","No",,"No","Yes","No","No","No",,"No","No","No","No","No","No","No","No","No",,,,,,,,"No","Yes","No","Yes"
"29-41-63-44","MANGO","0.001","No","No",,,"",,,,"",,,,,,,,,,,,,"","No",,,"",,,"",,,"",,"",,"","Yes",0,0,0,0,0,0,1,0,0,"piped water","No","No","Yes","No","No","No","No",,"No","No","No","No","Yes",,"No","No","No","No","No","No","No","No","No","No","No","No","No","No","No",,,,,,,,"No","No","No","No"
"58-42-18-32","APPLE","0.005","Yes","No",,,"",,,,"",,,,,,,,,,,,,"","No",,,"",,,"",,,"",,"",,"","Yes",0,0,0,0,0,0,1,0,0,"piped water","No","No","Yes","No","No","No","No",,"No","No","No","No","Yes","No","No","No",,"No","No","No","No","No","No","No","No","No","No","No","No",,,,"Yes",,,"No","Yes","No","No","No"
"58-42-18-32","MANGO","0.005","Yes","No",,,"",,,,"",,,,,,,,,,,,,"","No",,,"",,,"",,,"",,"",,"","Yes",0,0,0,0,0,0,1,0,0,"Piped water","No","No","Yes","No","No","No","No",,"No","No","No",,,"No","No","No","Yes","No","No","No","No","No","No","No","No","No","No","No","No",,,,,,,"No","Yes","No","No","No"
"58-42-18-32","BANANA","0.005","Yes","No",,,"",,,,"",,,,,,,,,,,,,"","No",,,"",,,"",,,"",,"",,"","Yes",0,0,0,0,0,0,1,0,0,"Piped water","No","No","Yes","No","No","No","No",,"No","No","No","No",,"Yes",,"No","No","No","No","No","No","No","No","No","No","No","No","No","No",,,,"Yes",,,"No","Yes","No","No","No"
"09-31-11-33","OTHER SPECIFY","3","Yes","No",,,"",,,,"",,,,,,,,,,,,,"","No",,,"",,,"",,,"",,"",,"","No",,,,,,,,,,"",,,,,,,,,"No","No","Yes","No","No","No","No","No","No","No","No","No","No","No","No","No","No","No","No","No","No",,,,,,,,"No","No","Yes","Yes"
"09-31-11-33","BEANS/COWPEA","1","Yes","No",,,"",,,,"",,,,,,,,,,,,,"","No",,,"",,,"",,,"",,"",,"","No",,,,,,,,,,"",,,,,,,,,"No","No",,"No","No","No","No",,"Yes","No","No","No","No","No","No","No","No","No","No","No","No",,,,"No",,,,"No","No","Yes","Yes"
"09-31-11-33","GUINEA CORN/SORGHUM","16","Yes","No",,,"",,,,"",,,,,,,,,,,,,"","No",,,"",,,"",,,"",,"",,"","No",,,,,,,,,,"",,,,,,,,,"No","No","No","No","No","No","No","Yes",,"No","No","No","No","No","No","No","No","No","No","No","No",,,,,,,,"No","No","Yes","Yes"
"04-26-72-23","GREEN VEGETABLE","0.0035","Yes","Yes",5,"Bale / Bundle","","No",,,"",,,,,,,,,,,5,"Bale / Bundle","","No",,,"","0",,"",0,,"","0","",,"","Yes",0,0,0,0,0,0,1,0,0,"piped water","No","No","Yes","No","No","No","No",,"No","No","No","Yes",,"No","No","No",,"No","No","No","No","No","No","No","No","No","No","No","No",,,,"Yes",,,"No","Yes","No","No","No"
"04-26-72-23","SUGAR CANE","0.0035","Yes","Yes",2,"Numbers","","No",,,"",,,,,,,,,,,2,"Numbers","","No",,,"","0",,"",0,,"","0","",,"","Yes",0,0,0,0,0,0,1,0,0,"piped water","No","No","Yes","No","No","No","No",,"No","No","No","No","Yes",,"No","No",,"No","No","No","No","No","No","No","No","No","No","No","No",,,,"Yes",,,"No","Yes","No","No","No"
"04-26-72-23","GUAVA","0.0035","Yes","No",,,"",,,,"",,,,,,,,,,,,,"","No",,,"",,,"",,,"",,"",,"","Yes",0,0,0,0,0,0,1,0,0,"piped water","No","No","Yes","No","No","No","No",,"No","No","No","No",,"No","No","No","Yes","No","No","No","No","No","No","No","No","No","No","No","No",,,,,,,"No","Yes","No","No","No"
"04-26-72-23","LEMON","0.0035","Yes","No",,,"",,,,"",,,,,,,,,,,,,"","No",,,"",,,"",,,"",,"",,"","Yes",0,0,0,0,0,0,1,0,0,"piped water","No","No","Yes","No","No","No","No",,"No","No","No","Yes","No","No","No","No",,"No","No","No","No","No","No","No","No","No","No","No","No",,,,,,,,"Yes","No","No","No"
"04-26-72-23","MANGO","0.0035","Yes","Yes",90,"Numbers","","Yes",70,"Numbers","",1,"Yes","No","No","No","No","No","No",,,20,"Numbers","","No",,,"","0",,"",0,,"","0","",,"","Yes",0,0,0,0,0,0,1,0,0,"piped water","No","No","Yes","No","No","No","No",,"No","No","No","Yes","No","No","No","No",,"No","No","No","No","No","No","No","No","No","No","No","No",,,,,,,"No","Yes","No","No","No"
"04-26-72-23","AVOCADO PEAR","0.0035","Yes","No",,,"",,,,"",,,,,,,,,,,,,"","No",,,"",,,"",,,"",,"",,"","Yes",0,0,0,0,0,0,1,0,0,"piped water","No","No","Yes","No","No","No","No",,"No","No","No",,"No",,"No","No","Yes","No","No","No","No","No","No","No","No","No","No","No","No",,,,,,,,"Yes","No","No","No"
"04-26-72-23","BANANA","0.0035","Yes","No",,,"",,,,"",,,,,,,,,,,,,"","No",,,"",,,"",,,"",,"",,"","Yes",0,0,0,0,0,0,1,0,0,"piped water","No","No","Yes","No","No","No","No",,"No","No","No",,"No","Yes","No","No","No","No","No","No","No","No","No","No","No","No","No","No","No",,,,,,,,"Yes","No","No","No"
"06-64-69-84","IRISH POTATO","0.003","Yes","No",,,"",,,,"",,,,,,,,,,,,,"","No",,,"",,,"",,,"",,"",,"","Yes",0,0,0,0,0,0,1,0,0,"piped water","No","No","Yes","No","No","No","No",,"No","No","No","No",,"Yes","No","No","No","No","No","No","No","No","No","No","No","No","No","No","No",,,,,,,,"Yes","No","No","No"
"06-64-69-84","GREEN VEGETABLE","0.003","Yes","Yes",16,"Bale / Bundle","","No",,,"",,,,,,,,,,,6,"Bale / Bundle","","No",,,"","0",,"",0,,"","0","",,"","Yes",0,0,0,0,0,0,1,0,0,"piped water","No","No","Yes","No","No","No","No",,"No","No","No","Yes",,"No","No","No",,"No","No","No","No","No","No","No","No","No","No","No","No",,,,,,,,"Yes","No","No","No"
"05-04-82-73","GREEN VEGETABLE","0.001","No","Yes",15,"Kilograms","","No",,,"",,,,,,,,,,,15,"Kilograms","","No",,,"","0",,"",0,,"","0","",,"","Yes",0,0,1,0,0,0,0,0,0,"","No","No","Yes","No","No","No","No",,"No","No","No","No","Yes","No","No","No","No","No","No","No","No","No","No","No","No","No","No","No","No",,,,"No",,,"No","Yes","No","No","No"
"03-81-35-88","LEMON","0.001","Yes","Yes",6,"Crates","","Yes",5,"Crates","",5,,"No","No","No","Yes","No","No",,,1,"Crates","","No",,,"","0",,"",0,,"","0","",,"","Yes",0,0,0,0,0,0,1,0,0,"Piped water","No","No","Yes","No","No","No","No",,"No","No","No","Yes",,"No","No","No","No","No","No","No","No","No","No","No","No","No","No","No","No",,,,,,,,"No","No","No","No"
"03-81-35-88","MANGO","0.001","Yes","No",,,"",,,,"",,,,,,,,,,,,,"","No",,,"",,,"",,,"",,"",,"","Yes",0,0,0,0,0,0,1,0,0,"piped water","No","No","Yes","No","No","No","No",,"No","No","No","Yes",,"No","No","No",,"No","No","No","No","No","No","No","No","No","No","No","No",,,,,,,,"No","No","No","No"
"43-24-35-84","ONION","1","No","No",,,"",,,,"",,,,,,,,,,,,,"","No",,,"",,,"",,,"",,"",,"","No",,,,,,,,,,"",,,,,,,,,"No","No","Yes","No",,"No","No","No","No","No","No","No","No","No","No","No","No","No","No","No","No",,,,,,,,"Yes","No","No","Yes"
"43-24-35-84","PUMPKIN","1","No","Yes",100,"Other (please specify)","PUMPKIN HEAD(single head)","No",,,"",,,,,,,,,,,30,"Other (please specify)","SINGLE HEADS","No",,,"","30","Other (please specify)","SINGLE HEADS",40,"Other (please specify)","SINGLE HEADS","0","",,"","No",,,,,,,,,,"",,,,,,,,,"No","No","Yes","No",,"No","No","No","No","No","No","No","No","No","No","No","No","No","No","No","No",,,,,,,,"Yes","No","No","Yes"
"43-24-35-84","TOMATO","1","No","No",,,"",,,,"",,,,,,,,,,,,,"","No",,,"",,,"",,,"",,"",,"","No",,,,,,,,,,"",,,,,,,,,"No",,"Yes","No",,"No","No","No","No","No","No","No","No","No","No","No","No","No","No","No","No",,,,"Yes",,,,"Yes","No","No","Yes"
"95-51-95-92","MAIZE","0.1","No","Yes",3,"2kg packet","","No",,,"",,,,,,,,,,,3,"2kg packet","","No",,,"","0",,"",0,,"","0","",,"","No",,,,,,,,,,"",,,,,,,,,"Yes","No","No","No","No","No","No","No","No","No","No","No","No","No","No","No","No","No","No","No","No",,,,"Yes",,,,"No","No","No","No"
"74-79-87-37","OTHER SPECIFY","I don't Know","No","No",,,"",,,,"",,,,,,,,,,,,,"","No",,,"",,,"",,,"",,"",,"","Yes",,,,,,,,,,"","No","Yes","Yes","No","No","No","No",,"Yes","No","No","No","No","No","No","No","No","No","No","No","No","No","No","No","No","No","No","No","No",,,,,,,,,,,
"32-64-27-45","OTHER SPECIFY","4","Yes","No",,,"",,,,"",,,,,,,,,,,,,"","No",,,"",,,"",,,"",,"",,"","No",,,,,,,,,,"",,,,,,,,,"No","No",,"No",,"No","Yes","No","No","No","No","No","No","No","No","No","No","No","No","No","No",,,,,,,,"No","No","No","Yes"
"32-64-27-45","MAIZE","4","Yes","Yes",2,"Tonnes","","No",,,"",,,,,,,,,,,1,"50 kg bag","","Yes","2","Tonnes","","0",,"",0,,"","0","",,"","No",,,,,,,,,,"",,,,,,,,,,"Yes",,"No","No","No","No","No","No","No","No","No","No","No","No","No","No","No","No","No","No",,,,"Yes",,,"No","No","No","No","Yes"
"32-64-27-45","PUMPKIN","4","Yes","No",,,"",,,,"",,,,,,,,,,,,,"","No",,,"",,,"",,,"",,"",,"","No",,,,,,,,,,"",,,,,,,,,"No","No",,"No","Yes","No",,"No","No","No","No","No","No","No","No","No","No","No","No","No","No",,,,"Yes",,,,"No","No","No","Yes"
"45-83-41-38","MAIZE","1","No","No",,,"",,,,"",,,,,,,,,,,,,"","No",,,"",,,"",,,"",,"",,"","Yes",1,0,0,0,0,0,0,0,0,"","Yes","No","No","No","No","No","No",,"No","No","No","No",,"Yes",,"No","No","No","No","No","No","No","No","No","No","No","No","No","No",,,,"Yes",,,,"No","No","No","Yes"
"45-83-41-38","GREEN VEGETABLE","1","Yes","No",,,"",,,,"",,,,,,,,,,,,,"","No",,,"",,,"",,,"",,"",,"","Yes",1,0,0,0,0,0,0,0,0,"","No","No","Yes","No","No","No","No",,"No","No",,"No","Yes","No","No","No","No","No","No","No","No","No","No","No","No","No","No","No","No",,,,,,,,"Yes","No","No","Yes"
"37-39-45-84","MAIZE","1.11","Yes","No",,,"",,,,"",,,,,,,,,,,,,"","No",,,"",,,"",,,"",,"",,"","No",,,,,,,,,,"",,,,,,,,,"No","No","No","No","Yes","No","No",,"No","No","No","No","No","No","No","No","No",,"No","No","No",,,,,,,"No","No","No","No","Yes"
"37-39-45-84","SORGHUM","1.11","Yes","No",,,"",,,,"",,,,,,,,,,,,,"","No",,,"",,,"",,,"",,"",,"","No",,,,,,,,,,"",,,,,,,,,"No","No","No","No","Yes","No","No",,"No","No","No","No","No","No","No","No","No","No","No","No","No",,,,,,,"No","No","No","No","Yes"
"84-73-38-30","GUAVA","0.01","No","No",,,"",,,,"",,,,,,,,,,,,,"","No",,,"",,,"",,,"",,"",,"","Yes",0,0,0,0,0,0,1,0,0,"piped water","No","No","Yes","No","No","No","No",,"No","No","No","No","Yes",,"No","No","No","No","No","No","No","No","No","No","No","No","No","No","No",,,,,,,,"Yes","No","No","No"
"84-73-38-30","LEMON","0.01","Yes","No",,,"",,,,"",,,,,,,,,,,,,"","No",,,"",,,"",,,"",,"",,"","Yes",0,0,0,0,0,0,1,0,0,"piped water","No","No","Yes","No","No","No","No",,"No","No","No","No",,"No","Yes","No","No","No","No","No","No","No","No","No","No","No","No","No","No",,,,,,,,"Yes","No","No","No"
"84-73-38-30","MANGO","0.01","Yes","No",,,"",,,,"",,,,,,,,,,,,,"","No",,,"",,,"",,,"",,"",,"","Yes",0,0,0,0,0,0,1,0,0,"Piped water","No","No","Yes","No","No","No","No",,"No","No","No","No","Yes","No","No","No","No","No","No","No","No","No","No","No","No","No","No","No","No",,,,,,,,"Yes","No","No","No"
"84-73-38-30","ORANGE","0.01","Yes","No",,,"",,,,"",,,,,,,,,,,,,"","No",,,"",,,"",,,"",,"",,"","Yes",0,0,0,0,0,0,1,0,0,"Piped water","No","No","Yes","No","No","No","No",,"No","No","No","Yes",,"No","No","No","No","No","No","No","No","No","No","No","No","No","No","No","No",,,,,,,,"Yes","No","No","No"
"86-00-77-05","MAIZE","4","Yes","No",,,"",,,,"",,,,,,,,,,,,,"","No",,,"",,,"",,,"",,"",,"","No",,,,,,,,,,"",,,,,,,,,"No","No",,"Yes",,"No","No","No","No","No","No","No","No","No","No","No","No","No","No","No","No",,,,,,,,"No","No","No","Yes"
"86-00-77-05","MELON/EGUSI","1","Yes","Yes",2,"Tonnes","","No",,,"",,,,,,,,,,,2,"Tonnes","","No",,,"","0",,"",20,"Other (please specify)","","1","Given to friends and family","Tonnes","","No",,,,,,,,,,"",,,,,,,,,"No","No","No","No","Yes","No","No","No","No","No","No","No","No","No","No","No","No","No","No","No","No",,,,,,,,"No","No","No","Yes"
"04-04-14-28","APPLE","0.5","Yes","No",,,"",,,,"",,,,,,,,,,,,,"","No",,,"",,,"",,,"",,"",,"","Yes",1,0,0,0,0,0,1,0,0,"piped water","No","No","Yes","No","No","No","No",,"No","No","No","No","No","Yes","No","No",,"No","No","No","No","No","No","No","No","No","No","No","No",,,,,,,,"Yes","No","No","No"
"04-04-14-28","GUAVA","0.5","Yes","No",,,"",,,,"",,,,,,,,,,,,,"","No",,,"",,,"",,,"",,"",,"","Yes",1,0,0,0,0,0,1,0,0,"piped water","No","No","Yes","No","No","No","No",,"No","No","No","Yes","No","No","No","No",,"No","No","No","No","No","No","No","No","No","No","No","No",,,,,,,,"Yes","No","No","No"
"04-04-14-28","LEMON","0.5","Yes","No",,,"",,,,"",,,,,,,,,,,,,"","No",,,"",,,"",,,"",,"",,"","Yes",1,0,0,0,0,0,1,0,0,"piped water","No","No","Yes","No","No","No","No",,"No","No","No","Yes",,"No",,"No","No","No","No","No","No","No","No","No","No","No","No","No","No",,,,,,,,"Yes","No","No","No"
"04-04-14-28","MANGO","0.5","Yes","No",,,"",,,,"",,,,,,,,,,,,,"","No",,,"",,,"",,,"",,"",,"","Yes",1,0,0,0,0,0,1,0,0,"piped water","No","No","Yes","No","No","No","No",,"No","No","No","Yes",,"No","No","No",,"No","No","No","No","No","No","No","No","No","No","No","No",,,,,,,,"Yes","No","No","No"
"04-04-14-28","ORANGE","0.5","Yes","No",,,"",,,,"",,,,,,,,,,,,,"","No",,,"",,,"",,,"",,"",,"","Yes",1,0,0,0,0,0,1,0,0,"piped water","No","No","Yes","No","No","No","No",,"No","No","No","Yes","No",,,"No","No","No","No","No","No","No","No","No","No","No","No","No","No",,,,,,,,"Yes","No","No","No"
"04-04-14-28","PAWPAW","0.5","Yes","No",,,"",,,,"",,,,,,,,,,,,,"","No",,,"",,,"",,,"",,"",,"","Yes",1,0,0,0,0,0,1,0,0,"piped water","No","No","Yes","No","No","No","No",,"No","No","No","Yes",,"No","No","No",,"No","No","No","No","No","No","No","No","No","No","No","No",,,,,,,,"Yes","No","No","No"
"04-04-14-28","BANANA","0.5","Yes","No",,,"",,,,"",,,,,,,,,,,,,"","No",,,"",,,"",,,"",,"",,"","Yes",1,0,0,0,0,0,1,0,0,"piped water","No","No","Yes","No","No","No","No",,"No","No","No","No",,"No","No","No","Yes","No","No","No","No","No","No","No","No","No","No","No","No",,,,,,,,"Yes","No","No","No"
"87-84-09-54","MAIZE","0.2","Yes","Yes",2,"10kg bag","","No",,,"",,,,,,,,,,,2,"10kg bag","","No",,,"","0",,"",0,,"","0","",,"","No",,,,,,,,,,"",,,,,,,,,"No","No","No","No","Yes",,"No","No","No","No","No","No","No","No","No","No","No","No","No","No","No",,,,,,,,"No","No","No","Yes"
"87-84-09-54","MELON/EGUSI","0.2","Yes","Yes",25,"Numbers","","No",,,"",,,,,,,,,,,25,"Numbers","","No",,,"","Refused to answer",,"",0,,"","0","",,"","No",,,,,,,,,,"",,,,,,,,,"No","No","No","No","Yes","No",,"No","No","No","No","No","No","No","No","No","No","No","No","No","No",,,,,,,,"No","No","No","No"
"87-84-09-54","MANGO","0.001","No","No",,,"",,,,"",,,,,,,,,,,,,"","No",,,"",,,"",,,"",,"",,"","Yes",0,0,0,0,0,0,1,0,0,"piped water","No","No","Yes","No","No","No","No",,"No","No","No","Yes","No","No","No","No",,"No","No","No","No","No","No","No","No","No","No","No","No",,,,,,,,"No","No","No","No"
"87-84-09-54","SORGHUM","0.2","Yes","Yes",1,"50 kg bag","","No",,,"",,,,,,,,,,,1,"50 kg bag","","No",,,"","0",,"",0,,"","0","",,"","No",,,,,,,,,,"",,,,,,,,,,"No","No","No","Yes","No","No","No","No","No","No","No","No","No","No","No","No","No","No","No","No",,,,,,,,"No","No","No","No"
"51-67-29-73","BEANS/COWPEA","2","No","No",,,"",,,,"",,,,,,,,,,,,,"","No",,,"",,,"",,,"",,"",,"","No",,,,,,,,,,"",,,,,,,,,"No","No","No","No","No","No","Yes",,"No","No","No","No","No","No","No","No","No","No","No","No","No",,,,"Yes",,,"No","No","Yes","No","Yes"
"51-67-29-73","MAIZE","2","No","No",,,"",,,,"",,,,,,,,,,,,,"","No",,,"",,,"",,,"",,"",,"","No",,,,,,,,,,"",,,,,,,,,"No","No","No","No","No",,"Yes","No","No","No","No","No","No","No","No","No","No","No","No","No","No",,,,"Yes",,,"No","No","No","No","Yes"
"51-67-29-73","MILLET/MAIWA","3","No","No",,,"",,,,"",,,,,,,,,,,,,"","No",,,"",,,"",,,"",,"",,"","No",,,,,,,,,,"",,,,,,,,,"No","No","No","No","Yes","No",,"No","No","No","No","No","No","No","No","No","No","No","No","No","No",,,,"Yes",,,"No","No","Yes","No","Yes"
"51-67-29-73","SORGHUM","2","No","No",,,"",,,,"",,,,,,,,,,,,,"","No",,,"",,,"",,,"",,"",,"","No",,,,,,,,,,"",,,,,,,,,"No","No","No","No","No","Yes","No",,"No","No","No","No","No","No","No","No","No","No","No","No","No",,,,,,,"No","No","No","No","No"
"40-00-25-74","MAIZE","1","Yes","No",,,"",,,,"",,,,,,,,,,,,,"","No",,,"",,,"",,,"",,"",,"","No",,,,,,,,,,"",,,,,,,,,"No","No","No","No","Yes",,"No","No","No","No","No","No","No","No","No","No","No","No","No","No","No",,,,"Yes",,,,"No","No","No","Yes"
"40-00-25-74","GREEN VEGETABLE","0.003","No","No",,,"",,,,"",,,,,,,,,,,,,"","No",,,"",,,"",,,"",,"",,"","Yes",0,0,0,0,0,0,1,0,0,"piped water","No","No","Yes","No","No","No","No",,"No","No","No","No","No","No","No","No","Yes","No",,"No","No","No","No","No","No",,"No","No","No",,,,,,,,"Yes","No","No","No"
"40-00-25-74","SORGHUM","1","Yes","No",,,"",,,,"",,,,,,,,,,,,,"","No",,,"",,,"",,,"",,"",,"","No",,,,,,,,,,"",,,,,,,,,,"No","No","No","Yes","No","No","No","No","No","No","No","No","No","No","No","No","No","No","No","No",,,,"Yes",,,,"No","No","No","No"
"50-30-92-60","BEANS/COWPEA","0.5","No","No",,,"",,,,"",,,,,,,,,,,,,"","No",,,"",,,"",,,"",,"",,"","No",,,,,,,,,,"",,,,,,,,,"Yes","No",,"No",,"No","No","No","No","No","No","No","No","No","No","No","No","No","No","No","No",,,,,,,,"No","No","No","Yes"
"50-30-92-60","MAIZE","3","No","No",,,"",,,,"",,,,,,,,,,,,,"","No",,,"",,,"",,,"",,"",,"","No",,,,,,,,,,"",,,,,,,,,"Yes","No","No",,"No",,"No","No","No","No","No","No","No","No","No","No","No","No","No","No","No",,,,,,,,"No","No","No","No"
"50-30-92-60","MILLET/MAIWA","0.1","No","No",,,"",,,,"",,,,,,,,,,,,,"","No",,,"",,,"",,,"",,"",,"","No",,,,,,,,,,"",,,,,,,,,"Yes","No","No",,"No",,"No","No","No","No","No","No","No","No","No","No","No","No","No","No","No",,,,"Yes",,,,"No","No","No","Yes"
"50-30-92-60","SORGHUM","0.1","No","No",,,"",,,,"",,,,,,,,,,,,,"","No",,,"",,,"",,,"",,"",,"","No",,,,,,,,,,"",,,,,,,,,"Yes","No","No","No",,,"No","No","No","No","No","No","No","No","No","No","No","No","No","No","No",,,,"Yes",,,,"No","No","No","No"
"42-32-41-18","GROUND NUT/PEANUTS","1","No","Yes",10,"2kg packet","","No",,,"",,,,,,,,,,,5,"2kg packet","","Yes","3","2kg packet","","0",,"",2,"2kg packet","","0","",,"","No",,,,,,,,,,"",,,,,,,,,"Yes",,,"No","No","No","No","No","No","No","No","No","No","No","No","No","No","No","No","No","No",,,,"Yes",,,,"No","No","No","No"
"42-32-41-18","MAIZE","1","No","Yes",20,"10kg bag","","No",,,"",,,,,,,,,,,10,"10kg bag","","Yes","5","10kg bag","","0",,"",5,"10kg bag","","0","",,"","No",,,,,,,,,,"",,,,,,,,,"Yes",,"No","No","No","No","No","No","No","No","No","No","No","No","No","No","No","No","No","No","No",,,,,,,,"No","No","No","Yes"
"29-79-40-11","OTHER SPECIFY","3","Yes","Yes",50,"Numbers","","No",,,"",,,,,,,,,,,50,"Numbers","","No",,,"","0",,"",0,,"","0","",,"","No",,,,,,,,,,"",,,,,,,,,"No","Yes","No","No",,"No","No","No","No","No",,"No","No","No","No","No","No","No","No","No","No",,,,,,,,"No","No","No","Yes"
"29-79-40-11","MAIZE","3","Yes","Yes",3,"Wheelbarrow","","No",,,"",,,,,,,,,,,3,"Wheelbarrow","","No",,,"","0",,"",0,,"","0","",,"","No",,,,,,,,,,"",,,,,,,,,"No","No","No","No","Yes","No","No","No",,"No","No","No","No","No","No","No","No","No",,"No","No",,,,"Yes",,,,"No","No","No","Yes"
"29-79-40-11","MELON/EGUSI","3","No","Yes",100,"Numbers","","Yes",80,"Numbers","",25,"Yes","No","No","No","No","No","No",,,20,"Numbers","","No",,,"","0",,"",0,,"","0","",,"","No",,,,,,,,,,"",,,,,,,,,"Yes","No","No","No","No","No","No","No",,"No","No","No","No","No","No","No","No","No",,"No","No",,,,"Yes",,,,"No","No","No","Yes"
"60-10-68-48","OTHER SPECIFY","0.5","Yes","No",,,"",,,,"",,,,,,,,,,,,,"","No",,,"",,,"",,,"",,"",,"","No",,,,,,,,,,"",,,,,,,,,"Yes",,"No","No","No","No","No","No","No","No",,"No","No","No","No","No","No","No","No","No","No",,,,,,,,"No","No","No","Yes"
"60-10-68-48","BEANS/COWPEA","0.5","Yes","No",,,"",,,,"",,,,,,,,,,,,,"","No",,,"",,,"",,,"",,"",,"","No",,,,,,,,,,"",,,,,,,,,"No","No","Yes","No","No","No","No",,"No","No","No","No","No","No","No","No","No","No","No","No","No",,,,,,,"No","No","No","No","Yes"
"60-10-68-48","MAIZE","0.5","Yes","No",,,"",,,,"",,,,,,,,,,,,,"","No",,,"",,,"",,,"",,"",,"","No",,,,,,,,,,"",,,,,,,,,"No","No","No","Yes","No","No","No",,"No","No","No","No","No","No","No","No","No","No","No","No","No",,,,,,,"No","No","No","No","Yes"
"94-16-94-83","BEANS/COWPEA","1","No","Yes",5,"10kg bag","","No",,,"",,,,,,,,,,,3,"10kg bag","","Yes","2","10kg bag","","0",,"",0,,"","0","",,"","No",,,,,,,,,,"",,,,,,,,,"Yes","No","No","No","No","No","No","No","No","No","No","No","No","No","No","No","No","No","No","No","No",,,,"Yes",,,,"No","No","No","Yes"
"94-16-94-83","MAIZE","1.5","No","No",,,"",,,,"",,,,,,,,,,,,,"","No",,,"",,,"",,,"",,"",,"","No",,,,,,,,,,"",,,,,,,,,"Yes","No",,"No","No","No","No","No","No","No","No","No","No","No","No","No","No","No","No","No","No",,,,,,,,"No","No","No","No"
"25-90-81-61","MANGO","0.001","No","Yes",2,"Crates","","No",,,"",,,,,,,,,,,2,"Crates","","No",,,"","0",,"",0,,"","0","",,"","Yes",0,0,0,0,0,0,1,0,0,"piped water","No","No","Yes","No","No","No","No",,"No","No","No","Yes",,"No","No","No",,"No","No","No","No","No","No","No","No","No","No","No","No",,,,,,,,"No","No","No","No"
"60-29-48-02","MAIZE","1","No","Yes",25,"Kilograms","","No",,,"",,,,,,,,,,,20,"Kilograms","","No",,,"","0",,"",0,,"","0","",,"","No",,,,,,,,,,"",,,,,,,,,"No","No","No","No",,"Yes","No","No",,"No","No","No","No","No","No","No","No","No","No","No","No",,,,,,,"No","No","No","No","Yes"
"54-48-29-54","OTHER SPECIFY","1","Yes","Yes",15,"Bale / Bundle","","No",,,"",,,,,,,,,,,15,"Bale / Bundle","","No",,,"","0",,"",0,,"","0","",,"","No",,,,,,,,,,"",,,,,,,,,"No","No","No","No","No","No","No","No","No","No","Yes","No","No","No","No","No","No","No","No","No","No",,,,,,,,"No","No","No","Yes"
"54-48-29-54","MAIZE","1","Yes","Yes",50,"Kilograms","","No",,,"",,,,,,,,,,,50,"Kilograms","","No",,,"","0",,"",0,,"","0","",,"","No",,,,,,,,,,"",,,,,,,,,"No","No","Yes","No",,"No","No","No","No","No","No","No","No","No","No","No","No","No","No","No","No",,,,,,,"No","No","No","No","Yes"
"29-79-23-67","OTHER SPECIFY","1","Yes","No",,,"",,,,"",,,,,,,,,,,,,"","No",,,"",,,"",,,"",,"",,"","No",,,,,,,,,,"",,,,,,,,,"No","No","No","No","No",,"No","Yes","No","No",,"No","No","No","No","No","No","No","No","No","No",,,,,,,,"No","No","No","No"
"29-79-23-67","MAIZE","2","Yes","No",,,"",,,,"",,,,,,,,,,,,,"","No",,,"",,,"",,,"",,"",,"","No",,,,,,,,,,"",,,,,,,,,"No","No","No","No",,"No","No","Yes","No","No","No","No","No","No","No",,"No","No","No","No","No",,,,,,,"No","No","No","No","Yes"
"36-91-85-86","OTHER SPECIFY","1","Yes","No",,,"",,,,"",,,,,,,,,,,,,"","No",,,"",,,"",,,"",,"",,"","No",,,,,,,,,,"",,,,,,,,,"No","No","Yes","No","No","No","No","No","No","No","No","No","No","No","No","No","No","No","No","No","No",,,,,,,,"No","No","No","Yes"
"36-91-85-86","BEANS/COWPEA","0.5","Yes","No",,,"",,,,"",,,,,,,,,,,,,"","No",,,"",,,"",,,"",,"",,"","No",,,,,,,,,,"",,,,,,,,,"Yes","No","No","No","No","No","No","No","No","No","No","No","No","No","No","No","No","No","No","No","No",,,,,,,,"No","No","No","Yes"
"36-91-85-86","MAIZE","1","Yes","No",,,"",,,,"",,,,,,,,,,,,,"","No",,,"",,,"",,,"",,"",,"","No",,,,,,,,,,"",,,,,,,,,"No","No","Yes",,"No","No","No","No","No","No","No","No","No","No","No","No","No","No","No","No","No",,,,,,,"No","No","No","No","Yes"
"71-23-95-90","BEANS/COWPEA","3","No","No",,,"",,,,"",,,,,,,,,,,,,"","No",,,"",,,"",,,"",,"",,"","No",,,,,,,,,,"",,,,,,,,,"No","No","No","No","Yes","No","No","No","No","No","No","No","No","No","No","No","No","No","No","No","No",,,,,,,,"No","No","No","Yes"
"57-39-86-38","OTHER SPECIFY","0.03","No","No",,,"",,,,"",,,,,,,,,,,,,"","No",,,"",,,"",,,"",,"",,"","Yes",0,0,0,0,1,0,0,0,0,"","Yes","No","No","No","No","No","No",,"No","No","Yes","No",,,"No","No","No","No","No","No","No","No","No","No","No","No","No","No","No",,,,,,,,"No","Yes","No","No"
"57-39-86-38","CABBAGE","0.1","No","Yes",840,"Bunches","","No",,,"",,,,,,,,,,,28,"Bunches","","No",,,"","0",,"",0,,"","0","",,"","Yes",0,0,0,0,1,0,0,0,0,"","Yes","No","No","No","No","No","No",,"No","No","Yes","No","No",,"No",,"No","No","No","No","No","No","No","No","No","No","No","No","No",,,,,,,,"No","Yes","No","No"
"57-39-86-38","TOMATO","8e-04","No","Yes",150,"Kilograms","","No",,,"",,,,,,,,,,,10,"Kilograms","","No",,,"","0",,"",0,,"","0","",,"","Yes",0,0,0,0,1,0,0,0,0,"","Yes","No","No","No","No","No","No",,"No","No","Yes","No","No",,"No",,"No","No","No","No","No","No","No","No","No","No","No","No","No",,,,,,,,"No","Yes","No","No"
"57-39-86-38","BANANA","0.006","No","No",,,"",,,,"",,,,,,,,,,,,,"","No",,,"",,,"",,,"",,"",,"","Yes",1,0,0,0,1,0,0,0,0,"","Yes","No","No","No","No","No","No",,"No","No","Yes","No","No",,"No",,"No","No","No","No","No","No","No","No","No","No","No","No","No",,,,,,,,"No","Yes","No","No"
"47-31-29-24","MAIZE","3","No","No",,,"",,,,"",,,,,,,,,,,,,"","No",,,"",,,"",,,"",,"",,"","No",,,,,,,,,,"",,,,,,,,,"No","No","No","No","No","Yes","No",,"No","No","No","No","No","No","No","No","No","No","No","No","No",,,,,,,"No","No","No","No","Yes"
"87-48-42-67","OTHER SPECIFY","0.5","No","Yes",.5,"Tonnes","","Yes",.15,"Tonnes","",3,"Yes","No","No","No","No","No","No",,,0,,"","No",,,"","0",,"",0,,"","0","",,"","No",,,,,,,,,,"",,,,,,,,,"No","No","Yes","No",,,"No","No","No","No","No","No","No","No","No","No","No","No","No","No","No",,,,,,,"No","No","No","No","Yes"
"87-48-42-67","MAIZE","0.5","No","Yes",2,"50 kg bag","","No",,,"",,,,,,,,,,,1,"25kg bag","","Yes","75","Kilograms","","0",,"",0,,"","0","",,"","No",,,,,,,,,,"",,,,,,,,,"Yes","No","No","No",,"No","No",,"No","No","No","No","No","No","No","No","No","No","No","No","No",,,,,,,"No","No","No","No","Yes"
"88-51-36-66","OTHER SPECIFY","2","Yes","No",,,"",,,,"",,,,,,,,,,,,,"","No",,,"",,,"",,,"",,"",,"","No",,,,,,,,,,"",,,,,,,,,"No","No","No","No","No","Yes",,,"No","No","No","No","No","No","No","No","No","No","No","No","No",,,,"Yes",,,"No","No","No","No","Yes"
"88-51-36-66","MAIZE","2","Yes","No",,,"",,,,"",,,,,,,,,,,,,"","No",,,"",,,"",,,"",,"",,"","No",,,,,,,,,,"",,,,,,,,,"No","No","No","No","Yes","No","No",,"No","No","No","No","No","No","No","No","No","No","No","No","No",,,,"Yes",,,"No","No","No","No","No"
"88-51-36-66","SORGHUM","2","Yes","No",,,"",,,,"",,,,,,,,,,,,,"","No",,,"",,,"",,,"",,"",,"","No",,,,,,,,,,"",,,,,,,,,"No","No","No","No","Yes","No","No",,"No","No","No","No","No","No","No","No","No","No","No","No","No",,,,,,,"No","No","No","No","Yes"
"82-97-70-37","MANGO","0.001","Yes","No",,,"",,,,"",,,,,,,,,,,,,"","No",,,"",,,"",,,"",,"",,"","Yes",0,0,0,0,0,0,1,0,0,"piped water","No","No","Yes","No","No","No","No",,"No","No","No","No","Yes",,"No","No",,"No","No","No","No","No","No","No","No","No","No","No","No",,,,,,,,"Yes","Yes","No","No"
"82-97-70-37","BANANA","0.001","Yes","No",,,"",,,,"",,,,,,,,,,,,,"","No",,,"",,,"",,,"",,"",,"","Yes",0,0,0,0,0,0,1,0,0,"piped water","No","No","Yes","No","No","No","No",,"No","No","No","No","Yes",,"No","No",,"No","No","No","No","No","No","No","No","No","No","No","No",,,,,,,,"Yes","No","No","No"
"72-64-30-28","MANGO","0.001","Yes","No",,,"",,,,"",,,,,,,,,,,,,"","No",,,"",,,"",,,"",,"",,"","Yes",0,0,0,0,0,0,1,0,0,"Piped water","No","No","Yes","No","No","No","No",,"No","No","No","Yes","No","No","No","No",,"No","No","No","No","No","No","No","No","No","No","No","No",,,,,,,,"Yes","No","No","No"
"72-64-30-28","PAWPAW","0.001","Yes","No",,,"",,,,"",,,,,,,,,,,,,"","No",,,"",,,"",,,"",,"",,"","Yes",0,0,0,0,0,0,1,0,0,"piped water","No","No","Yes","No","No","No","No",,"No","No","No","Yes","No","No","No","No",,"No","No","No","No","No","No","No","No","No","No","No","No",,,,,,,,"Yes","No","No","No"
"85-49-52-94","MAIZE","3","No","Yes",3,"50 kg bag","","No",,,"",,,,,,,,,,,2,"50 kg bag","","Yes","1","50 kg bag","","0",,"",0,,"","0","",,"","No",,,,,,,,,,"",,,,,,,,,"No","No","No","No","No","Yes","No",,"No","No","No","No","No","No","No","No","No","No","No","No","No",,,,,,,"No","No","No","No","Yes"
"85-49-52-94","SORGHUM","2","Yes","Yes",4,"50 kg bag","","No",,,"",,,,,,,,,,,2,"50 kg bag","","Yes","2","50 kg bag","","0",,"",0,,"","0","",,"","No",,,,,,,,,,"",,,,,,,,,"No","No","No","No","No","Yes","No",,"No","No","No","No","No","No","No","No","No","No","No","No","No",,,,,,,"No","No","No","No","Yes"
"45-71-76-98","MANGO","0.001","Yes","No",,,"",,,,"",,,,,,,,,,,,,"","No",,,"",,,"",,,"",,"",,"","Yes",0,0,0,0,0,0,1,0,0,"piped water","No","No","Yes","No","No","No","No",,"No","No","No",,"Yes","No","No","No",,"No","No","No","No","No","No","No","No","No","No","No","No",,,,,,,,"Yes","No","No","No"
"45-71-76-98","BANANA","0.001","Yes","No",,,"",,,,"",,,,,,,,,,,,,"","No",,,"",,,"",,,"",,"",,"","Yes",0,0,0,0,0,0,1,0,0,"piped water","No","No","Yes","No","No","No","No",,"No","No","No","Yes","No","No","No","No",,"No","No","No","No","No","No","No","No","No","No","No","No",,,,"Yes",,,,"Yes","No","No","No"
"75-29-94-40","GREEN VEGETABLE","0.005","Yes","Yes",37.5,"Kilograms","","No",,,"",,,,,,,,,,,25,"Kilograms","","No",,,"","0",,"",12.5,"Kilograms","","0","",,"","Yes",0,0,1,0,0,0,0,0,0,"","No","No","Yes","No","No","No","No",,"No","No","No","No","Yes","No","No","No","No","No",,"No","No","No","No","No","No","No","No","No","No",,,,,,,,"Yes","No","No","No"
"75-29-94-40","GUAVA","I don't Know","Yes","No",,,"",,,,"",,,,,,,,,,,,,"","No",,,"",,,"",,,"",,"",,"","Yes",,,,,,,,,,"","No","No","Yes","No","No","No","No",,"No","No","No","No","No","No","No","No","No","No",,"Yes","No","No","No","No","No","No","No","No","No",,,,,,,,,,,
"75-29-94-40","MANGO","I don't Know","Yes","No",,,"",,,,"",,,,,,,,,,,,,"","No",,,"",,,"",,,"",,"",,"","Yes",,,,,,,,,,"","No","No","Yes","No","No","No","No",,"No","No","No","No","Yes","No","No","No","No","No",,,"No","No","No","No","No","No","No","No","No",,,,,,,,,,,
