interview__key,access_internet,internet_home,distance_internet,inter_activity__1,inter_activity__2,inter_activity__3,inter_activity__4,inter_activity__5,inter_activity__6,inter_activity__7,inter_activity__8,inter_activity__9,inter_activity__10,inter_activity__96,inter_activity__n888,inter_activity__n999,inter_activity_oth,cost_internet,internet_purpose__1,internet_purpose__2,internet_purpose__3,internet_purpose__4,internet_purpose__5,internet_purpose__6,internet_purpose__96,internet_purpose__n888,internet_purpose__n999,internet_purpose_oth
"30-84-56-78","Yes","Yes",,"Yes","Yes","No","No","No","No","No","No","No","No","No","No","No",,60,,,,,,,,,,
"25-36-49-99","No",,,,,,,,,,,,,,,,,,,,,,,,,,,
"95-91-52-45","No",,,,,,,,,,,,,,,,,,,,,,,,,,,
"25-55-41-68","No",,,,,,,,,,,,,,,,,,,,,,,,,,,
"16-89-26-77","No",,,,,,,,,,,,,,,,,,,,,,,,,,,
"32-98-78-03","No",,,,,,,,,,,,,,,,,,,,,,,,,,,
"76-60-63-85","No",,,,,,,,,,,,,,,,,,,,,,,,,,,
"56-53-87-19","No",,,,,,,,,,,,,,,,,,,,,,,,,,,
"17-45-76-38","Yes","Yes",,"Yes","No","Yes","Yes","Yes","Yes","Yes","Yes","Yes","No","No","No","No",,400,,,,,,,,,,
"25-00-79-64","No",,,,,,,,,,,,,,,,,,,,,,,,,,,
"49-47-26-23","No",,,,,,,,,,,,,,,,,,,,,,,,,,,
"66-81-51-91","Yes","Yes",,"Yes","No","No","No","No","No","No","No","No","No","No","No","No",,60,,,,,,,,,,
"02-25-80-90","No",,,,,,,,,,,,,,,,,,,,,,,,,,,
"41-03-53-12","Yes","Yes",,"Yes","No","No","No","No","No","No","No","No","No","No","No","No",,100,,,,,,,,,,
"09-25-62-80","No",,,,,,,,,,,,,,,,,,,,,,,,,,,
"12-68-96-23","Yes","Yes",,"Yes","No","No","No","No","No","No","No","No","No","No","No","No",,60,,,,,,,,,,
"46-89-61-94","No",,,,,,,,,,,,,,,,,,,,,,,,,,,
"36-57-98-87","No",,,,,,,,,,,,,,,,,,,,,,,,,,,
"93-61-95-87","No",,,,,,,,,,,,,,,,,,,,,,,,,,,
"72-10-49-63","Yes","Yes",,"Yes","No","No","No","No","No","No","No","No","No","No","No","No",,395,,,,,,,,,,
"65-98-70-74","No",,,,,,,,,,,,,,,,,,,,,,,,,,,
"71-09-05-63","No",,,,,,,,,,,,,,,,,,,,,,,,,,,
"81-05-32-56","No",,,,,,,,,,,,,,,,,,,,,,,,,,,
"30-09-94-93","Yes","Yes",,"Yes","No","Yes","No","No","No","No","No","No","No","No","No","No",,60,,,,,,,,,,
"85-23-91-16","No",,,,,,,,,,,,,,,,,,,,,,,,,,,
"53-06-23-41","No",,,,,,,,,,,,,,,,,,,,,,,,,,,
"93-66-25-28","Yes","Yes",,"No","No","No","No","No","No","No","No","No","No","Yes","No","No",,30,,,,,,,,,,
"43-14-97-16","No",,,,,,,,,,,,,,,,,,,,,,,,,,,
"49-90-63-33","No",,,,,,,,,,,,,,,,,,,,,,,,,,,
"68-84-82-12","No",,,,,,,,,,,,,,,,,,,,,,,,,,,
"25-99-22-65","No",,,,,,,,,,,,,,,,,,,,,,,,,,,
"86-16-04-54","No",,,,,,,,,,,,,,,,,,,,,,,,,,,
"42-95-35-09","No",,,,,,,,,,,,,,,,,,,,,,,,,,,
"54-69-26-46","No",,,,,,,,,,,,,,,,,,,,,,,,,,,
"92-23-96-13","No",,,,,,,,,,,,,,,,,,,,,,,,,,,
"22-90-51-93","Yes","Yes",,"Yes","Yes","Yes","Yes","No","Yes","No","No","No","No","No","No","No",,400,,,,,,,,,,
"15-81-26-28","No",,,,,,,,,,,,,,,,,,,,,,,,,,,
"20-52-90-88","Yes","Yes",,"Yes","Yes","Yes","Yes","No","No","No","No","No","No","No","No","No",,400,,,,,,,,,,
"35-31-07-84","Yes","Yes",,"Yes","No","No","Yes","No","No","No","No","No","No","No","No","No",,60,,,,,,,,,,
"09-47-23-08","No",,,,,,,,,,,,,,,,,,,,,,,,,,,
"03-49-16-10","No",,,,,,,,,,,,,,,,,,,,,,,,,,,
"65-48-87-48","No",,,,,,,,,,,,,,,,,,,,,,,,,,,
"54-94-74-75","No",,,,,,,,,,,,,,,,,,,,,,,,,,,
"70-40-01-04","No",,,,,,,,,,,,,,,,,,,,,,,,,,,
"33-37-06-20","Yes","Yes",,"Yes","Yes","No","No","No","Yes","No","No","No","No","No","No","No",,60,,,,,,,,,,
"11-89-65-58","Yes","Yes",,"Yes","No","No","No","No","No","No","No","No","No","No","No","No",,60,,,,,,,,,,
"86-01-74-97","Yes","Yes",,"Yes","No","Yes","Yes","No","No","No","No","Yes","No","No","No","No",,50,,,,,,,,,,
"18-63-27-64","No",,,,,,,,,,,,,,,,,,,,,,,,,,,
"00-01-02-02","Yes","Yes",,"Yes","No","No","No","No","No","No","No","No","No","No","No","No",,60,,,,,,,,,,
"69-53-29-77","Yes","Yes",,"Yes","No","No","No","No","Yes","No","No","No","No","No","No","No",,400,,,,,,,,,,
"38-36-87-54","No",,,,,,,,,,,,,,,,,,,,,,,,,,,
"96-39-11-89","No",,,,,,,,,,,,,,,,,,,,,,,,,,,
"62-05-75-13","No",,,,,,,,,,,,,,,,,,,,,,,,,,,
"36-43-41-97","No",,,,,,,,,,,,,,,,,,,,,,,,,,,
"12-03-37-86","Yes","Yes",,"No","Yes","No","Yes","No","No","No","No","No","No","No","No","No",,120,,,,,,,,,,
"33-44-32-83","No",,,,,,,,,,,,,,,,,,,,,,,,,,,
"39-65-48-99","No",,,,,,,,,,,,,,,,,,,,,,,,,,,
"85-43-95-57","No",,,,,,,,,,,,,,,,,,,,,,,,,,,
"07-73-56-26","Yes","Yes",,"Yes","No","No","No","No","No","No","No","No","No","No","No","No",,560,,,,,,,,,,
"00-16-25-60","No",,,,,,,,,,,,,,,,,,,,,,,,,,,
"05-35-63-46","Yes","Yes",,"Yes","No","No","No","No","Yes","No","No","No","Yes","No","No","No",,400,"No","Yes","Yes","No","Yes","No","No","No","No",
"00-34-52-14","No",,,,,,,,,,,,,,,,,,,,,,,,,,,
"81-06-64-01","Yes","Yes",,"Yes","Yes","Yes","No","No","No","No","No","No","No","No","No","No",,60,,,,,,,,,,
"84-33-06-87","Yes","Yes",,"Yes","No","No","Yes","No","No","No","No","No","No","No","No","No",,60,,,,,,,,,,
"85-48-53-30","No",,,,,,,,,,,,,,,,,,,,,,,,,,,
"61-17-81-33","No",,,,,,,,,,,,,,,,,,,,,,,,,,,
"70-67-46-48","Yes","Yes",,"Yes","No","No","No","No","No","No","No","No","No","No","No","No",,240,,,,,,,,,,
"08-84-58-33","No",,,,,,,,,,,,,,,,,,,,,,,,,,,
"17-96-77-43","No",,,,,,,,,,,,,,,,,,,,,,,,,,,
"05-74-99-19","No",,,,,,,,,,,,,,,,,,,,,,,,,,,
"58-76-16-53","Yes","Yes",,"Yes","No","No","Yes","No","No","No","No","No","No","No","No","No",,15,,,,,,,,,,
"14-93-43-30","Yes","Yes",,"Yes","No","No","No","No","No","No","No","No","No","No","No","No",,30,,,,,,,,,,
"11-82-86-61","No",,,,,,,,,,,,,,,,,,,,,,,,,,,
"03-50-12-90","Yes","Yes",,"Yes","No","No","No","No","No","No","No","No","No","No","No","No",,20,,,,,,,,,,
"81-28-91-79","No",,,,,,,,,,,,,,,,,,,,,,,,,,,
"87-17-87-24","Yes","Yes",,"Yes","No","No","No","No","No","No","No","No","No","No","No","No",,60,,,,,,,,,,
"98-37-88-19","Yes","Yes",,"Yes","No","No","Yes","No","No","No","No","No","No","Yes","No","No",,60,,,,,,,,,,
"19-43-58-99","No",,,,,,,,,,,,,,,,,,,,,,,,,,,
"85-30-41-56","Yes","Yes",,"Yes","No","No","Yes","No","No","No","No","No","No","No","No","No",,399,,,,,,,,,,
"78-32-31-52","Yes","Yes",,"Yes","No","No","Yes","No","No","No","No","No","No","No","No","No",,60,,,,,,,,,,
"37-97-45-71","No",,,,,,,,,,,,,,,,,,,,,,,,,,,
"07-52-39-57","No",,,,,,,,,,,,,,,,,,,,,,,,,,,
"80-35-75-14","Yes","Yes",,"Yes","Yes","No","No","No","No","No","No","No","No","No","No","No",,280,,,,,,,,,,
"94-41-84-42","No",,,,,,,,,,,,,,,,,,,,,,,,,,,
"96-46-53-15","No",,,,,,,,,,,,,,,,,,,,,,,,,,,
"53-23-37-57","No",,,,,,,,,,,,,,,,,,,,,,,,,,,
"34-02-59-21","Yes","Yes",,"Yes","No","No","No","No","No","No","No","No","No","No","No","No",,50,,,,,,,,,,
"19-67-63-11","Yes","Yes",,"Yes","No","No","No","No","No","No","No","No","No","No","No","No",,15,,,,,,,,,,
"57-12-45-97","Yes","Yes",,"Yes","Yes","No","No","No","No","No","No","No","No","No","No","No",,80,,,,,,,,,,
"96-34-22-21","No",,,,,,,,,,,,,,,,,,,,,,,,,,,
"03-38-35-14","No",,,,,,,,,,,,,,,,,,,,,,,,,,,
"09-06-20-19","No",,,,,,,,,,,,,,,,,,,,,,,,,,,
"51-25-36-09","No",,,,,,,,,,,,,,,,,,,,,,,,,,,
"04-05-30-01","No",,,,,,,,,,,,,,,,,,,,,,,,,,,
"50-01-20-35","Yes","Yes",,"Yes","No","No","No","No","No","No","No","No","No","No","No","No",,400,,,,,,,,,,
"67-87-75-21","No",,,,,,,,,,,,,,,,,,,,,,,,,,,
"53-81-28-44","No",,,,,,,,,,,,,,,,,,,,,,,,,,,
"69-29-47-18","Yes","Yes",,"Yes","No","No","No","No","No","No","No","No","No","No","No","No",,60,,,,,,,,,,
"22-59-76-95","No",,,,,,,,,,,,,,,,,,,,,,,,,,,
"87-80-21-51","Yes","Yes",,"Yes","No","No","No","No","Yes","No","No","No","No","No","No","No",,60,,,,,,,,,,
"21-25-86-78","Yes","Yes",,"Yes","Yes","No","Yes","Yes","Yes","No","No","Yes","No","No","No","No",,400,,,,,,,,,,
"28-99-62-67","Yes","Yes",,"Yes","No","No","Yes","No","No","No","No","No","No","No","No","No",,60,,,,,,,,,,
"14-08-31-40","No",,,,,,,,,,,,,,,,,,,,,,,,,,,
"43-12-71-52","Yes","Yes",,"Yes","No","No","Yes","No","No","No","No","No","No","No","No","No",,60,,,,,,,,,,
"64-05-81-04","No",,,,,,,,,,,,,,,,,,,,,,,,,,,
"52-46-02-95","Yes","Yes",,"Yes","No","No","Yes","No","No","No","No","No","No","No","No","No",,60,,,,,,,,,,
"45-07-09-59","No",,,,,,,,,,,,,,,,,,,,,,,,,,,
"52-28-82-48","Yes","Yes",,"Yes","No","No","Yes","No","No","No","No","No","No","No","No","No",,60,,,,,,,,,,
"72-80-69-88","No",,,,,,,,,,,,,,,,,,,,,,,,,,,
"17-89-78-78","Yes","Yes",,"Yes","No","No","Yes","No","Yes","No","No","No","No","No","No","No",,299,,,,,,,,,,
"07-52-31-91","Yes","Yes",,"Yes","No","No","No","No","No","No","No","No","No","No","No","No",,60,,,,,,,,,,
"99-68-20-94","Yes","Yes",,"Yes","No","No","Yes","No","Yes","No","No","No","No","No","No","No",,20,,,,,,,,,,
"84-66-38-33","No",,,,,,,,,,,,,,,,,,,,,,,,,,,
"39-36-01-20","Yes","Yes",,"Yes","No","No","No","No","No","No","No","No","No","Yes","No","No",,700,,,,,,,,,,
"05-30-74-26","Yes","Yes",,"Yes","No","No","No","No","No","No","No","No","No","No","No","No",,60,,,,,,,,,,
"22-19-53-02","Yes","Yes",,"Yes","No","No","No","No","No","No","No","No","No","No","No","No",,30,,,,,,,,,,
"20-37-92-05","Yes","Yes",,"Yes","No","No","Yes","No","No","No","No","No","No","No","No","No",,60,,,,,,,,,,
"67-95-64-84","No",,,,,,,,,,,,,,,,,,,,,,,,,,,
"67-07-39-08","No",,,,,,,,,,,,,,,,,,,,,,,,,,,
"72-66-07-18","No",,,,,,,,,,,,,,,,,,,,,,,,,,,
"72-69-50-37","No",,,,,,,,,,,,,,,,,,,,,,,,,,,
"53-41-55-25","No",,,,,,,,,,,,,,,,,,,,,,,,,,,
"99-40-82-80","Yes","Yes",,"No","No","No","No","No","No","No","No","No","Yes","No","No","No",,400,"No","Yes","No","Yes","No","No","No","No","No",
"23-54-03-81","No",,,,,,,,,,,,,,,,,,,,,,,,,,,
"27-20-78-36","No",,,,,,,,,,,,,,,,,,,,,,,,,,,
"84-90-94-70","No",,,,,,,,,,,,,,,,,,,,,,,,,,,
"03-79-50-93","Yes","Yes",,"Yes","No","Yes","Yes","No","No","No","No","No","No","No","No","No",,60,,,,,,,,,,
"83-85-13-86","Yes","Yes",,"Yes","No","No","Yes","No","No","No","No","No","No","No","No","No",,30,,,,,,,,,,
"91-24-08-83","Yes","Yes",,"Yes","No","No","No","No","No","No","No","No","No","No","No","No",,60,,,,,,,,,,
"25-32-96-44","No",,,,,,,,,,,,,,,,,,,,,,,,,,,
"97-99-83-33","Yes","Yes",,"Yes","No","No","No","No","No","No","No","No","No","No","No","No",,20,,,,,,,,,,
"55-35-77-06","Yes","Yes",,"Yes","No","No","No","No","No","No","No","No","No","Yes","No","No",,400,,,,,,,,,,
"05-01-06-84","Yes","No","501-1000 m","Yes","No","No","Yes","No","No","No","No","No","No","No","No","No",,200,,,,,,,,,,
"49-78-46-84","No",,,,,,,,,,,,,,,,,,,,,,,,,,,
"96-34-51-79","Yes","Yes",,"Yes","No","No","Yes","No","No","No","No","No","No","No","No","No",,60,,,,,,,,,,
"05-90-60-44","Yes","Yes",,"Yes","No","No","Yes","No","No","No","No","No","No","No","No","No",,20,,,,,,,,,,
"32-72-73-42","No",,,,,,,,,,,,,,,,,,,,,,,,,,,
"94-88-32-78","Yes","Yes",,"Yes","No","No","No","No","No","No","No","No","No","No","No","No",,60,,,,,,,,,,
"18-56-14-23","No",,,,,,,,,,,,,,,,,,,,,,,,,,,
"84-22-47-37","No",,,,,,,,,,,,,,,,,,,,,,,,,,,
"44-69-61-71","Yes","Yes",,"Yes","No","No","No","No","No","No","No","No","No","No","No","No",,100,,,,,,,,,,
"05-76-24-30","Yes","Yes",,"Yes","No","No","No","No","No","No","No","No","No","No","No","No",,500,,,,,,,,,,
"72-65-35-75","No",,,,,,,,,,,,,,,,,,,,,,,,,,,
"92-30-60-06","Yes","Yes",,"Yes","Yes","No","Yes","No","Yes","No","No","No","No","No","No","No",,130,,,,,,,,,,
"94-77-43-36","Yes","Yes",,"Yes","No","No","Yes","No","No","No","No","No","No","No","No","No",,150,,,,,,,,,,
"72-37-57-39","Yes","Yes",,"Yes","No","No","Yes","No","No","No","No","No","No","No","No","No",,60,,,,,,,,,,
"76-02-50-71","Yes","Yes",,"Yes","No","No","No","No","No","No","No","No","No","No","No","No",,70,,,,,,,,,,
"75-53-97-04","No",,,,,,,,,,,,,,,,,,,,,,,,,,,
"61-20-94-35","No",,,,,,,,,,,,,,,,,,,,,,,,,,,
"33-94-27-06","No",,,,,,,,,,,,,,,,,,,,,,,,,,,
"02-07-42-94","No",,,,,,,,,,,,,,,,,,,,,,,,,,,
"48-79-63-92","Yes","Yes",,"Yes","Yes","No","Yes","No","Yes","No","No","No","No","No","No","No",,399,,,,,,,,,,
"87-31-98-00","No",,,,,,,,,,,,,,,,,,,,,,,,,,,
"68-12-26-88","No",,,,,,,,,,,,,,,,,,,,,,,,,,,
"21-07-91-22","No",,,,,,,,,,,,,,,,,,,,,,,,,,,
"59-08-91-97","No",,,,,,,,,,,,,,,,,,,,,,,,,,,
"15-39-44-44","No",,,,,,,,,,,,,,,,,,,,,,,,,,,
"70-81-99-80","No",,,,,,,,,,,,,,,,,,,,,,,,,,,
"57-32-99-06","No",,,,,,,,,,,,,,,,,,,,,,,,,,,
"60-00-51-13","Yes","Yes",,"Yes","No","No","No","No","No","No","No","No","No","No","No","No",,60,,,,,,,,,,
"03-72-03-14","No",,,,,,,,,,,,,,,,,,,,,,,,,,,
"32-51-19-72","No",,,,,,,,,,,,,,,,,,,,,,,,,,,
"95-19-87-73","Yes","Yes",,"Yes","No","No","Yes","No","No","No","No","No","No","No","No","No",,100,,,,,,,,,,
"09-07-28-33","Yes","Yes",,"Yes","No","No","Yes","No","No","No","No","No","No","No","No","No",,60,,,,,,,,,,
"82-76-66-89","Yes","Yes",,"Yes","No","No","Yes","No","Yes","No","No","No","No","No","No","No",,60,,,,,,,,,,
"32-84-70-99","No",,,,,,,,,,,,,,,,,,,,,,,,,,,
"97-60-60-10","Yes","No","more than 2000 m","Yes","No","No","Yes","No","No","No","No","Yes","No","No","No","No",,60,,,,,,,,,,
"77-34-61-84","Yes","Yes",,"Yes","No","No","No","No","No","No","No","No","No","Yes","No","No",,60,,,,,,,,,,
"51-45-20-69","Yes","Yes",,"Yes","No","No","Yes","No","No","No","No","No","No","No","No","No",,60,,,,,,,,,,
"56-62-79-46","Yes","Yes",,"Yes","No","No","Yes","No","Yes","No","No","No","No","No","No","No",,60,,,,,,,,,,
"11-13-66-94","Yes","Yes",,"Yes","No","No","No","No","No","No","No","No","No","No","No","No",,30,,,,,,,,,,
"15-09-86-52","No",,,,,,,,,,,,,,,,,,,,,,,,,,,
"91-02-01-07","No",,,,,,,,,,,,,,,,,,,,,,,,,,,
"38-98-52-39","Yes","Yes",,"Yes","No","No","Yes","No","Yes","No","No","No","No","No","No","No",,100,,,,,,,,,,
"91-79-46-21","No",,,,,,,,,,,,,,,,,,,,,,,,,,,
"09-72-08-00","No",,,,,,,,,,,,,,,,,,,,,,,,,,,
"25-52-14-98","Yes","Yes",,"Yes","Yes","No","Yes","No","No","No","No","No","No","No","No","No",,310,,,,,,,,,,
"54-44-91-10","No",,,,,,,,,,,,,,,,,,,,,,,,,,,
"76-65-29-85","Yes","Yes",,"Yes","Yes","No","Yes","No","No","No","No","No","No","No","No","No",,300,,,,,,,,,,
"02-98-88-27","Yes","Yes",,"Yes","No","No","Yes","No","No","No","No","No","No","No","No","No",,60,,,,,,,,,,
"94-29-79-85","No",,,,,,,,,,,,,,,,,,,,,,,,,,,
"73-36-17-40","No",,,,,,,,,,,,,,,,,,,,,,,,,,,
"42-46-38-01","Yes","Yes",,"Yes","No","No","No","No","No","No","No","No","No","No","No","No",,40,,,,,,,,,,
"73-70-95-80","Yes","Yes",,"Yes","No","No","No","No","No","No","No","No","No","No","No","No",,5,,,,,,,,,,
"72-84-79-72","No",,,,,,,,,,,,,,,,,,,,,,,,,,,
"65-38-87-54","Yes","Yes",,"Yes","No","No","No","No","No","No","No","No","No","No","No","No",,30,,,,,,,,,,
"94-91-03-07","No",,,,,,,,,,,,,,,,,,,,,,,,,,,
"43-00-27-37","No",,,,,,,,,,,,,,,,,,,,,,,,,,,
"97-63-44-51","No",,,,,,,,,,,,,,,,,,,,,,,,,,,
"13-97-69-06","No",,,,,,,,,,,,,,,,,,,,,,,,,,,
"64-91-38-41","No",,,,,,,,,,,,,,,,,,,,,,,,,,,
"81-33-83-30","No",,,,,,,,,,,,,,,,,,,,,,,,,,,
"19-42-84-15","Yes","Yes",,"Yes","Yes","No","Yes","No","No","No","No","No","No","No","No","No",,80,,,,,,,,,,
"13-49-27-25","No",,,,,,,,,,,,,,,,,,,,,,,,,,,
"08-12-43-59","No",,,,,,,,,,,,,,,,,,,,,,,,,,,
"82-85-64-69","No",,,,,,,,,,,,,,,,,,,,,,,,,,,
"22-02-04-35","Yes","Yes",,"Yes","No","No","Yes","No","No","No","No","No","No","No","No","No",,60,,,,,,,,,,
"00-91-45-36","No",,,,,,,,,,,,,,,,,,,,,,,,,,,
"11-05-72-97","Yes","Yes",,"Yes","No","No","Yes","No","No","No","No","No","No","No","No","No",,60,,,,,,,,,,
"16-99-02-10","Yes","Yes",,"Yes","No","No","No","No","No","No","No","No","No","No","No","No",,60,,,,,,,,,,
"31-99-53-07","Yes","Yes",,"Yes","No","No","Yes","No","Yes","No","No","No","No","No","No","No",,100,,,,,,,,,,
"48-93-31-20","Yes","Yes",,"Yes","No","No","Yes","No","No","No","No","No","No","No","No","No",,60,,,,,,,,,,
"87-13-21-98","Yes","Yes",,"Yes","Yes","No","Yes","No","Yes","No","No","No","No","No","No","No",,395,,,,,,,,,,
"55-27-15-85","Yes","Yes",,"Yes","No","No","Yes","No","No","No","No","No","No","No","No","No",,460,,,,,,,,,,
"59-41-96-68","Yes","Yes",,"Yes","Yes","No","No","No","No","No","No","No","No","No","No","No",,60,,,,,,,,,,
"22-18-88-41","No",,,,,,,,,,,,,,,,,,,,,,,,,,,
"24-64-78-21","No",,,,,,,,,,,,,,,,,,,,,,,,,,,
"86-04-16-80","Yes","Yes",,"Yes","Yes","No","No","No","No","No","No","No","No","No","No","No",,40,,,,,,,,,,
"92-49-74-52","No",,,,,,,,,,,,,,,,,,,,,,,,,,,
"24-72-61-31","No",,,,,,,,,,,,,,,,,,,,,,,,,,,
"04-92-41-49","No",,,,,,,,,,,,,,,,,,,,,,,,,,,
"10-43-22-87","Yes","Yes",,"Yes","No","No","No","No","No","No","No","No","No","No","No","No",,60,,,,,,,,,,
"32-83-01-09","No",,,,,,,,,,,,,,,,,,,,,,,,,,,
"79-05-50-27","No",,,,,,,,,,,,,,,,,,,,,,,,,,,
"27-16-23-86","No",,,,,,,,,,,,,,,,,,,,,,,,,,,
"12-61-67-91","No",,,,,,,,,,,,,,,,,,,,,,,,,,,
"58-55-75-07","Yes","Yes",,"Yes","No","No","Yes","No","Yes","No","No","Yes","No","No","No","No",,60,,,,,,,,,,
"00-06-72-58","No",,,,,,,,,,,,,,,,,,,,,,,,,,,
"45-71-57-97","No",,,,,,,,,,,,,,,,,,,,,,,,,,,
"18-81-00-96","No",,,,,,,,,,,,,,,,,,,,,,,,,,,
"09-79-14-71","No",,,,,,,,,,,,,,,,,,,,,,,,,,,
"71-80-89-34","No",,,,,,,,,,,,,,,,,,,,,,,,,,,
"05-16-40-57","No",,,,,,,,,,,,,,,,,,,,,,,,,,,
"11-65-24-94","Yes","Yes",,"Yes","Yes","No","Yes","No","No","No","No","No","No","No","No","No",,60,,,,,,,,,,
"55-44-38-36","Yes","Yes",,"Yes","No","No","Yes","No","No","No","No","No","No","No","No","No",,500,,,,,,,,,,
"84-73-72-31","Yes","Yes",,"Yes","No","Yes","Yes","No","No","No","No","Yes","No","No","No","No",,0,,,,,,,,,,
"37-03-14-78","No",,,,,,,,,,,,,,,,,,,,,,,,,,,
"77-78-34-26","Yes","Yes",,"Yes","No","No","Yes","No","No","No","No","No","No","No","No","No",,80,,,,,,,,,,
"92-09-46-86","Yes","Yes",,"Yes","No","No","Yes","No","Yes","No","No","Yes","No","No","No","No",,60,,,,,,,,,,
"27-55-59-32","No",,,,,,,,,,,,,,,,,,,,,,,,,,,
"65-23-07-01","No",,,,,,,,,,,,,,,,,,,,,,,,,,,
"79-30-25-19","Yes","Yes",,"Yes","No","Yes","Yes","No","No","No","No","No","No","No","No","No",,400,,,,,,,,,,
"75-18-13-88","No",,,,,,,,,,,,,,,,,,,,,,,,,,,
"40-16-04-38","Yes","Yes",,"Yes","No","No","Yes","No","No","No","No","No","No","No","No","No",,30,,,,,,,,,,
"49-34-25-75","Yes","Yes",,"Yes","No","No","Yes","No","No","No","No","No","No","No","No","No",,30,,,,,,,,,,
"02-31-03-32","No",,,,,,,,,,,,,,,,,,,,,,,,,,,
"88-23-45-95","Yes","Yes",,"Yes","Yes","Yes","Yes","No","No","No","No","No","No","No","No","No",,200,,,,,,,,,,
"92-15-40-92","Yes","Yes",,"Yes","No","No","No","No","No","No","No","No","No","No","No","No",,60,,,,,,,,,,
"06-55-62-53","Yes","Yes",,"Yes","No","No","Yes","No","No","No","No","No","No","No","No","No",,15,,,,,,,,,,
"57-74-77-03","Yes","No","501-1000 m","Yes","No","No","Yes","No","No","No","No","Yes","No","No","No","No",,60,,,,,,,,,,
"28-44-25-15","Yes","Yes",,"Yes","No","No","No","No","No","No","No","No","No","No","No","No",,60,,,,,,,,,,
"90-03-82-22","Yes","Yes",,"Yes","No","No","No","No","No","No","No","No","No","No","No","No",,500,,,,,,,,,,
"24-47-59-03","No",,,,,,,,,,,,,,,,,,,,,,,,,,,
"23-30-88-30","No",,,,,,,,,,,,,,,,,,,,,,,,,,,
"72-38-90-85","Yes","Yes",,"Yes","No","Yes","No","No","No","No","No","No","No","No","No","No",,60,,,,,,,,,,
"76-02-43-67","No",,,,,,,,,,,,,,,,,,,,,,,,,,,
"58-63-03-99","No",,,,,,,,,,,,,,,,,,,,,,,,,,,
"53-04-65-79","No",,,,,,,,,,,,,,,,,,,,,,,,,,,
"48-16-15-04","Yes","Yes",,"Yes","No","No","Yes","No","No","No","No","Yes","No","No","No","No",,30,,,,,,,,,,
"85-34-28-65","No",,,,,,,,,,,,,,,,,,,,,,,,,,,
"08-72-41-04","Yes","Yes",,"Yes","No","No","Yes","No","No","No","No","No","No","No","No","No",,20,,,,,,,,,,
"48-20-18-94","No",,,,,,,,,,,,,,,,,,,,,,,,,,,
"56-53-54-49","Yes","Yes",,"Yes","Yes","No","No","No","No","No","No","No","No","No","No","No",,120,,,,,,,,,,
"01-08-40-07","Yes","No","501-1000 m","Yes","No","No","No","No","No","No","No","No","No","No","No","No",,15,,,,,,,,,,
"74-08-40-24","No",,,,,,,,,,,,,,,,,,,,,,,,,,,
"14-31-43-40","Yes","Yes",,"No","No","No","No","No","No","No","No","No","Yes","No","No","No",,540,"No","Yes","No","Yes","No","No","No","No","No",
"24-80-99-00","No",,,,,,,,,,,,,,,,,,,,,,,,,,,
"40-28-46-68","No",,,,,,,,,,,,,,,,,,,,,,,,,,,
"31-20-26-05","Yes","Yes",,"Yes","No","No","No","No","No","No","No","No","No","No","No","No",,15,,,,,,,,,,
"37-39-15-65","Yes","Yes",,"Yes","Yes","No","No","No","Yes","No","No","No","No","No","No","No",,70,,,,,,,,,,
"45-44-88-31","Yes","Yes",,"Yes","No","Yes","Yes","No","No","No","No","No","No","No","No","No",,700,,,,,,,,,,
"91-91-62-09","No",,,,,,,,,,,,,,,,,,,,,,,,,,,
"88-82-89-39","Yes","Yes",,"Yes","Yes","Yes","Yes","No","Yes","No","No","No","No","No","No","No",,395,,,,,,,,,,
"79-34-34-89","No",,,,,,,,,,,,,,,,,,,,,,,,,,,
"07-03-46-78","Yes","Yes",,"Yes","Yes","No","Yes","No","No","No","No","No","No","No","No","No",,60,,,,,,,,,,
"52-55-71-22","No",,,,,,,,,,,,,,,,,,,,,,,,,,,
"42-79-46-81","Yes","Yes",,"Yes","No","No","Yes","No","No","No","No","No","No","No","No","No",,60,,,,,,,,,,
"39-12-44-07","No",,,,,,,,,,,,,,,,,,,,,,,,,,,
"21-92-10-43","No",,,,,,,,,,,,,,,,,,,,,,,,,,,
"29-41-63-44","Yes","Yes",,"Yes","Yes","Yes","Yes","No","Yes","No","No","No","No","No","No","No",,60,,,,,,,,,,
"19-83-50-72","Yes","Yes",,"Yes","No","No","Yes","Yes","No","No","Yes","No","No","No","No","No",,100,,,,,,,,,,
"58-42-18-32","Yes","Yes",,"Yes","Yes","No","Yes","Yes","No","No","No","No","No","No","No","No",,70,,,,,,,,,,
"48-22-87-49","No",,,,,,,,,,,,,,,,,,,,,,,,,,,
"85-54-41-38","No",,,,,,,,,,,,,,,,,,,,,,,,,,,
"91-10-07-30","Yes","Yes",,"Yes","No","No","No","No","No","No","No","No","No","No","No","No",,60,,,,,,,,,,
"12-91-55-52","Yes","Yes",,"Yes","No","No","Yes","No","No","No","No","No","No","No","No","No",,60,,,,,,,,,,
"74-40-02-20","Yes","Yes",,"Yes","Yes","No","No","No","No","No","No","No","No","No","No","No",,120,,,,,,,,,,
"09-31-11-33","No",,,,,,,,,,,,,,,,,,,,,,,,,,,
"87-08-33-34","No",,,,,,,,,,,,,,,,,,,,,,,,,,,
"61-84-77-75","No",,,,,,,,,,,,,,,,,,,,,,,,,,,
"75-58-44-85","Yes","Yes",,"Yes","No","Yes","No","No","No","No","No","No","No","No","No","No",,60,,,,,,,,,,
"11-16-18-86","Yes","Yes",,"Yes","No","No","Yes","No","No","No","No","Yes","No","No","Yes","No",,440,,,,,,,,,,
"04-26-72-23","Yes","Yes",,"Yes","Yes","No","Yes","No","No","No","No","No","No","No","No","No",,70,,,,,,,,,,
"54-13-05-65","No",,,,,,,,,,,,,,,,,,,,,,,,,,,
"23-66-97-33","Yes","Yes",,"Yes","Yes","No","No","No","Yes","No","No","Yes","No","No","No","No",,395,,,,,,,,,,
"06-64-69-84","Yes","Yes",,"Yes","Yes","No","Yes","No","No","No","No","No","No","No","No","No",,60,,,,,,,,,,
"56-62-10-52","Yes","Yes",,"Yes","No","No","Yes","Yes","No","No","No","No","No","No","No","No",,399,,,,,,,,,,
"05-04-82-73","Yes","Yes",,"Yes","No","No","No","No","No","No","No","No","No","No","No","No",,120,,,,,,,,,,
"03-81-35-88","Yes","Yes",,"Yes","No","No","Yes","No","Yes","No","No","No","No","No","No","No",,399,,,,,,,,,,
"87-65-62-49","Yes","Yes",,"Yes","No","No","Yes","Yes","Yes","No","No","No","No","No","No","No",,150,,,,,,,,,,
"95-74-95-07","No",,,,,,,,,,,,,,,,,,,,,,,,,,,
"51-31-85-01","No",,,,,,,,,,,,,,,,,,,,,,,,,,,
"51-50-93-70","No",,,,,,,,,,,,,,,,,,,,,,,,,,,
"43-24-35-84","No",,,,,,,,,,,,,,,,,,,,,,,,,,,
"89-88-34-15","Yes","Yes",,"Yes","No","No","Yes","No","No","No","No","No","No","No","No","No",,60,,,,,,,,,,
"14-85-25-58","No",,,,,,,,,,,,,,,,,,,,,,,,,,,
"46-82-10-07","No",,,,,,,,,,,,,,,,,,,,,,,,,,,
"80-79-44-48","Yes","Yes",,"Yes","Yes","No","Yes","No","Yes","No","No","No","No","No","No","No",,0,,,,,,,,,,
"86-55-30-87","Yes","Yes",,"Yes","Yes","No","Yes","No","No","No","No","No","No","No","No","No",,65,,,,,,,,,,
"95-51-95-92","Yes","Yes",,"Yes","No","No","No","No","No","No","No","Yes","Yes","No","No","No",,400,"No","No","Yes","Yes","No","No","No","No","No",
"89-51-80-40","Yes","Yes",,"Yes","Yes","No","Yes","No","Yes","No","No","No","No","No","No","No",,400,,,,,,,,,,
"80-53-41-39","No",,,,,,,,,,,,,,,,,,,,,,,,,,,
"59-60-43-57","No",,,,,,,,,,,,,,,,,,,,,,,,,,,
"87-22-49-94","Yes","Yes",,"Yes","Yes","No","Yes","No","Yes","No","No","No","No","No","No","No",,399,,,,,,,,,,
"98-98-98-22","No",,,,,,,,,,,,,,,,,,,,,,,,,,,
"19-11-80-87","Yes","Yes",,"Yes","No","No","Yes","No","No","No","No","No","No","No","No","No",,60,,,,,,,,,,
"02-55-85-64","Yes","Yes",,"Yes","No","No","No","No","No","No","No","Yes","Yes","No","No","No",,70,"No","No","Yes","No","No","No","No","No","No",
"61-35-56-51","Yes","Yes",,"Yes","No","Yes","Yes","No","No","No","No","Yes","No","No","No","No",,100,,,,,,,,,,
"57-52-43-19","Yes","Yes",,"Yes","Yes","No","No","No","No","No","No","No","No","No","No","No",,60,,,,,,,,,,
"39-14-69-76","No",,,,,,,,,,,,,,,,,,,,,,,,,,,
"72-36-49-36","No",,,,,,,,,,,,,,,,,,,,,,,,,,,
"80-82-49-42","No",,,,,,,,,,,,,,,,,,,,,,,,,,,
"47-81-87-67","Yes","Yes",,"Yes","No","No","Yes","No","No","No","No","No","No","No","No","No",,60,,,,,,,,,,
"55-33-21-42","No",,,,,,,,,,,,,,,,,,,,,,,,,,,
"42-50-27-40","Yes","Yes",,"Yes","No","No","No","No","No","No","No","No","No","No","No","No",,50,,,,,,,,,,
"74-79-87-37","No",,,,,,,,,,,,,,,,,,,,,,,,,,,
"32-64-27-45","No",,,,,,,,,,,,,,,,,,,,,,,,,,,
"43-28-98-57","Yes","Yes",,"Yes","Yes","No","Yes","No","No","No","No","No","No","No","No","No",,60,,,,,,,,,,
"28-12-52-92","No",,,,,,,,,,,,,,,,,,,,,,,,,,,
"98-31-37-04","Yes","Yes",,"Yes","Yes","No","Yes","No","No","No","No","No","No","No","No","No",,400,,,,,,,,,,
"50-46-09-53","No",,,,,,,,,,,,,,,,,,,,,,,,,,,
"48-80-48-31","No",,,,,,,,,,,,,,,,,,,,,,,,,,,
"59-69-31-11","No",,,,,,,,,,,,,,,,,,,,,,,,,,,
"68-17-57-15","Yes","Yes",,"Yes","No","No","No","No","No","No","No","No","No","No","No","No",,60,,,,,,,,,,
"65-67-13-71","No",,,,,,,,,,,,,,,,,,,,,,,,,,,
"14-98-70-62","No",,,,,,,,,,,,,,,,,,,,,,,,,,,
"25-90-19-11","Yes","Yes",,"Yes","No","No","No","No","No","No","No","No","No","No","No","No",,60,,,,,,,,,,
"45-83-41-38","No",,,,,,,,,,,,,,,,,,,,,,,,,,,
"95-39-93-93","No",,,,,,,,,,,,,,,,,,,,,,,,,,,
"61-12-40-36","No",,,,,,,,,,,,,,,,,,,,,,,,,,,
"11-71-40-81","Yes","Yes",,"Yes","No","No","No","No","No","No","No","No","No","No","No","No",,60,,,,,,,,,,
"36-42-18-14","Yes","Yes",,"Yes","No","No","No","No","No","No","No","Yes","No","No","No","No",,60,,,,,,,,,,
"19-03-38-46","No",,,,,,,,,,,,,,,,,,,,,,,,,,,
"92-48-70-16","Yes","Yes",,"Yes","Yes","No","No","No","No","No","Yes","No","No","No","No","No",,350,,,,,,,,,,
"34-14-49-72","Yes","Yes",,"Yes","No","No","No","No","No","No","No","No","Yes","No","No","No",,60,"No","No","Yes","No","No","No","No","No","No",
"22-89-40-33","Yes","Yes",,"Yes","Yes","No","Yes","No","No","No","No","No","No","No","No","No",,100,,,,,,,,,,
"37-39-45-84","No",,,,,,,,,,,,,,,,,,,,,,,,,,,
"98-85-46-77","Yes","Yes",,"Yes","Yes","No","Yes","No","No","No","No","No","No","No","No","No",,30,,,,,,,,,,
"80-21-91-02","Yes","Yes",,"Yes","No","No","Yes","No","No","No","No","No","No","No","No","No",,20,,,,,,,,,,
"22-74-67-59","No",,,,,,,,,,,,,,,,,,,,,,,,,,,
"88-01-88-32","Yes","Yes",,"Yes","No","No","No","No","No","No","No","No","No","No","No","No",,399,,,,,,,,,,
"98-88-56-41","No",,,,,,,,,,,,,,,,,,,,,,,,,,,
"84-73-38-30","No",,,,,,,,,,,,,,,,,,,,,,,,,,,
"93-79-44-00","No",,,,,,,,,,,,,,,,,,,,,,,,,,,
"26-07-22-36","Yes","Yes",,"Yes","No","No","Yes","No","No","No","No","No","No","No","No","No",,60,,,,,,,,,,
"55-76-99-68","Yes","Yes",,"Yes","No","No","Yes","No","No","No","No","No","No","No","No","No",,60,,,,,,,,,,
"38-33-66-67","No",,,,,,,,,,,,,,,,,,,,,,,,,,,
"16-65-54-37","Yes","Yes",,"Yes","No","No","Yes","No","No","No","No","No","No","No","No","No",,20,,,,,,,,,,
"20-77-43-56","No",,,,,,,,,,,,,,,,,,,,,,,,,,,
"08-12-15-69","Yes","Yes",,"Yes","No","No","No","No","No","No","No","No","No","No","No","No",,120,,,,,,,,,,
"43-73-48-25","Yes","Yes",,"Yes","No","No","Yes","No","No","No","No","No","No","No","No","No",,60,,,,,,,,,,
"86-00-77-05","Yes","Yes",,"Yes","No","No","Yes","No","No","No","No","No","No","No","No","No",,600,,,,,,,,,,
"04-04-14-28","Yes","Yes",,"Yes","Yes","No","No","No","Yes","No","No","No","No","No","No","No",,60,,,,,,,,,,
"06-32-06-25","No",,,,,,,,,,,,,,,,,,,,,,,,,,,
"91-35-74-95","Yes","Yes",,"Yes","Yes","No","Yes","No","No","No","No","No","No","No","No","No",,60,,,,,,,,,,
"87-84-09-54","Yes","Yes",,"Yes","No","No","Yes","No","No","No","No","No","No","No","No","No",,80,,,,,,,,,,
"62-23-61-37","Yes","Yes",,"Yes","No","No","Yes","No","Yes","No","No","No","No","No","No","No",,0,,,,,,,,,,
"51-67-29-73","No",,,,,,,,,,,,,,,,,,,,,,,,,,,
"93-42-86-13","Yes","Yes",,"Yes","Yes","No","Yes","No","No","No","No","No","No","No","No","No",,120,,,,,,,,,,
"31-42-54-99","Yes","Yes",,"Yes","No","No","No","No","No","No","No","No","No","No","No","No",,60,,,,,,,,,,
"40-00-25-74","No",,,,,,,,,,,,,,,,,,,,,,,,,,,
"32-73-63-74","No",,,,,,,,,,,,,,,,,,,,,,,,,,,
"16-86-88-22","No",,,,,,,,,,,,,,,,,,,,,,,,,,,
"64-46-66-46","No",,,,,,,,,,,,,,,,,,,,,,,,,,,
"50-30-92-60","Yes","Yes",,"Yes","No","No","No","No","No","No","No","No","No","No","No","No",,60,,,,,,,,,,
"24-09-68-36","No",,,,,,,,,,,,,,,,,,,,,,,,,,,
"42-32-41-18","No",,,,,,,,,,,,,,,,,,,,,,,,,,,
"29-79-40-11","Yes","Yes",,"Yes","Yes","No","Yes","No","Yes","No","No","No","No","No","No","No",,400,,,,,,,,,,
"60-57-49-31","No",,,,,,,,,,,,,,,,,,,,,,,,,,,
"60-10-68-48","No",,,,,,,,,,,,,,,,,,,,,,,,,,,
"35-24-82-24","No",,,,,,,,,,,,,,,,,,,,,,,,,,,
"94-16-94-83","No",,,,,,,,,,,,,,,,,,,,,,,,,,,
"93-01-93-75","Yes","Yes",,"Yes","No","No","No","No","No","No","No","No","No","No","No","No",,60,,,,,,,,,,
"25-76-97-37","No",,,,,,,,,,,,,,,,,,,,,,,,,,,
"37-86-89-16","No",,,,,,,,,,,,,,,,,,,,,,,,,,,
"59-63-12-34","Yes","Yes",,"Yes","Yes","No","Yes","No","No","No","No","No","No","No","No","No",,460,,,,,,,,,,
"67-12-10-28","No",,,,,,,,,,,,,,,,,,,,,,,,,,,
"25-90-81-61","Yes","Yes",,"Yes","No","No","Yes","No","No","No","No","No","No","No","No","No",,100,,,,,,,,,,
"27-19-89-21","No",,,,,,,,,,,,,,,,,,,,,,,,,,,
"03-62-40-58","No",,,,,,,,,,,,,,,,,,,,,,,,,,,
"60-29-48-02","Yes","Yes",,"Yes","No","No","No","No","No","No","No","No","No","No","No","No",,50,,,,,,,,,,
"93-40-82-23","No",,,,,,,,,,,,,,,,,,,,,,,,,,,
"90-39-81-40","No",,,,,,,,,,,,,,,,,,,,,,,,,,,
"26-16-19-49","No",,,,,,,,,,,,,,,,,,,,,,,,,,,
"29-68-82-61","Yes","Yes",,"Yes","No","No","No","No","No","No","No","No","No","No","No","No",,15,,,,,,,,,,
"29-03-78-72","Yes","Yes",,"Yes","Yes","No","No","No","Yes","No","No","Yes","No","No","No","No",,450,,,,,,,,,,
"54-48-29-54","No",,,,,,,,,,,,,,,,,,,,,,,,,,,
"29-79-23-67","No",,,,,,,,,,,,,,,,,,,,,,,,,,,
"36-91-85-86","Yes","Yes",,"Yes","No","No","Yes","No","Yes","No","No","No","No","No","No","No",,60,,,,,,,,,,
"33-77-00-47","No",,,,,,,,,,,,,,,,,,,,,,,,,,,
"71-23-95-90","Yes","Yes",,"Yes","No","No","No","No","No","No","No","No","No","No","No","No",,60,,,,,,,,,,
"77-62-89-56","No",,,,,,,,,,,,,,,,,,,,,,,,,,,
"93-71-48-41","Yes","Yes",,"Yes","No","No","Yes","Yes","Yes","No","No","Yes","No","No","No","No",,500,,,,,,,,,,
"08-18-22-01","No",,,,,,,,,,,,,,,,,,,,,,,,,,,
"98-07-17-87","No",,,,,,,,,,,,,,,,,,,,,,,,,,,
"23-98-05-49","Yes","No","100-500 m","Yes","No","No","No","No","No","No","No","No","No","No","No","No",,50,,,,,,,,,,
"79-97-29-10","No",,,,,,,,,,,,,,,,,,,,,,,,,,,
"41-50-66-96","No",,,,,,,,,,,,,,,,,,,,,,,,,,,
"06-31-05-26","Yes","Yes",,"Yes","No","No","No","Yes","No","No","No","No","Yes","No","No","No",,60,"No","No","Yes","No","No","No","No","No","No",
"25-90-09-86","Yes","Yes",,"Yes","No","No","Yes","No","No","No","No","No","No","No","No","No",,60,,,,,,,,,,
"03-91-71-73","No",,,,,,,,,,,,,,,,,,,,,,,,,,,
"36-45-13-48","No",,,,,,,,,,,,,,,,,,,,,,,,,,,
"63-11-78-96","No",,,,,,,,,,,,,,,,,,,,,,,,,,,
"79-48-70-94","Yes","Yes",,"Yes","No","No","No","No","No","No","No","No","No","No","No","No",,60,,,,,,,,,,
"01-11-02-57","No",,,,,,,,,,,,,,,,,,,,,,,,,,,
"41-82-62-49","No",,,,,,,,,,,,,,,,,,,,,,,,,,,
"57-39-86-38","No",,,,,,,,,,,,,,,,,,,,,,,,,,,
"47-31-29-24","No",,,,,,,,,,,,,,,,,,,,,,,,,,,
"87-48-42-67","No",,,,,,,,,,,,,,,,,,,,,,,,,,,
"88-51-36-66","No",,,,,,,,,,,,,,,,,,,,,,,,,,,
"88-12-77-50","No",,,,,,,,,,,,,,,,,,,,,,,,,,,
"17-63-55-71","No",,,,,,,,,,,,,,,,,,,,,,,,,,,
"08-89-64-68","No",,,,,,,,,,,,,,,,,,,,,,,,,,,
"40-29-00-57","No",,,,,,,,,,,,,,,,,,,,,,,,,,,
"86-10-11-11","Yes","Yes",,"Yes","No","Yes","Yes","No","No","No","No","No","No","No","No","No",,150,,,,,,,,,,
"80-48-57-31","Yes","No","1001-1500 m","Yes","No","No","No","No","No","No","No","No","No","No","No","No",,60,,,,,,,,,,
"03-33-65-79","Yes","No","1001-1500 m","Yes","No","No","No","No","No","No","No","No","No","No","No","No",,60,,,,,,,,,,
"86-28-43-28","No",,,,,,,,,,,,,,,,,,,,,,,,,,,
"95-58-64-05","Yes","Yes",,"Yes","No","No","Yes","No","No","No","No","No","No","No","No","No",,30,,,,,,,,,,
"51-45-88-78","Yes","Yes",,"Yes","No","No","Yes","No","No","No","No","No","No","No","No","No",,100,,,,,,,,,,
"90-62-42-39","Yes","Yes",,"Yes","No","No","No","No","No","No","No","No","No","No","No","No",,60,,,,,,,,,,
"71-64-26-40","Yes","Yes",,"No","No","No","No","No","No","No","No","No","Yes","No","No","No",,60,"No","Yes","Yes","No","No","No","No","No","No",
"81-24-00-67","No",,,,,,,,,,,,,,,,,,,,,,,,,,,
"12-70-32-30","No",,,,,,,,,,,,,,,,,,,,,,,,,,,
"82-97-70-37","Yes","Yes",,"Yes","No","No","Yes","Yes","Yes","No","No","No","No","No","No","No",,250,,,,,,,,,,
"62-46-14-70","No",,,,,,,,,,,,,,,,,,,,,,,,,,,
"71-10-70-44","Yes","Yes",,"Yes","No","No","No","No","Yes","No","No","No","No","No","No","No",,60,,,,,,,,,,
"72-64-30-28","Yes","Yes",,"Yes","No","No","Yes","No","Yes","No","No","No","No","No","No","No",,150,,,,,,,,,,
"13-26-76-47","Yes","Yes",,"Yes","No","Yes","Yes","No","No","No","No","No","No","No","No","No",,100,,,,,,,,,,
"49-80-23-99","No",,,,,,,,,,,,,,,,,,,,,,,,,,,
"86-00-13-77","No",,,,,,,,,,,,,,,,,,,,,,,,,,,
"48-57-10-38","No",,,,,,,,,,,,,,,,,,,,,,,,,,,
"69-84-94-36","Yes","Yes",,"Yes","No","No","Yes","No","No","No","No","No","No","No","No","No",,60,,,,,,,,,,
"18-54-82-39","Yes","Yes",,"Yes","No","No","No","No","No","No","No","No","No","No","No","No",,60,,,,,,,,,,
"72-38-29-03","Yes","Yes",,"Yes","No","No","No","No","No","No","No","No","No","No","No","No",,60,,,,,,,,,,
"20-35-14-07","No",,,,,,,,,,,,,,,,,,,,,,,,,,,
"80-76-98-64","Yes","Yes",,"Yes","Yes","No","Yes","No","No","No","No","No","No","No","No","No",,400,,,,,,,,,,
"46-71-82-60","Yes","Yes",,"Yes","No","No","Yes","No","No","No","No","Yes","No","No","No","No",,60,,,,,,,,,,
"24-76-27-27","Yes","Yes",,"Yes","Yes","No","No","No","No","No","No","No","No","No","No","No",,0,,,,,,,,,,
"85-49-52-94","No",,,,,,,,,,,,,,,,,,,,,,,,,,,
"41-14-53-27",,,,,,,,,,,,,,,,,,,,,,,,,,,,
"19-25-83-42","No",,,,,,,,,,,,,,,,,,,,,,,,,,,
"52-70-09-40","Yes","No","1001-1500 m","Yes","No","No","No","No","No","No","No","No","No","No","No","No",,15,,,,,,,,,,
"14-14-61-40","Yes","Yes",,"Yes","Yes","No","No","No","No","No","No","Yes","No","No","No","No",,100,,,,,,,,,,
"79-24-47-25","Yes","Yes",,"Yes","No","No","Yes","No","No","No","No","No","No","No","No","No",,60,,,,,,,,,,
"98-74-77-48","Yes","Yes",,"Yes","No","No","No","No","No","No","No","No","No","No","No","No",,50,,,,,,,,,,
"45-71-76-98","Yes","Yes",,"Yes","No","No","Yes","Yes","Yes","No","No","No","No","No","No","No",,100,,,,,,,,,,
"07-23-89-71","Yes","Yes",,"Yes","No","No","No","No","No","No","No","No","Yes","No","No","No",,400,"No","No","Yes","No","Yes","No","No","No","No",
"05-94-07-12","No",,,,,,,,,,,,,,,,,,,,,,,,,,,
"58-90-20-54","Yes","Yes",,"Yes","No","No","No","No","No","No","No","No","No","No","No","No",,60,,,,,,,,,,
"50-03-32-43","Yes","Yes",,"Yes","Yes","Yes","Yes","Yes","Yes","Yes","Yes","Yes","Yes","No","No","No",,300,"No","No","Yes","No","No","No","No","No","No",
"62-49-02-44","No",,,,,,,,,,,,,,,,,,,,,,,,,,,
"75-29-94-40","No",,,,,,,,,,,,,,,,,,,,,,,,,,,
