interview__key,s9_respondent,food_security__1,food_security__2,food_security__3,food_security__4,food_security__5,food_security__6,food_security__7,food_security__8,food_sufficent,food_sufficent2,food_sufficent3,food_sufficent4__1,food_sufficent4__2,food_sufficent4__3,food_sufficent4__4,food_sufficent4__5,food_sufficent4__6,food_sufficent4__7,food_sufficent4__8,food_sufficent4__9,food_sufficent4__10,food_sufficent4__11,food_sufficent4__12
"30-84-56-78",1,"Yes","No","Yes","No","No","Yes","Yes","Yes",1,3,1,0,0,0,0,0,0,0,0,0,0,1,0
"25-36-49-99",1,"Yes","Yes","No","No","Yes","No","No","No",2,0,2,1,2,0,0,0,0,0,0,0,0,0,0
"95-91-52-45",1,"No","No","No","Yes","Yes","Yes","Yes","No",12,12,1,0,0,0,1,0,0,0,0,0,0,0,0
"25-55-41-68",1,"No","No","No","No","No","No","No","No",0,0,0,,,,,,,,,,,,
"16-89-26-77",1,"Yes","No","No","Yes","Yes","Yes","Yes","No",4,4,8,1,0,0,0,0,3,4,0,0,0,0,2
"32-98-78-03",4,"No","No","No","No","Yes","No","No","No",0,12,0,,,,,,,,,,,,
"76-60-63-85",1,"Yes","Yes","No","No","Yes","Yes","Yes","No",1,11,1,0,0,0,0,0,0,0,0,0,0,1,0
"56-53-87-19",1,"No","No","No","Yes","No","Yes","Yes","Yes",0,12,0,,,,,,,,,,,,
"17-45-76-38",2,"No","Yes","Yes","No","Yes","No","No","No",12,12,0,,,,,,,,,,,,
"25-00-79-64",1,"Yes","Yes","Yes","Yes","Yes","Yes","Yes","No",4,5,4,0,2,1,0,0,0,0,0,0,0,0,0
"49-47-26-23",1,"Yes","No","Yes","Yes","Yes","Yes","No","No",6,5,3,0,0,2,1,0,0,0,0,0,0,0,0
"66-81-51-91",1,"Yes","Yes","Yes","Yes","Yes","No","Yes","Yes",0,0,0,,,,,,,,,,,,
"02-25-80-90",3,"Yes","Yes","Yes","Yes","Yes","Yes","Yes","Yes",8,8,2,0,0,0,0,0,0,0,0,4,1,2,3
"41-03-53-12",1,"No","No","No","No","No","No","No","No",0,12,0,,,,,,,,,,,,
"09-25-62-80",2,"Yes","No","No","No","No","No","No","No",0,12,0,,,,,,,,,,,,
"12-68-96-23",1,"No","No","No","No","No","No","No","No",0,0,0,,,,,,,,,,,,
"46-89-61-94",2,"No","Yes","No","No","Yes","No","No","No",0,12,3,1,2,0,0,0,0,3,0,0,0,0,0
"36-57-98-87",1,"Yes","Yes","Yes","Yes","Yes","Yes","Yes","Yes",1,8,2,1,2,0,0,0,0,0,0,0,0,0,0
"93-61-95-87",1,"No","Yes","Yes","Yes","Yes","Yes","Yes","Yes",2,2,8,1,2,5,3,4,7,6,8,0,0,0,0
"72-10-49-63",2,"No","No","Yes","No","No","No","No","No",0,12,0,,,,,,,,,,,,
"65-98-70-74",1,"No","No","No","No","No","No","No","No",12,12,0,,,,,,,,,,,,
"71-09-05-63",4,"No","No","No","No","No","No","No","No",4,4,0,,,,,,,,,,,,
"81-05-32-56",3,"No","Yes","Yes","No","No","No","No","No",9,3,0,,,,,,,,,,,,
"30-09-94-93",3,"No","No","No","No","No","No","No","No",0,12,0,,,,,,,,,,,,
"85-23-91-16",1,"No","No","No","No","No","No","No","No",12,12,0,,,,,,,,,,,,
"53-06-23-41",1,"Yes","Yes","Yes","Yes","Yes","Yes","Yes","No",4,4,4,1,2,0,0,0,0,0,0,0,0,0,0
"93-66-25-28",2,"No","No","No","No","No","No","No","No",0,0,0,,,,,,,,,,,,
"43-14-97-16",2,"Yes","Yes","Yes","Yes","Yes","Yes","Yes","Yes",5,5,7,1,2,3,0,0,0,0,0,0,0,0,0
"49-90-63-33",5,"No","No","Yes","No","No","Yes","No","No",0,12,0,,,,,,,,,,,,
"68-84-82-12",4,"Yes","No","No","No","No","No","Yes","No",0,12,1,0,0,0,0,1,0,0,0,0,0,0,0
"25-99-22-65",1,"No","No","No","No","No","No","No","No",0,0,0,,,,,,,,,,,,
"86-16-04-54",2,"No","No","No","No","No","No","No","No",12,12,0,,,,,,,,,,,,
"42-95-35-09",1,"No","No","No","No","No","No","No","No",0,12,0,,,,,,,,,,,,
"54-69-26-46",2,"Yes","No","Yes","Yes","No","Yes","No","Yes",1,1,11,1,2,3,4,0,5,6,7,8,9,10,11
"92-23-96-13",1,"No","No","No","No","No","No","No","No",0,0,0,,,,,,,,,,,,
"22-90-51-93",2,"No","No","No","No","No","No","No","No",3,10,2,1,2,0,0,0,0,0,0,0,0,0,0
"15-81-26-28",1,"No","No","No","Yes","No","No","No","No",0,0,0,,,,,,,,,,,,
"20-52-90-88",1,"No","No","No","No","No","No","No","No",12,12,0,,,,,,,,,,,,
"35-31-07-84",1,"No","No","No","No","No","No","No","No",0,12,0,,,,,,,,,,,,
"09-47-23-08",2,"Yes","Yes","Yes","Yes","Yes","Yes","Yes","No",3,9,2,0,0,1,2,0,0,0,0,0,0,0,0
"03-49-16-10",1,"Yes","Yes","Yes","Yes","Yes","Yes","Yes","Yes",0,6,6,1,5,6,0,0,0,0,0,0,2,3,4
"65-48-87-48",1,"No","No","No","No","No","No","No","No",0,0,0,,,,,,,,,,,,
"54-94-74-75",1,"Yes","Yes","Yes","Yes","Yes","Yes","Yes","Yes",0,0,12,1,2,3,4,5,0,0,0,0,0,0,0
"70-40-01-04",2,"Yes","Yes","Yes","Yes","Yes","No","Yes","Yes",0,3,9,0,1,0,9,2,3,4,5,6,7,0,8
"33-37-06-20",1,"No","No","No","No","No","No","No","No",0,12,0,,,,,,,,,,,,
"11-89-65-58",1,"No","No","No","No","No","Yes","No","No",0,0,1,0,1,0,0,0,0,0,0,0,0,0,0
"86-01-74-97",1,"Yes","No","Yes","No","No","No","No","No",0,2,10,0,0,0,0,0,1,0,0,0,0,0,0
"18-63-27-64",1,"No","No","No","No","No","No","No","No",0,0,0,,,,,,,,,,,,
"00-01-02-02",2,"No","No","No","No","No","No","No","No",0,0,0,,,,,,,,,,,,
"69-53-29-77",2,"Yes","No","No","No","No","No","No","No",1,0,1,1,0,0,0,0,0,0,0,0,0,0,0
"38-36-87-54",1,"Yes","No","Yes","Yes","Yes","Yes","Yes","No",0,2,10,1,2,3,4,5,0,0,6,7,8,9,10
"96-39-11-89",1,"No","No","No","No","No","No","No","No",0,0,0,,,,,,,,,,,,
"62-05-75-13",2,"Yes","Yes","Yes","Yes","Yes","Yes","Yes","Yes",5,6,5,0,1,2,0,0,0,0,0,0,0,0,0
"36-43-41-97",2,"Yes","Yes","Yes","Yes","Yes","Yes","Yes","Yes",4,4,3,0,0,0,0,0,1,2,3,0,0,0,0
"12-03-37-86",1,"Yes","Yes","Yes","Yes","Yes","No","No","No",1,6,6,6,0,0,0,1,0,0,2,3,4,5,0
"33-44-32-83",1,"Yes","Yes","No","No","No","No","No","No",0,0,2,1,2,0,0,0,0,0,0,0,0,0,0
"39-65-48-99",1,"No","No","No","No","No","No","No","No",0,12,0,,,,,,,,,,,,
"85-43-95-57",2,"No","No","No","No","No","No","No","No",0,0,0,,,,,,,,,,,,
"07-73-56-26",4,"No","No","No","No","Yes","No","No","No",2,12,0,,,,,,,,,,,,
"00-16-25-60",2,"Yes","Yes","Yes","Yes","Yes","No","No","No",0,2,12,1,2,3,0,0,0,0,0,0,0,0,0
"05-35-63-46",1,"Yes","No","No","No","No","No","No","No",1,1,1,1,0,0,0,0,0,0,0,0,0,0,0
"00-34-52-14",1,"No","No","No","No","No","No","No","No",1,0,0,,,,,,,,,,,,
"81-06-64-01",2,"Yes","Yes","Yes","Yes","No","Yes","No","Yes",0,12,1,0,1,0,0,0,0,0,0,0,0,0,0
"84-33-06-87",1,"Yes","Yes","Yes","Yes","Yes","Yes","No","No",1,1,11,0,1,2,3,4,0,0,0,0,0,0,0
"85-48-53-30",1,"Yes","Yes","Yes","Yes","Yes","Yes","Yes","Yes",0,0,12,1,2,3,4,5,6,7,8,9,10,11,12
"61-17-81-33",1,"Yes","Yes","Yes","Yes","No","Yes","Yes","No",2,2,2,1,2,0,0,0,0,0,0,0,0,0,0
"70-67-46-48",1,"Yes","Yes","Yes","Yes","Yes","No","Yes","No",0,6,6,1,5,0,0,0,0,0,0,0,4,3,2
"08-84-58-33",1,"No","No","No","No","No","No","No","No",0,0,0,,,,,,,,,,,,
"17-96-77-43",5,"Yes","No","Yes","Yes","Yes","Yes","Yes","Yes",1,11,5,1,2,3,4,0,0,0,0,0,0,0,5
"05-74-99-19",1,"Yes","No","No","No","No","No","No","No",0,12,0,,,,,,,,,,,,
"58-76-16-53",2,"No","No","No","No","No","No","No","No",0,8,4,1,0,0,0,0,3,4,0,0,0,0,2
"14-93-43-30",1,"Yes","Yes","Yes","Yes","Yes","Yes","Yes","Yes",0,3,9,8,9,0,0,0,1,2,3,4,5,6,7
"11-82-86-61",1,"No","No","No","No","No","No","No","No",12,12,0,,,,,,,,,,,,
"03-50-12-90",1,"No","No","No","No","No","No","No","No",0,0,0,,,,,,,,,,,,
"81-28-91-79",1,"Yes","Yes","No","No","No","No","No","No",0,12,0,,,,,,,,,,,,
"87-17-87-24",4,"Yes","No","Yes","Yes","Yes","No","No","No",0,0,0,,,,,,,,,,,,
"98-37-88-19",1,"Yes","Yes","Yes","Yes","No","Yes","Yes","Yes",0,0,12,1,2,0,0,0,0,0,0,0,0,3,4
"19-43-58-99",1,"No","No","No","No","No","No","No","No",12,12,0,,,,,,,,,,,,
"85-30-41-56",2,"No","No","No","No","No","No","No","No",0,12,0,,,,,,,,,,,,
"78-32-31-52",1,"No","Yes","No","No","No","No","No","No",12,12,0,,,,,,,,,,,,
"37-97-45-71",1,"Yes","Yes","Yes","Yes","Yes","Yes","Yes","Yes",2,2,2,1,2,0,0,0,0,0,0,0,0,0,0
"07-52-39-57",2,"Yes","Yes","No","No","No","No","Yes","No",12,12,0,,,,,,,,,,,,
"80-35-75-14",1,"Yes","Yes","Yes","Yes","Yes","Yes","Yes","Yes",0,3,9,0,0,1,2,3,6,4,5,0,7,8,0
"94-41-84-42",1,"No","No","No","No","No","No","No","No",8,12,3,1,2,3,0,0,0,0,0,0,0,0,0
"96-46-53-15",1,"Yes","Yes","No","Yes","Yes","No","No","No",12,10,2,0,0,0,0,0,0,0,0,1,0,2,0
"53-23-37-57",2,"No","No","No","No","No","No","No","No",0,0,0,,,,,,,,,,,,
"34-02-59-21",1,"No","No","No","No","No","No","No","No",0,0,0,,,,,,,,,,,,
"19-67-63-11",1,"No","Yes","No","No","Yes","No","No","No",0,0,0,,,,,,,,,,,,
"57-12-45-97",1,"No","No","No","No","No","No","Yes","No",0,12,0,,,,,,,,,,,,
"96-34-22-21",1,"Yes","Yes","Yes","Yes","Yes","Yes","Yes","Yes",0,2,10,0,0,2,1,0,0,0,0,0,0,0,0
"03-38-35-14",1,"Yes","Yes","No","Yes","No","No","Yes","Yes",0,10,2,1,2,0,0,0,0,0,0,0,0,0,0
"09-06-20-19",1,"No","No","No","No","No","No","No","No",0,0,0,,,,,,,,,,,,
"51-25-36-09",2,"No","Yes","No","Yes","Yes","No","Yes","Yes",12,0,12,1,2,3,4,5,6,9,7,8,10,12,11
"04-05-30-01",1,"No","No","No","No","No","No","No","No",0,0,0,,,,,,,,,,,,
"50-01-20-35",4,"No","No","No","No","No","No","No","No",0,0,0,,,,,,,,,,,,
"67-87-75-21",2,"Yes","Yes","Yes","Yes","Yes","Yes","Yes","Yes",0,5,3,1,2,0,0,0,0,0,0,0,0,0,3
"53-81-28-44",1,"Yes","Yes","No","Yes","No","Yes","Yes","Yes",0,9,3,1,0,0,0,0,0,0,0,2,3,0,0
"69-29-47-18",1,"No","No","No","No","No","No","No","No",0,0,0,,,,,,,,,,,,
"22-59-76-95",2,"Yes","Yes","Yes","Yes","No","No","No","No",10,0,2,0,0,0,0,0,0,0,0,1,2,0,0
"87-80-21-51",1,"Yes","No","No","No","No","No","No","No",0,12,0,,,,,,,,,,,,
"21-25-86-78",1,"No","No","No","No","No","No","No","No",0,12,0,,,,,,,,,,,,
"28-99-62-67",4,"No","No","No","No","No","No","No","No",0,12,0,,,,,,,,,,,,
"14-08-31-40",1,"No","No","No","No","No","No","No","No",0,12,0,,,,,,,,,,,,
"43-12-71-52",1,"Yes","No","Yes","No","No","No","No","No",0,10,2,0,0,0,0,0,0,0,1,2,0,0,0
"64-05-81-04",2,"Yes","Yes","Yes","Yes","Yes","Yes","Yes","Yes",0,4,8,0,0,1,2,3,6,4,5,7,8,0,0
"52-46-02-95",2,"No","No","No","No","No","No","No","No",0,12,0,,,,,,,,,,,,
"45-07-09-59",1,"Yes","No","No","No","No","No","No","No",12,12,0,,,,,,,,,,,,
"52-28-82-48",2,"No","No","No","No","No","No","No","No",0,12,0,,,,,,,,,,,,
"72-80-69-88",1,"Yes","Yes","Yes","Yes","Yes","Yes","Yes","Yes",0,0,12,9,10,11,12,1,2,3,4,5,6,7,8
"17-89-78-78",1,"No","No","No","No","No","No","Yes","No",0,12,0,,,,,,,,,,,,
"07-52-31-91",1,"Yes","Yes","Yes","No","No","No","No","Yes",0,12,0,,,,,,,,,,,,
"99-68-20-94",2,"Yes","Yes","Yes","No","Yes","No","No","No",0,6,6,1,2,0,0,0,0,0,0,6,5,4,3
"84-66-38-33",1,"No","No","No","No","No","No","No","No",12,12,0,,,,,,,,,,,,
"39-36-01-20",3,"Yes","Yes","Yes","No","Yes","Yes","No","No",10,10,2,0,1,0,2,0,0,0,0,0,0,0,0
"05-30-74-26",1,"No","No","No","No","No","No","No","No",0,12,0,,,,,,,,,,,,
"22-19-53-02",2,"Yes","Yes","Yes","Yes","Yes","No","No","No",0,0,0,,,,,,,,,,,,
"20-37-92-05",3,"Yes","No","Yes","Yes","No","Yes","Yes","Yes",0,9,3,2,3,0,1,0,0,0,0,0,0,0,0
"67-95-64-84",2,"Yes","No","No","No","No","Yes","No","No",0,8,4,1,2,3,4,0,0,0,0,0,0,0,0
"67-07-39-08",1,"No","No","No","No","No","No","No","No",12,12,0,,,,,,,,,,,,
"72-66-07-18",1,"Yes","Yes","Yes","Yes","No","Yes","Yes","Yes",3,0,3,1,2,3,0,0,0,0,0,0,0,0,0
"72-69-50-37",1,"Yes","Yes","Yes","Yes","Yes","Yes","Yes","No",0,0,0,,,,,,,,,,,,
"53-41-55-25",1,"Yes","No","No","No","No","No","No","No",0,10,2,1,2,0,0,0,0,0,0,0,0,0,0
"99-40-82-80",1,"No","Yes","No","No","No","No","No","No",12,12,0,,,,,,,,,,,,
"23-54-03-81",1,"Yes","No","No","Yes","No","Yes","Yes","Yes",0,8,4,1,2,3,4,0,0,0,0,0,0,0,0
"27-20-78-36",2,"Yes","Yes","No","Yes","No","Yes","Yes","Yes",4,2,2,2,0,0,0,0,0,0,0,0,0,0,1
"84-90-94-70",1,"No","No","No","No","No","No","No","No",12,12,0,,,,,,,,,,,,
"03-79-50-93",2,"No","No","No","No","No","No","No","No",3,9,0,,,,,,,,,,,,
"83-85-13-86",1,"Yes","Yes","Yes","Yes","Yes","Yes","No","Yes",0,12,0,,,,,,,,,,,,
"91-24-08-83",1,"No","No","No","No","No","No","No","No",0,0,0,,,,,,,,,,,,
"25-32-96-44",2,"Yes","Yes","No","Yes","Yes","Yes","No","No",6,6,6,0,1,0,6,2,0,3,0,0,4,0,5
"97-99-83-33",1,"Yes","Yes","Yes","Yes","Yes","Yes","Yes","No",0,3,9,8,9,0,0,1,2,3,4,5,6,7,0
"55-35-77-06",1,"Yes","Yes","Yes","No","Yes","Yes","Yes","No",4,4,8,1,2,3,0,0,0,0,0,0,0,0,0
"05-01-06-84",3,"Yes","Yes","Yes","Yes","Yes","Yes","Yes","Yes",3,3,9,1,2,0,0,0,0,0,0,0,0,0,0
"49-78-46-84",2,"Yes","No","Yes","Yes","Yes","Yes","Yes","Yes",0,7,5,1,2,3,4,5,0,0,0,0,0,0,0
"96-34-51-79",7,"No","No","No","No","No","No","No","No",0,0,0,,,,,,,,,,,,
"05-90-60-44",1,"No","No","Yes","No","Yes","No","No","No",0,12,6,5,6,0,0,0,0,0,0,1,2,3,4
"32-72-73-42",1,"No","No","No","No","No","No","No","No",0,12,0,,,,,,,,,,,,
"94-88-32-78",1,"Yes","Yes","Yes","Yes","Yes","Yes","Yes","Yes",0,0,5,0,0,0,0,0,0,0,1,2,3,4,5
"18-56-14-23",1,"Yes","No","No","No","No","No","No","No",12,1,0,,,,,,,,,,,,
"84-22-47-37",2,"Yes","Yes","Yes","Yes","Yes","Yes","Yes","No",0,9,3,1,2,0,0,0,0,0,0,3,0,0,0
"44-69-61-71",2,"Yes","Yes","No","No","No","No","No","No",0,12,0,,,,,,,,,,,,
"05-76-24-30",3,"Yes","Yes","Yes","Yes","Yes","Yes","Yes","Yes",12,12,12,1,3,2,4,6,5,7,10,8,9,12,11
"72-65-35-75",4,"Yes","Yes","Yes","Yes","Yes","Yes","Yes","Yes",2,2,10,1,2,4,3,5,7,6,8,9,10,0,0
"92-30-60-06",1,"No","No","No","No","No","No","Yes","No",0,12,0,,,,,,,,,,,,
"94-77-43-36",1,"Yes","No","No","No","Yes","No","Yes","No",0,5,7,1,0,0,0,0,7,6,5,4,2,3,0
"72-37-57-39",1,"Yes","No","Yes","Yes","Yes","Yes","Yes","No",0,8,4,3,0,0,0,0,4,0,0,0,1,2,0
"76-02-50-71",1,"No","No","No","No","No","No","No","No",0,12,0,,,,,,,,,,,,
"75-53-97-04",1,"No","No","No","No","No","No","No","No",0,12,0,,,,,,,,,,,,
"61-20-94-35",1,"No","No","No","No","No","No","No","No",0,12,0,,,,,,,,,,,,
"33-94-27-06",3,"No","No","Yes","No","No","No","No","No",1,1,1,0,0,0,1,0,0,0,0,0,0,0,0
"02-07-42-94",2,"No","No","Yes","Yes","Yes","No","No","No",3,3,3,1,2,3,0,0,0,0,0,0,0,0,0
"48-79-63-92",1,"No","No","No","No","No","No","No","No",0,0,0,,,,,,,,,,,,
"87-31-98-00",1,"No","No","No","No","Yes","No","No","No",0,12,0,,,,,,,,,,,,
"68-12-26-88",1,"No","No","No","No","No","No","No","No",12,12,0,,,,,,,,,,,,
"21-07-91-22",8,"No","No","No","No","No","No","No","No",0,12,0,,,,,,,,,,,,
"59-08-91-97",2,"No","Yes","No","Yes","Yes","No","No","No",0,12,0,,,,,,,,,,,,
"15-39-44-44",1,"No","No","No","No","No","No","No","No",0,0,0,,,,,,,,,,,,
"70-81-99-80",1,"Yes","Yes","Yes","Yes","Yes","Yes","Yes","Yes",1,1,11,1,2,3,0,0,0,0,0,0,0,0,0
"57-32-99-06",2,"Yes","Yes","Yes","Yes","Yes","Yes","Yes","No",1,1,11,0,0,0,0,0,0,0,0,0,1,0,0
"60-00-51-13",1,"No","No","No","No","No","No","No","Yes",0,0,0,,,,,,,,,,,,
"03-72-03-14",1,"No","No","No","No","No","No","No","No",10,10,2,0,0,0,0,0,0,0,0,0,1,2,0
"32-51-19-72",1,"No","No","No","No","No","No","No","No",2,2,2,1,2,0,0,0,0,0,0,0,0,0,0
"95-19-87-73",1,"Yes","Yes","Yes","Yes","Yes","Yes","Yes","Yes",0,4,8,0,1,2,3,0,5,4,6,7,0,8,0
"09-07-28-33",2,"No","No","No","No","No","No","No","No",0,12,0,,,,,,,,,,,,
"82-76-66-89",1,"No","No","No","No","No","No","Yes","No",0,12,0,,,,,,,,,,,,
"32-84-70-99",1,"Yes","No","No","No","No","No","No","No",12,12,0,,,,,,,,,,,,
"97-60-60-10",1,"Yes","Yes","Yes","Yes","No","No","No","No",0,1,11,1,2,0,0,0,0,0,0,0,0,0,0
"77-34-61-84",2,"Yes","Yes","Yes","Yes","Yes","Yes","Yes","Yes",0,1,11,1,2,3,4,5,6,7,8,9,10,11,0
"51-45-20-69",2,"Yes","No","Yes","Yes","Yes","Yes","Yes","Yes",0,6,6,1,2,3,4,5,6,0,0,0,0,0,0
"56-62-79-46",2,"No","Yes","Yes","No","No","No","No","No",0,12,0,,,,,,,,,,,,
"11-13-66-94",1,"No","No","Yes","No","Yes","No","No","No",0,0,0,,,,,,,,,,,,
"15-09-86-52",2,"Yes","No","No","Yes","Yes","No","No","No",2,2,10,0,1,2,3,4,6,5,7,8,9,10,0
"91-02-01-07",2,"Yes","Yes","Yes","Yes","Yes","No","No","No",10,10,2,0,0,0,0,0,0,0,1,0,0,2,0
"38-98-52-39",2,"No","No","No","No","No","No","No","No",1,11,0,,,,,,,,,,,,
"91-79-46-21",1,"No","No","No","No","No","No","No","No",0,0,0,,,,,,,,,,,,
"09-72-08-00",1,"Yes","Yes","Yes","Yes","Yes","Yes","Yes","Yes",0,0,0,,,,,,,,,,,,
"25-52-14-98",4,"No","No","No","Yes","No","No","No","No",0,12,0,,,,,,,,,,,,
"54-44-91-10",8,"Yes","Yes","Yes","Yes","Yes","Yes","Yes","Yes",0,0,12,1,2,3,4,5,6,7,8,12,9,10,11
"76-65-29-85",1,"Yes","Yes","Yes","Yes","Yes","No","Yes","Yes",0,3,9,1,2,3,4,5,0,0,0,9,8,7,6
"02-98-88-27",1,"Yes","Yes","Yes","Yes","Yes","Yes","Yes","Yes",0,7,5,2,3,5,4,6,0,0,0,0,0,0,1
"94-29-79-85",1,"No","Yes","No","No","No","No","No","No",0,12,0,,,,,,,,,,,,
"73-36-17-40",1,"Yes","No","Yes","No","No","Yes","No","Yes",0,12,0,,,,,,,,,,,,
"42-46-38-01",1,"No","No","No","No","No","No","No","No",0,0,0,,,,,,,,,,,,
"73-70-95-80",1,"Yes","Yes","Yes","Yes","Yes","Yes","Yes","Yes",0,7,5,1,2,3,4,5,0,0,0,0,0,0,0
"72-84-79-72",1,"No","No","No","No","No","No","No","No",12,12,0,,,,,,,,,,,,
"65-38-87-54",1,"Yes","Yes","Yes","Yes","Yes","Yes","No","No",0,2,10,1,0,0,0,0,0,0,0,0,0,0,2
"94-91-03-07",2,"Yes","Yes","Yes","Yes","Yes","Yes","Yes","No",0,6,6,1,2,3,0,0,0,0,0,4,5,6,0
"43-00-27-37",2,"No","No","No","No","No","No","No","No",0,12,1,0,1,0,0,0,0,0,0,0,0,0,0
"97-63-44-51",1,"No","No","No","No","No","No","No","No",0,0,0,,,,,,,,,,,,
"13-97-69-06",1,"No","No","No","No","No","No","No","No",3,12,0,,,,,,,,,,,,
"64-91-38-41",4,"No","No","No","No","No","No","No","No",12,12,0,,,,,,,,,,,,
"81-33-83-30",1,"Yes","Yes","Yes","Yes","Yes","Yes","Yes","Yes",0,2,11,0,1,3,2,4,10,5,7,6,8,9,0
"19-42-84-15",1,"Yes","No","No","Yes","No","No","No","Yes",0,12,0,,,,,,,,,,,,
"13-49-27-25",1,"Yes","Yes","Yes","Yes","No","No","No","No",2,2,2,0,1,2,0,0,0,0,0,0,0,0,0
"08-12-43-59",1,"No","Yes","No","No","No","No","No","No",2,2,2,1,2,0,0,0,0,0,0,0,0,0,0
"82-85-64-69",1,"No","No","No","Yes","No","No","No","No",1,1,1,1,0,0,0,0,0,0,0,0,0,0,0
"22-02-04-35",1,"Yes","No","Yes","Yes","Yes","No","No","No",0,12,0,,,,,,,,,,,,
"00-91-45-36",1,"No","No","No","No","No","No","No","No",0,0,0,,,,,,,,,,,,
"11-05-72-97",1,"Yes","Yes","Yes","Yes","Yes","Yes","No","No",0,5,7,1,2,0,0,0,0,0,0,0,0,0,0
"16-99-02-10",1,"Yes","No","No","No","No","No","No","No",0,12,0,,,,,,,,,,,,
"31-99-53-07",1,"No","No","No","No","No","No","Yes","No",3,9,0,,,,,,,,,,,,
"48-93-31-20",2,"Yes","No","No","No","No","No","Yes","No",0,9,3,0,0,0,0,0,0,0,0,1,2,3,0
"87-13-21-98",1,"No","Yes","Yes","No","No","No","No","No",12,12,0,,,,,,,,,,,,
"55-27-15-85",3,"No","No","No","No","No","No","No","No",0,12,0,,,,,,,,,,,,
"59-41-96-68",1,"Yes","Yes","Yes","Yes","Yes","No","No","No",0,11,1,0,1,0,0,0,0,0,0,0,0,0,0
"22-18-88-41",2,"No","Yes","No","Yes","No","No","No","No",0,12,0,,,,,,,,,,,,
"24-64-78-21",2,"Yes","No","Yes","No","Yes","Yes","Yes","Yes",3,3,2,0,0,2,1,0,0,0,0,0,0,0,0
"86-04-16-80",1,"No","No","No","No","No","No","No","No",0,12,0,,,,,,,,,,,,
"92-49-74-52",7,"Yes","Yes","Yes","Yes","Yes","Yes","Yes","Yes",2,2,10,1,0,0,2,4,3,5,6,8,7,9,10
"24-72-61-31",1,"Yes","Yes","Yes","No","Yes","No","Yes","No",0,11,1,1,0,0,0,0,0,0,0,0,0,0,0
"04-92-41-49",2,"Yes","No","No","Yes","No","No","No","No",1,1,1,1,0,0,0,0,0,0,0,0,0,0,0
"10-43-22-87",4,"No","No","No","No","No","No","No","No",0,0,0,,,,,,,,,,,,
"32-83-01-09",1,"Yes","Yes","Yes","Yes","Yes","Yes","Yes","Yes",0,12,0,,,,,,,,,,,,
"79-05-50-27",1,"Yes","Yes","Yes","Yes","Yes","No","Yes","Yes",0,5,7,1,2,3,4,5,6,0,0,0,0,0,0
"27-16-23-86",2,"Yes","Yes","Yes","Yes","Yes","Yes","Yes","No",0,0,12,1,2,3,4,5,6,7,8,9,10,11,12
"12-61-67-91",1,"Yes","No","No","Yes","No","Yes","No","No",2,2,2,0,1,2,0,0,0,0,0,0,0,0,0
"58-55-75-07",2,"Yes","Yes","Yes","Yes","Yes","Yes","Yes","Yes",0,12,0,,,,,,,,,,,,
"00-06-72-58",4,"No","No","Yes","Yes","Yes","Yes","Yes","Yes",0,0,12,1,3,2,4,5,7,6,8,9,10,11,12
"45-71-57-97",5,"No","No","No","No","No","No","No","No",0,0,0,,,,,,,,,,,,
"18-81-00-96",2,"Yes","Yes","Yes","Yes","Yes","No","No","No",0,6,6,1,2,3,0,0,0,0,0,0,6,5,4
"09-79-14-71",1,"No","No","No","No","No","No","No","No",0,0,0,,,,,,,,,,,,
"71-80-89-34",2,"Yes","Yes","Yes","Yes","Yes","Yes","Yes","Yes",12,12,0,,,,,,,,,,,,
"05-16-40-57",2,"No","No","No","No","No","No","No","No",0,12,0,,,,,,,,,,,,
"11-65-24-94",3,"Yes","Yes","Yes","Yes","Yes","Yes","No","Yes",0,2,10,1,2,0,3,4,5,6,7,8,9,10,0
"55-44-38-36",2,"Yes","No","No","No","Yes","No","Yes","No",0,8,4,2,3,4,0,0,0,0,0,0,0,0,1
"84-73-72-31",2,"Yes","Yes","Yes","Yes","Yes","Yes","Yes","Yes",0,0,1,0,0,1,0,0,0,0,0,0,0,0,0
"37-03-14-78",2,"No","No","No","No","No","No","No","No",0,11,1,0,1,0,0,0,0,0,0,0,0,0,0
"77-78-34-26",1,"Yes","No","Yes","Yes","Yes","Yes","Yes","Yes",0,2,10,0,1,2,3,4,5,6,7,8,9,10,0
"92-09-46-86",1,"No","No","No","No","No","No","No","No",0,12,0,,,,,,,,,,,,
"27-55-59-32",1,"No","No","No","No","No","No","No","No",12,12,0,,,,,,,,,,,,
"65-23-07-01",3,"Yes","Yes","Yes","Yes","Yes","Yes","Yes","No",3,3,9,1,2,3,4,5,6,8,7,9,0,0,0
"79-30-25-19",2,"No","No","No","No","Yes","Yes","Yes","No",0,10,2,1,2,0,0,0,0,0,0,0,0,0,0
"75-18-13-88",2,"Yes","Yes","Yes","No","No","Yes","Yes","Yes",0,5,7,1,2,0,0,0,0,0,0,0,0,0,0
"40-16-04-38",1,"No","No","No","No","No","No","No","No",2,12,0,,,,,,,,,,,,
"49-34-25-75",3,"Yes","No","Yes","No","No","No","No","No",0,4,8,4,0,0,0,0,0,0,0,0,1,3,2
"02-31-03-32",1,"Yes","Yes","No","No","Yes","No","No",,0,12,0,,,,,,,,,,,,
"88-23-45-95",1,"No","No","No","No","No","No","No","No",3,9,0,,,,,,,,,,,,
"92-15-40-92",2,"Yes","Yes","Yes","Yes","Yes","Yes","Yes","Yes",0,0,0,,,,,,,,,,,,
"06-55-62-53",1,"No","No","No","No","No","No","No","No",0,12,0,,,,,,,,,,,,
"57-74-77-03",2,"Yes","Yes","Yes","Yes","Yes","No","No","No",8,8,4,1,2,3,4,0,0,0,0,0,0,0,0
"28-44-25-15",2,"No","No","No","No","No","No","No","No",0,0,0,,,,,,,,,,,,
"90-03-82-22",1,"No","No","No","No","No","No","No","No",0,12,0,,,,,,,,,,,,
"24-47-59-03",1,"No","No","No","Yes","No","No","No","No",0,0,0,,,,,,,,,,,,
"23-30-88-30",1,"No","No","No","No","Yes","No","No","Yes",0,12,0,,,,,,,,,,,,
"72-38-90-85",3,"No","No","Yes","No","Yes","No","No","No",0,0,0,,,,,,,,,,,,
"76-02-43-67",3,"No","Yes","No","Yes","No","Yes","Yes","Yes",0,10,2,1,2,0,0,0,0,0,0,0,0,0,0
"58-63-03-99",2,"Yes","Yes","Yes","Yes","Yes","No","No","No",1,2,10,1,2,3,0,4,6,5,7,10,8,9,0
"53-04-65-79",1,"Yes","No","No","Yes","No","No","No","No",1,1,1,1,0,0,0,0,0,0,0,0,0,0,0
"48-16-15-04",1,"Yes","Yes","Yes","Yes","Yes","Yes","Yes","Yes",0,6,6,1,2,0,0,0,0,0,0,0,0,0,0
"85-34-28-65",1,"No","No","No","No","No","No","No","No",0,0,0,,,,,,,,,,,,
"08-72-41-04",3,"No","No","No",,"No","No","No","No",12,12,0,,,,,,,,,,,,
"48-20-18-94",1,"No","No","No","No","No","No","No","No",12,12,0,,,,,,,,,,,,
"56-53-54-49",1,"Yes","No","No","No","No","No","No","No",0,11,1,1,0,0,0,0,0,0,0,0,0,0,0
"01-08-40-07",3,"No","No","No","No","No","No","No","No",12,12,0,,,,,,,,,,,,
"74-08-40-24",1,"Yes","Yes","Yes","No","No","No","No","No",0,9,3,1,2,3,0,0,0,0,0,0,0,0,0
"14-31-43-40",6,"No","No","No","No","No","No","No","No",12,12,0,,,,,,,,,,,,
"24-80-99-00",1,"Yes","Yes","Yes","Yes","Yes","Yes","Yes","Yes",0,0,0,,,,,,,,,,,,
"40-28-46-68",2,"Yes","Yes","Yes","Yes","Yes","Yes","Yes","No",0,7,5,1,2,3,0,0,4,5,0,0,0,0,0
"31-20-26-05",2,"No","No","No","No","No","No","No","No",0,0,0,,,,,,,,,,,,
"37-39-15-65",2,"No","No","No","No","No","No","No","No",0,12,0,,,,,,,,,,,,
"45-44-88-31",2,"No","No","No","No","No","No","No","No",6,12,0,,,,,,,,,,,,
"91-91-62-09",1,"No","No","No","No","No","No","No","No",0,12,0,,,,,,,,,,,,
"88-82-89-39",.a,,,,,,,,,.a,.a,.a,,,,,,,,,,,,
"79-34-34-89",1,"No","No","No","No","No","No","No","No",12,12,0,,,,,,,,,,,,
"07-03-46-78",1,"Yes","No","No","Yes","No","No","No","No",0,4,8,0,0,0,1,2,3,4,5,6,7,8,0
"52-55-71-22",1,"Yes","Yes","No","No","No","Yes","No","No",0,12,2,1,2,0,0,0,0,0,0,0,0,0,0
"42-79-46-81",4,"Yes","No","No","No","No","Yes","Yes","Yes",0,5,7,0,0,0,0,0,1,2,3,4,5,6,7
"39-12-44-07",3,"No","Yes","No","No","No","No","No","No",0,12,0,,,,,,,,,,,,
"21-92-10-43",2,"Yes","Yes","Yes","Yes","Yes","Yes","Yes","Yes",0,0,12,1,2,3,4,5,6,7,8,9,10,12,11
"29-41-63-44",1,"Yes","Yes","Yes","No","No","No","Yes","No",0,12,0,,,,,,,,,,,,
"19-83-50-72",1,"No","No","No","No","No","No","No","No",12,12,0,,,,,,,,,,,,
"58-42-18-32",1,"No","No","No","No","No","No","No","No",0,12,0,,,,,,,,,,,,
"48-22-87-49",1,"No","No","No","No","No","No","No","No",0,12,0,,,,,,,,,,,,
"85-54-41-38",1,"Yes","Yes","Yes","Yes","Yes","Yes","Yes","Yes",0,12,0,,,,,,,,,,,,
"91-10-07-30",1,"No","No","No","No","No","No","No","No",0,0,0,,,,,,,,,,,,
"12-91-55-52",2,"Yes","No","No","No","No","No","No","No",0,12,0,,,,,,,,,,,,
"74-40-02-20",1,"Yes","No","No","Yes","Yes","No","No","No",0,10,2,0,2,1,0,0,0,0,0,0,0,0,0
"09-31-11-33",2,"No","No","No","No","No","No","No","No",12,6,0,,,,,,,,,,,,
"87-08-33-34",1,"No","No","No","No","No","No","No","No",0,0,0,,,,,,,,,,,,
"61-84-77-75",1,"No","No","No","No","No","No","No","No",12,12,0,,,,,,,,,,,,
"75-58-44-85",1,"Yes","Yes","Yes","Yes","Yes","Yes","Yes","Yes",0,8,4,4,0,0,0,0,0,0,0,0,1,2,3
"11-16-18-86",1,"No","No","No","No","No","No","No","No",12,12,0,,,,,,,,,,,,
"04-26-72-23",1,"Yes","No","Yes","No","No","No","Yes","No",2,10,0,,,,,,,,,,,,
"54-13-05-65",1,"No","No","No","No","No","No","No","No",0,0,0,,,,,,,,,,,,
"23-66-97-33",1,"No","No","No","No","No","No","No","No",0,12,0,,,,,,,,,,,,
"06-64-69-84",1,"No","No","Yes","No","No","No","No","Yes",2,10,0,,,,,,,,,,,,
"56-62-10-52",3,"No","No","No","No","No","Yes","No","No",0,12,0,,,,,,,,,,,,
"05-04-82-73",2,"Yes","Yes","Yes","Yes","Yes","Yes","Yes","No",0,1,11,1,2,3,4,5,6,11,7,8,9,10,0
"03-81-35-88",9,"No","No","No","No","No","No","Yes","No",0,12,0,,,,,,,,,,,,
"87-65-62-49",1,"Yes","Yes","Yes","Yes","Yes","Yes","Yes","No",5,5,7,1,2,3,4,0,0,0,0,0,0,0,0
"95-74-95-07",1,"Yes","Yes","Yes","Yes","Yes","Yes","Yes","Yes",0,0,2,0,0,1,2,0,0,0,0,0,0,0,0
"51-31-85-01",1,"No","No","No","Yes","No","Yes","No","No",0,12,0,,,,,,,,,,,,
"51-50-93-70",1,"No","No","No","No","No","No","No","No",0,12,0,,,,,,,,,,,,
"43-24-35-84",1,"No","No","No","No","No","No","No","No",1,12,0,,,,,,,,,,,,
"89-88-34-15",2,"No","No","No","No","No","No","No","No",0,12,0,,,,,,,,,,,,
"14-85-25-58",1,"Yes","No","Yes","Yes","Yes","Yes","Yes","Yes",0,4,8,0,0,0,1,2,3,4,5,6,7,8,0
"46-82-10-07",1,"Yes","No","Yes","No","No","Yes","No","Yes",0,3,9,0,0,1,2,3,4,5,7,6,9,8,0
"80-79-44-48",1,"No","No","No","No","No","No","No","No",0,12,0,,,,,,,,,,,,
"86-55-30-87",2,"Yes","No","Yes","Yes","Yes","No","No","No",0,4,8,0,0,0,0,1,2,3,4,5,7,6,8
"95-51-95-92",1,"No","No","No","No","No","No","No","No",12,12,0,,,,,,,,,,,,
"89-51-80-40",2,"No","No","No","No","No","No","No","No",0,12,0,,,,,,,,,,,,
"80-53-41-39",1,"Yes","Yes","Yes","Yes","Yes","Yes","Yes","Yes",0,0,1,0,0,0,1,0,0,0,0,0,0,0,0
"59-60-43-57",1,"No","No","No","No","No","No","No","No",0,0,0,,,,,,,,,,,,
"87-22-49-94",1,"No","No","No","No","No","No","No","No",0,11,1,1,0,0,0,0,0,0,0,0,0,0,0
"98-98-98-22",1,"Yes","No","Yes","No","No","No","No","No",0,0,12,1,2,3,5,4,7,6,8,9,10,11,12
"19-11-80-87",3,"Yes","No","Yes","No","No","No","No","Yes",0,6,6,3,4,5,6,0,0,0,0,0,0,1,2
"02-55-85-64",1,"No","No","No","No","No","No","No","No",0,12,0,,,,,,,,,,,,
"61-35-56-51",1,"No","No","No","No","No","No","No","No",0,0,0,,,,,,,,,,,,
"57-52-43-19",2,"Yes","Yes","Yes","Yes","Yes","No","No","No",0,8,4,0,0,0,0,1,2,3,4,0,0,0,0
"39-14-69-76",2,"Yes","Yes","Yes","Yes","Yes","Yes","No","No",6,6,3,1,2,3,0,0,0,0,0,0,0,0,0
"72-36-49-36",1,"No","No","No","No","No","No","No","No",0,12,0,,,,,,,,,,,,
"80-82-49-42",1,"Yes","Yes","Yes","No","No","No","No","No",0,4,8,0,0,0,1,2,3,4,5,0,0,0,0
"47-81-87-67",1,"Yes","Yes","Yes","No","Yes","No","Yes","Yes",2,12,0,,,,,,,,,,,,
"55-33-21-42",5,"Yes","No","No","No","No","Yes","No","Yes",0,12,0,,,,,,,,,,,,
"42-50-27-40",1,"Yes","Yes","Yes","Yes","Yes","Yes","Yes","Yes",0,0,1,0,0,0,0,1,0,0,0,0,0,0,0
"74-79-87-37",1,"Yes","Yes","Yes","Yes","Yes","Yes","Yes","Yes",10,12,2,1,2,0,0,0,0,0,0,0,0,0,0
"32-64-27-45",1,"Yes","No","Yes","No","No","No","No","No",2,8,4,2,4,3,0,0,0,0,0,0,0,0,1
"43-28-98-57",2,"Yes","No","Yes","No","Yes","Yes","No","Yes",0,8,4,0,0,0,1,0,0,0,2,0,0,3,4
"28-12-52-92",1,"No","No","No","Yes","No","No","No","No",0,0,0,,,,,,,,,,,,
"98-31-37-04",3,"Yes","No","No","No","No","No","No","No",0,10,2,1,2,0,0,0,0,0,0,0,0,0,0
"50-46-09-53",1,"Yes","Yes","Yes","Yes","Yes","Yes","Yes","Yes",0,1,11,1,0,2,3,4,5,6,8,7,9,11,10
"48-80-48-31",1,"No","No","Yes","Yes","No","Yes","No","No",0,6,6,6,0,0,0,0,0,0,5,4,3,2,1
"59-69-31-11",2,"Yes","Yes","Yes","Yes","Yes","Yes","Yes","Yes",0,3,9,1,2,0,0,0,9,8,7,6,5,4,3
"68-17-57-15",1,"No","No","No","No","No","No","No","No",0,0,0,,,,,,,,,,,,
"65-67-13-71",1,"No","No","No","No","No","No","No","No",0,0,0,,,,,,,,,,,,
"14-98-70-62",1,"No","No","No","Yes","No","No","No","No",0,0,0,,,,,,,,,,,,
"25-90-19-11",1,"No","No","No","No","No","No","No","No",0,0,0,,,,,,,,,,,,
"45-83-41-38",3,"No","Yes","Yes","Yes","No","Yes","No","Yes",0,8,4,0,1,2,0,0,0,3,4,0,0,0,0
"95-39-93-93",1,"No","No","No","No","No","No","No","No",0,12,0,,,,,,,,,,,,
"61-12-40-36",2,"Yes","Yes","No","Yes","No","No","No","Yes",0,12,0,,,,,,,,,,,,
"11-71-40-81",1,"No","No","No","No","No","No","No","Yes",0,0,1,1,0,0,0,0,0,0,0,0,0,0,0
"36-42-18-14",1,"No","No","No","No","No","No","No","No",0,0,0,,,,,,,,,,,,
"19-03-38-46",3,"Yes","No","Yes","Yes","Yes","Yes","Yes","Yes",0,9,3,0,0,1,2,3,0,0,0,0,0,0,0
"92-48-70-16",2,"No","No","No","No","No","No","No","No",0,12,0,,,,,,,,,,,,
"34-14-49-72",1,"Yes","Yes","Yes","Yes","Yes","Yes","Yes","Yes",0,12,9,1,2,3,0,0,0,0,0,0,0,0,0
"22-89-40-33",1,"No","No","No","No","No","No","No","No",0,12,0,,,,,,,,,,,,
"37-39-45-84",1,"No","No","No","No","No","No","No","No",2,12,0,,,,,,,,,,,,
"98-85-46-77",1,"Yes","Yes","Yes","Yes","Yes","Yes","Yes","Yes",0,0,12,1,2,3,4,5,6,8,7,9,10,11,12
"80-21-91-02",1,"No","No","No","No","No","No","No","No",0,12,0,,,,,,,,,,,,
"22-74-67-59",2,"No","No","Yes","No","No","No","No","No",0,8,4,1,2,3,4,0,0,0,0,0,0,0,0
"88-01-88-32",2,"No","No","No","No","No","No","No","No",0,12,0,,,,,,,,,,,,
"98-88-56-41",1,"Yes","Yes","Yes","Yes","Yes","Yes","Yes","Yes",0,9,3,0,0,0,0,0,0,0,0,0,1,2,3
"84-73-38-30",1,"No","No","No","No","No","No","No","No",0,12,0,,,,,,,,,,,,
"93-79-44-00",1,"No","No","No","Yes","No","No","No","No",0,0,1,1,0,0,0,0,0,0,0,0,0,0,0
"26-07-22-36",2,"Yes","No","Yes","No","No","Yes","No","No",0,6,6,1,2,3,0,0,0,0,0,0,4,5,6
"55-76-99-68",1,"No","No","No","No","No","No","No","No",0,12,0,,,,,,,,,,,,
"38-33-66-67",1,"Yes","Yes","Yes","Yes","Yes","Yes","Yes","Yes",0,12,4,1,2,3,4,0,0,0,0,0,0,0,0
"16-65-54-37",1,"No","No","No","No","No","No","No","No",0,10,2,1,2,0,0,0,0,0,0,0,0,0,0
"20-77-43-56",1,"Yes","No","Yes","Yes","Yes","Yes","Yes","Yes",0,10,2,0,0,0,0,0,1,2,0,0,0,0,0
"08-12-15-69",1,"Yes","Yes","Yes","Yes","Yes","No","Yes","No",0,0,12,1,2,3,4,5,6,7,8,10,12,9,11
"43-73-48-25",2,"Yes","No","No","Yes","No","No","Yes","No",0,6,6,1,2,3,0,0,0,0,0,6,4,5,0
"86-00-77-05",5,"Yes","No","Yes","No","Yes","No","No","No",12,12,0,,,,,,,,,,,,
"04-04-14-28",1,"No","No","No","No","No","No","Yes","No",0,12,0,,,,,,,,,,,,
"06-32-06-25",1,"Yes","No","No","No","No","No","No","No",0,12,0,,,,,,,,,,,,
"91-35-74-95",1,"Yes","No","Yes","Yes","Yes","Yes","Yes","No",0,3,9,0,0,1,2,3,4,5,6,8,7,9,0
"87-84-09-54",3,"No","No","No","No","No","No","No","No",0,12,0,,,,,,,,,,,,
"62-23-61-37",2,"Yes","Yes","No","No","No","Yes","No","No",0,12,0,,,,,,,,,,,,
"51-67-29-73",1,"No","Yes","Yes","No","No","No","No","No",0,12,0,,,,,,,,,,,,
"93-42-86-13",1,"Yes","No","Yes","Yes","Yes","No","Yes","No",0,0,12,1,2,3,4,5,6,7,9,8,10,11,12
"31-42-54-99",2,"Yes","No","Yes","Yes","Yes","No","Yes","No",0,10,2,1,2,0,0,0,0,0,0,0,0,0,0
"40-00-25-74",1,"Yes","Yes","Yes","Yes","No","No","No","No",0,12,0,,,,,,,,,,,,
"32-73-63-74",1,"Yes","No","No","No","Yes","No","No","No",0,10,2,0,1,2,0,0,0,0,0,0,0,0,0
"16-86-88-22",1,"No","No","No","No","No","No","No","No",0,12,0,,,,,,,,,,,,
"64-46-66-46",2,"No","Yes","No","Yes","No","Yes","No","No",0,12,0,,,,,,,,,,,,
"50-30-92-60",2,"No","No",,"No","No","No","No","No",0,0,0,,,,,,,,,,,,
"24-09-68-36",2,"No","No","No","Yes","No","No","No","No",0,0,0,,,,,,,,,,,,
"42-32-41-18",1,"No","No","No","No","No","No","No","No",12,12,0,,,,,,,,,,,,
"29-79-40-11",3,"No","No","No","No","No","No","No","No",0,12,0,,,,,,,,,,,,
"60-57-49-31",1,"No","No","No","No","No","No","No","No",0,12,0,,,,,,,,,,,,
"60-10-68-48",2,"Yes","No","No","No","No","No","No","No",0,1,11,0,0,0,0,0,0,0,0,0,0,0,1
"35-24-82-24",2,"Yes","Yes","Yes","Yes","Yes","Yes","Yes","Yes",0,0,12,1,2,3,4,5,6,7,9,10,11,12,8
"94-16-94-83",1,"No","No","No","No","No","No","No","No",12,12,0,,,,,,,,,,,,
"93-01-93-75",1,"No","No","No","No","No","No","No","No",0,12,0,,,,,,,,,,,,
"25-76-97-37",1,"Yes","No","Yes","Yes","Yes","Yes","Yes","Yes",0,6,6,3,4,5,6,0,0,0,0,0,0,1,2
"37-86-89-16",2,"No","No","No","No","No","No","No","No",0,0,0,,,,,,,,,,,,
"59-63-12-34",1,"No","No","No","No","No","No","No","No",0,12,0,,,,,,,,,,,,
"67-12-10-28",2,"No","No","No","No","No","No","No","No",0,12,0,,,,,,,,,,,,
"25-90-81-61",2,"Yes","No","No","No","No","No","No","No",0,12,0,,,,,,,,,,,,
"27-19-89-21",1,"No","No","No","No","No","No","No","No",0,0,0,,,,,,,,,,,,
"03-62-40-58",1,"Yes","Yes","Yes","Yes","Yes","Yes","Yes","Yes",0,9,3,0,0,0,0,0,1,2,0,3,0,0,0
"60-29-48-02",2,"Yes","Yes","Yes","Yes","Yes","Yes","Yes","Yes",0,0,1,0,0,1,0,0,0,0,0,0,0,0,0
"93-40-82-23",1,"No","No","No","No","No","No","No","No",0,12,0,,,,,,,,,,,,
"90-39-81-40",1,"No","No","No","Yes","No","No","No","No",0,0,0,,,,,,,,,,,,
"26-16-19-49",4,"No","No","No","Yes","No","No","No","No",3,3,2,1,2,0,0,0,0,0,0,0,0,0,0
"29-68-82-61",6,"No","No","No","No","No","No","No","No",0,12,0,,,,,,,,,,,,
"29-03-78-72",1,"No","No","No","No","No","No","No","No",0,0,0,,,,,,,,,,,,
"54-48-29-54",1,"No","No","No","No","No","No","No","No",0,12,0,,,,,,,,,,,,
"29-79-23-67",1,"Yes","Yes","Yes","Yes","Yes","No","No","No",0,8,4,1,2,4,0,0,0,0,0,0,0,0,3
"36-91-85-86",5,"No","No","No","No","No","No","No","No",0,6,6,0,0,0,0,0,0,0,2,1,3,0,0
"33-77-00-47",1,"Yes","Yes","Yes","Yes","Yes","Yes","Yes","Yes",0,1,11,1,2,3,4,0,5,6,7,9,8,10,11
"71-23-95-90",1,"No","No","No","No","No","No","No","No",0,12,0,,,,,,,,,,,,
"77-62-89-56",1,"Yes","No","Yes","No","No","No","No","No",0,0,12,1,2,3,4,5,6,7,8,9,10,11,12
"93-71-48-41",2,"No","No","No","No","No","No","No","No",0,0,0,,,,,,,,,,,,
"08-18-22-01",1,"No","No","No","No","No","No","No","No",0,0,0,,,,,,,,,,,,
"98-07-17-87",1,"Yes","Yes","Yes","Yes","No","Yes","No","No",0,12,0,,,,,,,,,,,,
"23-98-05-49",2,"No","No","No","No","No","No","No","No",0,12,0,,,,,,,,,,,,
"79-97-29-10",1,"No","Yes","No","Yes","No","Yes","No","No",0,8,4,0,1,2,3,0,0,0,4,0,0,0,0
"41-50-66-96",1,"Yes","Yes","No","Yes","Yes","No","Yes","Yes",0,12,0,,,,,,,,,,,,
"06-31-05-26",3,"No","No","No","No","No","No","No","No",0,9,3,0,0,0,0,1,2,3,0,0,0,0,0
"25-90-09-86",1,"No","No","Yes","Yes","Yes","No","No","No",0,9,3,1,2,3,0,0,0,0,0,0,0,0,0
"03-91-71-73",1,"No","No","No","No","No","No","No","No",0,12,0,,,,,,,,,,,,
"36-45-13-48",1,"Yes","Yes","Yes","Yes","Yes","Yes","Yes","Yes",0,2,10,1,3,2,4,6,5,7,9,8,10,0,0
"63-11-78-96",2,"Yes","Yes","Yes","Yes","Yes","Yes","Yes","Yes",0,0,12,1,2,5,3,4,8,6,7,10,9,11,12
"79-48-70-94",2,"Yes","No","No","No","No","No","No","No",0,12,0,,,,,,,,,,,,
"01-11-02-57",2,"No","No","No","No","No","No","No","No",1,12,0,,,,,,,,,,,,
"41-82-62-49",1,"Yes","Yes","Yes","No","No","No","No","No",0,2,10,1,2,3,0,0,0,0,0,0,0,0,0
"57-39-86-38",1,"No","No","No","No","No","No","No","No",12,12,0,,,,,,,,,,,,
"47-31-29-24",2,"No","Yes","No","No","No","No","No","No",0,12,0,,,,,,,,,,,,
"87-48-42-67",1,"Yes","No","Yes","Yes","Yes","Yes","No","No",2,6,6,0,0,1,2,3,4,5,6,0,0,0,0
"88-51-36-66",2,"No","Yes","No","Yes","No","Yes","No","No",0,12,0,,,,,,,,,,,,
"88-12-77-50",2,"Yes","No","Yes","Yes","Yes","No","Yes","No",0,2,10,1,2,3,4,5,7,6,8,0,0,9,10
"17-63-55-71",2,"Yes","Yes","Yes","Yes","Yes","Yes","Yes","Yes",0,8,4,1,2,3,4,0,0,0,0,0,0,0,0
"08-89-64-68",2,"No","No","No","No","No","No","No","No",0,0,0,,,,,,,,,,,,
"40-29-00-57",1,"No","No","No","No","No","No","No","No",0,12,0,,,,,,,,,,,,
"86-10-11-11",2,"Yes","Yes","Yes","Yes","No","No","No","Yes",0,12,0,,,,,,,,,,,,
"80-48-57-31",1,"Yes","Yes","Yes","Yes","Yes","No","No","No",0,2,10,0,0,1,2,3,0,0,0,0,0,0,0
"03-33-65-79",1,"Yes","Yes","Yes","Yes","No","No","No","No",0,9,3,1,2,3,0,0,0,0,0,0,0,0,0
"86-28-43-28",1,"Yes","No","Yes","No","Yes","Yes","No","Yes",0,3,10,2,1,3,4,5,6,8,7,0,0,9,0
"95-58-64-05",2,"Yes","No","Yes","No","No","No","No","No",0,1,11,1,2,3,0,4,5,6,7,8,9,10,11
"51-45-88-78",2,"Yes","No","Yes","No","Yes","Yes","No","Yes",0,8,4,2,3,4,0,0,0,0,0,0,0,0,1
"90-62-42-39",1,"No","No","No","No","No","No","No","No",0,12,0,,,,,,,,,,,,
"71-64-26-40",1,"No","No","No","No","No","No","No","No",0,12,0,,,,,,,,,,,,
"81-24-00-67",1,"Yes","Yes","No","Yes","No","No","No","No",0,12,0,,,,,,,,,,,,
"12-70-32-30",1,"Yes","Yes","Yes","Yes","Yes","Yes","Yes","Yes",0,5,7,2,3,4,5,7,0,0,0,0,0,1,6
"82-97-70-37",1,"Yes","Yes","Yes","No","No","Yes","No","No",0,12,0,,,,,,,,,,,,
"62-46-14-70",3,"Yes","Yes","Yes","Yes","Yes","Yes","Yes","Yes",0,2,10,1,0,0,2,3,4,5,6,7,9,8,10
"71-10-70-44",1,"No","No","No","No","No","No","No","No",0,12,0,,,,,,,,,,,,
"72-64-30-28",1,"No","No","No","No","No","No","No","No",0,12,0,,,,,,,,,,,,
"13-26-76-47",1,"No","No","No","No","No","No","No","No",0,0,0,,,,,,,,,,,,
"49-80-23-99",1,"No","No","No","Yes","No","No","No","No",0,0,0,,,,,,,,,,,,
"86-00-13-77",2,"Yes","Yes","Yes","Yes","Yes","Yes","Yes","Yes",0,0,12,1,2,5,3,4,6,7,9,8,10,11,12
"48-57-10-38",1,"Yes","Yes","Yes","Yes","Yes","Yes","Yes","Yes",0,6,6,4,5,6,0,0,0,0,0,0,1,2,3
"69-84-94-36",2,"No","No","No","No","No","No","No","No",0,12,0,,,,,,,,,,,,
"18-54-82-39",2,"Yes","Yes","Yes","Yes","Yes","Yes","Yes","Yes",0,0,1,0,0,0,0,0,1,0,0,0,0,0,0
"72-38-29-03",1,"Yes","Yes","Yes","Yes","Yes","Yes","Yes","No",0,2,10,2,1,0,0,3,4,5,6,10,7,8,9
"20-35-14-07",1,"No","No","No","No","No","No","No","No",0,0,0,,,,,,,,,,,,
"80-76-98-64",1,"No","Yes","No","No","No","Yes","No","Yes",0,12,0,,,,,,,,,,,,
"46-71-82-60",1,"No","No","No","No","No","No","No","No",0,0,0,,,,,,,,,,,,
"24-76-27-27",2,"Yes","Yes","Yes","Yes","Yes","Yes","Yes","No",3,3,9,0,9,1,2,3,4,5,8,6,7,0,0
"85-49-52-94",3,"No","Yes","No","No","No","No","No","No",0,12,0,,,,,,,,,,,,
"41-14-53-27",.a,,,,,,,,,.a,.a,.a,,,,,,,,,,,,
"19-25-83-42",1,"No","No","No","Yes","No","No","No","No",0,0,2,1,2,0,0,0,0,0,0,0,0,0,0
"52-70-09-40",1,"Yes","No","No","No","No","No","No","No",0,6,6,0,0,0,0,0,0,0,4,3,2,1,0
"14-14-61-40",2,"No","No","No","No","No","No","No","No",0,0,0,,,,,,,,,,,,
"79-24-47-25",2,"Yes","No","Yes","Yes","Yes","Yes","Yes","Yes",0,0,12,1,2,3,4,5,6,7,8,9,10,11,12
"98-74-77-48",2,"No","Yes","No","No","No","No","No","No",0,12,0,,,,,,,,,,,,
"45-71-76-98",1,"No","No","No","No","No","No","No","No",0,12,0,,,,,,,,,,,,
"07-23-89-71",1,"No","No","No","No","No","No","No","No",0,12,0,,,,,,,,,,,,
"05-94-07-12",1,"No","No","No","No","No","No","No","No",0,12,0,,,,,,,,,,,,
"58-90-20-54",1,"Yes","Yes","No","No","No","No","No","No",0,6,6,0,0,0,1,2,3,0,0,0,0,0,0
"50-03-32-43",4,"No","No","No","No","No","No","No","No",0,0,0,,,,,,,,,,,,
"62-49-02-44",4,"No","No","No","No","No","No","No","No",0,1,0,,,,,,,,,,,,
"75-29-94-40",2,"No","No","No","No","No","No","No","No",6,12,0,,,,,,,,,,,,
